Date,fx_return,realized_var_proxy,vix_change_lag1,us10y_change_lag1,dxy_return_lag1,oil_change_lag1,vnindex_return_lag1
2010-01-06,0.0,0.0,-0.6899999999999977,-0.08000000000000007,0.11602188397841218,0.21999999999999886,2.9499652393838005
2010-01-07,0.027068727664492087,0.0007327160173744392,-0.19000000000000128,0.08000000000000007,-0.1676293117701455,1.3800000000000097,0.36176573442991966
2010-01-08,-0.027068727664492087,0.0007327160173744392,-0.10000000000000142,0.0,0.5405493139084783,-0.5200000000000102,-0.20977718874828355
2010-01-11,0.0,0.0,-0.9299999999999997,-0.020000000000000018,-0.5663580946203339,0.14000000000000057,-2.3601034730493353
2010-01-12,0.0,0.0,-0.5799999999999983,0.020000000000000018,-0.6085358547234243,-0.19999999999998863,-1.127468601920345
2010-01-13,0.0,0.0,0.6999999999999993,-0.10999999999999988,-0.06496012277672492,-1.75,-3.3061025413958944
2010-01-14,0.027306727947618015,0.0007456573912052228,-0.3999999999999986,0.05999999999999961,-0.1300370496600145,-1.1300000000000097,2.0459141293497574
2010-01-15,-0.02401337371722434,0.0005766421172830807,-0.22000000000000242,-0.040000000000000036,-0.1562640189794351,-0.3100000000000023,0.7287434056968856
2010-01-19,-0.0032933542303936747,1.0846182086851913e-05,0.28000000000000114,-0.05999999999999961,0.7659840453688282,-1.3900000000000006,-1.3579181881580915
2010-01-20,0.04116322089142699,0.0016944107541564113,-0.33000000000000185,0.029999999999999805,0.23252859660907177,1.0200000000000102,-1.9802231585759777
2010-01-21,-0.013856492943808973,0.00019200239670182786,1.1000000000000014,-0.04999999999999982,1.0780345132028302,-1.5600000000000023,-1.2203073230543815
2010-01-22,-0.027306727947618015,0.0007456573912052228,3.59,-0.06000000000000005,-0.02552871655989719,-1.5799999999999983,-2.2895454187922937
2010-01-25,0.0,0.0,5.039999999999999,0.0,-0.051086739191674724,-1.5900000000000034,-0.17363839469037856
2010-01-26,0.0,0.0,-1.8999999999999986,0.040000000000000036,-0.11503335733697995,0.6500000000000057,0.692751857561813
2010-01-27,0.027306727947618015,0.0007456573912052228,-0.8599999999999994,-0.010000000000000231,0.30647177551905713,-0.23000000000000398,3.471911123678062
2010-01-28,-0.02401337371722434,0.0005766421172830807,-1.4100000000000001,0.010000000000000231,0.31824862839195944,-1.0300000000000011,-2.3347363996991
2010-01-29,0.02401337371722434,0.0005766421172830807,0.5899999999999999,0.020000000000000018,0.279224979167747,-0.01999999999999602,-0.9605824917722217
2010-02-01,-0.027306727947618015,0.0007456573912052228,0.8900000000000006,-0.050000000000000266,0.7072491673356218,-0.7700000000000102,0.04150583216517845
2010-02-02,0.030077872938782946,0.0009046784405215715,-2.030000000000001,0.050000000000000266,-0.27725439932293483,1.5600000000000023,1.0300325352132766
2010-02-03,-0.002771144991164931,7.679244562058487e-06,-1.1099999999999994,-0.010000000000000231,-0.29067410992471565,2.799999999999997,0.20105045341107797
2010-02-04,-0.027306727947618015,0.0007456573912052228,0.120000000000001,0.06000000000000005,0.4546043935460098,-0.25,1.535503674467975
2010-02-05,0.027306727947618015,0.0007456573912052228,4.479999999999997,-0.10999999999999988,0.6905613721631454,-3.8299999999999983,1.671191989909282
2010-02-08,0.0,0.0,0.030000000000001137,-0.03000000000000025,0.6485483825897198,-1.9799999999999898,-2.1648602931104044
2010-02-09,0.0,0.0,0.40000000000000213,0.03000000000000025,-0.17419362979289588,0.7199999999999989,-0.3738929821055059
2010-02-10,0.0,0.0,-0.5100000000000016,0.04999999999999982,-0.549454967932661,1.8399999999999892,-1.706249238901858
2010-02-11,2.014619572076981,4.058692020195639,-0.6000000000000014,0.050000000000000266,0.21264398480411728,0.7700000000000102,1.6471927160218058
2010-02-12,0.7899065636912894,0.6239523793625811,-1.4399999999999977,0.009999999999999787,-0.04999489713748417,0.75,1.8227279617483383
2010-02-16,0.0,0.0,-1.2300000000000004,-0.040000000000000036,0.41170519894091484,-1.1200000000000045,1.4022912369568097
2010-02-17,0.0,0.0,-0.4800000000000004,-0.029999999999999805,-0.7749104638313575,2.8700000000000045,0.0
2010-02-18,-2.394219047748969,5.732284848603979,-0.5300000000000011,0.08000000000000007,0.8495807345480166,0.28999999999999204,0.0
2010-02-19,0.26917916657129837,0.07245742371601879,-1.0899999999999999,0.04999999999999982,0.024884031242677906,1.7000000000000028,0.0
2010-02-22,0.8032171697262669,0.6451578217430747,-0.6099999999999994,-0.010000000000000231,0.2980601590700793,0.7999999999999972,0.0
2010-02-23,-0.642056780292144,0.4122369091191144,-0.0799999999999983,0.020000000000000018,-0.1613369908596951,0.27000000000001023,0.5938937044547288
2010-02-24,2.360805506056707,5.573402637427663,1.4299999999999997,-0.10999999999999988,0.42141403045370396,-1.4300000000000068,-2.7289507348696063
2010-02-25,-2.253509358424033,5.078304428504696,-1.1000000000000014,0.010000000000000231,0.0,1.1400000000000006,-0.34312967623817414
2010-02-26,2.253509358424033,5.078304428504696,-0.16999999999999815,-0.06000000000000005,-0.07423603263507772,-1.7600000000000051,0.080842381977142
2010-03-01,-0.13248380441108765,0.017551958431235328,-0.6000000000000014,-0.03000000000000025,-0.5336659281853784,1.730000000000004,0.3871362834946268
2010-03-02,0.0,0.0,-0.23999999999999844,0.0,0.3726287305073406,-1.0100000000000051,1.2201127438455472
2010-03-03,0.23745165571948945,0.05638328880392695,-0.20000000000000284,0.010000000000000231,-0.17372757661142657,0.9100000000000108,-0.40039495329615704
2010-03-04,-2.19774853864525,4.830098639117332,-0.23000000000000043,0.009999999999999787,-0.6728913690074556,1.289999999999992,1.2535867114364052
2010-03-05,0.0,0.0,-0.10999999999999943,-0.020000000000000018,0.7225572714031792,-0.7000000000000028,0.9006860138944361
2010-03-08,2.171018993747431,4.713323471212108,-1.2999999999999972,0.08000000000000007,-0.1614973394585384,1.2900000000000063,0.28869619192972706
2010-03-09,-2.2781427318973257,5.18993430689661,0.36999999999999744,0.03000000000000025,0.0,0.3499999999999943,1.4944551270453132
2010-03-10,0.10712373814989462,0.011475495275207187,0.13000000000000256,-0.010000000000000231,0.19872821849000744,-0.3499999999999943,1.1732409781046726
2010-03-11,2.19774853864525,4.830098639117332,0.6499999999999986,0.020000000000000018,-0.1738691390385405,0.5699999999999932,-0.30391118800565664
2010-03-12,0.0,0.0,-0.5100000000000016,0.0,-0.16171833608753516,0.030000000000001137,-0.19613263325757302
2010-03-15,-0.02672954489781887,0.0007144685704445148,-0.4800000000000004,-0.020000000000000018,-0.6119255549288383,-0.8399999999999892,1.3009699184117984
2010-03-16,0.0,0.0,0.4200000000000017,0.0,0.5247365415493199,-1.4699999999999989,0.0658284534337028
2010-03-17,-0.052483671626291084,0.002754535787376352,-0.3099999999999987,-0.04999999999999982,-0.6250020345171414,1.9599999999999937,-3.011850459080634
2010-03-18,0.06584755098959505,0.00433589997132732,-0.7800000000000011,-0.010000000000000231,-0.13802701328398115,1.1800000000000068,-1.0185787186554052
2010-03-19,-0.013363879363303965,0.0001785932716369416,-0.28999999999999915,0.03000000000000025,0.7256404026735552,-0.7700000000000102,1.7233440921834209
2010-03-22,0.0,0.0,0.34999999999999787,0.020000000000000018,0.6213515609188924,-1.5799999999999983,-0.7222060510456707
2010-03-23,-0.02576815356807316,0.0006639977383078016,-0.09999999999999787,-0.03000000000000025,-0.08675676770568685,0.6800000000000068,-0.8583409549713927
2010-03-24,0.0,0.0,-0.5199999999999996,0.020000000000000018,0.30950194347614257,0.4200000000000017,-0.9920423954514312
2010-03-25,-0.026527518234864544,0.000703709223701071,1.1999999999999993,0.1499999999999999,1.1552233970444803,-1.3900000000000006,1.0975420633396737
2010-03-26,-0.05242464078136777,0.0027483429610554487,0.8499999999999979,0.07000000000000028,0.34155487005023133,-0.04000000000000625,-1.719375499262732
2010-03-29,0.07895215901623232,0.006233443413324434,-0.629999999999999,-0.050000000000000266,-0.5372448004043129,-0.5,0.3787094712511596
2010-03-30,-0.4466962036049793,0.19953749831510112,-0.17999999999999972,0.020000000000000018,-0.3925418350479326,2.1700000000000017,0.07319703186441373
2010-03-31,0.47246435717305246,0.2232225687989457,-0.46000000000000085,0.0,0.13511100638510243,0.21999999999999886,-0.9837220000060931
2010-04-01,0.0,0.0,0.46000000000000085,-0.040000000000000036,-0.4921894070752053,1.3100000000000023,-0.2960120566193325
2010-04-05,-0.052295671802937704,0.0027348372893205735,-0.120000000000001,0.050000000000000266,-0.35835802114521087,1.0799999999999983,1.774877347659043
2010-04-06,0.052295671802937704,0.0027348372893205735,-0.4499999999999993,0.11999999999999966,0.383020877160245,1.8299999999999983,1.292333498703524
2010-04-07,-0.18309609074567135,0.033524178446347114,-0.7899999999999991,-0.029999999999999805,0.3692804044435505,0.18000000000000682,0.10484216391555279
2010-04-08,-0.027626020075999236,0.0007631969852395129,0.39000000000000057,-0.08999999999999986,0.06141749403347774,-0.9000000000000057,0.09503952613743039
2010-04-09,-0.2617422463513819,0.06850900352506747,-0.14000000000000057,0.020000000000000018,0.11044529221910793,-0.46999999999999886,0.021322994992267752
2010-04-12,0.0,0.0,-0.33999999999999986,-0.010000000000000231,-0.5411431906961361,-0.5700000000000074,0.28838264530444135
2010-04-13,-0.10531859846576452,0.011092007182792938,-0.5600000000000005,-0.029999999999999805,-0.6557385690550532,-0.5300000000000011,0.4839263312018005
2010-04-14,0.0,0.0,0.6199999999999992,-0.03000000000000025,-0.0620791259248854,-0.269999999999996,-0.37575556539071187
2010-04-15,0.03899060034662227,0.0015202669153900209,-0.6099999999999994,0.040000000000000036,-0.3982577581409963,1.8200000000000074,-0.3422972042310235
2010-04-16,-0.19717676568138387,0.03887867692457136,0.3000000000000007,-0.020000000000000018,0.36098987986221687,-0.37000000000000455,1.0176439368382972
2010-04-19,0.1054852418487684,0.01112713624789316,2.469999999999999,-0.06999999999999984,0.4215707811504821,-2.280000000000001,0.10349586940376909
2010-04-20,0.051825927314119724,0.0026859267419684207,-1.0199999999999996,0.040000000000000036,0.22246987981047184,-1.4500000000000028,-1.0185210838431047
2010-04-21,-0.15731116916288812,0.0247468039433948,-1.6099999999999994,-0.010000000000000231,0.06171311620253306,1.460000000000008,-0.2984671867021227
2010-04-22,0.10607874361010516,0.011252699845898427,0.5899999999999999,-0.04999999999999982,0.13562742452455367,-0.20000000000000284,0.8696547224252171
2010-04-23,-0.47615582471820517,0.2267243694130741,0.14999999999999858,0.029999999999999805,0.5038983491504112,0.10999999999999943,1.8322549548462241
2010-04-26,0.5017687565427309,0.25177188504243836,0.15000000000000213,0.040000000000000036,-0.2700728663129759,1.4500000000000028,0.0
2010-04-27,0.03890626012843512,0.0015136970771814605,0.8499999999999979,-0.009999999999999787,0.15968176499994158,-0.14000000000000057,0.3583151723376865
2010-04-28,-0.2233823126132961,0.04989965758846435,5.34,-0.1200000000000001,0.8189230499494826,-1.769999999999996,0.8454213232686136
2010-04-29,0.0,0.0,-1.7300000000000004,0.08999999999999986,0.2795792609957104,0.789999999999992,0.6474923079175632
2010-04-30,-0.3437792622843716,0.11818418117678677,-2.639999999999997,-0.040000000000000036,-0.46234084032823475,1.9500000000000028,0.5861865763935548
2010-05-03,0.5548238046966247,0.30782945425803837,3.6099999999999994,-0.06999999999999984,-0.15865903278085014,0.8999999999999915,0.0
2010-05-04,-0.21104454241225312,0.04453979888199731,-1.8599999999999994,0.03000000000000025,0.4873823440532554,0.12000000000000455,0.0
2010-05-05,0.184476052484861,0.03403141394039719,3.6499999999999986,-0.0900000000000003,1.2442105431566652,-3.4599999999999937,1.236857149751014
2010-05-06,0.025619493728257225,0.0006563584588922113,1.0700000000000003,-0.04999999999999982,0.9320162537680865,-2.730000000000004,-0.20234619028407508
2010-05-07,0.10634359475023558,0.011308960144402332,7.889999999999997,-0.16999999999999993,0.9587545213740611,-2.819999999999993,0.2733437083533019
2010-05-10,0.13118620814047688,0.017209821206276524,8.150000000000006,0.040000000000000036,-0.5196686443016851,-2.0800000000000125,-1.370562157886912
2010-05-11,-0.0789224746551298,0.0062287570056896065,-12.110000000000003,0.11999999999999966,-0.34398146138929775,1.7900000000000063,-1.4214154088969089
2010-05-12,-0.47435528786881065,0.22501293912910222,-0.5199999999999996,-0.009999999999999787,0.36766636876706116,-0.519999999999996,-0.0037427250785704302
2010-05-13,0.3689056208088459,0.13609135706436,-2.8000000000000007,0.0,0.42528192139066334,-0.7199999999999989,-2.801048432516673
2010-05-14,0.00039049923739042924,1.524896544025068e-07,1.1600000000000001,-0.010000000000000231,0.44695116908668453,-1.2700000000000102,-0.1290285486126308
2010-05-17,0.0,0.0,4.559999999999999,-0.10999999999999988,1.039060661601443,-2.769999999999996,0.3443469953813505
2010-05-18,-0.10537408772712809,0.011103698364324486,-0.3999999999999986,0.03000000000000025,0.12767758905845028,-1.5300000000000011,-1.8314642867879094
2010-05-19,0.13157301934754173,0.01731145942022859,2.7099999999999973,-0.0900000000000003,1.0959382490259628,-0.7000000000000028,-0.5826001943395553
2010-05-20,-0.05317179361679081,0.0028272396364265955,1.7700000000000031,-0.020000000000000018,-0.8873630786637499,0.5300000000000011,-2.6716102495016436
2010-05-21,-0.07840122573075092,0.00614675219608416,10.469999999999999,-0.10999999999999988,-0.9537170442144749,-1.6299999999999955,1.7327290136313067
2010-05-24,0.0,0.0,-5.689999999999998,-0.04999999999999982,-0.23399676686777227,-0.25,-4.023880645039579
2010-05-25,0.0,0.0,-1.7800000000000011,0.029999999999999805,0.9791386407200342,0.20000000000000284,0.5155288359120824
2010-05-26,-0.369686188132512,0.13666787769594704,-3.710000000000001,-0.04999999999999982,0.6589996701464429,-3.450000000000003,0.012340092977769501
2010-05-27,0.47466977662224963,0.22531139683861637,0.4100000000000037,0.029999999999999805,0.39103438475649455,6.739999999999995,1.315727808492273
2010-05-28,0.0,0.0,-5.340000000000003,0.1299999999999999,-1.0848374422292473,3.0400000000000063,0.9031732859731356
2010-06-01,-0.5274758317705519,0.2782307531020356,2.3900000000000006,-0.029999999999999805,0.3475076419572787,-0.5600000000000023,3.1344445926076325
2010-06-02,0.44884617675791105,0.20146289039019394,3.469999999999999,-0.020000000000000018,0.18483834996407822,-1.2999999999999972,-0.8437216650841073
2010-06-03,0.05204729225365412,0.0027089206309372843,-5.369999999999997,0.06000000000000005,0.172982255686982,0.1799999999999926,0.4041519303097374
2010-06-04,-0.13112993773543025,0.017195060570497814,-0.7100000000000009,0.040000000000000036,0.40245954801134687,1.740000000000009,0.08219982848594043
2010-06-07,0.0,0.0,6.019999999999996,-0.18999999999999995,1.2431065596510749,-3.1899999999999977,-0.15466998668500764
2010-06-08,0.07908264548177613,0.006254064816396286,1.0900000000000034,-0.03000000000000025,0.19249076231275808,0.11999999999999034,-2.6767279241480146
2010-06-09,0.05204729225365412,0.0027089206309372843,-2.8699999999999974,0.010000000000000231,-0.011315273702461326,0.3299999999999983,0.06035731713902592
2010-06-10,0.0,0.0,0.02999999999999403,0.020000000000000018,-0.5559012117255513,2.5,0.07439055382016946
2010-06-11,-0.052194792144888424,0.0027242963270481062,-3.1599999999999966,0.1299999999999999,-0.8339608032466472,1.1000000000000085,0.5911426233892847
2010-06-14,-0.05256731419187588,0.0027633225213473953,-1.7800000000000011,-0.08999999999999986,0.3892882941087805,-1.5900000000000034,0.7523920843828691
2010-06-15,-0.026367831398665942,0.0006952625326684736,-0.21000000000000085,0.03999999999999959,-1.1493058073278384,1.0999999999999943,0.7959671101720467
2010-06-16,0.0,0.0,-2.7099999999999973,0.040000000000000036,-0.614528877440712,1.8500000000000085,-0.06100380971023611
2010-06-17,-0.31695747612783265,0.1004620416733256,0.05000000000000071,-0.04999999999999982,0.11623675736940342,0.8299999999999983,0.5320362397285727
2010-06-18,0.3437250583255391,0.11814691572089528,-0.870000000000001,-0.06000000000000005,-0.45409565128480267,-0.8500000000000085,0.007831773509092699
2010-06-21,-0.07952411204179555,0.006324084396036052,-1.1000000000000014,0.03000000000000025,0.011662882178509193,0.36000000000001364,0.08219661108226362
2010-06-22,0.07952411204179555,0.006324084396036052,0.9299999999999997,0.019999999999999574,0.2680224882620763,0.6599999999999966,0.6959567240595987
2010-06-23,0.025606130437161312,0.000655673915964919,2.1700000000000017,-0.07999999999999963,0.20925409195404754,-0.6899999999999977,-0.41270085246383204
2010-06-24,0.13192801871735327,0.017405002122686315,-0.14000000000000057,-0.050000000000000266,-0.43061195415026177,-1.25,0.03705690227207015
2010-06-25,0.0,0.0,2.8299999999999983,0.010000000000000231,-0.011657440690626686,0.05999999999998806,-0.2245020416033583
2010-06-28,0.026596502716813575,0.0007073739567654718,-1.2099999999999973,-0.020000000000000018,-0.49112095451615545,2.490000000000009,-1.2883861180266187
2010-06-29,0.15762021404928106,0.024844131876941178,0.46999999999999886,-0.07000000000000028,0.39775902828624865,-0.18999999999999773,0.42670945820946216
2010-06-30,0.15752169179972242,0.024813083387446738,5.130000000000003,-0.07999999999999963,0.44268158585731854,-2.3299999999999983,0.67387950374167
2010-07-01,-0.21008411088114798,0.044135333644722476,0.4099999999999966,0.0,-0.011627011343051663,-0.3400000000000034,-0.7014814833731897
2010-07-02,0.3014178074064233,0.0908526946216957,-1.6799999999999997,-0.010000000000000231,-1.522807262872572,-2.6400000000000006,-0.6171149771740936
2010-07-06,0.06583875468617606,0.00433474161862647,-2.7399999999999984,0.040000000000000036,-0.34289234058775264,-0.8900000000000006,-0.07343674350304141
2010-07-07,-1.0001700672573222,1.0003401634375164,-0.4700000000000024,-0.04999999999999982,-0.41540439497254056,-0.10000000000000853,-0.5634827297989808
2010-07-08,1.000271567205857,1.0005432081604615,-2.8099999999999987,0.04999999999999982,-0.3097109490146188,2.0900000000000034,-0.7837831911329474
2010-07-09,0.026628044949283947,0.0007090527778210863,-1.129999999999999,0.040000000000000036,0.0,1.4099999999999966,0.3294962095431231
2010-07-12,-0.04009163856686371,0.0016073394829760335,-0.7300000000000004,0.029999999999999805,0.15497083153821478,0.6200000000000045,0.18236295271449876
2010-07-13,0.013463593617579761,0.00018126835309933447,-0.5500000000000007,0.010000000000000231,0.2973537832665407,-1.1499999999999915,0.09405738193297708
2010-07-14,-0.20975361649462343,0.043996579632573564,0.129999999999999,0.06999999999999984,-0.6673017741057663,2.2299999999999898,1.8137086502569844
2010-07-15,0.23638166144390738,0.055876289866982044,0.33000000000000185,-0.08000000000000007,-0.2513906691219425,-0.14000000000000057,-0.34237848521945224
2010-07-16,-0.013365665534514903,0.00017864101518051955,0.25,-0.06999999999999984,-1.048268840989408,-0.3499999999999943,-0.42467941321566727
2010-07-19,0.013365665534514903,0.00017864101518051955,1.1099999999999994,-0.040000000000000036,-0.08482241861571538,-0.710000000000008,0.20170068139346853
2010-07-20,-0.013365665534514903,0.00017864101518051955,-0.28000000000000114,0.03000000000000025,0.0242476031018235,0.5700000000000074,0.1243768977277071
2010-07-21,0.012925914567674113,0.00016707926741080985,-2.039999999999999,-0.010000000000000231,0.29044902503558845,0.789999999999992,-0.05525952380596166
2010-07-22,0.005213635907530545,2.7181999376291848e-05,1.7100000000000009,-0.08000000000000007,0.7704376522480239,-1.0499999999999972,-0.2292581738553956
2010-07-23,-0.005213635907530545,2.7181999376291848e-05,-1.0100000000000016,0.06000000000000005,-0.9518728725830705,2.740000000000009,-1.018225327338751
2010-07-26,0.005213635907530545,2.7181999376291848e-05,-1.1600000000000001,0.06000000000000005,-0.16963458777521367,-0.3299999999999983,0.005996462089186139
2010-07-27,-0.0314019298899737,0.0009860812008148237,-0.7399999999999984,0.009999999999999787,-0.4497154426802652,0.25,-0.44270462223598983
2010-07-28,-0.07833980635911786,0.006137125260384083,0.46000000000000085,0.050000000000000266,0.10958054195011613,-1.470000000000013,-0.08636533069443786
2010-07-29,-0.13141381013550557,0.017269589494330707,1.0599999999999987,-0.050000000000000266,0.0,-0.3999999999999915,-1.3493078977773187
2010-07-30,0.0,0.0,-0.120000000000001,0.0,-0.6592636703257604,1.2399999999999949,0.022400749500572914
2010-08-02,0.13141381013550557,0.017269589494330707,-0.629999999999999,-0.08999999999999986,-0.12256218464496982,0.5499999999999972,0.5685179065650914
2010-08-03,0.5486829781228053,0.30105301048171085,-1.4899999999999984,0.050000000000000266,-0.7385539008180508,2.4000000000000057,-0.4667595128934998
2010-08-04,-0.47034317176368745,0.2212226992247256,0.6199999999999974,-0.050000000000000266,-0.42095390297980373,1.269999999999996,0.05897245750521307
2010-08-05,0.47034317176368745,0.2212226992247256,-0.41999999999999815,0.040000000000000036,0.3591568903328124,-0.030000000000001137,-1.0606980635054164
2010-08-06,-0.47034317176368745,0.2212226992247256,-0.10999999999999943,-0.040000000000000036,-0.08657436100758531,-0.4899999999999949,-0.10278338281022315
2010-08-09,0.0,0.0,-0.360000000000003,-0.08000000000000007,-0.5085863771317811,-1.3299999999999983,-0.6996715952041654
2010-08-10,0.574564129608035,0.3301239390322389,0.40000000000000213,0.0,0.37238798898453496,0.789999999999992,-2.109835890044476
2010-08-11,-0.5479360846587511,0.30023395287116206,0.23000000000000043,-0.06999999999999984,0.1114531303467281,-1.2199999999999989,-2.369520434178085
2010-08-12,0.015269934086248327,0.00023317088699836852,3.0199999999999996,-0.06999999999999984,1.8272601446913228,-2.1499999999999915,0.31358496268785174
2010-08-13,-0.06776763255214036,0.004592452021721913,0.33999999999999986,0.020000000000000018,0.4244212682473325,-2.4099999999999966,-3.2300508572744135
2010-08-16,0.02576815356807316,0.0006639977383078016,0.509999999999998,-0.06000000000000005,0.37441624204079815,-0.29000000000000625,0.9610230100563832
2010-08-17,0.041999478984067196,0.001763956234933102,-0.13999999999999702,-0.10000000000000009,-0.5076131032553555,-0.21999999999999886,2.6225222016092786
2010-08-18,1.671984533516735,2.795532280319174,-1.7700000000000031,0.06000000000000005,-0.3641609007058122,0.5900000000000034,-0.2671609293621202
2010-08-19,0.35980506562900416,0.12945968525229198,0.26000000000000156,0.0,-0.01216434899893315,-0.37000000000000455,-1.7475771458833833
2010-08-20,-0.050927529731836785,0.0025936132845871198,1.8500000000000014,-0.06000000000000005,0.279341567564817,-0.9399999999999977,-0.718286259248746
2010-08-23,-0.15474681550493585,0.023946576908918656,-0.9500000000000028,0.040000000000000036,0.7371196817151038,-1.0,0.5754808786803345
2010-08-24,0.10300493170074532,0.010610015954675207,0.1700000000000017,-0.020000000000000018,0.07221710252256486,-0.7400000000000091,-1.5331063715884774
2010-08-25,0.0,0.0,1.8000000000000007,-0.10000000000000009,0.03608441553080155,-1.4699999999999989,-3.060283696509014
2010-08-26,-0.36017533148253733,0.12972626940855564,-0.7600000000000016,0.040000000000000036,0.13220434343175214,0.8299999999999983,-2.453782046466557
2010-08-27,0.41191721528672787,0.16967579224957252,0.6700000000000017,-0.040000000000000036,-0.39713852811402717,1.2900000000000063,0.7473946608192783
2010-08-30,0.05066103008708467,0.002566539969484498,-2.9200000000000017,0.16000000000000014,-0.012061665763773988,1.8100000000000023,0.4835271797860585
2010-08-31,0.0002664996447521162,7.102206065300412e-08,2.7600000000000016,-0.1200000000000001,0.28902415413254445,-0.480000000000004,3.5279328550212874
2010-09-01,0.0,0.0,-1.1600000000000001,-0.06999999999999984,0.04808041206603164,-2.759999999999991,2.341069310436783
2010-09-02,0.0,0.0,-2.16,0.10999999999999988,-0.8206663624572563,2.039999999999992,0.8032171697264445
2010-09-03,-0.02560022286317576,0.0006553714106442668,-0.6999999999999993,0.04999999999999982,-0.07273313467388576,1.019999999999996,0.0
2010-09-07,-0.17984412263807315,0.03234390844745829,-1.8800000000000026,0.0900000000000003,0.7731367323372318,-0.46999999999999886,0.0
2010-09-08,0.0,0.0,2.490000000000002,-0.11000000000000032,-0.33751090668285855,-0.539999999999992,0.4002876970137237
2010-09-09,0.2051778458564968,0.04209794843031236,-0.5500000000000007,0.050000000000000266,-0.2781010950821283,0.6700000000000017,-0.4678854710419067
2010-09-10,-0.05105503086326735,0.0026066161764491816,-0.4400000000000013,0.10999999999999988,0.09681936338301611,-0.4000000000000057,1.1365237503818904
2010-09-13,0.0,0.0,-0.8200000000000003,0.040000000000000036,0.03628080124773447,2.1500000000000057,-2.6862948295112155
2010-09-14,0.0,0.0,-0.7799999999999976,-0.06999999999999984,-0.9598436891648632,0.769999999999996,-0.9169271728787898
2010-09-15,0.05105503086326735,0.0026066161764491816,0.34999999999999787,-0.06000000000000005,-1.0184784069342534,-0.39000000000000057,0.38827201007478607
2010-09-16,0.0,0.0,0.5400000000000027,0.06000000000000005,0.5043942950386793,-0.8599999999999994,-0.06460740090838968
2010-09-17,0.0002664996447521162,7.102206065300412e-08,-0.38000000000000256,0.029999999999999805,-0.3072576700614782,-1.3400000000000034,0.17812616038614948
2010-09-20,0.026048392299315992,0.0006785187413790647,0.2900000000000027,-0.020000000000000018,0.19675813370554351,-0.9500000000000028,1.7771386012791268
2010-09-21,-0.02631489194406811,0.0006924735380279807,-0.5100000000000016,-0.029999999999999805,-0.0737436297102434,1.1800000000000068,0.06335682117004637
2010-09-22,-0.05105503086326735,0.0026066161764491816,0.8500000000000014,-0.11000000000000032,-1.1126260201733018,-1.8500000000000085,-0.9987023163686715
2010-09-23,-0.15412281499322944,0.02375384210143723,0.16000000000000014,-0.04999999999999982,-0.7612198660468472,0.020000000000010232,0.1278631597672053
2010-09-24,0.2051778458564968,0.04209794843031236,1.3599999999999994,0.0,0.22522569669440884,0.4200000000000017,-0.6919677869713148
2010-09-27,-0.15377717651627876,0.023647420017318756,-2.16,0.06000000000000005,-0.7779245512569588,1.2299999999999898,-0.23543010163642464
2010-09-28,0.10272214565301141,0.010551839207558492,0.8299999999999983,-0.08000000000000007,-0.063003911998738,1.8800000000000097,0.10889978962893565
2010-09-29,0.05105503086326735,0.0026066161764491816,0.060000000000002274,-0.06000000000000005,-0.4167915156907398,-0.35999999999999943,1.08911639554794
2010-09-30,-0.07695567635650491,0.005922176123487129,0.6499999999999986,0.040000000000000036,-0.40583401995970547,1.6999999999999886,-0.48234260485227054
2010-10-01,0.025900645493237562,0.0006708434369663672,0.4499999999999993,0.009999999999999787,0.03811546783829556,2.1000000000000085,0.34822506702196776
2010-10-04,0.09004252611806152,0.00810765650972179,-1.1999999999999993,0.010000000000000231,-0.8035307472324504,1.6199999999999903,-0.6201536046746448
2010-10-05,-0.03872099561004205,0.001499315501032896,1.0300000000000011,-0.040000000000000036,0.45994794997943345,-0.13999999999998636,-1.3102667564473869
2010-10-06,-0.051321530508019464,0.0026338994936855728,-1.7699999999999996,0.0,-0.8962889219024106,1.3999999999999915,1.144093033473137
2010-10-07,0.09004252611806152,0.00810765650972179,-0.2700000000000031,-0.08999999999999986,-0.4640985663673547,0.37999999999999545,2.1411839425097945
2010-10-08,-0.013070104100876279,0.0001708276212077429,0.07000000000000028,0.0,0.0,-1.8699999999999903,0.2882627135631921
2010-10-11,-0.05125111437234153,0.002626676724406833,-0.8499999999999979,0.0,-0.09049150024589281,1.3199999999999932,-0.6056611843324511
2010-10-12,-0.17984412263807315,0.03234390844745829,-1.75,0.0,0.15508241015345092,-0.47999999999998977,0.013063641726418496
2010-10-13,0.24648261426243323,0.060753679133643455,-0.030000000000001137,0.029999999999999805,-0.10336154599501768,-0.5100000000000051,-1.09453393388117
2010-10-14,-0.002317273151142274,5.369754857004844e-06,0.14000000000000057,0.020000000000000018,-0.37557632046150147,1.3599999999999994,0.74121520904189
2010-10-15,-0.002811589524753799,7.905035655705295e-06,0.8099999999999987,0.06000000000000005,-0.546447060526134,-0.3200000000000074,0.20952471762303304
2010-10-18,-0.01025851457612248,0.00010523712130851737,-0.8499999999999979,0.06999999999999984,0.5075154148743266,-1.4799999999999898,-0.05888446819737325
2010-10-19,-0.025650891509165774,0.0006579682352149928,0.05999999999999872,-0.06999999999999984,-0.14288579358900932,1.8299999999999983,-0.1746763473900792
2010-10-20,-0.07722217600125703,0.005963264466369116,1.5399999999999991,-0.020000000000000018,1.6117942830538468,-3.490000000000009,-0.7325879403671465
2010-10-21,0.07722217600125703,0.005963264466369116,-0.8399999999999999,0.009999999999999787,-1.3003107526344593,2.3600000000000136,-2.6953283759503677
2010-10-22,-0.02560022286317576,0.0006553714106442668,-0.5199999999999996,0.06000000000000005,0.32343647566097644,-1.9000000000000057,0.6492211888163624
2010-10-25,-0.05162195313808127,0.0026648260457902582,-0.48999999999999844,0.020000000000000018,0.0645658902342916,1.1200000000000045,0.035944555910116804
2010-10-26,0.10327056830057302,0.010664810277123316,1.0700000000000003,0.0,-0.4787519622541758,0.8499999999999943,0.7607832447398266
2010-10-27,-0.026048392299315992,0.0006785187413790647,0.36999999999999744,0.08000000000000007,0.7880676661441655,0.5999999999999943,1.4407207030951774
2010-10-28,0.026048392299315992,0.0006785187413790647,0.490000000000002,0.08000000000000007,0.5646138952669411,-0.6999999999999886,-1.129131570271369
2010-10-29,-0.02631489194406811,0.0006924735380279807,0.16999999999999815,-0.06000000000000005,-1.0806794639541373,0.29999999999999716,0.013332148273192956
2010-11-01,0.03898749525479417,0.0015200247862425977,0.3200000000000003,-0.06000000000000005,-0.05175432516582035,-0.75,0.5671888474571674
2010-11-02,-0.03898749525479417,0.0015200247862425977,0.629999999999999,0.03000000000000025,0.03882565714903308,1.4899999999999949,-0.34746463490193946
2010-11-03,-0.05105503086326735,0.0026066161764491816,-0.259999999999998,-0.03000000000000025,-0.7531548586449333,0.9699999999999989,-1.0608996712737628
2010-11-04,0.0,0.0,-2.0100000000000016,0.040000000000000036,-0.313313385022429,0.5400000000000063,-0.4806513756839159
2010-11-05,0.07736992280733546,0.0059861049552130475,-1.0399999999999991,-0.14000000000000012,-0.7876203765681211,2.039999999999992,1.0726665088432341
2010-11-08,-0.07736992280733546,0.0059861049552130475,-0.259999999999998,0.050000000000000266,0.8791053099471036,0.35999999999999943,1.836250309609877
2010-11-09,0.05105503086326735,0.0026066161764491816,0.029999999999997584,0.020000000000000018,0.6250778547866709,0.21999999999999886,-0.03062117259267083
2010-11-10,0.02591739115391789,0.0006717111642251813,0.7899999999999991,0.1200000000000001,0.5308533976983831,-0.029999999999986926,-1.7054454585760936
2010-11-11,-0.025650891509165774,0.0006579682352149928,-0.6099999999999994,-0.07000000000000028,0.2450440542422605,0.7299999999999898,0.4130310315137997
2010-11-12,0.026048392299315992,0.0006785187413790647,0.1700000000000017,0.0,0.7571469896222816,0.0,-1.0178828347948254
2010-11-15,-0.02631489194406811,0.0006924735380279807,1.9699999999999989,0.10999999999999988,-0.17914193775458997,-2.8799999999999955,-1.1460346755533202
2010-11-16,-0.05105503086326735,0.0026066161764491816,-0.41000000000000014,0.16000000000000014,0.5619361099821418,-0.010000000000005116,-1.8420430796108
2010-11-17,0.09004252611806152,0.00810765650972179,2.379999999999999,-0.06999999999999984,0.874921526229322,-2.549999999999997,-1.545769536684638
2010-11-18,-0.01267260331072606,0.0001605948746710251,-0.8199999999999967,0.040000000000000036,-0.16425204610834854,-1.8999999999999915,-0.3261420786501823
2010-11-19,0.0,0.0,-3.0100000000000016,0.009999999999999787,-0.583386652825979,1.4499999999999886,1.2193279002879365
2010-11-22,0.0,0.0,-0.7100000000000009,-0.020000000000000018,-0.1527530140252864,-0.22999999999998977,-0.9822413700591781
2010-11-23,0.0,0.0,0.33000000000000185,-0.08000000000000007,0.22903726111911382,-0.4100000000000108,-0.0750557089298276
2010-11-24,-0.0003975007901502181,1.5800687817004774e-07,2.259999999999998,-0.029999999999999805,1.2629619706805428,-0.44999999999998863,1.0781901414075534
2010-11-26,0.0,0.0,-1.0700000000000003,0.16000000000000014,0.23817302110931138,2.4199999999999875,0.8482756086095833
2010-11-29,0.0,0.0,2.66,-0.06000000000000005,0.6116200224496993,0.6600000000000108,1.2488440250987054
2010-11-30,0.02086942751358123,0.0004355330047446212,-0.6899999999999977,-0.03000000000000025,0.5955299692759652,1.8599999999999994,1.448744733992413
2010-12-01,-0.02086942751358123,0.0004355330047446212,2.009999999999998,-0.029999999999999805,0.4443362349697999,-1.6099999999999994,1.1648887223021376
2010-12-02,0.0,0.0,-2.1799999999999997,0.16000000000000014,-0.6052737591545565,2.6299999999999955,-0.3682673431733008
2010-12-03,0.02086942751358123,0.0004355330047446212,-1.9699999999999989,0.03999999999999959,-0.5092813035690646,1.230000000000004,1.6509990928423868
2010-12-06,-0.0054820502615626765,3.005287507029941e-05,-1.379999999999999,0.020000000000000018,-1.152324620268086,1.2000000000000028,1.503657218480381
2010-12-07,-0.04103826876118433,0.0016841395029151974,0.00999999999999801,-0.07999999999999963,0.23907207996405333,0.14999999999999147,0.26024038517586945
2010-12-08,0.046520319022747,0.0021641400819781566,-0.030000000000001137,0.19999999999999973,0.36379757237137156,-0.6400000000000006,-1.0363682015469777
2010-12-09,-0.0077993234127049504,6.0829445695967596e-05,-0.25,0.10999999999999988,0.1751525396036513,-0.39000000000000057,-1.7360520947098834
2010-12-10,-0.01267260331072606,0.0001605948746710251,-0.48999999999999844,-0.029999999999999805,0.08746135992989679,0.04999999999999716,1.6687493056169345
2010-12-13,0.02047192672343101,0.00041909978376952875,0.35999999999999943,0.08999999999999986,0.0,-0.539999999999992,2.701795817408037
2010-12-14,-0.02047192672343101,0.00041909978376952875,-0.05999999999999872,-0.029999999999999805,-0.9915373648812675,0.8100000000000023,3.563203959387362
2010-12-15,0.02047192672343101,0.00041909978376952875,0.05999999999999872,0.20000000000000018,0.11346230832041115,-0.29000000000000625,-0.11634197685266301
2010-12-16,-0.02086942751358123,0.0004355330047446212,0.33000000000000185,0.03999999999999959,1.1150893747576163,0.3299999999999983,0.777121658537272
2010-12-17,0.0,0.0,-0.5500000000000007,-0.05999999999999961,-0.09972804346531916,-0.9500000000000028,-2.7238558525461087
2010-12-20,0.0,0.0,-1.2800000000000011,-0.14000000000000012,0.23668953783513302,0.3100000000000023,1.0523142161313892
2010-12-21,0.013070104100876279,0.0001708276212077429,0.3000000000000007,0.029999999999999805,0.3229748234063301,0.6600000000000108,-1.4529407300645225
2010-12-22,-0.013070104100876279,0.0001708276212077429,0.0799999999999983,-0.009999999999999787,0.11156365351290276,0.6199999999999903,0.7270335231366332
2010-12-23,-0.025650891509165774,0.0006579682352149928,-1.0399999999999991,0.009999999999999787,0.012390382111693299,0.5300000000000011,-0.051904372551447864
2010-12-27,0.0,0.0,1.0199999999999996,0.050000000000000266,-0.285311056463744,1.0100000000000051,-1.2790944970409335
2010-12-28,-0.051321530508019464,0.0026338994936855728,1.2000000000000028,-0.050000000000000266,-0.16161780256718217,0.14999999999999147,-0.49764984723736916
2010-12-29,0.07736992280733546,0.0059861049552130475,-0.15000000000000213,0.14000000000000012,-0.012445885689604808,0.4900000000000091,1.3188204335328635
2010-12-30,-0.10327056830057302,0.010664810277123316,-0.23999999999999844,-0.1499999999999999,-0.6993004843608652,-0.3500000000000085,-0.1210754990926155
2010-12-31,0.1028730675104228,0.010582868019004007,0.23999999999999844,0.029999999999999805,-0.3515022564982928,-1.2800000000000011,0.5519984854116089
2011-01-03,0.0,0.0,0.23000000000000043,-0.08000000000000007,-0.6181008362546869,1.5300000000000011,0.6749088823596594
2011-01-04,0.02086942751358123,0.0004355330047446212,-0.14000000000000057,0.06000000000000005,0.12645231405459256,0.21000000000000796,0.0
2011-01-05,-0.0054820502615626765,3.005287507029941e-05,-0.23000000000000043,0.0,0.3910015558266089,-2.200000000000003,0.2699279427588408
2011-01-06,-0.002317273151142274,5.369754857004844e-06,-0.35999999999999943,0.14000000000000012,1.0269340985524344,0.9099999999999966,-0.8389518975978838
2011-01-07,0.002317273151142274,5.369754857004844e-06,0.379999999999999,-0.06000000000000005,0.6581815368655874,-1.9299999999999926,0.08296862188004184
2011-01-10,-0.002317273151142274,5.369754857004844e-06,-0.259999999999998,-0.10000000000000009,0.27194233885561303,-0.30000000000001137,-0.09334454145522031
2011-01-11,-0.24416534111129096,0.05961671379999307,0.3999999999999986,-0.020000000000000018,-0.16060894588738606,1.1700000000000017,-0.27223341591327
2011-01-12,0.23109523701041468,0.05340500856889974,-0.6499999999999986,0.050000000000000266,-0.037097360333149254,1.8700000000000045,-0.649278369395212
2011-01-13,-0.02591739115391789,0.0006717111642251813,-0.6500000000000021,0.029999999999999805,-1.0194018024268559,0.7399999999999949,0.21132146499311943
2011-01-14,0.03898749525479417,0.0015200247862425977,0.15000000000000213,-0.06000000000000005,-1.0551490073836156,-0.45999999999999375,1.1781097645131133
2011-01-18,0.0077993234127049504,6.0829445695967596e-05,-0.9299999999999997,0.010000000000000231,-0.037889205556673744,0.14000000000000057,1.0479476181330938
2011-01-19,-0.02086942751358123,0.0004355330047446212,0.40999999999999837,0.040000000000000036,-0.2529783466081348,-0.15000000000000568,1.664255712965712
2011-01-20,-0.025650891509165774,0.0006579682352149928,1.4399999999999995,-0.020000000000000018,-0.4060915452828162,-0.5300000000000011,1.6903944673462235
2011-01-21,0.03872099561004205,0.001499315501032896,0.6799999999999997,0.10000000000000009,0.2286299817478188,-2.289999999999992,1.1926773921694611
2011-01-24,0.0077993234127049504,6.0829445695967596e-05,0.4800000000000004,-0.03000000000000025,-0.7769262987545211,-0.3400000000000034,1.45812487627337
2011-01-25,0.0,0.0,-0.8200000000000003,-0.009999999999999787,-0.2047818846030225,-1.480000000000004,-1.8691406624561147
2011-01-26,-0.02086942751358123,0.0004355330047446212,-0.05999999999999872,-0.08000000000000007,-0.06408593718845168,-1.6599999999999966,-1.5635046964924015
2011-01-27,0.0,0.0,-0.9499999999999993,0.10000000000000009,-0.12828542252272257,1.0700000000000074,-0.14353783290177446
2011-01-28,0.0,0.0,-0.490000000000002,-0.03000000000000025,-0.21846460351326868,-1.7000000000000028,0.28488061261651154
2011-01-31,0.0,0.0,3.8900000000000006,-0.06000000000000005,0.5132744425420555,3.700000000000003,1.563272006043892
2011-02-01,0.0003975007901502181,1.5800687817004774e-07,-0.509999999999998,0.06000000000000005,-0.5004172909742977,2.839999999999989,0.0
2011-02-02,-0.026048392299315992,0.0006785187413790647,-1.9000000000000021,0.06000000000000005,-0.8655802114729383,-1.4499999999999886,0.0
2011-02-03,0.026048392299315992,0.0006785187413790647,-0.3299999999999983,0.040000000000000036,0.11671396685883906,0.23999999999999488,0.0
2011-02-04,0.0,0.0,-0.6099999999999994,0.06000000000000005,0.7617315560574767,-0.35999999999999943,0.0
2011-02-08,0.014989876461868334,0.00022469639634207435,-0.7600000000000016,0.10000000000000009,0.37229764270811927,-1.5499999999999972,0.0
2011-02-09,-0.015387377252018553,0.000236771378695938,-0.11999999999999922,0.06999999999999984,-0.05127007968326325,-2.0200000000000102,1.9568350260595224
2011-02-10,-0.019095676659652838,0.00036464486709001016,0.05999999999999872,-0.10000000000000009,-0.4626076250085376,-0.2599999999999909,0.36423627416937165
2011-02-11,0.8121772713431952,0.6596319200864781,0.22000000000000064,0.050000000000000266,0.7826078980756712,-0.15000000000000568,-0.4526196331104515
2011-02-14,6.213883505915874,38.61234822509335,-0.40000000000000036,-0.06000000000000005,0.26800996924292164,-1.0499999999999972,-0.04806721812196102
2011-02-15,-0.04785144697887489,0.002289760977972075,0.2599999999999998,-0.020000000000000018,0.19099964572717454,-0.730000000000004,-1.146981230862032
2011-02-16,-0.45558165358610125,0.20755464308424637,0.4200000000000017,-0.010000000000000231,-0.050898226635975874,-0.5300000000000011,0.7403708522741859
2011-02-17,0.35984205795340785,0.12948630667214373,0.34999999999999787,0.010000000000000231,-0.4464558370213645,0.6700000000000017,-0.9233998375177244
2011-02-18,0.01612129941150897,0.00025989629471551953,-0.129999999999999,-0.040000000000000036,-0.28165582437988945,1.25,-0.6412910319158804
2011-02-22,-0.040070527163393876,0.0016056471471522864,-0.16000000000000014,0.009999999999999787,-0.43684552304013025,-0.01999999999999602,-1.165981150345985
2011-02-23,0.060956074440632335,0.0037156430112119106,4.370000000000001,-0.1299999999999999,0.14153380827695017,7.6200000000000045,-6.964227832344161
2011-02-24,0.010874408714833805,0.00011825276489725341,1.3299999999999983,0.03000000000000025,-0.46396910173767125,3.3900000000000006,0.1381964522741974
2011-02-25,-0.023937761933545687,0.000573016446387109,-0.8099999999999987,-0.03000000000000025,-0.45317110084592827,-0.21000000000000796,-2.013029905106567
2011-02-28,-0.02870338018574614,0.0008238840340874842,-2.1000000000000014,-0.040000000000000036,0.2850866592290835,0.6899999999999977,1.2216688433626999
2011-03-01,-0.020876826798144066,0.0004358418971597062,-0.8699999999999974,0.0,-0.5059353002309308,0.5799999999999983,-1.2043276775593803
2011-03-02,-0.03130707043563774,0.0009801326592619826,2.66,-0.009999999999999787,0.20787802675181766,2.530000000000001,1.0242787585121427
2011-03-03,-0.4953448092226864,0.2453664800238596,-0.3100000000000023,0.04999999999999982,-0.4944127685104327,2.6400000000000006,-1.7945175534169522
2011-03-04,0.3493746029265665,0.12206261317009602,-2.099999999999998,0.1200000000000001,-0.24811610524144712,-0.3499999999999943,-1.2063826719227677
2011-03-07,0.13553669384460676,0.018370195378326664,0.4599999999999973,-0.08999999999999986,-0.1046596491392826,2.4200000000000017,1.5117064430166138
2011-03-08,-0.004487600691227556,2.0138559963906037e-05,1.6000000000000014,0.019999999999999574,0.1308024687777909,1.0300000000000011,1.9387097050340252
2011-03-09,0.0,0.0,-0.8399999999999999,0.050000000000000266,0.3913939057565763,-0.3100000000000023,1.5176213273033312
2011-03-10,-0.21590508566937672,0.0466150060179009,0.3999999999999986,-0.08000000000000007,-0.10422334037265557,-0.6700000000000017,-1.02972714205114
2011-03-11,0.23986579022867716,0.05753559732202775,1.6600000000000001,-0.10999999999999988,0.727272762208564,-1.6599999999999966,2.51429823909719
2011-03-14,-0.15500979771267964,0.02402803738692586,-1.8000000000000007,0.029999999999999805,-0.6491000434475147,-1.5900000000000034,2.571877216864138
2011-03-15,0.1310490931533792,0.01717386481632306,1.0500000000000007,-0.040000000000000036,-0.5616161994614899,0.060000000000002274,-3.1101218480107384
2011-03-16,-0.023966447088952236,0.0005743905860675472,3.1900000000000013,-0.029999999999999805,-0.026194188028227927,-3.969999999999999,-2.3529505140471585
2011-03-17,0.028454047780179792,0.0008096328350767545,5.079999999999998,-0.10999999999999988,0.45748523582629375,0.7599999999999909,-1.1069273827197357
2011-03-18,-0.04172316739357029,0.0017408226973518873,-3.0299999999999976,0.029999999999999805,-0.8381392497001094,3.480000000000004,-0.6600969743311147
2011-03-21,0.061196271261643176,0.0037449836163286144,-1.9299999999999997,0.029999999999999805,-0.42171871979048703,-0.4099999999999966,0.1193563579591661
2011-03-22,-0.061196271261643176,0.0037449836163286144,-3.830000000000002,0.06000000000000005,-0.4235047211368581,1.2999999999999972,1.5430777591386224
2011-03-23,0.18789149577749242,0.03530321418550345,-0.3999999999999986,0.0,0.03977826603227541,2.1700000000000017,-0.7395135786496532
2011-03-24,-0.054847538512881044,0.0030082524809219692,-1.0399999999999991,0.020000000000000018,0.4761291992374517,0.6799999999999926,0.6091563600916672
2011-03-25,-0.02870338018574614,0.0008238840340874842,-1.1700000000000017,0.06000000000000005,-0.17167022966599887,-0.1699999999999875,-1.3606823780880184
2011-03-28,0.05264114211929183,0.00277108984362348,-0.08999999999999986,0.040000000000000036,0.7374243854168405,-0.15000000000000568,-0.7790608027544721
2011-03-29,-0.11974615249581433,0.01433914103755082,1.5300000000000011,0.010000000000000231,-0.1181542220641596,-1.3499999999999943,0.388112908961169
2011-03-30,0.1820055296244405,0.03312601281387309,-1.2800000000000011,0.029999999999999805,0.15750462469261706,0.7999999999999972,-0.3575325369529203
2011-03-31,-0.03134960054929081,0.0009827974546000949,-0.4499999999999993,-0.029999999999999805,-0.17063369773078207,-0.5400000000000063,0.47063011741048655
2011-04-01,0.08362078463637346,0.0069924356232027515,0.029999999999997584,0.0,-0.3421534203697618,2.3900000000000006,0.23665566805703975
2011-04-04,-0.19848530935249187,0.0393964180287544,-0.33999999999999986,-0.010000000000000231,-0.039552744683390983,1.3599999999999994,-0.42594870442105304
2011-04-05,0.020874647816171432,0.00043575092144919076,0.10000000000000142,-0.009999999999999787,0.10544594117734007,0.5900000000000034,-0.4190224589764924
2011-04-06,0.11488851856427118,0.013199371697892884,-0.25,0.04999999999999982,-0.03953674010315211,-0.3200000000000074,-0.01093553503199729
2011-04-07,0.031356153901995754,0.0009832083875256435,-0.3500000000000014,0.06000000000000005,-0.4887982764393506,0.5600000000000023,1.6787433083258918
2011-04-08,-0.514923458265848,0.2651461678724605,0.21000000000000085,0.020000000000000018,0.10588247510456839,1.4399999999999977,-0.3123555203778494
2011-04-11,0.0,0.0,0.7600000000000016,0.009999999999999787,-0.690294333738084,2.450000000000003,0.1724547194961623
2011-04-12,0.16012813669732395,0.025641020162156865,-1.2800000000000011,0.0,-0.01332463388834526,-2.769999999999996,0.0
2011-04-13,0.31948908965198086,0.10207327840665147,0.5,-0.06999999999999984,-0.28016707009976827,-3.75,0.0
2011-04-14,-0.19157093981387874,0.03669942498117275,-0.16999999999999815,-0.029999999999999805,0.1735365599004446,0.8499999999999943,-0.708962225974652
2011-04-15,0.17462237616410192,0.03049297425719711,-0.6500000000000021,0.019999999999999574,-0.4009133318850111,1.1300000000000097,-0.08246170338379599
2011-04-18,0.0,0.0,-0.9499999999999993,-0.07999999999999963,0.20065758018255053,1.4399999999999977,0.0716153634705563
2011-04-19,0.016948563649776816,0.000287253809790536,1.6400000000000006,-0.03000000000000025,0.8913757693185254,-2.469999999999999,-1.2003374079486484
2011-04-20,0.023920583776337878,0.0005721943282007989,-1.1300000000000008,-0.009999999999999787,-0.6244638966875549,0.480000000000004,-0.3783550488017262
2011-04-21,0.10551314554643199,0.01113302388310254,-0.7599999999999998,0.040000000000000036,-0.8835345641577952,3.6599999999999966,1.0435944927804641
2011-04-25,-0.052303991986768494,0.002735707577751943,-0.3800000000000008,-0.010000000000000231,-0.49875784423552005,0.8799999999999955,0.39181591266768123
2011-04-26,-1.1644964196880991,1.3560519114664016,1.08,-0.029999999999999805,-0.013517313859168212,-0.03999999999999204,1.1491399997939133
2011-04-27,-0.08266171167115033,0.0068329585764043905,-0.15000000000000036,-0.050000000000000266,-0.20293794661805364,0.03999999999999204,-0.8108035965386229
2011-04-28,-0.7623988886169997,0.5812520653644363,-0.2699999999999996,0.050000000000000266,-0.4343108212109037,0.5900000000000034,1.60230236996739
2011-04-29,0.3408817520503149,0.11620036888089237,-0.7300000000000004,-0.050000000000000266,-0.5455467678730841,0.06999999999999318,0.7662547441340983
2011-05-02,0.0,0.0,0.13000000000000078,-0.020000000000000018,-0.2601883527913351,1.0100000000000051,1.5005370684493258
2011-05-03,0.1457372130669654,0.021239335272526073,1.2400000000000002,-0.009999999999999787,0.027415195459479236,-0.35999999999999943,0.0
2011-05-04,0.14552512876235824,0.021177563101300943,0.7099999999999991,-0.03000000000000025,0.2601171241018996,-2.430000000000007,0.0
2011-05-05,-0.08640765782850224,0.0074662833314075245,0.379999999999999,-0.029999999999999805,-0.15051054593318014,-1.809999999999988,1.344857130271837
2011-05-06,0.05154373600007034,0.0026567567208449472,1.120000000000001,-0.06999999999999984,1.5759104191991113,-8.900000000000006,-1.5095485795690422
2011-05-09,-0.03092942959845857,0.0009566296152860049,0.1999999999999993,0.009999999999999787,0.8723049364455449,-3.019999999999996,-1.382374954622101
2011-05-10,-0.07973177733546777,0.006357156317072611,-1.2399999999999984,-0.020000000000000018,-0.1337056998193198,3.4499999999999886,1.0019238079877368
2011-05-11,-0.09713453896331714,0.009435118659616175,-1.25,0.06000000000000005,-0.17408408111974083,3.0700000000000074,0.7968668309152882
2011-05-12,0.0,0.0,1.0399999999999991,-0.040000000000000036,0.9603931480731909,-5.510000000000005,0.3857165414222763
2011-05-13,0.048579063379605714,0.0023599253988397487,-0.9199999999999982,0.03000000000000025,-0.11955101041030147,0.6500000000000057,-0.20926361374842273
2011-05-16,0.10767294651756742,0.011593463411774935,1.0399999999999991,-0.040000000000000036,0.6887501034550603,0.6799999999999926,-0.5136160842393878
2011-05-17,0.5580833004914965,0.3114569702874819,1.1699999999999982,-0.03000000000000025,-0.383523460370494,-2.299999999999997,-1.72004745245804
2011-05-18,0.42581982605653934,0.18132252426282142,-0.6899999999999977,-0.029999999999999805,-0.09279472204264394,-0.5099999999999909,-1.5259314718841566
2011-05-19,-0.23909778010455796,0.05716774845092755,-1.3200000000000003,0.06000000000000005,0.09279472204264394,3.1199999999999903,-2.053898103430374
2011-05-20,-0.31966036979866885,0.10218275201982172,-0.7100000000000009,-0.010000000000000231,-0.4648371008856955,-1.5300000000000011,-2.236245049693686
2011-05-23,-0.05343572057547874,0.002855376233420642,1.9100000000000001,-0.020000000000000018,0.411820644875327,1.1600000000000108,-2.729969471350202
2011-05-24,-0.5279612659665034,0.27874309836095296,0.8399999999999999,-0.020000000000000018,0.8843166905315059,-2.0900000000000034,-3.5386734206371173
2011-05-25,0.0,0.0,-0.4499999999999993,-0.009999999999999787,-0.289513594624502,2.069999999999993,-3.7132043423122596
2011-05-26,0.09713453896331714,0.009435118659616175,-0.75,0.009999999999999787,0.06587583738912883,1.6500000000000057,-4.114909703668523
2011-05-27,-0.1943635208570882,0.03777717823996376,-0.9800000000000004,-0.06000000000000005,-0.5017138131684362,-0.5999999999999943,2.9782925435865693
2011-05-31,-0.0654985450191603,0.004290059399626969,-0.10999999999999943,0.0,-0.7973545281273253,0.3999999999999915,3.1602659614065054
2011-06-01,0.19538285818594403,0.038174461272908716,-0.5300000000000011,-0.020000000000000018,-0.41446354695402476,2.1200000000000045,2.535614520763918
2011-06-02,-0.1748342091872246,0.030567000702122208,2.8500000000000014,-0.08999999999999986,0.053577439815111205,-2.4000000000000057,3.3419673719157217
2011-06-03,-0.14979213241925748,0.02243768293470837,-0.21000000000000085,0.08000000000000007,-0.4697659388638975,0.10999999999999943,3.3626853832014802
2011-06-06,0.3555111928326582,0.12638820822929947,-0.14000000000000057,-0.04999999999999982,-0.7426987747976455,-0.12999999999999545,-1.6062985192392354
2011-06-07,-0.3067901200052958,0.09412017773286381,0.5399999999999991,0.019999999999999574,0.23014722656009567,-1.210000000000008,-2.1888199702625677
2011-06-08,0.24324993750610702,0.059170532096724966,-0.41999999999999815,0.0,-0.5831715501664725,0.11000000000001364,2.2496931642648654
2011-06-09,0.08413538389007158,0.007078762822329716,0.7199999999999989,-0.029999999999999805,0.5561271309621141,1.5899999999999892,-0.9306605524772138
2011-06-10,-0.2263142618042835,0.05121814509601777,-1.0199999999999996,0.029999999999999805,0.3510699412007767,1.1800000000000068,0.9914967135640218
2011-06-13,0.1336692399942052,0.01786746572062843,1.0899999999999999,-0.019999999999999574,0.8054795335965537,-2.6500000000000057,0.2362338687904142
2011-06-14,-0.186042952629073,0.0346119802229435,0.75,0.009999999999999787,-0.3750825208861386,-2.0999999999999943,-0.5204531343764529
2011-06-15,0.1551803424360898,0.024080938678582093,-1.3499999999999979,0.10999999999999988,-0.24187098646928362,2.1700000000000017,-0.2601134655913384
2011-06-16,0.36065781790153295,0.1300740616134953,3.0599999999999987,-0.1299999999999999,1.6941599630574622,-4.540000000000006,-0.020385281897095098
2011-06-17,0.5071162226107262,0.2571668632349716,1.4100000000000001,-0.04999999999999982,0.19821813875751104,0.12000000000000455,0.839146833855331
2011-06-20,-0.7798227290196635,0.6081234886956756,-0.879999999999999,0.009999999999999787,-1.0083701563052827,-1.9300000000000068,-1.4116284627964326
2011-06-21,0.07675945253140526,0.005892013552921057,-1.860000000000003,0.03000000000000025,0.053327446167728,0.21000000000000796,-1.6771207285376732
2011-06-22,-0.41730952624448037,0.17414724069439264,-1.129999999999999,0.020000000000000018,-0.6552110954627821,0.46999999999999886,2.5413950525527085
2011-06-23,0.3967058381114441,0.1573755219917033,-0.33999999999999986,0.019999999999999574,0.32145468915665276,1.259999999999991,-0.7049226239317363
2011-06-24,-0.12353306079937454,0.015260417110461966,0.7699999999999996,-0.07999999999999963,0.891969154139538,-4.259999999999991,-1.1162310824620825
2011-06-27,0.19566454932018473,0.038284615860671,1.8100000000000023,-0.050000000000000266,0.2911611742097975,0.18999999999999773,-0.3110064132133772
2011-06-28,-0.22546899040243318,0.05083626563309251,-0.5400000000000027,0.07000000000000028,-0.3707124380847304,-0.23999999999999488,0.19593160189552705
2011-06-29,0.13273805799371985,0.017619392039944132,-1.389999999999997,0.09999999999999964,-0.438687094687662,2.25,-0.4477481630969393
2011-06-30,-0.0514800526170589,0.002650195817455153,-1.9000000000000021,0.0900000000000003,-0.49415141246464955,1.9499999999999886,0.5283144332084433
2011-07-01,0.0,0.0,-0.75,0.040000000000000036,-0.5235254258995958,0.45000000000000284,-0.4751260177786598
2011-07-05,0.07207949650496204,0.005195453816408835,-0.6500000000000004,0.040000000000000036,0.06726595860770956,-0.4899999999999949,-1.6903518475868573
2011-07-06,-0.07207949650496204,0.005195453816408835,0.1899999999999995,-0.06000000000000005,0.45625946729188627,2.1099999999999994,1.3406404081163892
2011-07-07,0.07207949650496204,0.005195453816408835,0.28000000000000114,-0.040000000000000036,0.5740624406435302,-0.25,-0.6353808628512425
2011-07-08,-0.10473482777797471,0.010969384149682024,-0.39000000000000057,0.04999999999999982,-0.21322457459787003,2.030000000000001,0.3938067981908766
2011-07-11,0.0,0.0,0.0,-0.14000000000000012,0.29306164786788713,-2.5,0.07671653617533636
2011-07-12,-0.018798233021399824,0.00035337356472684675,2.4400000000000013,-0.08999999999999986,1.0716482374397707,-1.0400000000000063,-1.2228206753668758
2011-07-13,-0.07843074887237123,0.00615138236868096,1.4800000000000004,-0.020000000000000018,-0.23715467057634498,2.25,-1.8615348669373866
2011-07-14,0.07843074887237123,0.00615138236868096,0.03999999999999915,0.0,-0.794598919857048,0.6300000000000097,0.22263993013327266
2011-07-15,0.0,0.0,0.8900000000000006,0.06000000000000005,0.05317149636212548,-2.2900000000000063,0.17918796829015093
2011-07-18,-0.04114379815298719,0.001692812126453752,-1.2699999999999996,-0.040000000000000036,-0.15959938056440137,1.4899999999999949,-1.005202365648472
2011-07-19,0.1959039827784892,0.03837837046847459,1.4199999999999982,0.0,0.4647855151485025,-1.2999999999999972,0.24804048791269295
2011-07-20,-0.06212469861246461,0.0038594781776895627,-1.7399999999999984,-0.029999999999999805,-0.3450595704197923,1.5499999999999972,-1.3682422946931005
2011-07-21,-0.04118192171862489,0.0016959506764389486,-0.120000000000001,0.04999999999999982,-0.5732970825745198,0.6200000000000045,1.6084711079430214
2011-07-22,-0.08125800537666095,0.006602863437793459,-1.5300000000000011,0.06999999999999984,-1.0348916838585076,0.8499999999999943,-0.8941650021816905
2011-07-25,-0.09727627226219226,0.009462673145228155,-0.03999999999999915,-0.03999999999999959,0.2428827438223813,0.5700000000000074,-0.9388826782032567
2011-07-26,0.25061377414381525,0.06280726379060723,1.8300000000000018,0.03999999999999959,-0.1888566524304025,-0.5600000000000023,0.03909304193658869
2011-07-27,-0.102954811935696,0.010599693300714532,0.879999999999999,-0.03999999999999959,-0.799836627304451,0.6400000000000006,0.007328244278070883
2011-07-28,0.030875315430733963,0.0009532851029473188,2.75,0.019999999999999574,0.8403344753540765,-2.2099999999999937,0.0024426287571266414
2011-07-29,-0.03265533127301268,0.0010663706605501997,0.759999999999998,-0.029999999999999805,0.1753151078828452,0.0799999999999983,-0.2470073034697151
2011-08-01,0.0,0.0,1.5100000000000016,-0.16000000000000014,-0.43208234774994025,-1.7999999999999972,-0.6608629980090264
2011-08-02,-0.09722898189377105,0.009453474920099259,-1.5899999999999999,-0.04999999999999982,0.4859628913796321,-0.7000000000000028,-0.928626743843175
2011-08-03,-0.2922554442601921,0.08541324469972227,1.129999999999999,-0.10999999999999988,0.33608957201822776,-1.2000000000000028,-1.3525566244640963
2011-08-04,0.3408817520503149,0.11620036888089237,-1.4100000000000001,-0.020000000000000018,-0.6327873165417941,-1.9099999999999966,-1.2893252387063292
2011-08-05,0.08125800537666095,0.006602863437793459,8.280000000000001,-0.16999999999999993,1.4481371391996234,-5.1200000000000045,1.163158176802348
2011-08-08,0.1615194870181469,0.026088544686605323,0.33999999999999986,0.10999999999999988,-0.6946384707026354,0.14000000000000057,1.2121664741179927
2011-08-09,0.7729507082267162,0.5974527973481821,16.0,-0.18000000000000016,0.2543711689309447,-5.6200000000000045,-1.1213101470441522
2011-08-10,-0.09629273733935406,0.009272291264305833,-12.939999999999998,-0.19999999999999973,-0.24096437809006943,-1.9500000000000028,-2.2217184504143894
2011-08-11,0.2797308822747979,0.07824936649823686,7.93,-0.03000000000000025,0.040199369783433525,3.730000000000004,-0.44981075247001456
2011-08-12,-0.039172671489318134,0.0015344981916100378,-3.990000000000002,0.16999999999999993,0.053577439815111205,2.430000000000007,-0.394600719709981
2011-08-15,-0.0480653698270217,0.002310279776608368,-2.6400000000000006,-0.09999999999999964,-0.09377680959854473,-0.29000000000000625,-0.1353532405093283
2011-08-16,-0.05838295383640002,0.003408569298663216,-4.489999999999998,0.04999999999999982,-1.0374014064584713,2.6899999999999977,0.10413413416285877
2011-08-17,0.07278399073591402,0.005297509307445617,0.9800000000000004,-0.06000000000000005,0.22997074740551682,-1.2299999999999898,0.5604581354532456
2011-08-18,0.07283700441682583,0.0053052292124167065,-1.2700000000000031,-0.06000000000000005,-0.4604612233552352,0.9299999999999926,1.7899290601968154
2011-08-19,-0.13532652505148235,0.01831326838250948,11.090000000000003,-0.08999999999999986,0.7707423863387852,-5.200000000000003,2.3684160986555014
2011-08-22,0.15614684575950832,0.02438183744064368,0.37999999999999545,-0.010000000000000231,-0.3373139637710132,-0.04999999999999716,-0.5300827443612377
2011-08-23,-0.01195071406936421,0.00014281956676769967,-0.6099999999999994,0.03000000000000025,0.10806678395196556,2.0900000000000034,1.3064304106434221
2011-08-24,0.04801920860586506,0.002305844395133585,-6.169999999999995,0.04999999999999982,-0.2703759183160237,0.9299999999999926,-1.1767610492994685
2011-08-25,-0.0777048019974913,0.006038036253469328,-0.37000000000000455,0.14000000000000012,0.1893419351515213,-0.35999999999999943,-1.1529527686577445
2011-08-26,0.10412329137299281,0.010841659806345159,3.8599999999999994,-0.06000000000000005,0.3641471977245736,0.1600000000000108,1.245115230189775
2011-08-29,0.0,0.0,-4.169999999999995,-0.040000000000000036,-0.6347529345641867,0.21999999999999886,0.6848152212850067
2011-08-30,-0.026418489375501508,0.0006979365808834861,-3.3100000000000023,0.08999999999999986,-0.12200413447924774,1.8999999999999915,2.1913860841249466
2011-08-31,0.0,0.0,0.6099999999999994,-0.08999999999999986,0.2979837166969368,1.6300000000000097,1.4148176861814576
2011-09-01,0.026418489375501508,0.0006979365808834861,-1.2699999999999996,0.040000000000000036,0.25662850905101564,-0.09000000000000341,1.2915330538779912
2011-09-02,-0.026418489375501508,0.0006979365808834861,0.1999999999999993,-0.08000000000000007,0.47104064226779485,0.12000000000000455,2.46058925573287
2011-09-06,-0.04647919674773959,0.002160315730315087,2.1000000000000014,-0.1299999999999999,0.361853423037406,-2.480000000000004,0.0
2011-09-07,0.0728976861232411,0.005314072642122579,3.0799999999999983,-0.040000000000000036,1.5530917912663256,-0.46000000000000796,0.19966728763236574
2011-09-08,-0.17054534593636816,0.02908571502055549,-3.6199999999999974,0.06999999999999984,-0.6077427779913158,3.3500000000000085,1.7792891147898615
2011-09-09,0.0,0.0,0.9399999999999977,-0.04999999999999982,1.028352892258777,-0.29000000000000625,2.066387261471725
2011-09-12,0.14412685656086666,0.020772550782116633,4.200000000000003,-0.07000000000000006,1.2383715264157935,-1.8100000000000023,1.4586649044251665
2011-09-13,-0.14412685656086666,0.020772550782116633,0.07000000000000028,0.010000000000000009,0.49108039782899127,0.9500000000000028,0.6523293436186961
2011-09-14,0.14412685656086666,0.020772550782116633,-1.6800000000000068,0.06000000000000005,-0.8544795884104062,2.019999999999996,1.3879428665700466
2011-09-15,0.287632029559326,0.08273218442841698,-2.309999999999995,0.029999999999999805,-0.10407419723863498,-1.2999999999999972,-0.5147439253524233
2011-09-16,-0.2612135401838245,0.06823251357536649,-2.6300000000000026,0.06000000000000005,-0.7708981385957436,0.4900000000000091,0.7849367349574976
2011-09-19,0.0,0.0,-0.9899999999999984,-0.009999999999999787,0.44497386333652855,-1.440000000000012,-2.9233149363601107
2011-09-20,-0.17054534593636816,0.02908571502055549,1.7499999999999964,-0.1100000000000001,1.0521595436170372,-2.259999999999991,0.9947948253338446
2011-09-21,0.43175888612019264,0.18641573574374948,0.13000000000000256,-0.020000000000000018,-0.466262487790825,1.2199999999999989,-1.5960166302020795
2011-09-22,-0.31328873794453926,0.0981498333228822,4.460000000000001,-0.07000000000000006,0.4016298310608235,-1.1500000000000057,-1.5078894037824142
2011-09-23,0.31328873794453926,0.0981498333228822,4.030000000000001,-0.15999999999999992,1.3357518901242038,-5.47999999999999,0.3768834674158228
2011-09-26,-0.287632029559326,0.08273218442841698,-0.10000000000000142,0.1200000000000001,-0.10211157576591745,-0.710000000000008,-2.014547197531602
2011-09-27,-0.04647919674773959,0.002160315730315087,-2.229999999999997,0.06999999999999984,0.07659588934583184,0.39000000000000057,-1.3421485753087659
2011-09-28,0.04647919674773959,0.002160315730315087,-1.3100000000000023,0.09000000000000008,-1.0906613011282928,4.210000000000008,0.6973305009348785
2011-09-29,0.026418489375501508,0.0006979365808834861,3.3699999999999974,0.029999999999999805,0.43768908256360817,-3.240000000000009,-0.8032724730730578
2011-09-30,-0.010417209239044212,0.00010851824833002808,-2.239999999999995,-0.039999999999999813,0.08987571553538132,0.9300000000000068,-1.3665313284190184
2011-10-03,-0.016001280136457297,0.00025604096600538286,4.119999999999997,-0.07000000000000006,0.8052767717661169,-2.9399999999999977,-0.11219148521588451
2011-10-04,-0.09606148673384496,0.009227809233516671,2.490000000000002,-0.11999999999999988,1.1392451018896743,-1.5900000000000034,-1.289854534800039
2011-10-05,0.16415966828304818,0.026948396690800413,-4.630000000000003,0.010000000000000009,0.1886219109328735,-1.9399999999999977,-0.9377671959612144
2011-10-06,0.027871115643662847,0.0007767990872224278,-3.009999999999998,0.10999999999999988,-0.8706064739376629,4.009999999999991,-0.2322269684648326
2011-10-07,-0.24009615375373272,0.057646163047336066,-1.5399999999999991,0.08999999999999986,-0.4827307099262157,2.9099999999999966,0.9802947809712137
2011-10-10,0.2852063268626637,0.08134264888249255,-0.07000000000000028,0.0900000000000003,0.24165664085318284,0.38000000000000966,-0.8006905802431241
2011-10-11,0.0028399596727624044,8.065370942916743e-06,-3.1799999999999997,0.0,-1.4329860725112553,2.4399999999999977,0.40591254606390237
2011-10-12,0.07019463066733067,0.00492728617452296,-0.1600000000000037,0.08000000000000007,-0.025772191181516746,0.4000000000000057,-0.46095688207543617
2011-10-13,0.04175801292536363,0.001743731643474836,-1.5999999999999979,0.06000000000000005,-0.7634170070867974,-0.2400000000000091,-1.6461078390955564
2011-10-14,0.03654682083578109,0.0013356701132026829,-0.5600000000000023,-0.050000000000000266,0.0,-1.3400000000000034,0.40801513798864875
2011-10-17,0.088831943890888,0.007891114255433873,-2.460000000000001,0.06999999999999984,-0.4817340423796779,2.8400000000000034,0.45944850372485746
2011-10-18,-0.0209073803814519,0.0004371185544147198,5.150000000000002,-0.07999999999999963,0.6763769748519444,-0.4200000000000017,-0.8845004534371093
2011-10-19,0.16738156434303875,0.02801658808192282,-1.8300000000000018,0.009999999999999787,-0.01296705316935487,1.960000000000008,-1.5997200657719368
2011-10-20,0.003745429857815452,1.4028244819815477e-05,2.879999999999999,-0.009999999999999787,-0.025929257592594013,-2.230000000000004,-0.787122144021879
2011-10-21,0.04774181318598636,0.002279280726285621,0.3400000000000034,0.020000000000000018,-0.18172303545123114,-0.04000000000000625,0.641091550655748
2011-10-24,0.0,0.0,-3.460000000000001,0.029999999999999805,-0.8742773118456171,1.1200000000000045,1.7919866826904496
2011-10-25,-0.004773155772852533,2.2783016031915462e-05,-2.0599999999999987,0.020000000000000018,-0.367655888469276,3.930000000000007,0.8310263576214894
2011-10-26,-0.057183647035508045,0.003269969488281568,2.9599999999999973,-0.10999999999999988,0.3020996084977412,1.8599999999999994,-1.2332648053954287
2011-10-27,0.07150243091800235,0.005112597627183698,-2.3599999999999994,0.08999999999999986,-0.06559928442362306,-2.780000000000001,0.662221828938403
2011-10-28,-0.12383379429774521,0.015334808610176276,-4.399999999999999,0.18999999999999995,-1.7608109716011455,3.759999999999991,0.6409890725782574
2011-10-31,0.3879021480768685,0.15046807648264882,-0.9299999999999997,-0.08000000000000007,0.2934032414916743,-0.6400000000000006,1.7495247986677676
2011-11-01,0.0,0.0,5.43,-0.16999999999999993,1.4280315003452948,-0.12999999999999545,-0.2989751657541895
2011-11-02,-0.016201312341657115,0.00026248252159193113,4.810000000000002,-0.16000000000000014,1.4208724542381646,-1.0,-1.6750328728434738
2011-11-03,0.016201312341657115,0.00026248252159193113,-2.030000000000001,0.020000000000000018,-0.32410735972163707,0.3200000000000074,-1.4678760655988832
2011-11-04,0.010504753410600642,0.00011034984421752583,-2.240000000000002,0.06000000000000005,-0.4424837602289067,1.559999999999988,0.15926886720709632
2011-11-07,-0.026706065752257757,0.0007132139479639147,-0.33999999999999986,-0.029999999999999805,0.31254809959584406,0.19000000000001194,0.5201413419145595
2011-11-08,0.026706065752257757,0.0007132139479639147,-0.3099999999999987,-0.020000000000000018,0.06498397768277542,1.259999999999991,-0.012178932896933503
2011-11-09,-0.012424771842844962,0.000154374955346753,-2.370000000000001,0.06000000000000005,-0.3775320772786195,1.2800000000000011,-0.4687966393992049
2011-11-10,-0.014281293909412796,0.000203955355727031,8.679999999999996,-0.10000000000000009,1.6300518082974946,-1.0600000000000023,-0.8380589484309198
2011-11-11,0.026706065752257757,0.0007132139479639147,-3.3499999999999943,0.040000000000000036,-0.37282413319879026,2.0400000000000063,-1.031985542341296
2011-11-14,-0.026706065752257757,0.0007132139479639147,-2.770000000000003,0.0,-0.9056821384057834,1.2099999999999937,-1.1864737279410065
2011-11-15,0.026706065752257757,0.0007132139479639147,1.0899999999999999,0.0,0.8025869841355338,-0.8499999999999943,-1.157314576979207
2011-11-16,-0.010504753410600642,0.00011034984421752583,0.08999999999999986,0.020000000000000018,0.41173463403474386,1.230000000000004,-0.9928122492025793
2011-11-17,-0.011440654417782525,0.0001308885735071268,2.289999999999999,-0.050000000000000266,0.35889093513841175,3.219999999999999,0.7755958546834307
2011-11-18,-0.02856734771619074,0.0008160933555377482,1.0,-0.04999999999999982,0.16618380253392573,-3.7700000000000102,-1.2951581106579013
2011-11-21,0.050512755544573906,0.0025515384727058817,-2.509999999999998,0.04999999999999982,-0.3454731561943092,-1.1499999999999915,-1.6303856987978982
2011-11-22,-0.026706065752257757,0.0007132139479639147,0.9099999999999966,-0.039999999999999813,0.3582480920020892,-0.9399999999999977,-0.12652223734290757
2011-11-23,0.004760657923874589,2.2663863868149916e-05,-0.9399999999999977,-0.030000000000000027,-0.08943933638869694,1.0300000000000011,0.6886608896132351
2011-11-25,0.011440654417782525,0.0001308885735071268,2.009999999999998,-0.050000000000000044,0.979460385895603,-1.6000000000000085,1.7681194847832593
2011-11-28,-0.016201312341657115,0.00026248252159193113,0.490000000000002,0.08000000000000007,0.7691868300235605,0.75,-1.3524923752480156
2011-11-29,0.01904127201441952,0.00036257003992711597,-2.3399999999999963,0.0,-0.402769193638175,1.2999999999999972,-0.010434873356235386
2011-11-30,-0.04284796180673567,0.0018359478309914786,-1.490000000000002,0.030000000000000027,-0.3664176363853855,1.5800000000000125,-0.10702027880924447
2011-12-01,0.050512755544573906,0.0025515384727058817,-2.84,0.08000000000000007,-0.775149205248038,0.5699999999999932,-0.5788462841945119
2011-12-02,-0.050512755544573906,0.0025515384727058817,-0.39000000000000057,0.029999999999999805,-0.089336608881041,-0.1599999999999966,-0.15510196461008263
2011-12-05,0.047607713348618574,0.002266494370284235,0.10999999999999943,-0.06000000000000005,0.3950276747233694,0.769999999999996,0.9895627754223923
2011-12-06,0.0,0.0,0.3200000000000003,-0.009999999999999787,-0.025434550300040826,-0.030000000000001137,1.886337171232455
2011-12-07,0.0,0.0,0.28999999999999915,0.040000000000000036,-0.12728931501397867,0.3100000000000023,-0.2533947272740811
2011-12-08,0.002905042195955332,8.439270160280977e-06,0.5400000000000027,-0.06000000000000005,-0.03821743883341,-0.7999999999999972,-0.7692246673804526
2011-12-09,-0.010504753410600642,0.00011034984421752583,1.9199999999999982,-0.030000000000000027,0.4196003355685818,-2.1000000000000085,-1.451562867897671
2011-12-12,-0.016201312341657115,0.00026248252159193113,-4.210000000000001,0.07999999999999985,-0.2286590314211523,1.0500000000000114,-1.1782052238752172
2011-12-13,-0.01530632852180247,0.00023428369281734378,-0.7099999999999973,-0.040000000000000036,1.1883862481166574,-1.6300000000000097,-0.49437944565013936
2011-12-14,0.08404244637958413,0.007063132793465274,-0.26000000000000156,-0.06999999999999984,0.8509628455994012,2.469999999999999,-0.9504120800711391
2011-12-15,-0.010509169259798057,0.00011044263853108444,0.629999999999999,-0.040000000000000036,0.34830086389634474,-5.319999999999993,-1.1362221520167637
2011-12-16,0.010509169259798057,0.00011044263853108444,-0.9299999999999997,0.0,-0.36076536184204144,-1.0799999999999983,-0.8387683561279502
2011-12-19,-0.025898353334063984,0.000670724705416023,-0.8200000000000003,-0.05999999999999983,0.012464497945696706,-0.29000000000000625,0.42436169965354154
2011-12-20,-0.026636452182060566,0.000709500584847199,0.6300000000000026,-0.040000000000000036,0.0,0.3100000000000023,0.3735875525673116
2011-12-21,0.031395071231798966,0.000985650497649731,-1.7000000000000028,0.11999999999999988,-0.46212878463620655,3.299999999999997,-0.47198854451711014
2011-12-22,-0.031395071231798966,0.000985650497649731,-1.7899999999999991,0.040000000000000036,0.1751087314143085,1.3800000000000097,0.5590491659699381
2011-12-23,0.04202563625632649,0.0017661541027490638,-0.2699999999999996,-0.010000000000000009,-0.12504500487029446,0.8799999999999955,-2.019049756958946
2011-12-27,0.0841042942763437,0.007073532315721819,-0.4299999999999997,0.05999999999999983,0.11255421323728143,0.29999999999999716,-1.1610836848808148
2011-12-28,-0.1261299305326702,0.015908759376176206,1.1799999999999997,-0.009999999999999787,-0.2753458767174699,1.5700000000000074,-2.3892842656973556
2011-12-29,0.0075997112146453105,5.77556105460057e-05,1.6099999999999994,-0.09000000000000008,0.8734731770919879,-1.8500000000000085,0.8189491121799897
2011-12-30,0.12904823142338984,0.01665344603350478,-0.870000000000001,-0.020000000000000018,-0.012417850249146767,0.2400000000000091,-0.04278563038591088
2012-01-03,-0.05292300175039344,0.002800844114272147,0.75,-0.020000000000000018,-0.3859390847618549,-0.8500000000000085,0.2962711907047222
2012-01-04,0.0,0.0,-0.4299999999999997,0.08000000000000007,-0.7009636447953937,4.1299999999999955,-0.4418794161711759
2012-01-05,0.0,0.0,-0.75,0.030000000000000027,0.6011235843406126,0.2600000000000051,-0.33197901246744266
2012-01-06,0.023777254790324776,0.0005653578453640224,-0.7399999999999984,0.020000000000000018,1.0557213000216947,-1.4099999999999966,-2.2906855636005474
2012-01-09,0.029145746960068664,0.0008494745658603518,-0.8500000000000014,-0.040000000000000036,0.3699540806000101,-0.25,-1.2425086435827737
2012-01-10,-0.1766559447720084,0.031207322823290886,0.4400000000000013,0.0,-0.23414245824158186,-0.25,0.7662192652582611
2012-01-11,0.1556210267306568,0.0242179039607038,-0.379999999999999,0.020000000000000018,-0.30892825381352296,0.9299999999999926,1.567283543203235
2012-01-12,0.006152810710702283,3.785707964173274e-05,0.35999999999999943,-0.07000000000000006,0.678381161175512,-1.3499999999999943,0.7946755492829638
2012-01-13,0.014882107330649319,0.0002214771186009662,-0.5800000000000018,0.010000000000000009,-0.7155247015519173,-1.8599999999999994,0.1955315917564704
2012-01-17,-0.1766559447720084,0.031207322823290886,0.4400000000000013,-0.050000000000000044,0.8138191334182032,-0.3400000000000034,1.7710160509905037
2012-01-18,-0.3164986143156412,0.10017137286372099,1.2899999999999991,-0.019999999999999796,-0.30748440567469615,2.010000000000005,1.270365799265516
2012-01-19,-0.15687918293547654,0.024611078038502713,-1.3099999999999987,0.04999999999999982,-0.7170284588918108,-0.09000000000000341,1.053341594135837
2012-01-20,-0.4355019345368305,0.1896619349853218,-1.0199999999999996,0.08999999999999986,-0.48504466163787896,-0.29000000000000625,2.9264814450362664
2012-01-23,0.2997387681563879,0.08984332913590885,-1.5899999999999999,0.040000000000000036,0.012469159414596476,-2.1699999999999875,-0.1152151032425941
2012-01-24,0.0,0.0,0.39000000000000057,0.040000000000000036,-0.662873751289883,1.3199999999999932,0.0
2012-01-25,-0.10770798422967687,0.011601009866820321,0.23999999999999844,-0.009999999999999787,0.21309712318942076,-0.6299999999999955,0.0
2012-01-26,0.0,0.0,-0.6000000000000014,-0.07000000000000028,-0.36379757237137156,0.39000000000000057,0.0
2012-01-27,0.0,0.0,0.26000000000000156,-0.04999999999999982,-0.20127825305360503,0.5300000000000011,0.0
2012-01-30,0.5784447706451701,0.3345983526867434,-0.03999999999999915,-0.030000000000000027,-0.6443103832363128,-0.29000000000000625,0.0
2012-01-31,0.24145725866855372,0.05830160776373286,0.8699999999999974,-0.05999999999999983,0.32899198052511736,-0.7199999999999989,3.150905834316209
2012-02-01,-0.19833655697958363,0.039337389834515624,0.0400000000000027,-0.040000000000000036,0.15147076278845262,-0.29000000000000625,0.7840539059353446
2012-02-02,0.030304591377472434,0.0009183682585555766,-0.8900000000000006,0.040000000000000036,-0.4551216671355718,-0.8299999999999983,0.6935196809323863
2012-02-03,-0.17340025137801973,0.030067647177960434,-0.5700000000000003,-0.010000000000000009,0.06333910142863886,-1.269999999999996,2.761825461026035
2012-02-06,-0.14330071714230286,0.020535095533498294,-0.879999999999999,0.10999999999999988,-0.037994780523220584,1.4399999999999977,0.03236447404866283
2012-02-07,-0.09564802259571792,0.009148544226470965,0.6600000000000001,-0.040000000000000036,0.18982970661944876,-0.9099999999999966,-0.5015794013488062
2012-02-08,0.18176509270251273,0.033038548925153045,-0.11000000000000298,0.07000000000000006,-0.6596454924656214,1.6599999999999966,0.3371589462810576
2012-02-09,-0.3254088808681388,0.10589093974785455,0.5100000000000016,0.009999999999999787,0.08905247739692257,0.25,2.084925202727117
2012-02-10,0.0,0.0,0.46999999999999886,0.03000000000000025,-0.10178351083265369,1.0799999999999983,0.45315089968767097
2012-02-13,-0.061196271261643176,0.0037449836163286144,2.16,-0.08000000000000007,0.6976663779284742,-1.1999999999999886,-1.5605221076570253
2012-02-14,-0.0826541491326438,0.006831708368841321,-1.75,0.030000000000000027,-0.2151195586465704,1.7099999999999937,-2.368452870942317
2012-02-15,-0.09601536983439019,0.009218951244434725,0.5,-0.07000000000000006,0.80747268456971,0.4299999999999926,1.1862416055599567
2012-02-16,-0.24044252988009163,0.05781261017513876,1.6000000000000014,0.010000000000000009,0.11302524015226467,1.0,-0.7145842585199347
2012-02-17,0.27321790041785476,0.0746480211087408,-1.9200000000000017,0.06000000000000005,-0.41507114802668,0.5100000000000051,-0.2267231926454727
2012-02-21,0.020828994034971515,0.00043384699250887895,-1.4399999999999977,0.019999999999999796,-0.01259785336165109,0.9399999999999977,1.6979440441497573
2012-02-22,0.03125162794326286,0.000976664249104128,0.41000000000000014,0.040000000000000036,-0.36623253727015026,2.6099999999999994,1.8693510535516822
2012-02-23,-0.0729052784466333,0.005315179625381135,0.0,-0.040000000000000036,0.21484768952584332,0.10999999999999943,1.8087600623873712
2012-02-24,0.0937451243071763,0.008788148331367936,-1.3900000000000006,-0.019999999999999796,-0.5062680530783403,1.4500000000000028,1.3012174572168966
2012-02-27,0.020844189757696086,0.0004344802466548424,0.509999999999998,-0.010000000000000009,-0.5853912060307387,1.9500000000000028,-0.1085776436745789
2012-02-28,-0.1265400281342366,0.01601237872021339,0.8800000000000026,-0.06000000000000005,0.2676683642378386,-0.9000000000000057,1.1692469797423222
2012-02-29,0.08485599251599751,0.007200539465875026,-0.23000000000000043,0.020000000000000018,-0.3698288041649178,-1.8999999999999915,-1.4554175765046473
2012-03-01,0.0521077600243558,0.002715218654755852,0.46999999999999886,0.040000000000000036,0.5859974907334475,0.4899999999999949,0.3357532768955451
2012-03-02,-0.11295126593200422,0.012757988475642338,-1.1699999999999982,0.04999999999999982,0.06348222127385839,1.6800000000000068,1.0122328352150767
2012-03-05,0.02959187796438556,0.0008756792414590877,0.029999999999997584,-0.039999999999999813,0.7839245423037156,-2.0799999999999983,2.6858856201847026
2012-03-06,-0.05360436457273465,0.00287342790124665,0.7600000000000016,0.010000000000000009,-0.10080876665128358,0.01999999999999602,3.9277581417962004
2012-03-07,0.024012486608349093,0.0005765995131161445,2.8200000000000003,-0.040000000000000036,0.6784809473649567,-1.990000000000009,-2.7068521781187904
2012-03-08,0.06084350590764842,0.0037019322111340484,-1.8000000000000007,0.020000000000000018,-0.18800723237406558,1.4500000000000028,-0.2204675703468162
2012-03-09,-0.03125162794326286,0.000976664249104128,-1.120000000000001,0.04999999999999982,-0.6923869957621065,0.4900000000000091,-2.8231365131947683
2012-03-12,-0.10164664270071455,0.010332039972326727,-0.8399999999999999,0.010000000000000231,1.1055354157422315,0.75,0.10419441302937926
2012-03-13,0.1537381165045204,0.02363540846635749,-1.4699999999999989,0.0,-0.21261738364524163,-1.0600000000000023,-0.9510261999123415
2012-03-14,0.0,0.0,-0.8399999999999999,0.10000000000000009,0.39985019467545513,0.35999999999999943,0.3195673402240473
2012-03-15,-0.052091473803805854,0.0027135216430525916,0.5099999999999998,0.1499999999999999,0.4603368840658817,-1.210000000000008,1.0356304550680484
2012-03-16,-0.14971201252773625,0.022413686695105055,0.10999999999999943,0.0,-0.5102320011514117,-0.29999999999999716,1.8248556549098183
2012-03-19,0.17054534593636816,0.02908571502055549,-0.9499999999999993,0.020000000000000018,-0.46270669169583556,1.8400000000000034,-0.7565037157674759
2012-03-20,-0.020833333408631916,0.0004340277809152187,0.5699999999999985,0.08000000000000007,-0.41449766047181313,1.0600000000000023,-0.10267058477273494
2012-03-21,0.19809212545567334,0.03924049016754622,0.5400000000000009,-0.010000000000000231,0.1760556233901589,-2.4099999999999966,0.5054885757762584
2012-03-22,-0.20367728142254293,0.04148443496767775,-0.4499999999999993,-0.06999999999999984,0.05024609719752604,1.1899999999999977,1.2369523219991407
2012-03-23,0.14391942997455942,0.020712802324202112,0.4399999999999995,-0.020000000000000018,0.13804433857078635,-1.8900000000000006,-0.022435609893989295
2012-03-26,0.19552101782842612,0.038228468412663724,-0.75,-0.040000000000000036,-0.5028946234241438,1.4500000000000028,1.8738670266479573
2012-03-27,-0.1566334575967332,0.024534040038707617,-0.5600000000000005,0.009999999999999787,-0.5180981342297386,0.6399999999999864,1.129906038681927
2012-03-28,-0.18280699020625235,0.03341839566826884,1.33,-0.05999999999999961,0.13926774359793725,0.25,-2.947693475708668
2012-03-29,-0.14412685656086666,0.020772550782116633,-0.11999999999999922,0.009999999999999787,0.15171019737820757,-1.9199999999999875,0.08966198036350903
2012-03-30,0.0961076479550016,0.009236679995442523,0.009999999999999787,-0.029999999999999805,0.025257853570437305,-2.6099999999999994,-1.5102719478259807
2012-04-02,0.14738856360008157,0.02172338868009529,0.019999999999999574,0.04999999999999982,-0.3162357945465821,0.23999999999999488,0.3179436284971082
2012-04-03,-0.09936935499421651,0.009874268711966621,0.14000000000000057,-0.009999999999999787,-0.1394619691669874,2.219999999999999,0.0
2012-04-04,0.03683678391013245,0.0013569486488417932,0.019999999999999574,0.07999999999999963,0.8338692024769223,-1.230000000000004,1.0690223592381365
2012-04-05,-0.1809636404709991,0.03274783917251703,0.7800000000000011,-0.04999999999999982,0.35166925169924923,-2.489999999999995,-1.3551260966316647
2012-04-09,0.1809636404709991,0.03274783917251703,0.259999999999998,-0.06000000000000005,0.3879095836366808,1.7600000000000051,1.1665103451932168
2012-04-10,-0.1809636404709991,0.03274783917251703,2.1099999999999994,-0.1299999999999999,-0.42552796550072713,-0.8400000000000034,1.2951524183423935
2012-04-11,0.0,0.0,1.5800000000000018,-0.050000000000000266,0.2004712235878614,-1.3299999999999983,0.02661993405101981
2012-04-12,0.2018034863315421,0.0407246470955649,-0.370000000000001,0.040000000000000036,-0.13778496776577498,1.539999999999992,1.734891082015455
2012-04-13,-0.07292046783877737,0.005317394629826165,-2.8200000000000003,0.03000000000000025,-0.6286956552026268,1.0300000000000011,1.4112788345827632
2012-04-16,0.0,0.0,2.3500000000000014,-0.06000000000000005,0.7539599539395425,-0.8499999999999943,-0.5906589851136346
2012-04-17,0.0,0.0,0.0,-0.020000000000000018,-0.4139681017204744,0.0799999999999983,1.2333897948585637
2012-04-18,0.0,0.0,-1.0899999999999999,0.029999999999999805,-0.10061858339174279,1.3100000000000023,0.9733367672829729
2012-04-19,0.0,0.0,0.17999999999999972,-0.029999999999999805,0.07546863074390231,-1.5799999999999983,-0.14391536875475452
2012-04-20,-0.03277537053776314,0.0010742249138876718,-0.28000000000000114,-0.020000000000000018,0.03771296793377843,-0.27000000000001023,-1.0817361987115248
2012-04-23,0.10569583837654051,0.011171610250119772,-0.9199999999999982,0.010000000000000009,-0.4787677767230214,1.2000000000000028,-0.2915954038698487
2012-04-24,-0.2018034863315421,0.0407246470955649,1.5299999999999976,-0.030000000000000027,0.30264571155829145,-0.8999999999999915,-0.11816649958609204
2012-04-25,0.2747771669220356,0.0755024914617002,-0.8699999999999974,0.040000000000000036,-0.25213950449725075,0.4199999999999875,0.103134879471245
2012-04-26,-0.0826541491326438,0.006831708368841321,-1.2800000000000011,0.009999999999999787,-0.265435383068624,0.6200000000000045,1.538623031080455
2012-04-27,0.13481082897772723,0.01817395960966202,-0.5800000000000018,-0.029999999999999805,-0.12664448304837705,0.8400000000000034,-0.5641105852927986
2012-04-30,0.0,0.0,0.08000000000000185,-0.020000000000000018,-0.2664892295371146,0.29999999999999716,0.7542568438846153
2012-05-01,0.0,0.0,0.8299999999999983,-0.010000000000000009,0.11429802311822002,0.030000000000001137,0.0
2012-05-02,-0.13481082897772723,0.01817395960966202,-0.5499999999999972,0.030000000000000027,0.08880393117269847,1.2800000000000011,0.0
2012-05-03,0.09308330907327189,0.008664502428030262,0.2799999999999976,-0.020000000000000018,0.3417898722191559,-0.9200000000000017,-0.27688845987769994
2012-05-04,0.323844628809411,0.1048753436087052,0.6799999999999997,0.0,0.1136772691440413,-2.6899999999999977,-0.777684900281006
2012-05-07,-0.2612468176886651,0.06824989975245462,1.6000000000000014,-0.050000000000000044,0.31507997098429996,-4.070000000000007,1.5913659004663572
2012-05-08,-0.251696490028408,0.06335112309262049,-0.21999999999999886,0.010000000000000009,0.16344663683636185,-0.6299999999999955,2.0756383369056053
2012-05-09,0.199528926635395,0.03981179256427284,0.10999999999999943,-0.040000000000000036,0.1631894937168532,-0.730000000000004,0.3612557552666651
2012-05-10,0.3134143810816781,0.09822857426881132,1.0299999999999976,-0.009999999999999787,0.43801892541104337,-0.3299999999999983,-0.09224241960206214
2012-05-11,-0.3864032795828365,0.1493074944723717,-1.25,0.019999999999999796,0.03745399736603261,0.29999999999999716,-0.3183767542608962
2012-05-14,0.07298889850115842,0.005327379304412405,1.0600000000000023,-0.04999999999999982,0.2119810876624051,-1.0699999999999932,-1.235823091366406
2012-05-15,-0.02085940766836103,0.00043511488827487895,1.9800000000000004,-0.06000000000000005,0.39781218585144273,-1.2800000000000011,-2.192151291580924
2012-05-16,-0.05866470437325688,0.0034415475392016253,0.09999999999999787,-0.020000000000000018,0.7662906706657147,-0.7800000000000011,-3.034793167894989
2012-05-17,-0.1200048145937771,0.014401155525686818,0.3000000000000007,0.0,0.18451511750603444,-1.1899999999999977,-1.2677408180437943
2012-05-18,-0.0480422781279799,0.0023080604877261757,2.219999999999999,-0.06000000000000005,0.01228203606569167,-0.25,-1.642632369397834
2012-05-21,0.0480422781279799,0.0023080604877261757,0.610000000000003,0.010000000000000009,-0.11064898024910619,-1.019999999999996,-1.7390157114170357
2012-05-22,0.1200048145937771,0.014401155525686818,-3.09,0.040000000000000036,-0.2586674853857218,1.059999999999988,2.9606792322115716
2012-05-23,0.02738374900630447,0.000749869709640281,0.46999999999999886,0.040000000000000036,0.7250370782912796,-1.1299999999999955,-0.017857940134025085
2012-05-24,0.05214036303531344,0.00271861745745428,-0.15000000000000213,-0.06000000000000005,0.5129446799245763,-2.039999999999992,-2.5298345860158555
2012-05-25,-0.10351355680100482,0.010715056441594852,-0.7899999999999991,0.040000000000000036,0.2433442993975632,0.9599999999999937,-2.276430696840226
2012-05-29,-0.047996161228525125,0.002303631492674578,0.22000000000000242,-0.020000000000000018,0.13358506901308687,0.28000000000000114,2.42057404144127
2012-05-30,0.14391942997455942,0.020712802324202112,-0.7300000000000004,-0.010000000000000009,0.048533020322505394,0.10999999999999943,-1.3673931431204878
2012-05-31,-0.19193863858042448,0.03684044098010681,3.1099999999999994,-0.1100000000000001,0.6890322564961693,-2.9599999999999937,0.8998883957719528
2012-06-01,0.2308261988121174,0.05328073405805115,-0.08000000000000185,-0.039999999999999813,0.03613222411553707,-1.2700000000000102,-1.4204324230147947
2012-06-04,0.1526833795821858,0.023312214400637833,2.6000000000000014,-0.1200000000000001,-0.18080102026729605,-3.3499999999999943,-0.09324009999511773
2012-06-05,0.2550750399560542,0.06506327600858264,-0.5399999999999991,0.06000000000000005,-0.4110212905307442,0.7800000000000011,-2.8744068928376443
2012-06-06,0.1269693597825139,0.016121218323581456,-1.4400000000000013,0.040000000000000036,0.30238909134565617,0.35999999999999943,1.043379766403696
2012-06-07,0.12478782763309937,0.015572001925388119,-2.5199999999999996,0.08999999999999986,-0.581401042958607,0.7399999999999949,1.2674081926776992
2012-06-08,-0.3156275802091102,0.09962076938865828,-0.4400000000000013,0.0,-0.32852330886266046,-0.269999999999996,1.8634368193560569
2012-06-11,0.24213290526464704,0.058628343811898534,-0.48999999999999844,-0.010000000000000009,0.5590669276837268,-0.7000000000000028,-0.348203416465509
2012-06-12,-0.624908492241083,0.3905106236750237,2.3299999999999983,-0.04999999999999982,0.0,-1.5,-0.09244280760007939
2012-06-13,0.28721896240959666,0.08249473236764529,-1.4699999999999989,0.06999999999999984,-0.12126907938432296,0.769999999999996,-1.0085368872124967
2012-06-14,0.0,0.0,2.1799999999999997,-0.05999999999999983,-0.4377978482994038,-0.789999999999992,-0.12853922799997974
2012-06-15,0.20134255816053326,0.04053882572662772,-2.59,0.029999999999999805,-0.1829845239955219,1.269999999999996,-0.5463789694928778
2012-06-18,-0.20134255816053326,0.04053882572662772,-0.5700000000000003,-0.039999999999999813,-0.3792348933608025,0.20000000000000284,1.8197783073329532
2012-06-19,0.14330071714230286,0.020535095533498294,-2.789999999999999,-0.010000000000000009,0.42806413573570623,-0.769999999999996,0.5755875355943907
2012-06-20,-0.03624343127484053,0.0013135863105740888,0.05999999999999872,0.04999999999999982,-0.6980613450973117,0.7299999999999898,-1.0407746225522985
2012-06-21,-0.09419645889856554,0.008872972869029147,-1.1400000000000006,0.010000000000000009,0.14735986546954294,-2.9299999999999926,0.4189966429393621
2012-06-22,-0.30007978937849344,0.090047879993441,2.84,-0.020000000000000018,1.0133800701110474,-3.1500000000000057,-0.40507908127374037
2012-06-25,0.3210046691366486,0.10304399760752923,-1.9699999999999989,0.06000000000000005,-0.12154915020827772,1.4200000000000017,-0.9250802884274378
2012-06-26,0.0,0.0,2.2699999999999996,-0.06000000000000005,0.29147198595467216,-0.5699999999999932,-0.7165626403415892
2012-06-27,-0.16727656801727164,0.027981450207636906,-0.6600000000000001,0.030000000000000027,-0.10919898784669257,0.5799999999999983,-1.169215629713083
2012-06-28,0.03784283869450178,0.001432080440458081,-0.2699999999999996,-0.010000000000000009,0.23039458643525634,0.9299999999999926,-0.2747156034163645
2012-06-29,-0.09573959563269341,0.009166070171911646,0.26000000000000156,-0.04999999999999982,0.13314849536669726,-2.549999999999997,0.02870126783633964
2012-07-02,-0.047904192532932655,0.0022948116622322806,-2.6300000000000026,0.06999999999999984,-1.2414919011102477,7.320000000000007,1.0017572737879732
2012-07-03,0.0,0.0,-0.2799999999999976,-0.05999999999999983,0.26908188319252346,-1.3200000000000074,-0.7295052965829107
2012-07-05,-0.047927151648252675,0.002297011865114609,-0.14000000000000057,0.039999999999999813,-0.10999569266196829,4.019999999999996,-1.4921167280746772
2012-07-06,-0.047950132781693355,0.0022992152337820235,0.8399999999999999,-0.029999999999999805,1.2516097553761263,-0.6299999999999955,0.1789774579249226
2012-07-09,0.1285826320458483,0.016533493263838014,-0.3999999999999986,-0.050000000000000044,0.5779707375706877,-2.739999999999995,0.38829380608440545
2012-07-10,0.03132014432853936,0.000980951440760536,0.879999999999999,-0.040000000000000036,-0.15619979125727212,1.5600000000000023,-1.7776950728959129
2012-07-11,-0.15990277637438766,0.025568897892237426,0.7399999999999984,0.0,0.2402078300211663,-2.010000000000005,-0.6711682088999638
2012-07-12,0.10770798422967687,0.011601009866820321,-0.7699999999999996,0.010000000000000009,0.2516015034673913,1.9599999999999937,0.46513428759755726
2012-07-13,-0.05216756339301298,0.0027214546703640285,0.379999999999999,-0.040000000000000036,0.09568453124568777,0.14000000000000057,0.35294154284626345
2012-07-16,0.0,0.0,-1.5899999999999999,0.020000000000000018,-0.4192859865518983,1.1300000000000097,2.000793399536782
2012-07-17,-0.041714465095310516,0.0017400965981878794,0.370000000000001,-0.020000000000000018,-0.2524272205663536,1.259999999999991,-0.7220595538266039
2012-07-18,0.020855057426949486,0.0004349334202813609,-0.629999999999999,0.030000000000000027,-0.07223400308937755,0.6599999999999966,0.8586634119593484
2012-07-19,-0.07297368059049347,0.0053251580589233636,-0.3200000000000003,-0.010000000000000009,-0.09639937258629772,0.8100000000000023,0.3060812069428209
2012-07-20,0.020844189757696086,0.0004344802466548424,-0.7100000000000009,0.020000000000000018,-0.060289929861490066,2.9000000000000057,2.2545542474330382
2012-07-23,-0.07852081952837153,0.006165519099407092,0.8200000000000003,-0.050000000000000044,0.685221993958951,-1.2199999999999989,-0.9169320267026215
2012-07-24,0.14391942997455942,0.020712802324202112,2.3500000000000014,-0.020000000000000018,0.287113324797339,-3.7900000000000063,-0.5859714803193583
2012-07-25,0.13283819086993276,0.017645984953596688,1.8499999999999979,-0.030000000000000027,0.35774310699716594,0.5100000000000051,-1.5186175659830603
2012-07-26,-0.02088554727723846,0.0004362060850697628,-1.129999999999999,-0.010000000000000009,-0.5849780863885989,0.519999999999996,-0.65657898749647
2012-07-27,0.0,0.0,-1.8099999999999987,0.020000000000000018,-0.8537286377571007,0.6000000000000085,0.4566824817390902
2012-07-30,-0.05219479214471079,0.002724296327029563,-0.8300000000000018,0.13000000000000012,-0.12082949288965139,0.7299999999999898,-0.3961549216939808
2012-07-31,-0.10770798422967687,0.011601009866820321,1.3300000000000018,-0.050000000000000044,0.09667895744538413,-0.3299999999999983,0.44435930922652744
2012-08-01,-0.04797313596434094,0.002301421774253142,0.8999999999999986,-0.020000000000000018,-0.18134747834279707,-1.7199999999999989,-0.12537977241651177
2012-08-02,0.13481082897772723,0.01817395960966202,0.030000000000001137,0.050000000000000044,0.5069391383606181,0.9099999999999966,-0.466731195618042
2012-08-03,0.0,0.0,-1.3900000000000006,-0.050000000000000044,0.3245441558328288,-1.769999999999996,0.8568205438542975
2012-08-06,-0.08683769301338629,0.007540784927887117,-1.9299999999999997,0.09000000000000008,-1.1465994700114557,4.180000000000007,0.505808272357644
2012-08-07,0.08683769301338629,0.007540784927887117,0.3099999999999987,-0.010000000000000009,-0.13361752905582946,0.8999999999999915,1.1766659406101887
2012-08-08,0.0,0.0,0.040000000000000924,0.06999999999999984,-0.0729542349382939,1.3800000000000097,-0.15609113213450598
2012-08-09,-0.0312972721767224,0.0009795192457038421,-0.6699999999999999,0.020000000000000018,0.21871248918259312,-0.29000000000000625,0.25293428923145456
2012-08-10,0.0312972721767224,0.0009795192457038421,-0.040000000000000924,0.010000000000000009,0.302975450629539,0.0,0.8018384034635062
2012-08-13,-0.326933846767119,0.10688574016194605,-0.5399999999999991,-0.040000000000000036,-0.10896100909807416,-0.45000000000000284,-0.33312250760131334
2012-08-14,0.734692266305359,0.5397727261689046,-1.040000000000001,0.0,-0.1333421698136661,-0.1799999999999926,0.1432379050392285
2012-08-15,-0.5905654097444923,0.34876750318668015,1.1500000000000004,0.08000000000000007,0.04850947720758114,0.6400000000000006,0.7713562624987347
2012-08-16,0.0,0.0,-0.21999999999999886,0.07000000000000006,0.2058962320293567,0.9499999999999886,0.30224146508501804
2012-08-17,0.18280699020625235,0.03341839566826884,-0.34000000000000163,0.030000000000000027,-0.35149531586027294,1.3100000000000023,0.0139275766241731
2012-08-20,-0.2308261988121174,0.05328073405805115,-0.8399999999999999,-0.020000000000000018,0.2909772483456585,0.3400000000000034,0.6062868574012725
2012-08-21,0.1369637525403533,0.01875906950993514,0.5700000000000003,0.010000000000000009,-0.16963458777521367,0.030000000000001137,0.8797272865108674
2012-08-22,-0.1369637525403533,0.01875906950993514,1.0,-0.020000000000000018,-0.6692187939618677,0.519999999999996,-4.787126705553124
2012-08-23,0.19193863858042448,0.03684044098010681,0.08999999999999986,-0.09000000000000008,-0.5140841118955741,0.3400000000000034,-1.5984477104113992
2012-08-24,-0.14391942997455942,0.020712802324202112,0.8500000000000014,-0.030000000000000027,-0.15965278753276024,-1.019999999999996,-4.336648633905771
2012-08-27,0.047996161228525125,0.002303631492674578,-0.7800000000000011,0.0,0.28229013142482273,-0.09000000000000341,1.7412810312533722
2012-08-28,0.17655576801018924,0.03117193921766776,1.1700000000000017,-0.030000000000000027,0.08576701808298282,-0.23999999999999488,-3.4434825653936407
2012-08-29,-0.041744939032462014,0.0017426399348239707,0.13999999999999702,-0.010000000000000009,-0.35576422744458824,0.7599999999999909,-0.10622175435583969
2012-08-30,-0.0312972721767224,0.0009795192457038421,0.5700000000000003,0.020000000000000018,0.22096780261451343,-0.7999999999999972,1.8695013175745956
2012-08-31,-0.0938330882588545,0.008804648452193978,0.7699999999999996,-0.030000000000000027,0.15928111037020187,-0.8900000000000006,1.0603533444985658
2012-09-04,-0.03367566961713919,0.0011340507241627117,-0.35999999999999943,-0.05999999999999983,-0.5278356382800276,1.8599999999999994,-0.31010903871768747
2012-09-05,0.1275087578759937,0.016258483335078785,0.5100000000000016,0.020000000000000018,0.08611637975226571,-1.1299999999999955,1.5186358765633123
2012-09-06,-0.02085940766836103,0.00043511488827487895,-0.240000000000002,0.010000000000000009,-0.09842745904888872,0.030000000000001137,-0.7890178261614977
2012-09-07,-0.020855057426949486,0.0004349334202813609,-2.139999999999999,0.07999999999999985,-0.19713662497720108,0.20999999999999375,-1.390857048133931
2012-09-10,0.07301173727203292,0.00533071377948036,-1.2199999999999989,-0.010000000000000009,-1.028958215698328,0.8299999999999983,1.036776595832567
2012-09-11,-0.18280699020625235,0.03341839566826884,1.9000000000000004,0.010000000000000009,0.13697855318248742,0.10999999999999943,-2.1949278273453388
2012-09-12,0.07852081952837153,0.006165519099407092,0.129999999999999,0.020000000000000018,-0.624143826410517,0.5100000000000051,-0.5828514243654048
2012-09-13,-0.030524658299846408,0.0009317547643223822,-0.6099999999999994,0.07000000000000006,-0.15037941145843448,-0.010000000000005116,0.4464696372110666
2012-09-14,0.13481082897772723,0.01817395960966202,-1.75,-0.020000000000000018,-0.603770044878349,1.2800000000000011,0.7720857633151113
2012-09-17,-0.05215667984508343,0.0027203192524625323,0.4599999999999991,0.1299999999999999,-0.5186320657096566,0.6400000000000006,1.9007696765627635
2012-09-18,-0.17866951896703398,0.03192279700791131,0.08000000000000007,-0.029999999999999805,0.20271597147312193,-2.4299999999999926,0.7194455353186413
2012-09-19,0.14398850579873113,0.020732689802151226,-0.41000000000000014,-0.030000000000000027,0.30329589852788885,-1.2600000000000051,-1.8185516110502675
2012-09-20,0.15990277637438766,0.025568897892237426,-0.29999999999999893,-0.030000000000000027,-0.24003857692749264,-3.280000000000001,0.010138645992530115
2012-09-21,-0.2078759123387286,0.04321239493065877,0.1899999999999995,0.010000000000000009,0.4417324035479453,0.1700000000000017,-1.3446995931832184
2012-09-24,0.1556811201940178,0.02423661118486422,-0.08999999999999986,-0.030000000000000027,-0.1007960628192528,0.5,1.5801337993719855
2012-09-25,-0.10430792642832643,0.010880143515777159,0.16999999999999993,-0.030000000000000027,0.23921297379558837,-0.9599999999999937,-1.3005209704961551
2012-09-26,0.12518257424449786,0.015670676894479218,1.2799999999999994,-0.040000000000000036,0.03772730131998969,-0.6100000000000136,0.3579925576454812
2012-09-27,0.052205691605777815,0.00272543423603758,1.379999999999999,-0.06000000000000005,0.42648877074933367,-1.1499999999999915,0.8514583331944436
2012-09-28,-0.060956074440632335,0.0037156430112119106,-1.9699999999999989,0.020000000000000018,-0.42648877074933367,1.9699999999999989,-0.451513843186202
2012-10-01,-0.04791566934034819,0.0022959113683335836,0.8900000000000006,-0.010000000000000009,0.4890590677102402,0.29000000000000625,-0.1959512530391727
2012-10-02,0.10887174378098052,0.011853056593911471,0.5899999999999999,-0.010000000000000009,-0.15022880263728666,0.2599999999999909,-1.545363950363221
2012-10-03,-0.08491103922168008,0.007209884581705694,-0.6099999999999994,0.0,-0.1002780634027367,-0.5600000000000023,-0.5785686874864915
2012-10-04,0.10580094947112428,0.011193840908991394,-0.28000000000000114,0.0,0.2880264445050962,-3.6899999999999977,0.27283728549196695
2012-10-05,-0.0208899102494442,0.0004363883502298338,-0.879999999999999,0.06000000000000005,-0.7783151865621285,3.5,-0.2234115336696263
2012-10-08,-0.13283819086993276,0.017645984953596688,-0.22000000000000064,0.050000000000000044,-0.012605881367111493,-1.8199999999999932,0.9447829345843317
2012-10-09,0.05975785144798351,0.003571000809679265,0.7799999999999994,0.0,0.2517682360801743,-0.4399999999999977,1.3536369225306544
2012-10-10,-0.20367728142254293,0.04148443496767775,1.2600000000000016,-0.010000000000000009,0.5141349819312246,2.989999999999995,0.05589999129202994
2012-10-11,0.15150971802952995,0.022955194657387674,-0.08000000000000185,-0.020000000000000018,-0.03752896799298355,-1.1800000000000068,0.2511639847367242
2012-10-12,-0.07298889850115842,0.005327379304412405,-0.6999999999999993,-0.020000000000000018,-0.17532802528092972,0.9500000000000028,-0.11916081780158905
2012-10-15,0.0312744334058479,0.0009780901848568152,0.5500000000000007,-0.010000000000000009,-0.11286931304432812,-0.35999999999999943,-0.41945837053303237
2012-10-16,0.0,0.0,-0.870000000000001,0.010000000000000009,0.06271771173098628,0.010000000000005116,-0.24996824647036675
2012-10-17,0.0,0.0,-0.049999999999998934,0.050000000000000044,-0.46508174556887383,0.22999999999998977,1.9373882989507152
2012-10-18,-0.1578144615400845,0.024905404271186808,-0.15000000000000036,0.08000000000000007,-0.4419555206403025,-0.029999999999986926,-0.5525986130713534
2012-10-19,0.0,0.0,-0.040000000000000924,0.030000000000000027,0.4419555206403025,-0.04000000000000625,0.3745934766280712
2012-10-22,0.04801920860586506,0.002305844395133585,2.0299999999999994,-0.07000000000000006,0.33959738245421534,-2.0,-0.07028642004343055
2012-10-23,0.0,0.0,-0.4399999999999977,0.040000000000000036,0.012558398124351555,-1.7000000000000028,-0.3093447130678939
2012-10-24,-0.024006721997515967,0.0005763227010660171,2.2099999999999973,-0.040000000000000036,0.41345898774771683,-1.6499999999999915,0.17868157916769434
2012-10-25,0.0,0.0,-0.5,0.010000000000000009,-0.012506578252313716,-1.2600000000000051,-0.5698739513441353
2012-10-26,-0.024012486608349093,0.0005765995131161445,-0.2099999999999973,0.06000000000000005,0.08749415455939769,0.20000000000000284,-1.4082767088530623
2012-10-31,0.1578144615400845,0.024905404271186808,-0.3100000000000023,-0.08000000000000007,0.03747271192748869,0.25,0.4554650794889703
2012-11-01,-0.08579429278068318,0.0073606606737375855,0.7900000000000027,-0.06000000000000005,-0.187513684397711,0.39000000000000057,-0.8409012274480432
2012-11-02,0.08579429278068318,0.0073606606737375855,-1.9100000000000001,0.030000000000000027,0.16253661366656402,0.8199999999999932,-0.12107630573465755
2012-11-05,0.0,0.0,0.8999999999999986,0.0,0.6723049329312225,-2.1499999999999915,-3.3257346280730182
2012-11-06,-0.10979525293421943,0.012054997566889221,0.8300000000000018,-0.030000000000000027,0.1983435207584705,0.7399999999999949,0.5341992425353936
2012-11-07,0.047996161228525125,0.002303631492674578,-0.8400000000000034,0.06000000000000005,-0.1735243235595263,2.980000000000004,-0.0848558826871404
2012-11-08,-0.09601536983439019,0.009218951244434725,1.5,-0.10000000000000009,0.1859101029056731,-4.1200000000000045,1.04243208268473
2012-11-09,0.10569583837654051,0.011171610250119772,-0.5899999999999999,-0.05999999999999983,0.03713869275765447,0.5699999999999932,1.226368925183241
2012-11-12,0.04169272522354106,0.001738283336565697,0.120000000000001,-0.010000000000000009,0.2966234584000915,1.0100000000000051,0.2874495382170217
2012-11-13,-0.14738856360008157,0.02172338868009529,-1.9299999999999997,0.0,0.012342982985114048,-0.519999999999996,0.492694430432028
2012-11-14,0.1578144615400845,0.024905404271186808,-0.030000000000001137,-0.020000000000000018,0.04934729294525653,-0.18000000000000682,-0.8787402766804675
2012-11-15,-0.010425897940002926,0.00010869934785535725,1.2700000000000031,0.0,-0.024675308545418773,0.9399999999999977,0.6443037827194686
2012-11-16,-0.24349621155508316,0.05929040504167782,0.06999999999999673,-0.010000000000000009,0.024675308545418773,-0.8699999999999903,-0.20655296388616406
2012-11-19,0.2956365745903966,0.08740098423554314,-1.5799999999999983,0.0,0.22175726813040697,1.1700000000000017,-0.3106316080142335
2012-11-20,-0.041714465095310516,0.0017400965981878794,-1.17,0.030000000000000027,-0.48109557777538114,2.4299999999999926,-0.6215642288705858
2012-11-21,-0.1338019749317354,0.01790296849563275,-0.16000000000000014,0.04999999999999982,0.11122331601054469,-2.5900000000000034,0.46328913453024256
2012-11-23,0.20681371220376832,0.04277191155550311,0.23000000000000043,0.030000000000000027,-0.03706069522921851,0.6200000000000045,-0.31990872179701313
2012-11-26,-0.13481082897772723,0.01817395960966202,-0.16999999999999993,0.010000000000000009,-0.9185738014264366,-0.06999999999999318,-0.5642795609610118
2012-11-27,0.0,0.0,0.35999999999999943,-0.040000000000000036,0.07479127459175672,0.269999999999996,-1.0031547637840532
2012-11-28,0.06179909170569431,0.003819127735648815,0.41999999999999993,-0.020000000000000018,0.18674331533885535,-0.46999999999999886,-0.26762426710069676
2012-11-29,0.020855057426949486,0.0004349334202813609,-0.41000000000000014,-0.010000000000000009,-0.0746611815019449,-0.710000000000008,-0.29228909580032436
2012-11-30,-0.020855057426949486,0.0004349334202813609,-0.4499999999999993,-0.009999999999999787,-0.17441065278687162,1.5400000000000063,0.6392679497924547
2012-12-03,-0.1338019749317354,0.01790296849563275,0.8099999999999987,0.0,-0.062357872727325514,0.9000000000000057,-0.10052644956504153
2012-12-04,0.1338019749317354,0.01790296849563275,0.7700000000000014,0.009999999999999787,-0.33744239295891987,0.14999999999999147,0.38304607719501504
2012-12-05,-0.10979525293421943,0.012054997566889221,0.4800000000000004,-0.009999999999999787,-0.300900263164916,-0.6499999999999915,0.7434001952197455
2012-12-06,0.0,0.0,-0.6600000000000001,-0.020000000000000018,0.1630980308266139,-0.6800000000000068,0.9351583539038977
2012-12-07,0.05767662977067545,0.0033265936217035654,0.11999999999999744,-0.010000000000000009,0.612393961476787,-1.8900000000000006,0.0
2012-12-10,0.0,0.0,-0.6799999999999979,0.04999999999999982,0.19914872453314914,-0.01999999999999602,-0.49123544182938517
2012-12-11,0.07297368059049347,0.0053251580589233636,0.15000000000000036,-0.010000000000000009,-0.11197057206002725,-0.3100000000000023,0.7501754865611332
2012-12-12,-0.20268777295537888,0.041082333305611216,-0.4800000000000004,0.030000000000000027,-0.3366849910158898,0.21999999999999886,0.6906709928566457
2012-12-13,0.0,0.0,0.379999999999999,0.06000000000000005,-0.21256422156685773,0.9899999999999949,0.43820942696930487
2012-12-14,0.0,0.0,0.6099999999999994,0.020000000000000018,0.050057460191421654,-0.9599999999999937,0.028123282428094143
2012-12-17,0.1297140923648854,0.01682574575804602,0.4400000000000013,-0.020000000000000018,-0.41371817749613626,0.9299999999999926,0.2604035170755026
2012-12-18,-0.1297140923648854,0.01682574575804602,-0.6600000000000001,0.06000000000000005,-0.037694012687339296,0.39000000000000057,0.3613971153227702
2012-12-19,0.09603842274774621,0.009223378643874817,-0.7699999999999996,0.06000000000000005,-0.2642662886591651,0.75,-0.06098955742910306
2012-12-20,0.1275087578759937,0.016258483335078785,1.7899999999999991,-0.020000000000000018,-0.13870579101489255,1.6300000000000097,1.313183344522173
2012-12-21,-0.15150971802952995,0.022955194657387674,0.3100000000000023,-0.010000000000000009,0.01262019570864581,0.6700000000000017,0.2730907280548145
2012-12-24,0.10979525293421943,0.012054997566889221,0.16999999999999815,-0.040000000000000036,0.45317373538260597,-1.5600000000000023,-0.7282256022587141
2012-12-26,-0.0312744334058479,0.0009780901848568152,0.0,0.020000000000000018,0.025111946381084493,0.09000000000000341,0.7357313253761433
2012-12-27,-0.13614663748882094,0.018535906899512424,1.6400000000000006,-0.020000000000000018,-0.025111946381084493,2.4199999999999875,1.5860150523865357
2012-12-28,-0.014411644633760545,0.00020769550104979913,-0.010000000000001563,-0.030000000000000027,0.0,0.20000000000000284,0.9484551597284785
2012-12-31,0.1297140923648854,0.01682574575804602,3.25,-0.010000000000000009,0.07532650380568384,-0.25,0.9129600864818954
2013-01-02,-0.1297140923648854,0.01682574575804602,-4.699999999999999,0.050000000000000044,0.11288347340201454,1.1700000000000017,0.0
2013-01-03,0.1297140923648854,0.01682574575804602,-3.34,0.08000000000000007,0.1002403711325428,1.3100000000000023,1.1104815587251515
2013-01-04,0.010421551778527771,0.00010860874147253535,-0.11999999999999922,0.05999999999999983,0.7237389158575525,-0.1700000000000017,0.2196701057650685
2013-01-07,-0.14013564414341317,0.01963799875948933,-0.7300000000000004,0.010000000000000009,0.08699397142368781,0.15000000000000568,1.6065077622799073
2013-01-08,0.0,0.0,-0.040000000000000924,-0.010000000000000009,-0.29857929693699603,0.0799999999999983,1.890204489556524
2013-01-09,0.1297140923648854,0.01682574575804602,-0.16999999999999993,-0.030000000000000027,0.11206817379703082,0.009999999999990905,2.943424608450229
2013-01-10,-0.1297140923648854,0.01682574575804602,0.19000000000000128,-0.010000000000000009,0.2610144911748158,-0.12999999999999545,0.35940346523544164
2013-01-11,-0.0720893939666567,0.00519688072247984,-0.3200000000000003,0.030000000000000027,-1.023090294160589,0.730000000000004,2.497681797333051
2013-01-14,0.19692136715807607,0.0387780248434058,-0.13000000000000078,-0.020000000000000018,-0.2259891863842789,-0.21000000000000796,0.5569958375822637
2013-01-15,0.015303670951993809,0.0002342023446068991,0.16000000000000014,0.0,-0.08802225886004322,0.6700000000000017,-0.8072434956234886
2013-01-16,0.010422637979168314,0.00010863138244480176,0.030000000000001137,-0.029999999999999805,0.36416304655766396,-1.009999999999991,0.5323842690065028
2013-01-17,-0.1265400281342366,0.01601237872021339,-0.13000000000000078,-0.020000000000000018,0.025071152194744428,1.019999999999996,0.8266204384897335
2013-01-18,0.0,0.0,0.15000000000000036,0.04999999999999982,-0.1881487184983932,1.2099999999999937,-1.8416806688912324
2013-01-22,0.1265400281342366,0.01601237872021339,-1.1099999999999994,-0.019999999999999796,0.5009422052511425,0.12000000000000455,-0.5708529970976706
2013-01-23,-0.1265400281342366,0.01601237872021339,-0.030000000000001137,-0.010000000000000009,-0.22511302484158335,0.480000000000004,-2.521844660687922
2013-01-24,0.0,0.0,0.030000000000001137,0.0,0.06257641117501933,-1.0300000000000011,0.11735236389993631
2013-01-25,0.10569583837654051,0.011171610250119772,0.22999999999999865,0.019999999999999796,0.03752896799298355,0.28999999999999204,2.016210834737464
2013-01-28,0.0,0.0,0.20000000000000107,0.10000000000000009,-0.25046594441793246,-0.19999999999998863,3.409384087923506
2013-01-29,-0.05767662977067545,0.0033265936217035654,0.6799999999999997,0.020000000000000018,0.03760895114401919,0.7999999999999972,2.4291838032158175
2013-01-30,-0.1200912837976631,0.014421916444170858,-0.2599999999999998,0.029999999999999805,-0.27614078769762074,1.6700000000000017,0.9153144506858446
2013-01-31,0.17776791356833854,0.03160143109444028,1.0099999999999998,0.0,-0.3525548675050061,0.35999999999999943,0.738982994689863
2013-02-01,-0.17776791356833854,0.03160143109444028,-0.040000000000000924,-0.009999999999999787,-0.08833327064081686,-0.3299999999999983,-1.6146889436226886
2013-02-04,0.04805382120345314,0.0023091697322534426,-1.379999999999999,0.020000000000000018,-0.10105070066019906,-0.19000000000001194,0.7537332846270672
2013-02-05,0.07762261856107955,0.0060252709122788515,1.7699999999999996,-0.040000000000000036,0.529375823520084,-1.25,-0.21536558334656064
2013-02-06,0.0,0.0,-0.9499999999999993,0.040000000000000036,-0.07545924357410527,0.4700000000000131,-1.0461261969867408
2013-02-07,-0.14971201252773625,0.022413686695105055,-0.3100000000000005,-0.040000000000000036,0.2889309946159102,-0.2400000000000091,2.278191558682785
2013-02-08,0.0961076479550016,0.009236679995442523,0.08999999999999986,-0.010000000000000009,0.5878338607231193,-0.5999999999999943,0.4617058601286139
2013-02-11,0.1265400281342366,0.01601237872021339,-0.4800000000000004,0.0,0.07479127459175672,-0.13000000000000966,0.6926346687005314
2013-02-12,0.0,0.0,-0.08000000000000007,0.0,0.07473537904667538,1.3000000000000114,0.0
2013-02-13,0.0,0.0,-0.29999999999999893,0.030000000000000027,-0.24934179546480806,0.46999999999999886,0.0
2013-02-14,0.0,0.0,0.33999999999999986,0.029999999999999805,-0.02497412352804318,-0.45000000000000284,0.0
2013-02-15,0.0,0.0,-0.3200000000000003,-0.04999999999999982,0.46091985323144513,0.269999999999996,0.0
2013-02-19,0.0312744334058479,0.0009780901848568152,-0.1999999999999993,0.009999999999999787,0.14903473436618242,-1.3499999999999943,0.0
2013-02-20,0.0938820284883235,0.008813835273082386,-0.15000000000000036,0.020000000000000018,-0.136604315893063,0.7399999999999949,-0.660028187873607
2013-02-21,0.11486452471611841,0.013193859038259778,2.369999999999999,-0.009999999999999787,0.7675144467707895,-1.769999999999996,0.8218307027965999
2013-02-22,-0.17462237616410192,0.03049297425719711,0.5400000000000009,-0.030000000000000027,0.455248718586887,-2.1299999999999955,-3.7263976345521144
2013-02-25,0.13283819086993276,0.017645984953596688,-1.0500000000000007,-0.020000000000000018,0.024554157679812505,0.3299999999999983,0.20116936437890587
2013-02-26,0.0208899102494442,0.0004363883502298338,4.8199999999999985,-0.09000000000000008,0.23290823919372983,-0.38000000000000966,1.2482219107313952
2013-02-27,0.24054814715768202,0.05786341110099385,-2.1199999999999974,0.0,0.2445941986423783,-0.10999999999999943,-3.9299278955281736
2013-02-28,0.0733253057521921,0.005376600463652455,-2.1400000000000006,0.030000000000000027,-0.33034136658800506,0.21000000000000796,0.14396684803390514
2013-03-01,-0.14659688489260247,0.02149064666021494,0.7799999999999994,-0.020000000000000018,0.4646112753827758,-0.8100000000000023,1.8803463780751706
2013-03-04,0.06177091783978739,0.0038156462907697635,-0.15000000000000036,-0.029999999999999805,0.40172212990459144,-1.3200000000000074,0.5442847913696092
2013-03-05,0.047744092575463526,0.0022794983758544314,-1.3499999999999996,0.019999999999999796,-0.10939810069157119,-0.5799999999999983,-1.7782663139534804
2013-03-06,0.005650159618575401,3.1924303715380124e-05,-0.5299999999999994,0.020000000000000018,-0.15824345672559303,0.75,-1.4223646108910692
2013-03-07,-0.06283380665408345,0.003948087258642741,0.049999999999998934,0.050000000000000044,0.4497154426802652,-0.4099999999999966,1.9224560950154235
2013-03-08,-0.13392964572478405,0.017937150003966167,-0.46999999999999886,0.050000000000000044,-0.4618912445438994,1.0600000000000023,-0.9512506145199495
2013-03-11,0.0,0.0,-0.47000000000000064,0.06000000000000005,0.7525161397468949,0.480000000000004,0.864180517595603
2013-03-12,0.17581446309105075,0.030910725431994447,-1.0299999999999994,0.009999999999999787,-0.1573150394726497,0.05999999999998806,1.2289265498528046
2013-03-13,-0.12800188747306152,0.016384483196666303,0.7099999999999991,-0.040000000000000036,0.012112789767204646,0.37000000000000455,-0.24373856410360162
2013-03-14,-0.04781257561798924,0.002286042387225939,-0.4399999999999995,0.010000000000000231,0.3746877608997501,0.030000000000001137,-0.4554471669077742
2013-03-15,0.09560230173661921,0.009139800097339584,-0.5299999999999994,0.0,-0.3383674277278814,0.5600000000000023,0.29964782175202487
2013-03-18,0.08021216135443154,0.006433990829149361,0.0,-0.03000000000000025,-0.4245757191235988,0.45999999999999375,1.4122312222312416
2013-03-19,0.000977995217610328,9.564746456686727e-07,2.0599999999999987,-0.04999999999999982,0.5213716487353359,0.21999999999999886,-0.4622696887647493
2013-03-20,0.009495950851068358,9.017308256590587e-05,1.0300000000000011,-0.040000000000000036,0.3621387610657223,-1.269999999999996,0.28136448986924023
2013-03-21,-0.10502062736073015,0.011029332171241342,-1.7200000000000006,0.040000000000000036,-0.25336212953055437,0.769999999999996,1.3560650998246437
2013-03-22,-0.033455206181010055,0.0011192508206138935,1.3200000000000003,-0.010000000000000009,0.02416266739588835,-0.75,0.9705540873207852
2013-03-25,0.12800188747306152,0.016384483196666303,-0.41999999999999993,-0.020000000000000018,-0.3266249434621393,0.9500000000000028,-0.36668133733170905
2013-03-26,0.0,0.0,0.16999999999999993,0.0,0.41112991906411267,1.1400000000000006,0.7279710053104793
2013-03-27,-0.0418848173662667,0.0017543379258055168,-0.9700000000000006,-0.010000000000000009,0.012059736769920448,1.4399999999999977,-0.8361950191406287
2013-03-28,-0.08611707010679481,0.007416149763778613,0.3800000000000008,-0.04999999999999982,0.397377653781561,0.5400000000000063,0.36707766155261723
2013-04-01,0.11752903832480399,0.013813074849553245,-0.45000000000000107,0.0,-0.26474290401878875,0.7099999999999937,-0.12017151344849708
2013-04-02,-0.16534161394279323,0.027337849301207678,0.8800000000000008,-0.010000000000000009,-0.313775909046754,-0.14000000000000057,3.038930062487122
2013-04-03,0.02390914536185562,0.0005716472319343422,-0.8000000000000007,0.019999999999999796,0.2535150474976433,0.13000000000000966,0.7131348925550896
2013-04-04,0.05768913698318556,0.0033280365258647484,1.4300000000000015,-0.04999999999999982,-0.2656058736878464,-2.210000000000008,-0.6894133829651317
2013-04-05,-0.12943372932276986,0.016753090286400055,-0.3200000000000003,-0.050000000000000044,-0.04836870125544124,-1.759999999999991,-1.710431619824515
2013-04-08,0.12943372932276986,0.016753090286400055,0.02999999999999936,-0.06000000000000005,-0.21794451639793877,-0.5,1.046082764329892
2013-04-09,-0.22517332495546327,0.05070302627149866,-0.7300000000000004,0.040000000000000036,0.3025720916537189,0.5999999999999943,0.8085335949187922
2013-04-10,-0.10910046379457583,0.011902911200191551,-0.34999999999999964,0.020000000000000018,-0.5331436933733613,0.8200000000000074,0.7530881583361015
2013-04-11,-0.13065031036116892,0.017069503597469764,-0.4800000000000004,0.06000000000000005,0.26692714901317416,0.4099999999999966,-2.7787565289043137
2013-04-12,0.13065031036116892,0.017069503597469764,-0.11999999999999922,-0.020000000000000018,-0.33984591680891185,-1.1500000000000057,1.513166383086162
2013-04-15,0.21924109632678324,0.04806665831856984,-0.17999999999999972,-0.07000000000000006,0.0729187677957377,-2.2099999999999937,-1.9633220732520051
2013-04-16,-0.014401036899513997,0.00020738986378116372,5.209999999999999,-0.030000000000000027,0.13355263710872478,-2.480000000000004,-2.925415688299715
2013-04-17,-0.05873274894394598,0.0034495357985125873,-3.3099999999999987,0.030000000000000027,-0.8162293917163055,-0.01999999999999602,-0.4070604416276602
2013-04-18,-0.08491103922168008,0.007209884581705694,2.5500000000000007,-0.020000000000000018,1.1070043609505476,-2.0799999999999983,1.2307080061867204
2013-04-19,0.14759386618017345,0.021783949334010948,1.0499999999999972,-0.010000000000000009,-0.13316460521330953,1.1799999999999926,-2.2524980751782664
2013-04-22,0.12548365130822248,0.015746146745643563,-2.589999999999998,0.010000000000000009,0.1936295299954871,0.21000000000000796,0.0
2013-04-23,-0.12943372932276986,0.016753090286400055,-0.5800000000000001,-0.010000000000000009,-0.036276413007563235,0.769999999999996,-1.0152587099417687
2013-04-24,0.0,0.0,-0.9100000000000001,0.020000000000000018,0.42242350673724616,0.3999999999999915,1.1166421804484905
2013-04-25,0.07712973733600137,0.005948996381520563,0.129999999999999,-0.010000000000000009,-0.12050914289538639,1.8599999999999994,-0.16902959928861705
2013-04-26,-0.5086815938582845,0.2587569639302047,0.009999999999999787,0.010000000000000009,-0.22937469283617062,2.200000000000003,0.7793779182438065
2013-04-29,0.1537381165045204,0.02363540846635749,-0.009999999999999787,-0.040000000000000036,-0.31472548059969796,-0.6400000000000006,-0.43738898454916963
2013-04-30,-0.1537381165045204,0.02363540846635749,0.10000000000000142,0.0,-0.40090173510956006,1.460000000000008,0.0
2013-05-01,0.0,0.0,-0.19000000000000128,0.0,-0.5125690456084797,-0.8700000000000045,0.0
2013-05-02,0.4793873035000118,0.22981218675701243,0.9700000000000006,-0.040000000000000036,-0.11018421359834107,-2.480000000000004,0.0
2013-05-03,0.02390914536185562,0.0005716472319343422,-0.9000000000000004,0.0,0.6957607562084078,2.960000000000008,-0.31450217473905084
2013-05-06,-0.02390914536185562,0.0005716472319343422,-0.7400000000000002,0.1200000000000001,-0.13389401548264956,1.5499999999999972,0.46822686939700375
2013-05-07,0.13392964572478405,0.017937150003966167,-0.1899999999999995,0.020000000000000018,0.26760899458375675,0.5499999999999972,2.7150989065950704
2013-05-08,-0.13392964572478405,0.017937150003966167,0.16999999999999993,0.020000000000000018,-0.024294305468508526,-0.519999999999996,-0.5626875920372143
2013-05-09,0.17581446309105075,0.030910725431994447,-0.16999999999999993,-0.010000000000000009,-0.48721352738967383,0.9599999999999937,-0.1050842315832412
2013-05-10,-0.02094460160559919,0.0004386763364172681,0.47000000000000064,0.0,1.0808282719120044,-0.14999999999999147,0.23679859514080803
2013-05-13,-0.021052215823402776,0.0004431957910751302,-0.5400000000000009,0.08999999999999986,0.4218634274097077,-0.28000000000000114,-0.024683231983146925
2013-05-14,0.021052215823402776,0.0004431957910751302,-0.03999999999999915,0.020000000000000018,0.14423409409323185,-1.0499999999999972,0.5804965892372671
2013-05-15,-0.10705728586746233,0.01146126245730755,0.21999999999999886,0.040000000000000036,0.3716332937433009,-0.8000000000000114,-1.0444388616830835
2013-05-16,0.0,0.0,0.040000000000000924,-0.020000000000000018,0.3106360130634478,-0.009999999999990905,0.4371952273205082
2013-05-17,0.14330071714230286,0.020535095533498294,0.2599999999999998,-0.06999999999999984,-0.0716052399742928,0.8999999999999915,0.8952134433809711
2013-05-20,0.21538178012221465,0.04638931120861402,-0.620000000000001,0.07999999999999985,0.6069666359589831,0.8700000000000045,-0.5603630426850081
2013-05-21,-0.3825859275206511,0.14637199193683692,0.5700000000000003,0.020000000000000018,-0.5592271471523524,0.5700000000000074,0.9531948848052529
2013-05-22,0.2626240019667492,0.06897136640903108,0.34999999999999964,-0.030000000000000027,0.05964460402729799,-0.7400000000000091,1.5940687182570912
2013-05-23,0.0,0.0,0.45000000000000107,0.08999999999999986,0.4639820211633783,-1.5699999999999932,0.4090148458063325
2013-05-24,-0.2865331473286048,0.08210124451803594,0.25,-0.009999999999999787,-0.5355525327276567,0.14000000000000057,-0.8016435553219736
2013-05-28,0.4379927895584501,0.19183768370519277,-0.08000000000000007,-0.010000000000000231,-0.119410287043209,-0.28000000000000114,0.4046236716459539
2013-05-29,0.04201239427406023,0.0017650412726390886,0.4900000000000002,0.14000000000000012,0.5243129873612418,0.8100000000000023,3.165811269095631
2013-05-30,-0.14579623107167095,0.02125654099470407,0.34999999999999964,-0.020000000000000018,-0.5960203645305917,-1.5200000000000102,-0.24044532729838863
2013-05-31,0.04765308643897015,0.0022708166471599608,-0.3000000000000007,0.0,-0.7560759061508548,0.4399999999999977,1.2271749890206962
2013-06-03,-0.07148814792703462,0.0051105552940375835,1.7700000000000014,0.03000000000000025,0.4447331310552194,-1.6399999999999864,-0.5885537838670629
2013-06-04,0.02383506148806447,0.000568110156139814,-0.019999999999999574,-0.03000000000000025,-0.8430701007497987,1.4799999999999898,-0.2626954824324734
2013-06-05,0.09528347552709704,0.0090789407085229,-0.010000000000001563,0.010000000000000231,0.10878978353181523,-0.04999999999999716,-1.2338147409638012
2013-06-06,0.07152557344074495,0.005115907656027399,1.2300000000000004,-0.040000000000000036,-0.24192216065594963,0.29999999999999716,0.7704874608156054
2013-06-07,-0.07152557344074495,0.005115907656027399,-0.870000000000001,-0.020000000000000018,-1.279806699816799,1.0499999999999972,1.2090457648400665
2013-06-10,0.1030530814524866,0.010619937596852837,-1.4899999999999984,0.08999999999999986,0.208327750480386,1.4000000000000057,1.3481379159084206
2013-06-11,0.04205214527903678,0.0017683829225692152,0.29999999999999893,0.050000000000000266,-0.04897871354891947,-0.29000000000000625,-0.6479647954865442
2013-06-12,-0.04205214527903678,0.0017683829225692152,1.6300000000000008,-0.020000000000000018,-0.7252247022865532,-0.3199999999999932,-0.4988018101056646
2013-06-13,0.08412198182714548,0.007076507826526594,1.5199999999999996,0.04999999999999982,-0.12343968508901071,0.480000000000004,-0.713334243128827
2013-06-14,-0.3301343442389637,0.1089886852460906,-2.1799999999999997,-0.06000000000000005,-0.4208402473498296,0.6799999999999926,-0.6096812746004154
2013-06-17,0.28571448007799205,0.08163276412623732,0.7399999999999984,-0.04999999999999982,0.061994449352997805,1.1700000000000017,-1.183468876706506
2013-06-18,0.044419864160971656,0.001973124332079174,-0.34999999999999787,0.04999999999999982,-0.12403682494008805,0.030000000000001137,-2.086324495177383
2013-06-19,-0.020647131373507932,0.00042630403395489555,-0.19000000000000128,0.010000000000000231,0.06204237558709025,0.5999999999999943,0.07218769112355972
2013-06-20,0.020647131373507932,0.00042630403395489555,0.030000000000001137,0.1299999999999999,0.9996967469481532,-0.21999999999999886,0.8959900300304469
2013-06-21,-0.020647131373507932,0.00042630403395489555,3.849999999999998,0.08000000000000007,0.502231766944039,-3.3499999999999943,-0.7697868261486107
2013-06-24,0.0,0.0,-1.5899999999999999,0.10999999999999988,0.5848010922417934,-1.0799999999999983,-0.13422148556836433
2013-06-25,0.0,0.0,1.2100000000000009,0.04999999999999982,0.13353642087725603,1.259999999999991,-1.8410765017266684
2013-06-26,0.020647131373507932,0.00042630403395489555,-1.6400000000000006,0.03000000000000025,0.18180906036668887,0.18000000000000682,-3.4736967139163077
2013-06-27,-0.08412198182714548,0.007076507826526594,-1.259999999999998,-0.050000000000000266,0.4470437215078782,0.21999999999999886,0.10775976955290645
2013-06-28,0.70321166088263,0.494506640001307,-0.3500000000000014,-0.05999999999999961,-0.04822535483031132,1.5300000000000011,1.9697860033659254
2013-07-01,-0.18912535188082558,0.035768398724046094,0.0,0.029999999999999805,0.3130957566967574,-0.6400000000000006,-0.3775624765704144
2013-07-02,0.14187753621328625,0.02012923528195235,-0.48999999999999844,-0.020000000000000018,-0.22870285053357975,1.5799999999999983,-0.22680700963606526
2013-07-03,0.2839026223863783,0.08060069899786251,0.07000000000000028,-0.020000000000000018,0.6725914668725963,1.710000000000008,2.020937340645901
2013-07-05,0.09553633760983615,0.009127191803900593,-0.240000000000002,0.040000000000000036,-0.37176699369592114,2.269999999999996,-0.5096256386480036
2013-07-08,-0.1591765603771833,0.025337177373511082,-1.3099999999999987,0.20999999999999996,1.4196418573312108,1.1700000000000017,-0.3473760186301966
2013-07-09,0.15709653874491636,0.024679322485633006,-0.11000000000000121,-0.08000000000000007,-0.2609433660405003,-0.060000000000002274,-0.5968440835226296
2013-07-10,0.0,0.0,-0.4299999999999997,0.0,0.4502968689006792,0.4299999999999926,0.563893796968884
2013-07-11,-0.01915816470638987,0.0003670352749171624,-0.1399999999999988,0.050000000000000266,-0.6404966822386449,2.950000000000003,-0.2206345682801647
2013-07-12,-0.16934330487075044,0.02867715490454793,-0.20000000000000107,-0.10000000000000009,-1.5468872613574547,-1.6400000000000006,0.008256786050697684
2013-07-15,0.047158689862492054,0.0022239420295467106,-0.16999999999999993,0.009999999999999787,0.2896078612366182,1.0799999999999983,1.9459764158966664
2013-07-16,-0.02357656500375782,0.000555854417376418,-0.05000000000000071,-0.040000000000000036,0.06023375731771807,0.3500000000000085,0.022265178365277194
2013-07-17,0.11782727886107125,0.013883267643804648,0.6300000000000008,-0.020000000000000018,-0.737297841533735,-0.3200000000000074,0.4281450921811647
2013-07-18,0.04709206585733483,0.002217662666711561,-0.6400000000000006,-0.029999999999999805,0.33910506073118185,0.5100000000000051,0.2576179825131142
2013-07-19,-0.061621010354961925,0.003797148917166325,-0.009999999999999787,0.040000000000000036,0.1329071797923298,1.5499999999999972,-0.13275139226545107
2013-07-22,-0.1268804592221784,0.01609865093243087,-1.2300000000000004,-0.06000000000000005,-0.2902031801568228,0.060000000000002274,1.3831921504494638
2013-07-23,0.1268804592221784,0.01609865093243087,-0.25,0.0,-0.4368946314522226,-1.3900000000000006,0.4752860658141067
2013-07-24,-0.1268804592221784,0.01609865093243087,0.370000000000001,0.029999999999999805,-0.25573792197883805,0.519999999999996,-0.3701325419142698
2013-07-25,0.1374944803540501,0.018904732127830268,0.5199999999999996,0.08000000000000007,0.35299276671860724,-1.7199999999999989,-2.0251676129454665
2013-07-26,-0.23187863082458904,0.053767699433086055,-0.20999999999999908,0.0,-0.4017803206909143,0.060000000000002274,-0.48683612726412306
2013-07-29,0.20003994655457547,0.04001598021755741,-0.25,-0.029999999999999805,-0.42789779285064,-0.7099999999999937,0.4362344725223011
2013-07-30,-0.43639080108413,0.1904369312708487,0.6699999999999999,0.029999999999999805,0.04899671087406077,-0.15000000000000568,-1.68232464437148
2013-07-31,0.22439156968054874,0.05035157654370056,0.0,0.020000000000000018,0.20796161783698253,-1.4699999999999989,0.5850791147957501
2013-08-01,-0.22439156968054874,0.05035157654370056,0.05999999999999872,-0.029999999999999805,-0.46546493354293617,1.9599999999999937,0.675244051191104
2013-08-02,0.03397577111154959,0.0011543530226244077,-0.5099999999999998,0.14000000000000012,1.0867674286111573,2.8300000000000125,0.11785265719748139
2013-08-05,-0.06339144427816024,0.004018475207671094,-0.9599999999999991,-0.11000000000000032,-0.5235843629846748,-0.9900000000000091,0.4518339348709155
2013-08-06,-0.12666246151926686,0.016043379158119757,-0.14000000000000057,0.040000000000000036,-0.036640098735407634,-0.3299999999999983,-0.20236367598727156
2013-08-07,-0.2707662411596701,0.07331435735173661,0.8800000000000008,0.0,-0.3425483978531929,-1.2900000000000063,0.5857300985819158
2013-08-08,0.1424839946587042,0.02030168873390165,0.2599999999999998,-0.06000000000000005,-0.38062242495993104,-0.9099999999999966,0.7103756319461141
2013-08-09,0.1493815186544012,0.02231483811549521,-0.25,-0.029999999999999805,-0.3450388808605709,-0.9599999999999937,-0.37663318822751535
2013-08-12,0.031657257690476115,0.001002181964481209,0.6799999999999997,-0.010000000000000231,0.14801423405268466,2.5900000000000034,0.4805583714559525
2013-08-13,-0.1810387763448773,0.03277503854045051,-0.5999999999999996,0.040000000000000036,0.2462202139686731,0.14999999999999147,-0.23198154551957728
2013-08-14,0.11773427961170313,0.013861360595686696,-0.5,0.10000000000000009,0.490619790892044,0.5900000000000034,-0.34697534785728124
2013-08-15,0.0,0.0,0.7299999999999986,0.0,-0.03672080887540119,0.10999999999999943,1.1664967984224894
2013-08-16,-0.09400667242953631,0.008837254461274141,1.6900000000000013,0.06000000000000005,-0.7001191959853159,0.5400000000000063,0.919169538890241
2013-08-19,0.10455463931879905,0.010931672603084159,-0.3600000000000012,0.06999999999999984,0.16011442955257138,0.14999999999999147,-0.08464484122665539
2013-08-20,0.021099272153435322,0.00044517928540473124,0.7300000000000004,0.040000000000000036,-0.036923845927194776,-0.4399999999999977,0.634075209680951
2013-08-21,0.0,0.0,-0.1899999999999995,-0.06000000000000005,-0.39472073078758996,-2.239999999999995,-1.2226607524579158
2013-08-22,0.21123793237123323,0.0446214640724737,1.0299999999999994,0.050000000000000266,0.5054513926104676,-0.9699999999999989,-0.4188550157935289
2013-08-23,-0.12359634882930237,0.015276057443934593,-1.1799999999999997,0.029999999999999805,0.20883021101258947,1.0,-1.3175737751400796
2013-08-26,0.29290855858814524,0.08579542369418491,-0.7799999999999994,-0.08000000000000007,-0.18424316606617808,1.5499999999999972,-1.8923388043361022
2013-08-27,-0.24557127959763392,0.06030525336321929,1.0099999999999998,-0.029999999999999805,0.03688330059663514,-0.6000000000000085,0.7612380216022174
2013-08-28,-0.1420791145944733,0.02018647480394948,1.7799999999999994,-0.06999999999999984,-0.2460990247984185,3.230000000000004,-1.0183366525092552
2013-08-29,0.2712174622768515,0.07355891184389537,-0.28000000000000114,0.05999999999999961,0.30752223710130977,1.0600000000000023,-2.5594021682495693
2013-08-30,-0.17647562667288952,0.031143646809589073,0.3200000000000003,-0.029999999999999805,0.6488347364744129,-1.6599999999999966,-1.0086617342369486
2013-09-03,0.155320559955463,0.02412447634487858,0.20000000000000284,0.029999999999999805,0.17068937986941535,-0.5300000000000011,0.8818118229358518
2013-09-04,0.06347863099325224,0.004029536592777484,-0.40000000000000213,0.08000000000000007,0.32837278210982035,0.6899999999999977,-0.1121847567572054
2013-09-05,-0.21879919094871525,0.04787308595981236,-0.7299999999999986,0.040000000000000036,-0.23096399110063004,-1.3799999999999955,-0.15260383199322547
2013-09-06,0.0,0.0,-0.11000000000000121,0.08000000000000007,0.5582527814207872,1.2099999999999937,1.2897694123467751
2013-09-09,-0.09474183560396199,0.00897601541360816,0.08000000000000007,-0.040000000000000036,-0.5825914415988009,2.1200000000000045,0.5137855913738498
2013-09-10,-0.09483168088593175,0.008993047699651192,-0.21999999999999886,-0.040000000000000036,-0.43918651170615775,-1.0,-2.077553964449752
2013-09-11,0.1422138187068711,0.020224770231190802,-1.1000000000000014,0.06000000000000005,0.036671083089245826,-2.1400000000000006,0.9251778193791971
2013-09-12,-0.1422138187068711,0.020224770231190802,-0.7099999999999991,-0.029999999999999805,-0.36733610362045255,0.1700000000000017,0.39329969829573486
2013-09-13,0.17581446309105075,0.030910725431994447,0.46999999999999886,-0.010000000000000231,-0.03680606177098866,1.0699999999999932,-0.1701698957898401
2013-09-16,-0.12838738133886807,0.01648331968705193,-0.129999999999999,-0.020000000000000018,-0.049098953730908335,-0.4099999999999966,0.17436796048269088
2013-09-17,0.13894648593666403,0.019306125954147577,0.22000000000000064,-0.020000000000000018,-0.24584763703394685,-1.769999999999996,-0.17857335179503053
2013-09-18,-0.04415974898197561,0.001950083430151096,0.14999999999999858,-0.020000000000000018,-0.09851229950310625,-1.1800000000000068,0.4531634734978418
2013-09-19,-0.04738213782093936,0.0022450669844824925,-0.9399999999999995,-0.16999999999999993,-1.1523581184147424,2.8700000000000045,-0.729002482713792
2013-09-20,0.0598679172618688,0.003584167517273968,-0.4299999999999997,0.06999999999999984,0.14944305112818412,-1.9699999999999989,0.38512174711646807
2013-09-23,0.0,0.0,-0.040000000000000924,-0.009999999999999787,0.09950477131503987,-1.5600000000000023,0.2307822440879015
2013-09-24,-0.10727251639561786,0.011507392773848102,1.1900000000000013,-0.029999999999999805,0.012424024969526215,-1.0799999999999983,0.3973736772023173
2013-09-25,0.14950670559912282,0.022352255019102783,-0.23000000000000043,-0.050000000000000266,0.13663826000707147,-0.4000000000000057,0.7755442184065764
2013-09-26,-0.14950670559912282,0.022352255019102783,-0.07000000000000028,-0.040000000000000036,-0.2859045124987247,-0.539999999999992,0.7017282985144924
2013-09-27,0.10426047103404557,0.010870245820241054,0.05000000000000071,0.03000000000000025,0.23623861010300118,0.4199999999999875,-0.22855270262134297
2013-09-30,0.0,0.0,1.4000000000000004,-0.020000000000000018,-0.31096487579498344,-0.23999999999999488,0.30873115536085294
2013-10-01,0.04524623456507726,0.002047221742317992,1.1400000000000006,0.0,-0.062303476410985326,-0.5,1.229540427321929
2013-10-02,-0.14950670559912282,0.022352255019102783,-1.0600000000000023,0.020000000000000018,-0.14970405342102922,-0.269999999999996,-0.07919827396207779
2013-10-03,0.1811940573297477,0.032831286411615895,1.0600000000000023,-0.03000000000000025,-0.27503608608761,2.0600000000000023,0.43582769694703316
2013-10-04,-0.1811940573297477,0.032831286411615895,1.0700000000000003,-0.009999999999999787,-0.13780223233830213,-0.8599999999999994,-0.4236392637549713
2013-10-07,0.0,0.0,-0.9300000000000033,0.040000000000000036,0.43780932380910187,0.539999999999992,1.0507269834492128
2013-10-08,0.0,0.0,2.6700000000000017,-0.010000000000000231,-0.2249161254810339,-0.7600000000000051,0.5952100300210539
2013-10-09,0.0,0.0,0.9299999999999997,0.010000000000000231,0.14999392460595118,0.4700000000000131,0.3490613802648923
2013-10-10,0.06505615692962152,0.004232303554451543,-0.7399999999999984,0.020000000000000018,0.38646833291258176,-1.9100000000000108,-0.30910692780858895
2013-10-11,-0.1362052172060757,0.01855186119415426,-3.120000000000001,0.029999999999999805,0.06218723016333527,1.4500000000000028,-1.177335092337728
2013-10-14,0.15731116916271048,0.024746803943338915,-0.7599999999999998,-0.009999999999999787,-0.07463311585294008,-0.9099999999999966,-0.05660339367175027
2013-10-15,0.0,0.0,0.34999999999999964,0.0,-0.12451560868020906,0.28999999999999204,-0.18418261544326242
2013-10-16,-0.038757509752507247,0.0015021445622156943,2.59,0.04999999999999982,0.2737356607681818,-1.309999999999988,0.424526078777987
2013-10-17,0.08098278220511901,0.00655821101368174,-3.9499999999999993,-0.06000000000000005,0.024843636168814243,1.1899999999999977,0.6514681021193347
2013-10-18,-0.12838738133886807,0.01648331968705193,-1.2300000000000004,-0.08000000000000007,-1.0615128911160454,-1.6200000000000045,0.12618298204225553
2013-10-21,-0.023710729215942195,0.0005621986799517348,-0.4400000000000013,-0.009999999999999787,-0.012558398124351555,0.15000000000000568,0.24789601067718436
2013-10-22,0.1098728381021985,0.012072040552631922,0.120000000000001,0.029999999999999805,0.05021455742459935,-1.5900000000000034,0.14764567726031075
2013-10-23,-0.021105951956634783,0.00044546120799577563,0.16999999999999993,-0.08999999999999986,-0.5537422235001088,-1.6500000000000057,-0.199572980204632
2013-10-24,-0.1362052172060757,0.01855186119415426,0.08999999999999986,-0.03000000000000025,0.02524198431181901,-0.7299999999999898,0.6928020384332712
2013-10-25,0.023721978524271492,0.0005627322651059978,-0.22000000000000064,0.020000000000000018,-0.0883555662427149,-0.25,-0.5730104614272591
2013-10-28,-0.023721978524271492,0.0005627322651059978,-0.10999999999999943,0.0,-0.012631351986236439,0.75,-0.08383903397506387
2013-10-29,0.023721978524271492,0.0005627322651059978,0.22000000000000064,0.010000000000000231,0.08836672252030553,1.3399999999999892,-0.8604058253783187
2013-10-30,0.0,0.0,0.09999999999999964,-0.010000000000000231,0.4783459020162084,-0.44999999999998863,0.12480626456499166
2013-10-31,0.0,0.0,0.2400000000000002,0.020000000000000018,0.150586988740109,-1.480000000000004,0.3995387536448902
2013-11-01,0.0,0.0,0.09999999999999964,0.020000000000000018,0.5626735155671803,-0.519999999999996,-0.3331730763405538
2013-11-04,0.0,0.0,-0.47000000000000064,0.08000000000000007,0.6586818168529796,-1.730000000000004,-0.0663656773043364
2013-11-05,0.10193193294796288,0.010390118954508,-0.34999999999999964,-0.020000000000000018,-0.22321474796695995,0.01999999999999602,-0.0020117688478649143
2013-11-06,-0.10193193294796288,0.010390118954508,0.33999999999999986,0.06000000000000005,0.19843244833763762,-1.1799999999999926,0.545714894817273
2013-11-07,0.0,0.0,-0.5999999999999996,-0.020000000000000018,-0.2853723930032359,1.3399999999999892,0.5447429938729265
2013-11-08,0.0,0.0,1.2400000000000002,-0.040000000000000036,0.4215707811504821,-0.4899999999999949,-0.5307380921344418
2013-11-11,0.10193193294796288,0.010390118954508,-1.0099999999999998,0.14000000000000012,0.4813925146406106,0.3100000000000023,-0.2503832169296949
2013-11-12,-0.10193193294796288,0.010390118954508,-0.370000000000001,0.0,-0.14787772253237463,0.5699999999999932,0.494154193041485
2013-11-13,0.10193193294796288,0.010390118954508,0.2900000000000009,0.029999999999999805,0.1232513149220793,-2.009999999999991,-0.6868750283918423
2013-11-14,0.04221190438364886,0.0017818448716943136,-0.3000000000000007,-0.04999999999999982,-0.3207529666165776,0.789999999999992,-0.307918574494348
2013-11-15,-0.14414383733161173,0.020777445840682144,-0.15000000000000036,-0.06000000000000005,0.06176647794022827,-0.14999999999999147,0.3480993886964434
2013-11-18,0.023716352536240493,0.0005624653776232409,-0.17999999999999972,0.020000000000000018,-0.17304048231645552,0.03999999999999204,0.6985686791506573
2013-11-19,0.1098728381021985,0.012072040552631922,0.9100000000000001,-0.040000000000000036,-0.012364083579985419,-0.769999999999996,1.020032261027115
2013-11-20,-0.133589190638439,0.017846071855433195,0.2900000000000009,0.040000000000000036,-0.16096689390892038,0.3199999999999932,-0.3500829335201239
2013-11-21,0.11248323868180421,0.012652478984347735,0.009999999999999787,0.08999999999999986,0.5067728147418293,-0.009999999999990905,0.1603595564529492
2013-11-22,-0.11248323868180421,0.012652478984347735,-0.7400000000000002,-0.009999999999999787,-0.07399797727742907,2.009999999999991,-0.392444956933069
2013-11-25,0.0,0.0,-0.40000000000000036,-0.040000000000000036,-0.42038138416025106,-0.8199999999999932,0.41618007314880856
2013-11-26,0.0,0.0,0.5299999999999994,-0.009999999999999787,0.25985176787202136,-0.6700000000000017,0.1620393596327041
2013-11-27,0.17581446309105075,0.030910725431994447,0.02000000000000135,-0.03000000000000025,-0.3838270804411792,-0.45000000000000284,0.5316961778549789
2013-11-29,0.021119324260254757,0.00044602585720978516,0.16999999999999993,0.03000000000000025,0.1611370099481313,-1.3599999999999994,-0.14347627732744783
2013-12-02,-0.0844505486695013,0.007131895170579808,0.7199999999999989,0.009999999999999787,-0.07433720980953851,0.5,-0.1279263318889612
2013-12-03,-0.017651557795872463,0.00031157749262102595,0.5300000000000011,0.06000000000000005,0.28467542127081913,1.0600000000000023,0.14759278884346472
2013-12-04,0.10210210646537377,0.01042484014466652,0.3200000000000003,-0.020000000000000018,-0.35906793239988133,2.219999999999999,0.6057951183509047
2013-12-05,-0.007360270861411777,5.417358715334727e-05,0.14999999999999858,0.04999999999999982,0.012396287564353514,1.1400000000000006,-0.14474330155413995
2013-12-06,0.0,0.0,0.3800000000000008,0.040000000000000036,-0.44748443099500435,0.1700000000000017,-0.16651814487245176
2013-12-09,-0.09474183560396199,0.00897601541360816,-1.290000000000001,0.0,0.0,0.3400000000000034,0.017644464095134538
2013-12-10,0.0,0.0,-0.29999999999999893,-0.020000000000000018,-0.1745628809556088,-0.38000000000000966,0.2173594628712472
2013-12-11,-0.04740459913374906,0.002247196019031442,0.41999999999999993,-0.04999999999999982,-0.1998701905091771,1.2199999999999989,0.0723482917276641
2013-12-12,-0.023710729215942195,0.0005621986799517348,1.5099999999999998,0.04999999999999982,-0.10008987542597936,-1.0699999999999932,-1.2370967379019326
2013-12-13,0.12042748479537124,0.014502779094139372,0.11999999999999922,0.03000000000000025,0.3872795966573861,-0.04000000000000625,0.31810978881949836
2013-12-16,0.0,0.0,0.22000000000000064,-0.010000000000000231,0.012470714407797345,-0.9399999999999977,-0.1697960881005045
2013-12-17,-0.04931215644567999,0.0024316887733232184,0.27000000000000135,0.010000000000000231,-0.1746935691523177,0.9100000000000108,-0.7975441540613026
2013-12-18,-0.07111532834969125,0.0050573899262844006,0.17999999999999972,-0.040000000000000036,-0.012492520346008007,-0.19000000000001194,0.7204484824261392
2013-12-19,0.0,0.0,-2.41,0.040000000000000036,0.06243747762235685,0.6000000000000085,-0.08309263327763716
2013-12-20,0.15209811055481026,0.023133835234343286,0.34999999999999964,0.04999999999999982,0.647005678696555,0.8100000000000023,0.20365196405167652
2013-12-23,-0.03167062575943902,0.0010030285359944424,-0.3600000000000012,-0.04999999999999982,-0.06202521462697064,0.7099999999999937,-0.36211490698585536
2013-12-24,-0.031660598649807525,0.0010023935068641941,-0.75,0.04999999999999982,-0.16146669818439818,-0.4899999999999949,0.8350408298157141
2013-12-26,-0.1362052172060757,0.01855186119415426,-0.5599999999999987,0.050000000000000266,0.09939351442929123,0.25,-0.6033736140229173
2013-12-27,-0.02372760718216682,0.0005629993425912145,-0.15000000000000036,0.009999999999999787,-0.06210225862588459,0.3100000000000023,0.1837636487369565
2013-12-30,0.04744958570643831,0.002251463183712635,0.13000000000000078,0.020000000000000018,-0.11189653153413914,0.7599999999999909,-0.02764176293066356
2013-12-31,-0.023721978524271492,0.0005627322651059978,1.0999999999999996,-0.029999999999999805,-0.4863148073606993,-1.039999999999992,-1.203876433391482
2014-01-02,0.17842157667207204,0.03183425902214808,0.16000000000000014,0.04999999999999982,0.0499886480024081,-0.730000000000004,0.8517633935335667
2014-01-03,-0.06331785775071097,0.004009151110139269,0.5099999999999998,-0.040000000000000036,0.7344233479003925,-3.030000000000001,-0.023782626903212645
2014-01-06,-0.09138174039708957,0.008350622478001073,-0.47000000000000064,0.009999999999999787,0.19824521908944348,-1.480000000000004,0.17031730658905175
2014-01-07,0.09138174039708957,0.008350622478001073,-0.20999999999999908,-0.029999999999999805,-0.17343833328222757,-0.539999999999992,0.7353626639631905
2014-01-08,0.021101498284714637,0.00044527322985981477,-0.6300000000000008,-0.020000000000000018,0.222938290792829,0.18999999999999773,0.20015312504080285
2014-01-09,-0.021101498284714637,0.00044527322985981477,-0.05000000000000071,0.04999999999999982,0.25946648387460414,-1.4099999999999966,0.7382701839484973
2014-01-10,-0.1293396076206932,0.016728734099474875,0.02000000000000135,-0.03999999999999959,-0.03702410252959254,-0.5400000000000063,0.5975495042436663
2014-01-13,-0.0569638295095487,0.0032448778723929315,-0.75,-0.0900000000000003,-0.43297953653365084,1.0300000000000011,0.3784080505854881
2014-01-14,0.15465953622797457,0.023919572146252177,1.1399999999999988,-0.040000000000000036,-0.18614080014058842,-0.9399999999999977,0.4172882359195107
2014-01-15,-0.010545742166279126,0.00011121267783763756,-1.0,0.040000000000000036,0.12412920215529866,0.7000000000000028,0.23001294379243475
2014-01-16,0.06329114135326108,0.004005768573798475,0.0,0.020000000000000018,0.48264358052687584,1.6299999999999955,0.8331872144547781
2014-01-17,-0.06329114135326108,0.004005768573798475,0.25,-0.040000000000000036,-0.12353117466963326,-0.23999999999999488,1.2940891012885203
2014-01-21,0.042189643068546445,0.0017799659822513492,-0.08999999999999986,-0.020000000000000018,0.44400739226695407,0.4199999999999875,1.8661241727431666
2014-01-22,-0.042189643068546445,0.0017799659822513492,0.4299999999999997,0.010000000000000231,-0.19709745418285962,0.5500000000000114,2.958077029909667
2014-01-23,-0.12037492154668428,0.014490121737370394,-0.02999999999999936,0.020000000000000018,0.08627559082317049,1.8399999999999892,-1.4372948289702592
2014-01-24,-0.023738872515011167,0.0005635340682839526,0.9299999999999997,-0.08000000000000007,-0.9034102959715185,0.8800000000000097,0.29489740676220677
2014-01-27,-0.11877896633460949,0.014108442843518296,4.370000000000001,-0.040000000000000036,0.02485598878774198,-0.5700000000000074,1.1923929593622873
2014-01-28,0.13643052413030432,0.018613287914469548,-0.7199999999999989,0.029999999999999805,0.04970292815400512,-0.8400000000000034,-0.6572902925422675
2014-01-29,-0.13643052413030432,0.018613287914469548,-1.620000000000001,-0.009999999999999787,0.08691835768770417,1.6700000000000017,0.0
2014-01-30,0.13643052413030432,0.018613287914469548,1.5500000000000007,-0.08000000000000007,-0.074494115577739,-0.14999999999999147,0.0
2014-01-31,-0.13643052413030432,0.018613287914469548,-0.060000000000002274,0.03000000000000025,0.7178176949799386,0.9099999999999966,0.0
2014-02-03,0.0,0.0,1.120000000000001,-0.050000000000000266,0.22172996637577214,-0.7000000000000028,0.0
2014-02-06,0.2137006630677618,0.04566797339560106,3.030000000000001,-0.06000000000000005,-0.3204273246814715,-1.1099999999999994,0.0
2014-02-07,0.133589190638439,0.017846071855433195,-4.210000000000001,0.1200000000000001,-0.1482430727949513,1.4000000000000057,-0.3311738088012106
2014-02-10,0.0,0.0,-1.9400000000000013,-0.020000000000000018,-0.24755173673804975,2.1400000000000006,-0.8909551529828086
2014-02-11,0.0,0.0,-0.02999999999999936,-0.009999999999999787,-0.024794586623411163,0.14000000000000057,1.11066026035882
2014-02-12,0.0,0.0,-0.75,0.04999999999999982,-0.04959816178864429,-0.1600000000000108,-0.36042569203651453
2014-02-13,0.010554646693172742,0.00011140056681770231,-0.20999999999999908,0.04999999999999982,0.061996223564708686,0.4200000000000017,1.8513250658586777
2014-02-14,-0.19159342303805005,0.03670803975143721,-0.16000000000000014,-0.06999999999999984,-0.48456252692066215,-0.10999999999999943,1.0454684753633536
2014-02-18,0.04744958570643831,0.002251463183712635,-0.5700000000000003,0.020000000000000018,-0.19948100859465967,0.04000000000000625,0.35714323675968274
2014-02-19,0.0,0.0,0.29999999999999893,-0.040000000000000036,-0.14986279518272028,2.230000000000004,0.4080997658896912
2014-02-20,0.11248323868180421,0.012652478984347735,1.6300000000000008,0.020000000000000018,0.19977036536351633,0.9199999999999875,0.6176929102868378
2014-02-21,-0.08876688614556372,0.007879560075979472,-0.7100000000000009,0.029999999999999805,0.1495734384138636,-0.2599999999999909,-1.2322199838791015
2014-02-24,0.1098728381021985,0.012072040552631922,-0.10999999999999943,-0.029999999999999805,-0.06229745686816557,-0.6700000000000017,-0.08233985801702204
2014-02-25,0.0,0.0,-0.4499999999999993,0.020000000000000018,-0.03739330659646711,0.6400000000000006,1.0478237350167952
2014-02-26,-0.021105951956634783,0.00044546120799577563,-0.5600000000000005,-0.04999999999999982,-0.07482858713512286,-0.9699999999999989,1.6546929764944096
2014-02-27,-0.11248323868180421,0.012652478984347735,0.6799999999999997,-0.03000000000000025,0.3238694009664478,0.730000000000004,0.6139422860617749
2014-02-28,0.11248323868180421,0.012652478984347735,-0.3100000000000005,-0.020000000000000018,-0.14935005036669224,-0.25,-0.8547642711246084
2014-03-03,0.010552419151821368,0.0001113535499557264,-0.03999999999999915,0.010000000000000231,-0.6372260422955911,0.19999999999998863,0.28857584891675003
2014-03-04,-0.010552419151821368,0.0001113535499557264,2.0,-0.06000000000000005,0.3628417096786407,2.460000000000008,-2.25898937395268
2014-03-05,-0.11248323868180421,0.012652478984347735,-1.9000000000000004,0.10000000000000009,0.11234347483703999,-1.7000000000000028,-0.5964945311245806
2014-03-06,0.0,0.0,-0.20999999999999908,0.0,-0.06239851756069115,-1.8900000000000006,0.8681959662092176
2014-03-07,0.11248323868180421,0.012652478984347735,0.3200000000000003,0.040000000000000036,-0.5382080739583905,0.06999999999999318,0.6276570237106149
2014-03-10,0.0,0.0,-0.10000000000000142,0.05999999999999961,0.050189355061647234,1.0,0.2054718371883979
2014-03-11,-0.11248323868180421,0.012652478984347735,0.08999999999999986,-0.009999999999999787,0.037623100797734566,-1.4299999999999926,0.6773043838947501
2014-03-12,0.11248323868180421,0.012652478984347735,0.6000000000000014,-0.020000000000000018,0.025071017542632745,-1.0999999999999943,0.8206906725742869
2014-03-13,0.0,0.0,-0.33000000000000007,-0.040000000000000036,-0.20077310731227982,-2.0,0.25795079299841817
2014-03-14,0.0,0.0,1.7499999999999982,-0.06999999999999984,0.012563130104581433,0.2799999999999869,0.8774650474564716
2014-03-17,-0.15993282438824252,0.025578508316800423,1.6000000000000014,-0.010000000000000231,-0.22633015986794902,0.6600000000000108,0.27012306177871537
2014-03-18,0.1493815186544012,0.02231483811549521,-2.1799999999999997,0.050000000000000266,-0.0629642420617138,-0.7999999999999972,0.5897159565447119
2014-03-19,0.0,0.0,-1.120000000000001,-0.020000000000000018,0.0251942974588637,1.6499999999999915,-0.08498513271772978
2014-03-20,0.0,0.0,0.5999999999999996,0.09999999999999964,0.7277249130916097,0.6299999999999955,0.952356547643074
2014-03-21,0.0,0.0,-0.5999999999999996,0.010000000000000231,0.2746583810192327,-1.029999999999987,-0.8840294749662192
2014-03-24,0.0,0.0,0.4800000000000004,-0.040000000000000036,-0.12474861187596886,0.28999999999999204,0.24791819754756972
2014-03-25,-0.010550192550873305,0.00011130656286050257,0.08999999999999986,-0.009999999999999787,-0.22494423899779292,0.0799999999999983,0.9592399691439546
2014-03-26,-0.11510371892136106,0.013248866109527694,-1.0700000000000003,0.009999999999999787,0.012512836769484892,-0.39000000000000057,-0.942623152887645
2014-03-27,0.023721978524271492,0.0005627322651059978,0.9100000000000001,-0.040000000000000036,0.05002615671738653,0.9500000000000028,-2.3179261316601085
2014-03-28,0.14414383733161173,0.020777445840682144,-0.3100000000000005,-0.020000000000000018,0.1624052455109215,0.6400000000000006,0.3530813377838449
2014-03-31,-0.04221190438364886,0.0017818448716943136,-0.20999999999999908,0.040000000000000036,0.08734131745509188,0.480000000000004,0.7007618825472406
2014-04-01,-0.12565391147223437,0.01578890546827211,-0.5299999999999994,0.0,-0.09982759958555576,-0.1600000000000108,-0.458739610074943
2014-04-02,0.0,0.0,-0.7800000000000011,0.040000000000000036,-0.024967715235568733,-1.8799999999999955,-1.3135919089980241
2014-04-03,0.09400667242953631,0.008837254461274141,-0.009999999999999787,0.04999999999999982,0.17467176865659795,-0.09000000000000341,-0.37408239107010743
2014-04-04,0.0,0.0,0.27999999999999936,-0.020000000000000018,0.31115837688595605,0.6900000000000119,1.3269657015864134
2014-04-07,-0.09400667242953631,0.008837254461274141,0.5900000000000016,-0.05999999999999961,-0.062158062722961205,0.8699999999999903,0.6088916721576965
2014-04-08,0.11510371892136106,0.013248866109527694,1.6099999999999994,-0.03000000000000025,-0.24900031416299484,-0.7299999999999898,1.2617353903269901
2014-04-09,-0.11510371892136106,0.013248866109527694,-0.6799999999999997,-0.020000000000000018,-0.5876133893895741,2.1399999999999864,0.44525002534072655
2014-04-10,0.0,0.0,-1.0700000000000003,0.020000000000000018,-0.33912817451327015,0.980000000000004,0.0
2014-04-11,0.09248391083573893,0.008553273763472908,2.0700000000000003,-0.06000000000000005,-0.12590471653304292,-0.1799999999999926,-0.31878358032964016
2014-04-14,-0.09248391083573893,0.008553273763472908,1.1400000000000006,-0.020000000000000018,0.08814418171851912,0.3100000000000023,-0.1264664450110864
2014-04-15,0.11510371892136106,0.013248866109527694,-0.9200000000000017,0.020000000000000018,0.3518114046497267,0.36999999999999034,-0.7453990457790383
2014-04-16,-0.11510371892136106,0.013248866109527694,-0.5,-0.009999999999999787,0.08775740801683085,-0.3499999999999943,-1.695185239193986
2014-04-17,0.12565391147223437,0.01578890546827211,-1.4299999999999997,0.009999999999999787,0.025055309894650435,0.009999999999990905,-2.033886618552927
2014-04-21,-0.12565391147223437,0.01578890546827211,-0.8200000000000003,0.08000000000000007,0.012530079734407451,0.6200000000000045,1.0427948297576428
2014-04-22,0.0,0.0,-0.10999999999999943,0.0,0.15020045145011096,0.01999999999999602,-3.8952616544545293
2014-04-23,0.18897845184682183,0.03571285526242156,-0.0600000000000005,0.0,-0.050035389483849,-2.6599999999999966,2.079843767169365
2014-04-24,-0.14154012078630984,0.02003360579220318,0.08000000000000007,-0.029999999999999805,-0.06259379364497164,-0.21999999999999886,-0.08953416501835676
2014-04-25,0.08876688614556372,0.007879560075979472,0.05000000000000071,0.0,-0.0751566579503482,0.730000000000004,0.19301299178726694
2014-04-28,-0.04219854477653939,0.0017807171812576,0.7400000000000002,-0.020000000000000018,-0.03760908579613087,-1.3500000000000085,1.472124586051482
2014-04-29,-0.16520639063841713,0.02729315150777328,-0.08999999999999986,0.020000000000000018,-0.11288347340201454,0.28000000000000114,-1.0104077211711804
2014-04-30,0.0,0.0,-0.2599999999999998,0.009999999999999787,0.16301621913275,0.4300000000000068,0.8513647114686052
2014-05-01,0.11248323868162657,0.012652478984307772,-0.3000000000000007,-0.040000000000000036,-0.40175785868701297,-1.490000000000009,0.0
2014-05-02,-0.11248323868162657,0.012652478984307772,-0.16000000000000014,-0.040000000000000036,0.050309290926264794,-0.37999999999999545,0.0
2014-05-05,0.047472111026714,0.0022536013253326615,-0.33999999999999986,-0.029999999999999805,-0.012577348672149213,0.4000000000000057,0.0
2014-05-06,0.02372760718216682,0.0005629993425912145,0.379999999999999,0.029999999999999805,-0.03773194225411558,-0.3500000000000085,-2.3013659499439676
2014-05-07,0.09400667242953631,0.008837254461274141,0.5100000000000016,-0.020000000000000018,-0.44127724658409306,0.07000000000000739,-1.7393916866973669
2014-05-08,-0.07028469390526482,0.0049399381973567694,-0.40000000000000036,0.010000000000000231,0.10103793578215559,1.25,0.871691855965917
2014-05-09,0.11248323868180421,0.012652478984347735,0.02999999999999936,-0.010000000000000231,0.26473268843147935,-0.5400000000000063,-6.05118989165474
2014-05-12,-0.010551305733841332,0.00011133005268899297,-0.5099999999999998,0.010000000000000231,0.5899737382474513,-0.20000000000000284,2.8743038028253842
2014-05-13,0.0,0.0,-0.6899999999999995,0.040000000000000036,0.0,0.5700000000000074,-4.797476834634562
2014-05-14,0.04221190438364886,0.0017818448716943136,-0.09999999999999964,-0.050000000000000266,0.29992257223447893,1.1200000000000045,-0.6091428783401298
2014-05-15,0.06335128498218268,0.004013385308893724,0.03999999999999915,-0.06999999999999984,-0.08738493187516738,0.6199999999999903,2.9941667812714456
2014-05-16,0.20087758512481457,0.04035180420557712,1.0,-0.040000000000000036,-0.08746135992989679,-0.8900000000000006,-1.0402721044111551
2014-05-19,-0.2661588887317379,0.07084055405091362,-0.7300000000000004,0.020000000000000018,0.0499886480024081,0.5700000000000074,1.0327179505671857
2014-05-20,0.22383532445591214,0.05010225247428346,-0.019999999999999574,0.020000000000000018,-0.06249209993942628,0.6400000000000006,0.6682189132424021
2014-05-21,-0.1291383476823782,0.016676712842134796,0.5400000000000009,-0.020000000000000018,0.06249209993942628,-0.15000000000000568,0.8369500357612303
2014-05-22,-0.09469697677353395,0.008967517410047228,-1.0500000000000007,0.020000000000000018,0.07493138707337366,1.5100000000000051,1.1762665675591144
2014-05-23,0.07103113830080332,0.0050454226083078485,0.11999999999999922,0.020000000000000018,0.18709269854859656,-0.28000000000000114,-0.3960911949803858
2014-05-27,-0.023671440517780695,0.0005603370961868296,-0.6699999999999999,-0.020000000000000018,0.174302073736321,0.980000000000004,-0.04431232878410185
2014-05-28,0.21879919094871525,0.04787308595981236,0.15000000000000036,-0.020000000000000018,-0.04977095543701182,-0.23000000000000398,2.0581220687715174
2014-05-29,0.0,0.0,0.16999999999999993,-0.08000000000000007,0.2734294808276694,-1.4099999999999966,0.8269646889928595
2014-05-30,-0.03174435241728446,0.0010077039103927538,-0.10999999999999943,0.010000000000000231,-0.09934414360737165,0.8900000000000006,0.19896223593516282
2014-06-02,0.08467401013962927,0.007169687993126042,-0.16999999999999993,0.029999999999999805,-0.1491920166475147,-0.8599999999999994,0.6372347462257899
2014-06-03,0.18017068092532895,0.03246147426509669,0.17999999999999972,0.06000000000000005,0.33537903553684245,-0.3300000000000125,-0.933132742888354
2014-06-04,-0.26268471439259145,0.06900325917551733,0.28999999999999915,0.06000000000000005,-0.11166492447287624,0.27000000000001023,0.35139338391401154
2014-06-05,0.22026239961903116,0.04851552468593378,0.21000000000000085,0.009999999999999787,0.14885887413100818,-0.07000000000000739,-0.9530560711413116
2014-06-06,-0.22026239961903116,0.04851552468593378,-0.40000000000000036,-0.020000000000000018,-0.3725729851949744,-0.09999999999999432,-0.42732012587478607
2014-06-09,0.26268471439259145,0.06900325917551733,-0.9499999999999993,0.010000000000000231,0.04975857041706888,0.14999999999999147,1.4304746056502005
2014-06-10,-0.14460700555023465,0.020911186054205593,0.41999999999999993,0.020000000000000018,0.2980231387964771,1.7700000000000102,1.1683767819838486
2014-06-11,0.04719207260794889,0.0022270917170339197,-0.16000000000000014,0.020000000000000018,0.210563238335304,-0.07000000000000739,0.22604866137667656
2014-06-12,0.0,0.0,0.6099999999999994,0.009999999999999787,-0.03712490505307642,0.020000000000010232,0.6102459034622143
2014-06-13,0.1504681465586799,0.022640663128804375,0.9600000000000009,-0.06999999999999984,-0.2602704337164141,2.1599999999999966,0.5960878741095854
2014-06-16,-0.1976602191666288,0.03906956224099973,-0.3800000000000008,0.020000000000000018,0.0,0.28999999999999204,0.1236664647047192
2014-06-17,0.0707797599444504,0.005009774417794026,0.47000000000000064,0.009999999999999787,-0.136604315893063,0.030000000000001137,-0.367964839473256
2014-06-18,0.10565579608403652,0.011163147246151507,-0.5899999999999999,0.050000000000000266,0.19862953052003363,-0.5699999999999932,-0.020967657465309486
2014-06-19,0.45732597654168927,0.20914704881980972,-1.450000000000001,-0.050000000000000266,-0.06202521462697064,-0.3100000000000023,-0.3886967810125874
2014-06-20,-0.04263028946596137,0.0018173415799516569,0.009999999999999787,0.03000000000000025,-0.32318503427193335,0.4399999999999977,-0.47125937855518885
2014-06-23,0.12794542741243475,0.01637003239575061,0.23000000000000043,-0.010000000000000231,0.06223542549257388,0.8700000000000045,-1.1647725490658623
2014-06-24,-0.27164863102449033,0.07379297873747968,0.13000000000000078,0.0,-0.13696149436981386,-1.1200000000000045,0.912405371083036
2014-06-25,0.09394082419369454,0.008824878450190626,1.1500000000000004,-0.040000000000000036,0.08717815247312188,-0.18999999999999773,0.6727390956892343
2014-06-26,0.15637219761810428,0.02445226418791546,-0.5400000000000009,-0.020000000000000018,-0.1370297421029676,0.4000000000000057,0.44307915676053966
2014-06-27,-0.15637219761810428,0.02445226418791546,0.040000000000000924,-0.040000000000000036,0.012467604808996668,-0.5500000000000114,0.7190956143698912
2014-06-30,0.0,0.0,-0.370000000000001,0.010000000000000231,-0.23710304530339954,-0.030000000000001137,0.4189684285150541
2014-07-01,0.15637219761810428,0.02445226418791546,0.3100000000000005,-0.010000000000000231,-0.325368997751152,-0.39000000000000057,-0.11927915325786742
2014-07-02,-0.2033315786173162,0.041343730863009846,-0.41999999999999993,0.050000000000000266,0.05012646208939486,-0.009999999999990905,-0.01037882720176242
2014-07-03,0.0541096366237781,0.0029278527755573084,-0.33000000000000007,0.06000000000000005,0.17524023850947756,-0.8799999999999955,0.12620261514078024
2014-07-07,-0.10645093617540624,0.011331801812620413,-0.5,0.009999999999999787,0.312168578232086,-0.4200000000000017,1.0689039924318244
2014-07-08,-0.20633021446379018,0.04257215740067365,1.0099999999999998,-0.020000000000000018,0.012469159414596476,-0.5700000000000074,0.9645310421036335
2014-07-09,0.04708098015413498,0.0022166186922740515,0.6500000000000004,-0.04999999999999982,-0.049876453835473455,-0.12999999999999545,0.1319618517274357
2014-07-10,-0.19123702538088594,0.036571599876529616,-0.33000000000000007,-0.010000000000000231,-0.2372510865983557,-1.1299999999999955,0.021976721668703902
2014-07-11,-0.010601643264607219,0.00011239483990999161,0.9399999999999995,-0.020000000000000018,0.1748681358892057,0.6799999999999926,-1.1424032851584442
2014-07-14,-0.19905798902222216,0.03962408299357112,-0.5099999999999998,-0.020000000000000018,0.07485677508043409,-2.1299999999999955,-0.36141006237926376
2014-07-15,0.04724781566753933,0.002232356085353775,-0.2599999999999998,0.020000000000000018,0.0,0.25,0.59196066786944
2014-07-16,0.0,0.0,0.14000000000000057,0.010000000000000231,0.24909334832807772,-1.1700000000000017,0.5240156945522045
2014-07-17,0.14120965391928308,0.0199401663600037,-0.9600000000000009,-0.010000000000000231,0.21124353573780397,1.3199999999999932,0.06276558955491396
2014-07-18,0.08483563605317102,0.00719708514454609,3.539999999999999,-0.07999999999999963,-0.04966590239572355,1.960000000000008,0.1169442106074392
2014-07-21,-0.13161657662905668,0.01732292324355235,-2.4799999999999986,0.029999999999999805,0.0,-0.010000000000005116,0.9927354563273205
2014-07-22,0.0,0.0,0.75,-0.009999999999999787,0.04966590239572355,1.5100000000000051,0.7984674510524314
2014-07-23,0.20590684271493132,0.04239762787683146,-0.5700000000000003,-0.010000000000000231,0.2727176918948082,-0.75,-0.5104179485616811
2014-07-24,0.042476373156397074,0.00180424227652149,-0.7200000000000006,0.0,0.03712950098568868,-0.7800000000000011,-0.08030247696222403
2014-07-25,-0.05309264791559798,0.0028188292626896505,0.3200000000000003,0.040000000000000036,0.07422710369873187,-1.0499999999999972,0.7602824310738221
2014-07-28,0.0,0.0,0.8499999999999996,-0.040000000000000036,0.1976480337146036,2.469999999999999,-0.319414678491281
2014-07-29,-0.053814477392855053,0.0028959979770661077,-0.129999999999999,0.020000000000000018,0.0,0.45000000000000284,-1.797306259335496
2014-07-30,0.053814477392855053,0.0028959979770661077,0.7199999999999989,-0.029999999999999805,0.2218939612935955,-0.7700000000000102,0.4722059396706335
2014-07-31,-0.14810962817985995,0.021936461959576367,0.05000000000000071,0.09999999999999964,0.2582539565088027,-0.6199999999999903,-0.4925659729956955
2014-08-01,0.1268804592221784,0.01609865093243087,3.619999999999999,0.010000000000000231,0.04911703954570967,-6.060000000000002,1.1371811428221967
2014-08-04,-0.1268804592221784,0.01609865093243087,0.08000000000000185,-0.06000000000000005,-0.19660368905247694,-0.37000000000000455,-0.3647154811293518
2014-08-05,0.047158689862492054,0.0022239420295467106,-1.910000000000002,-0.010000000000000231,0.036892060181248354,0.4000000000000057,0.8617418827357781
2014-08-06,0.026668555743292188,0.0007112118654330827,1.7500000000000018,-0.019999999999999574,0.23333730426315924,-0.9200000000000017,1.44023305373695
2014-08-07,-0.16821139607632318,0.028295073769945674,-0.5,0.0,-0.09817649550178942,-0.4099999999999966,-0.16962694382893773
2014-08-08,0.047203210694668485,0.002228143099885265,0.28999999999999915,-0.06000000000000005,0.09817649550178942,0.4099999999999966,0.1515251623996683
2014-08-11,0.09979477842883,0.009958997801659273,-0.8900000000000006,0.009999999999999787,-0.15959398953526716,0.269999999999996,-0.3610737198515679
2014-08-12,-0.19422349177222742,0.03772276475619649,-1.5399999999999991,0.0,0.09824614661662068,0.480000000000004,-0.5465580534221637
2014-08-13,0.023615539134524965,0.0005576936886142801,-0.09999999999999964,0.020000000000000018,0.03681509407984507,-0.730000000000004,-0.05814388282523453
2014-08-14,0.02360996351420397,0.0005574303771420426,-1.2300000000000004,-0.029999999999999805,0.12262230237478633,0.20999999999999375,0.16271775386940135
2014-08-15,0.1045846707059539,0.01093795334667281,-0.4800000000000004,-0.03000000000000025,-0.012258271414911093,-2.029999999999987,0.412248826821493
2014-08-18,-0.010600519435399747,0.00011237101230028777,0.7300000000000004,-0.06000000000000005,-0.20857399705871416,1.759999999999991,-0.16701258129758756
2014-08-19,0.0,0.0,-0.8300000000000001,0.050000000000000266,0.19632357484802299,-0.8599999999999994,0.1389210688806486
2014-08-20,-0.11759411478475812,0.013828375832010869,-0.10999999999999943,0.009999999999999787,0.36705709147879517,-2.0900000000000034,-0.07274410928204134
2014-08-21,0.11759411478475812,0.013828375832010869,-0.4300000000000015,0.03000000000000025,0.45086623963843664,2.0500000000000114,0.34011953470738376
2014-08-22,-0.11759411478475812,0.013828375832010869,-0.019999999999999574,-0.020000000000000018,-0.12165265879025,-2.430000000000007,1.023261691525068
2014-08-25,0.02360996351420397,0.0005574303771420426,-0.28999999999999915,-0.010000000000000231,0.2310108808718958,-0.35999999999999943,1.1678207136807117
2014-08-26,0.14699798912349848,0.02160840880635218,0.22999999999999865,-0.009999999999999787,0.2547235468437492,1.7800000000000011,0.9213400433546681
2014-08-27,-0.19422349177222742,0.03772276475619649,-0.06999999999999851,0.0,0.12106353942327175,0.39000000000000057,0.5067982224447931
2014-08-28,0.0,0.0,0.14999999999999858,-0.020000000000000018,-0.2665390701589665,0.03999999999999204,-0.04611116051265185
2014-08-29,0.13061025807488136,0.01705903951438711,0.27000000000000135,-0.03000000000000025,0.0606428381296098,0.6200000000000045,0.5171331321522921
2014-09-02,0.0,0.0,-0.07000000000000028,0.010000000000000231,0.32681338484978895,1.4200000000000017,0.7283192644742975
2014-09-03,-0.05978036490006389,0.00357369202758479,0.2699999999999996,0.06999999999999984,0.2896078612366182,-4.939999999999998,0.0
2014-09-04,-0.07082989317481747,0.005016873767156055,0.10999999999999943,-0.009999999999999787,-0.14469448653269268,2.5799999999999983,0.6419311224736823
2014-09-05,0.13061025807488136,0.01705903951438711,0.28000000000000114,0.040000000000000036,1.1398490851867393,-0.9899999999999949,-0.08274979589586451
2014-09-08,-0.13061025807488136,0.01705903951438711,-0.5500000000000007,0.009999999999999787,-0.0716046789613678,-1.190000000000012,-0.24552937964363863
2014-09-09,0.17301458395149183,0.029934046259907813,0.5700000000000003,0.020000000000000018,0.559560011517668,-0.6799999999999926,0.18772003948193117
2014-09-10,0.0,0.0,0.8399999999999999,0.020000000000000018,0.059338227044580805,0.09000000000000341,-2.041483309773806
2014-09-11,-0.1257890813027629,0.015822892974993095,-0.6199999999999992,0.040000000000000036,-0.03560052196167618,-1.0200000000000102,0.2994300329129729
2014-09-12,-0.047225502648728934,0.0022302481004251038,-0.08000000000000007,0.0,0.0593331976499023,1.1800000000000068,0.03021172078723211
2014-09-15,0.15181017335468283,0.023046328733978855,0.5099999999999998,0.08000000000000007,-0.07120587421116653,-0.7099999999999937,0.556486227880626
2014-09-16,0.0,0.0,0.8099999999999987,-0.020000000000000018,0.023743943685428093,0.6799999999999926,-0.34208642526616373
2014-09-17,0.0,0.0,-1.3899999999999988,0.0,-0.2257500386527056,2.049999999999997,-0.42607377652892353
2014-09-18,-0.05738146001128541,0.003292631953026747,-0.08000000000000007,0.020000000000000018,0.7465784110624263,-0.5799999999999983,-0.3191526023106128
2014-09-19,0.05738146001128541,0.003292631953026747,-0.620000000000001,0.009999999999999787,-0.44964844540151816,-1.2600000000000051,-1.588485707021814
2014-09-22,-0.05738146001128541,0.003292631953026747,0.08000000000000007,-0.040000000000000036,0.5676497611772469,-0.6399999999999864,-0.4084328225374634
2014-09-23,0.047180939775870456,0.0022260410781343148,1.58,-0.020000000000000018,-0.15342527571604592,-0.9700000000000131,-0.22200103794531856
2014-09-24,-0.047180939775870456,0.0022260410781343148,1.2400000000000002,-0.029999999999999805,-0.011804767896350654,0.09000000000000341,-0.2519799749392426
2014-09-25,0.05738146001128541,0.003292631953026747,-1.6600000000000001,0.029999999999999805,0.45960763743533306,2.049999999999997,-1.1202937642813104
2014-09-26,0.0,0.0,2.370000000000001,-0.04999999999999982,0.17620432927198948,-0.009999999999990905,0.24985741349086155
2014-09-29,0.0,0.0,-0.7900000000000009,0.020000000000000018,0.5151058578021228,1.9599999999999937,-0.01983339950966112
2014-09-30,0.0,0.0,1.1300000000000008,-0.040000000000000036,-0.05840454876704371,-1.019999999999996,-0.8632478322358139
2014-10-01,0.0,0.0,0.3299999999999983,0.020000000000000018,0.4080995648246599,-3.3599999999999994,-0.16352687653480302
2014-10-02,0.15475768849135818,0.023949942147188256,0.40000000000000213,-0.10000000000000009,0.03490056304142897,-0.4300000000000068,1.7333866667654796
2014-10-03,-0.15475768849135818,0.023949942147188256,-0.5500000000000007,0.020000000000000018,-0.43131470635193736,0.28000000000000114,0.5548613582374351
2014-10-06,0.2724186033480791,0.07421189545011805,-1.6099999999999994,0.010000000000000231,1.2653299721030464,-1.259999999999991,-0.18134148621298252
2014-10-07,-0.2724186033480791,0.07421189545011805,0.9100000000000001,-0.020000000000000018,-1.1369070813934457,0.5699999999999932,0.46820154536160175
2014-10-08,0.17830094934172536,0.03179122853616051,1.7399999999999984,-0.07000000000000028,-0.04668096264994759,-1.4399999999999977,-0.05535205676530097
2014-10-09,-0.10406583272395409,0.010829697540529993,-2.09,-0.009999999999999787,-0.43281943282096336,-1.5999999999999943,0.5165116165769312
2014-10-10,0.009859513933818675,9.72100150111646e-05,3.650000000000002,-0.010000000000000231,0.2575737189194349,-1.5300000000000011,1.14047627904581
2014-10-13,-0.14147609056287536,0.02001548420095491,2.479999999999997,-0.029999999999999805,0.45500518136512014,0.10999999999999943,-1.065981142076211
2014-10-14,0.15283673585990698,0.023359067828310976,3.400000000000002,0.0,-0.5602948541481467,-0.14000000000000057,-0.5682110195065704
2014-10-15,0.1167914344147647,0.013640239152658284,-1.8500000000000014,-0.10000000000000009,0.455474527162103,-4.010000000000005,-1.38197788008938
2014-10-16,-0.021244954403343286,0.0004513480876001353,3.460000000000001,-0.06000000000000005,-0.78376509787903,0.09999999999999432,-0.2479176200398392
2014-10-17,0.021244954403343286,0.0004513480876001353,-1.0500000000000007,0.020000000000000018,-0.17631685382735185,0.5100000000000051,-2.8739829081526835
2014-10-20,-0.12815207971179632,0.0164229555344586,-3.210000000000001,0.050000000000000266,0.22328282227990215,0.46999999999999886,-0.3224020874414535
2014-10-21,0.21317706092069955,0.04544445930278765,-3.419999999999998,-0.020000000000000018,-0.282127251934039,-0.03999999999999204,0.6743205744236036
2014-10-22,-0.08502498120890323,0.007229247429574347,-2.490000000000002,0.029999999999999805,0.4228840108773113,0.4899999999999949,1.901233105376221
2014-10-23,0.08502498120890323,0.007229247429574347,1.7900000000000027,0.020000000000000018,0.5027783952067821,-2.730000000000004,0.17302481565524275
2014-10-24,-0.07190084246175843,0.005169731146710604,-1.3399999999999999,0.040000000000000036,0.11656194057874103,2.2900000000000063,-1.3488389785827337
2014-10-27,0.1782838312182733,0.03178512447386576,-0.4200000000000017,0.0,-0.12821938126936772,-1.5400000000000063,-0.34091709249386426
2014-10-28,-0.03192678151950901,0.0010193193781944617,-0.07000000000000028,-0.020000000000000018,-0.2686485904995095,-0.009999999999990905,-1.8272125935699712
2014-10-29,-0.1698892300638022,0.028862350491671507,-1.6499999999999986,0.029999999999999805,-0.1053143107838217,0.09999999999999432,0.4003682545151044
2014-10-30,-0.11774403809390321,0.013863658506658532,0.7599999999999998,0.040000000000000036,0.6302463487782184,0.8900000000000006,1.3744223578254555
2014-10-31,0.1648028624916975,0.027159983485457357,-0.6300000000000008,-0.020000000000000018,0.23242843631647858,-1.1899999999999977,-0.34905232247375295
2014-11-03,0.07054674013922124,0.004976842544270809,-0.4900000000000002,0.03000000000000025,0.8437843886287766,-0.5300000000000011,1.9664829720599464
2014-11-04,-0.09407338417197764,0.008849801609568492,0.7000000000000011,0.009999999999999787,0.4937151288100239,-1.7600000000000051,0.38372458815389976
2014-11-05,-0.10358304047777267,0.010729446274619891,0.16000000000000014,-0.009999999999999787,-0.37867300964045114,-1.6199999999999903,-0.7923206720706233
2014-11-06,0.28186687169604596,0.07944893335971524,-0.7200000000000006,0.009999999999999787,0.5274626025407514,1.559999999999988,-0.23088516196105857
2014-11-07,0.042584904295139836,0.0018134740738262193,-0.5,0.03000000000000025,0.6497596869093236,-0.8399999999999892,0.1406022694513176
2014-11-10,-0.5272198647038095,0.27796078573830324,-0.5500000000000007,-0.07000000000000028,-0.4212960895345397,0.8399999999999892,0.7897145436860598
2014-11-11,0.40042451336237406,0.16033979090149408,-0.4499999999999993,0.06000000000000005,0.19378538056589178,-1.279999999999987,-0.07802708101465328
2014-11-12,0.1267953513414355,0.01607706112179807,0.25,0.0,-0.31937837703859273,0.4199999999999875,0.3498159160596259
2014-11-13,0.13852631550825834,0.019189540088293534,0.09999999999999964,-0.009999999999999787,0.3307683860321653,-0.6899999999999977,-0.036416606374789495
2014-11-14,0.0,0.0,0.7699999999999996,-0.020000000000000018,-0.1709516943824596,-3.030000000000001,-0.14082525915570798
2014-11-17,0.09601536983421255,0.009218951244400614,-0.47999999999999865,-0.03000000000000025,-0.1598166916497057,1.7800000000000011,-0.465302620948016
2014-11-18,0.20300236684569484,0.04120996094495406,0.6799999999999997,0.020000000000000018,0.45594690633423696,-0.269999999999996,0.09489799178821201
2014-11-19,-0.517335877399816,0.26763641004503747,-0.13000000000000078,-0.020000000000000018,-0.39883645811018553,-1.0900000000000034,-1.117834896569292
2014-11-20,0.07046389017340005,0.004965159818368984,0.10000000000000142,0.040000000000000036,0.07989464955402426,0.0,-0.9978097330365365
2014-11-21,0.23452168347475322,0.05500042001983234,-0.3800000000000008,-0.020000000000000018,-0.06848344106940019,1.0799999999999983,0.8411873545473902
2014-11-24,0.05205104420600293,0.002709311202935271,-0.6799999999999997,-0.029999999999999805,0.8186529469524473,0.8900000000000006,-0.8955915450118646
2014-11-25,0.06500386790708745,0.004225502842882074,-0.28000000000000114,-0.010000000000000231,-0.1813397680940021,-0.7800000000000011,-0.9397280745704784
2014-11-26,0.04678362658427915,0.0021887077163772707,-0.3699999999999992,-0.029999999999999805,-0.2612636884913755,-1.6999999999999886,0.5785507904505494
2014-11-28,-0.1117874944913666,0.012496443924657319,-0.17999999999999972,-0.029999999999999805,-0.35321356240318735,-0.3400000000000034,-1.6989091434911785
2014-12-01,0.1585492442329084,0.025137862846826436,1.2599999999999998,-0.06000000000000005,0.852423181451023,-7.760000000000005,-1.6558814226149465
2014-12-02,-0.09354537632582094,0.008750737431939461,0.9599999999999991,0.040000000000000036,-0.46509489746862087,3.0400000000000063,0.25207356969438877
2014-12-03,-0.02228251726261732,0.0004965105755588388,-1.4399999999999995,0.05999999999999961,0.7927613247828091,-1.990000000000009,0.24968362950357204
2014-12-04,-0.10676917520786589,0.011399656774567963,-0.379999999999999,0.010000000000000231,0.34907704782094484,0.3100000000000023,0.95254628701964
2014-12-05,-0.15211062958258026,0.02313764363200894,-0.08999999999999986,-0.040000000000000036,-0.2926965300676265,-0.5699999999999932,0.6069768734897174
2014-12-08,-0.04693733951448564,0.0022031138406980954,-0.5600000000000005,0.06000000000000005,0.7077543301246436,-0.8400000000000034,0.06567917687752
2014-12-09,0.1876173158226635,0.03520025719650106,2.3900000000000006,-0.050000000000000266,-0.32516809619007603,-2.759999999999998,-1.2308489593781502
2014-12-10,0.11819982848226829,0.013971199453237642,0.6799999999999997,-0.03999999999999959,-0.39385463337184845,0.6099999999999994,-2.9052877905875185
2014-12-11,0.0,0.0,3.6400000000000006,-0.040000000000000036,-0.4746909913921904,-2.75,0.3379778498135977
2014-12-12,0.11757790890118969,0.013824564661576461,1.5499999999999972,0.009999999999999787,0.4408609620146109,-0.980000000000004,-1.2788036638177402
2014-12-15,0.0,0.0,1.0,-0.08999999999999986,-0.3389485162526462,-2.1999999999999957,0.6920066744174669
2014-12-16,-0.14210091554467397,0.020192670198634563,-0.6599999999999966,0.020000000000000018,0.11310766310899112,-1.8500000000000014,-1.0890783410713922
2014-12-17,0.0468055239061016,0.002190757068124648,3.1499999999999986,-0.050000000000000266,-0.3737496144112562,0.00999999999999801,-2.36191466564728
2014-12-18,0.0,0.0,-4.129999999999999,0.07000000000000028,1.1282981380715817,0.46000000000000085,-3.212853238592217
2014-12-19,0.09529539163857237,0.009081211667548888,-2.6300000000000026,0.08000000000000007,0.12333982991297177,-2.25,1.9548330935107217
2014-12-22,-0.010694615271411578,0.00011437479580350975,-0.3200000000000003,-0.050000000000000266,0.4025957324691909,2.729999999999997,-1.0194660065189431
2014-12-23,-0.10800079987394184,0.011664172773411237,-1.2399999999999984,0.0,0.1895503422783662,-1.6599999999999966,2.72496424473756
2014-12-24,0.11869541514535342,0.014088601576527795,-0.4499999999999993,0.08999999999999986,0.3225281390991874,1.5300000000000011,0.06323111181272267
2014-12-26,0.0,0.0,-0.4300000000000015,0.010000000000000231,-0.09997927678435659,-1.0799999999999983,0.28960774706572323
2014-12-29,-0.16029925954565982,0.02569585261088681,0.13000000000000078,-0.020000000000000018,0.06666395646188761,-1.1099999999999994,-1.1316197229736424
2014-12-30,0.18169192194399386,0.03301195449970236,0.5600000000000005,-0.029999999999999805,0.1775648685668152,-1.1300000000000026,-0.12944985626459626
2014-12-31,-0.11668805403690641,0.01361610195491999,0.8599999999999994,-0.020000000000000018,-0.22200539398795627,0.6799999999999997,0.9138115446489792
2015-01-02,0.09529539163857237,0.009081211667548888,3.2799999999999994,-0.03000000000000025,0.3106612815038545,-0.6899999999999977,1.4882106274423101
2015-01-05,0.0,0.0,-1.4100000000000001,-0.04999999999999982,0.893311917698103,-0.730000000000004,0.0
2015-01-06,0.13840417721606713,0.019155716270856514,2.1300000000000026,-0.08000000000000007,0.32883447790714726,-2.6700000000000017,-0.21649795627869395
2015-01-07,0.0,0.0,1.1999999999999993,-0.07000000000000006,0.1312366203059412,-2.0700000000000003,0.9523794463102142
2015-01-08,-0.13840417721606713,0.019155716270856514,-1.8100000000000023,-0.010000000000000009,0.42532305891196387,0.7100000000000009,0.433871662997376
2015-01-09,-0.08552491434290488,0.007314510973361217,-2.299999999999997,0.06999999999999984,0.5210077468490226,0.10999999999999943,0.2568928252637548
2015-01-12,-0.11747745250278996,0.01380095184654527,0.5399999999999991,-0.04999999999999982,-0.4666063406661536,-0.44999999999999574,2.8955014256479394
2015-01-13,-0.14999493618113036,0.022498480879981367,2.0500000000000007,-0.06000000000000005,0.043498167569566704,-2.289999999999999,0.8024167873964316
2015-01-14,0.12865021891776962,0.01655087882759005,0.9599999999999973,-0.010000000000000009,0.35812529460335085,-0.14000000000000057,1.0875319322302346
2015-01-15,0.021344717263360735,0.0004555969550528098,0.9200000000000017,-0.04999999999999982,-0.1626214870142917,2.5700000000000003,-0.6202454210080255
2015-01-16,-0.14999493618113036,0.022498480879981367,0.9100000000000001,-0.09000000000000008,0.20594534384565932,-2.1200000000000045,0.12643430997982819
2015-01-20,0.21405643741108094,0.04582015839712401,-1.4400000000000013,0.06000000000000005,0.18391109574418252,2.1200000000000045,-0.5084389071107864
2015-01-21,0.10686045043382109,0.011419155866919132,-1.0599999999999987,-0.010000000000000009,0.5712214805317473,-1.7000000000000028,-0.45160185902641814
2015-01-22,-0.10686045043382109,0.011419155866919132,-1.0399999999999991,0.050000000000000044,-0.1613353640472326,1.0600000000000023,-0.5432224618730608
2015-01-23,-0.19060152936400954,0.03632894299589939,-2.450000000000003,0.029999999999999805,1.4321034990541825,-1.9200000000000017,0.9478412426435767
2015-01-26,0.12654002813405896,0.016012378720168433,0.26000000000000156,-0.08999999999999986,0.8032194365244827,-0.6700000000000017,1.355343500690065
2015-01-27,-0.12654002813405896,0.016012378720168433,-1.1400000000000006,0.020000000000000018,-0.21074501480269348,-0.46000000000000085,-0.29922121687215864
2015-01-28,0.0,0.0,1.6999999999999993,0.0,-0.8261951560992742,1.0400000000000063,-0.23104653621812687
2015-01-29,0.12654002813405896,0.016012378720168433,3.2200000000000024,-0.10000000000000009,0.4774846811117506,-1.7600000000000051,0.76694613547863
2015-01-30,-0.021344717263360735,0.0004555969550528098,-1.6799999999999997,0.040000000000000036,0.327606695747118,0.03999999999999915,-0.08225939591897102
2015-02-02,-0.6507709280791474,0.4235028008329948,2.2099999999999973,-0.09000000000000008,0.02110377924040563,3.6700000000000017,-1.243816440840817
2015-02-03,-0.08964590470377232,0.008036388230157827,-1.5399999999999991,0.0,-0.31696069528166504,1.4600000000000009,-0.9943908043235972
2015-02-04,0.7404168327829197,0.54821708626829,-2.1000000000000014,0.1100000000000001,-0.9569467318276459,3.789999999999999,-2.2876582819349345
2015-02-05,-0.5093881814969947,0.2594763194488152,1.0,0.020000000000000018,0.4158003722515069,-4.589999999999996,0.7114032791365688
2015-02-06,-0.00941930015283532,8.872321536920347e-05,-1.4799999999999969,0.020000000000000018,0.7525597062564948,2.029999999999994,1.0136359404238071
2015-02-09,0.46546561235274453,0.21665823628291545,0.4399999999999977,0.11999999999999988,0.0,1.1799999999999997,1.2196769090104809
2015-02-10,0.032001707030815396,0.0010241092528861396,1.2600000000000016,0.010000000000000009,-0.2643406329811526,1.3300000000000054,-0.10107347856136428
2015-02-11,0.021340162266270113,0.00045540252555073877,-1.3200000000000003,0.04999999999999982,0.3276840197484532,-2.9299999999999997,0.168979283634485
2015-02-12,0.0,0.0,-0.2699999999999996,-0.009999999999999787,0.24241985789128506,-1.2600000000000051,1.2523081985437834
2015-02-13,-0.1990479690970659,0.0396200940016665,-1.620000000000001,-0.010000000000000009,-0.9519868315758018,2.3700000000000045,0.4989593952982929
2015-02-17,0.0,0.0,-0.6500000000000004,0.030000000000000027,0.11684170884089795,1.4899999999999949,0.4386009369217625
2015-02-18,0.15637219761810428,0.02445226418791546,1.1100000000000012,0.1200000000000001,-0.14872986246752262,0.9000000000000057,0.0
2015-02-19,0.0,0.0,-0.3500000000000014,-0.07000000000000028,0.14872986246752262,-1.4299999999999997,0.0
2015-02-20,0.0,0.0,-0.16000000000000014,0.040000000000000036,0.21209401296884423,-1.0100000000000051,0.0
2015-02-24,-0.2033315786173162,0.041343730863009846,-0.9899999999999984,0.020000000000000018,-0.15902629873059126,-1.1699999999999946,0.0
2015-02-25,0.3634597153148178,0.1321029646567284,-0.6100000000000012,-0.1399999999999999,0.25431598584084725,-1.470000000000006,1.6399762920137562
2015-02-26,-0.15231594185731723,0.02320014614388164,0.15000000000000036,-0.030000000000000027,-0.2967662843894381,1.7700000000000031,-0.721247904284894
2015-02-27,0.0668823612658187,0.004473250248491486,0.07000000000000028,0.06999999999999984,1.139855962526326,-2.6000000000000014,0.6827112898359466
2015-03-02,-0.13721409549773966,0.01882770800326282,-0.5700000000000003,-0.029999999999999805,-0.04198689610870332,2.190000000000005,-0.697898215609527
2015-03-03,0.13721409549773966,0.01882770800326282,-0.3000000000000007,0.08000000000000007,0.2202287980249018,-0.25,-0.31099492656245786
2015-03-04,-0.0668823612658187,0.004473250248491486,0.8200000000000003,0.040000000000000036,-0.08384179131866176,0.8399999999999963,1.008893142171985
2015-03-05,0.07028230346701747,0.004939602180629936,0.370000000000001,0.0,0.6166771275295524,1.1000000000000014,0.6131452410735427
2015-03-06,-0.14061403769893843,0.01977230759799848,-0.19000000000000128,-0.010000000000000231,0.4263027365590588,-0.7700000000000031,-0.5813095798377077
2015-03-09,0.16924313543409397,0.028643238891563075,1.1600000000000001,0.13000000000000034,1.2783735879685842,-1.1499999999999986,-0.4937535222549805
2015-03-10,0.032039301817299304,0.0010265168609399984,-0.1399999999999988,-0.040000000000000036,-0.030742696653263124,0.3400000000000034,-0.9353845654705317
2015-03-11,-0.032039301817299304,0.0010265168609399984,1.6300000000000008,-0.06000000000000005,1.049911701822026,-1.5300000000000011,0.20711322232545015
2015-03-12,-0.09891140120217301,0.009783465287777232,0.17999999999999972,-0.03000000000000025,1.1894105250020992,-0.35999999999999943,-0.5305232643810776
2015-03-13,0.11710974520315887,0.013714692421548791,-1.450000000000001,-0.009999999999999787,-0.6534343540748111,-0.9400000000000048,0.338703549991326
2015-03-16,0.42046312820307463,0.17678924217831518,0.5800000000000001,0.029999999999999805,1.1830900832436875,-2.239999999999995,-0.41374789789845323
2015-03-17,0.0,0.0,-0.39000000000000057,-0.029999999999999805,-0.7302621917358643,-0.9500000000000028,-0.9083959971797562
2015-03-18,0.11648224962943488,0.01356811447873398,0.05000000000000071,-0.040000000000000036,-0.010042809879440284,-0.5399999999999991,0.16515280384732378
2015-03-19,-0.09317494268312743,0.008681569944004082,-1.6899999999999995,-0.13000000000000012,-1.049765660636659,1.240000000000002,-0.5308343787669756
2015-03-20,0.2022719318127031,0.040913934399242805,0.09999999999999964,0.050000000000000044,0.5565361373254696,-0.6099999999999994,-0.8573315732424369
2015-03-23,0.12907391272456437,0.016660074946028457,-1.0500000000000007,-0.050000000000000044,-1.208069916978527,1.9799999999999969,0.29586335301354794
2015-03-24,0.07537012469853721,0.005680655697073049,0.39000000000000057,-0.010000000000000009,-0.9028530312261474,1.3999999999999986,-0.7938418944784864
2015-03-25,-0.31354102655267724,0.09830797533170665,0.20999999999999908,-0.040000000000000036,0.16476541787806553,-0.36999999999999744,-0.6079152884371553
2015-03-26,0.046554935663856156,0.002167362034665786,1.8200000000000003,0.050000000000000044,-0.2163044343405751,1.7199999999999989,-1.1521273176168911
2015-03-27,0.23467765272080499,0.05507360068654675,0.3600000000000012,0.07999999999999985,0.4732022725163709,2.6599999999999966,-0.8540097916802658
2015-03-30,-0.0951427463602883,0.009052142184978152,-0.7300000000000004,-0.05999999999999983,-0.15406106194406632,-2.5799999999999983,-0.8559253395670652
2015-03-31,0.20287815863380132,0.04115954725064185,-0.5600000000000005,0.010000000000000009,0.7067192074216244,-0.1700000000000017,-1.1362411480022594
2015-04-01,-0.133183650062918,0.017737884644081794,0.7799999999999994,-0.020000000000000018,0.38708130814297803,-0.9399999999999977,1.0836358227676257
2015-04-02,0.2842084899873143,0.08077446578086933,-0.17999999999999972,-0.06999999999999984,-0.1729821507973739,2.3999999999999986,-2.242213490324474
2015-04-06,-0.12177661763388414,0.014829544602349223,-0.4399999999999995,0.04999999999999982,-0.7667573028231622,-0.9899999999999949,1.4625960695523688
2015-04-07,0.1973746556855005,0.038956754706969875,0.07000000000000028,0.0,-0.3392466125649918,2.9499999999999957,-0.7120471992345223
2015-04-08,0.0,0.0,0.03999999999999915,-0.030000000000000027,0.738693429461712,1.8700000000000045,0.9421926942577485
2015-04-09,0.0,0.0,-0.7999999999999989,0.030000000000000027,0.24502091063771658,-3.510000000000005,-0.07117892674344262
2015-04-10,-0.1278416826673734,0.0163434958272254,-0.8900000000000006,0.050000000000000044,1.1053237805892735,0.3500000000000014,0.509907864729886
2015-04-13,0.0,0.0,-0.5099999999999998,-0.010000000000000009,0.23167547406321987,0.8400000000000034,0.6355550794355125
2015-04-14,-0.02317228604962196,0.0005369548407655045,1.3599999999999994,-0.020000000000000018,0.10056162905183186,0.3200000000000003,0.9896180694765278
2015-04-15,0.17262390937364813,0.029799014087441483,-0.2699999999999996,-0.040000000000000036,-0.7364429021954777,1.3499999999999943,-0.15560586572211932
2015-04-16,-0.04755730669465663,0.0022616974200496322,-0.8300000000000001,0.010000000000000009,-0.4363498693910728,2.950000000000003,1.0381424646485726
2015-04-17,-0.04965067201361251,0.002465189231403324,-0.2400000000000002,-0.010000000000000009,-0.9297677830664597,0.4399999999999977,0.6673871414159649
2015-04-20,-0.03238167225649846,0.0010485726981272821,1.290000000000001,-0.029999999999999805,0.10259411670618945,-0.9799999999999969,0.007038535987469174
2015-04-21,-0.1357771354483006,0.01843543051054617,-0.5899999999999999,0.029999999999999805,0.4297620451752415,0.6599999999999966,-0.5788115263084315
2015-04-22,0.13444912663018727,0.01807656765162013,-0.05000000000000071,0.020000000000000018,0.04083392701037525,-0.7899999999999991,-0.49677201019342476
2015-04-23,-0.11125534246030355,0.012377751225959422,-0.5399999999999991,0.07000000000000006,0.04080947621210029,0.5900000000000034,0.04801066995980818
2015-04-24,0.023188405901031217,0.0005377021682309794,-0.23000000000000043,-0.030000000000000027,-0.7578099564454988,0.4200000000000017,-0.22424726418659446
2015-04-27,0.12177661763388414,0.014829544602349223,-0.19000000000000128,-0.030000000000000027,-0.37075286136198926,-0.6100000000000065,0.802119613591934
2015-04-28,-0.19135797263878374,0.03661787369242551,0.8300000000000001,0.010000000000000009,-0.15488828528571474,-0.4199999999999946,-0.5974294695928251
2015-04-29,0.19135797263878374,0.03661787369242551,-0.7099999999999991,0.06000000000000005,-0.7051780025101095,1.4899999999999949,0.0
2015-04-30,-0.19135797263878374,0.03661787369242551,0.9800000000000004,0.06000000000000005,-1.014593292048982,1.5,0.0
2015-05-01,0.19135797263878374,0.03661787369242551,1.1600000000000001,-0.010000000000000231,-0.5481821329408554,1.0700000000000003,0.0
2015-05-04,0.040391841397457995,0.0016315008514774015,-1.8500000000000014,0.07000000000000028,0.737238275476404,-0.519999999999996,0.0
2015-05-05,0.21903971693078006,0.047978397593116257,0.15000000000000036,0.040000000000000036,0.18869939463304064,-0.17999999999999972,-3.1280767614835447
2015-05-06,-0.1264899648365514,0.015999711204352007,1.4600000000000009,0.029999999999999805,-0.3672488282644437,1.4600000000000009,1.3792316875344213
2015-05-07,0.2781364410383347,0.07735987983347102,0.8399999999999999,0.06000000000000005,-1.056757196595992,0.5499999999999972,-0.6080149408389524
2015-05-08,0.010840695983382886,0.00011752068940413385,-0.019999999999999574,-0.06999999999999984,0.5192122849977387,-1.9399999999999977,0.6677094154460939
2015-05-11,-0.01184070098343426,0.00014020219977910106,-2.2700000000000014,-0.020000000000000018,0.17950288929284852,0.4199999999999946,0.27630063898742563
2015-05-12,0.15287679704929502,0.02337131507605134,0.9900000000000002,0.11999999999999966,0.23182435794977252,-0.17999999999999972,-0.5134799472038765
2015-05-13,-0.03762957903816755,0.0014159852185896987,0.009999999999999787,0.0,-0.506494017902881,1.490000000000002,-1.324740196582841
2015-05-14,0.3219873987010402,0.10367588492226262,-0.09999999999999964,-0.009999999999999787,-0.9673166314418502,-0.21999999999999886,-0.2924866189337294
2015-05-15,-0.03434410173817071,0.0011795173242018203,-1.0199999999999996,-0.040000000000000036,-0.2781070693567145,-0.6099999999999994,0.1601458221164087
2015-05-18,-0.011590671692474075,0.00013434367028271983,-0.35999999999999943,-0.08999999999999986,-0.23592635147373642,-0.1600000000000037,-1.1562105622886953
2015-05-19,0.06889425005542904,0.004746417690699984,0.34999999999999964,0.08999999999999986,1.1210313753564627,-0.28999999999999915,-1.5923216431199094
2015-05-20,0.1497019975458258,0.022410688069210434,0.11999999999999922,0.040000000000000036,1.1400885727947951,-2.1400000000000006,1.4768933354776692
2015-05-21,-0.12674779108667877,0.016065002545352366,0.030000000000001137,-0.010000000000000231,0.18875877167490174,1.6600000000000037,2.4437237093852815
2015-05-22,-0.06887843229499424,0.0047442384354161055,-0.7700000000000014,-0.06999999999999984,-0.19925004014611503,1.2199999999999989,0.4461944899304626
2015-05-26,0.261085531850469,0.06816565494164227,0.02000000000000135,0.020000000000000018,0.7842357161639057,-1.2999999999999972,1.6619489113366193
2015-05-27,-0.065459308468796,0.0042849210652129875,1.9299999999999997,-0.06999999999999984,1.3346645596760354,-1.5900000000000034,0.9530461323834061
2015-05-28,0.0,0.0,-0.7900000000000009,0.0,0.07191626419711383,0.21999999999999886,-0.12701998743995802
2015-05-29,-0.12674779108667877,0.016065002545352366,0.040000000000000924,-0.010000000000000231,-0.41165182934301825,0.17999999999999972,1.1391583979654563
2015-06-01,0.15947208916990974,0.025431347224215643,0.5299999999999994,-0.009999999999999787,-0.06189143696921917,2.5600000000000023,-0.5969226410378781
2015-06-02,-0.13652315045771246,0.018638570610899192,0.13000000000000078,0.06999999999999984,0.49407791707967164,-0.00999999999999801,0.9471124670931808
2015-06-03,0.13652315045771246,0.018638570610899192,0.2699999999999996,0.08000000000000007,-1.6043433549540076,1.0599999999999952,-0.815518494406664
2015-06-04,-0.13652315045771246,0.018638570610899192,-0.5800000000000001,0.10999999999999988,-0.3868021360291074,-1.6299999999999955,-0.4234725756272262
2015-06-05,0.11470576191250359,0.01315741181592796,1.0500000000000007,-0.06999999999999984,-0.010477280913079312,-1.6700000000000017,0.19175123960648577
2015-06-08,0.010908099274509198,0.00011898662978254808,-0.5,0.10000000000000009,0.8864828236255562,1.1099999999999994,1.583210932646928
2015-06-09,-0.04362525971686182,0.0019031632853636466,1.0799999999999983,-0.020000000000000018,-1.0542287540516782,-0.9600000000000009,0.3039988523057424
2015-06-10,-0.010903341885182272,0.0001188828642651701,-0.8199999999999985,0.029999999999999805,-0.13650958383770728,2.0,-0.9287080524792657
2015-06-11,-0.2548244017685164,0.06493547573668226,-1.25,0.08000000000000007,-0.547885306781204,1.2100000000000009,-0.06442794305945299
2015-06-12,0.24392224858260647,0.059498063353594866,-0.370000000000001,-0.10999999999999988,0.3480484687949925,-0.6199999999999974,1.2033214495291489
2015-06-15,-0.12904572819518734,0.01665279996542617,0.9299999999999997,0.0,-0.010531335613261916,-0.7800000000000011,0.2887145623717835
2015-06-16,0.13994788138109726,0.01958540950305767,1.6100000000000012,-0.03000000000000025,-0.16862019290728725,-0.4299999999999997,0.6414609622730438
2015-06-17,0.0,0.0,-0.5800000000000001,-0.040000000000000036,0.20020284211872408,0.4799999999999969,-1.0507197100698917
2015-06-18,-0.09403419829716597,0.008842430449390731,-0.3100000000000005,0.0,-0.739566959890503,-0.11999999999999744,-0.2553442494336089
2015-06-19,0.10493754018234824,0.011011887339521952,-1.3100000000000005,0.03000000000000025,-0.2760988594257441,0.519999999999996,0.2553442494336089
2015-06-22,-0.12789174664149527,0.01635629885901242,0.7700000000000014,-0.0900000000000003,0.05314986899502827,-0.7899999999999991,0.7467525366992689
2015-06-23,0.12789174664149527,0.01635629885901242,-1.2200000000000006,0.11000000000000032,0.25475599755928613,0.39000000000000057,1.5915095247144961
2015-06-24,-0.16462943992756607,0.027102852490864086,-0.6300000000000008,0.04999999999999982,1.159370555414263,1.0399999999999991,-0.17015545528140663
2015-06-25,0.2409861384833789,0.05807431894113028,1.1500000000000004,-0.040000000000000036,-0.17829798290875942,-1.0399999999999991,-0.5156001245640418
2015-06-26,-0.03273143883895102,0.0010713470884679915,0.75,0.020000000000000018,-0.07350978870457325,-0.4199999999999946,-0.34464936790268297
2015-06-29,-0.020116523236879402,0.00040467450713990895,0.009999999999999787,0.0900000000000003,0.2937154885259474,-0.18000000000000682,-1.0669138768887088
2015-06-30,-0.05044136298621993,0.0025443310999075978,4.830000000000002,-0.16000000000000014,-0.7148146672760092,-1.0699999999999932,1.7043446211691737
2015-07-01,-0.10095912013525776,0.01019274393848541,-0.620000000000001,0.020000000000000018,0.7357579467432984,1.1399999999999935,0.2194464081191505
2015-07-02,0.12789174664149527,0.01635629885901242,-2.1400000000000006,0.08000000000000007,0.8550622632451876,-2.539999999999999,-0.2617029056843023
2015-07-06,-0.054456825037796364,0.002965545793197165,0.6999999999999993,-0.03000000000000025,-0.2078755037570268,-0.00999999999999801,2.3723130568460427
2015-07-07,-0.027531776432354604,0.0007579987135211564,0.22000000000000242,-0.10000000000000009,0.19749753084470356,-4.450000000000003,3.1718773812033696
2015-07-08,0.11470576191250359,0.01315741181592796,-0.9200000000000017,-0.029999999999999805,0.5901551297379015,-0.14999999999999858,0.8044711204710175
2015-07-09,-0.010906909538022092,0.00011896067567059727,3.5700000000000003,-0.04999999999999982,-0.6005421031357372,-0.7199999999999989,-1.13289442450899
2015-07-10,0.0,0.0,0.3099999999999987,0.09999999999999964,0.33177810868902924,1.1499999999999986,-0.17185032375817144
2015-07-13,-0.01090572006106072,0.00011893473005022223,-3.1400000000000006,0.10000000000000009,-0.6021631908907921,-0.01999999999999602,0.8292160401691895
2015-07-14,-0.014906110905421599,0.00022219214232472873,-2.929999999999998,0.020000000000000018,0.8606013338265939,-0.5500000000000043,1.0750575260715323
2015-07-15,0.02581183096648232,0.0006662506178422555,-0.5300000000000011,-0.029999999999999805,-0.2273915405680782,0.8599999999999994,0.7275616458712442
2015-07-16,-0.016640884518359655,0.00027691903755338204,-0.1399999999999988,-0.050000000000000266,0.5057531266076332,-1.6499999999999986,-1.2287682763432173
2015-07-17,0.027547794056381747,0.0007588809573728215,-1.120000000000001,0.0,0.5441836995216498,-0.5,-0.6344482598739098
2015-07-20,0.0045438967633870675,2.0646997796319468e-05,-0.16000000000000014,-0.020000000000000018,0.20457959658912728,-0.01999999999999602,0.2755810048142848
2015-07-21,0.017273491781821804,0.0002983735183366654,0.3000000000000007,0.040000000000000036,0.17356497233276258,-0.7700000000000031,-1.2952781619305576
2015-07-22,-0.0264414954553871,0.0006991526819172566,-0.02999999999999936,-0.029999999999999805,-0.7166256570040552,0.480000000000004,-0.6353333418709362
2015-07-23,0.0264414954553871,0.0006991526819172566,-0.10000000000000142,-0.020000000000000018,0.27701925337897393,-1.3200000000000003,2.12449625082618
2015-07-24,-0.05395055069286059,0.00291066192006292,0.5200000000000014,-0.050000000000000266,-0.49301221935609263,-1.1600000000000037,0.34235210081758893
2015-07-27,0.06486103021909884,0.004206953241082853,1.0999999999999996,-0.009999999999999787,0.12347718878018554,-0.13000000000000256,-0.11873947582365929
2015-07-28,-0.041936292033817324,0.0017586525895456103,1.8599999999999994,-0.040000000000000036,-0.7639119134342565,-0.8099999999999952,0.6631324035381247
2015-07-29,0.009168423954264426,8.405999780512974e-05,-2.16,0.029999999999999805,0.27939858580934285,0.7999999999999972,-0.6298711359772113
2015-07-30,0.02185738855331465,0.0004777454343705703,-0.9399999999999995,0.03000000000000025,0.21678120888717345,0.8000000000000043,-1.077890022433614
2015-07-31,-0.031025812507579076,0.0009626010417554502,-0.3699999999999992,-0.010000000000000231,0.5962742031149659,-0.240000000000002,0.29889654386368036
2015-08-03,-0.027510316542134206,0.0007568175162484229,-0.010000000000001563,-0.07999999999999963,-0.19493651247080024,-1.4200000000000017,-0.8832804314447884
2015-08-04,0.009170946448122663,8.41062587543337e-05,0.4400000000000013,-0.040000000000000036,0.12316035305293127,-1.8599999999999994,-1.883796858644704
2015-08-05,0.013754842872515383,0.00018919570244758723,0.4399999999999995,0.06999999999999984,0.45031541200915015,0.5,-1.439420669988678
2015-08-06,-0.041270205790411296,0.001703229885982898,-0.4900000000000002,0.04999999999999982,0.030628188906867138,-0.6199999999999974,1.0465057754465157
2015-08-07,0.06597125624878686,0.004352206651043099,1.2599999999999998,-0.04999999999999982,-0.1327925552000231,-0.44000000000000483,-0.9999090030939684
2015-08-10,-0.024701050458375562,0.0006101418937472156,-0.379999999999999,-0.04999999999999982,-0.27637488629812523,-0.8200000000000003,0.45152799157079926
2015-08-11,0.09017464511504869,0.008131466621624974,-1.1600000000000001,0.06000000000000005,-0.4108406497550732,1.0700000000000003,1.7680980016817394
2015-08-12,0.849827713324558,0.722207142334447,1.4800000000000004,-0.0900000000000003,0.13370765721241185,-1.8299999999999983,-0.24112493150347802
2015-08-13,0.29024963687351857,0.08424485170520939,-0.10000000000000142,-0.009999999999999787,-1.0643332330368516,0.10999999999999943,-1.4475028673203383
2015-08-14,0.0633799649991218,0.004017019963289904,-0.11999999999999922,0.04999999999999982,0.19718216436501734,-0.9499999999999957,-1.6654535972105755
2015-08-17,0.004552103606592084,2.072164724514866e-05,-0.6600000000000001,0.010000000000000231,0.12434231077653735,0.17999999999999972,-0.8839817892503099
2015-08-18,-0.05434726545132662,0.00295362526203696,0.1899999999999995,-0.040000000000000036,0.2585450540881773,-0.5200000000000031,-2.732965357956463
2015-08-19,1.3106870988286445,1.717900671035849,0.7699999999999996,0.040000000000000036,0.15480835453596242,0.6499999999999986,1.2259879404290963
2015-08-20,0.08954556228530919,0.008018407724992188,1.4600000000000009,-0.08000000000000007,-0.5273259755354864,-1.8299999999999983,-0.4144940478921555
2015-08-21,0.4080861944601111,0.16653434210893558,3.8900000000000006,-0.03000000000000025,-0.7387777088806224,0.25,-1.9449984487329708
2015-08-24,0.2132196969840905,0.04546263918198737,8.89,-0.040000000000000036,-0.9654793856307187,-0.5499999999999972,-1.8504699917810896
2015-08-25,0.0,0.0,12.71,-0.040000000000000036,-1.6158577122983075,-2.230000000000004,-5.424000468669377
2015-08-26,0.04158064355159752,0.0017289499181650082,-4.719999999999999,0.11000000000000032,1.298997444243355,0.9299999999999997,0.5771557590541931
2015-08-27,-0.050455726761278186,0.0025457803630087638,-5.700000000000003,0.06000000000000005,0.601172198245159,-0.6499999999999986,2.957822026150403
2015-08-28,-0.32893304316772287,0.10819694688757904,-4.219999999999999,0.0,0.5348469974767234,3.969999999999999,1.800901898343099
2015-08-31,0.08900757151923955,0.007922347787752543,-0.05000000000000071,0.009999999999999787,0.5215951704626853,2.8200000000000003,2.673500375199467
2015-09-01,-0.022244466780563243,0.0004948163023515816,2.379999999999999,0.020000000000000018,-0.16661845377452522,3.9100000000000037,-1.0778357633912883
2015-09-02,0.0,0.0,2.969999999999999,-0.040000000000000036,-0.522467244856184,-3.8200000000000003,-0.4329856107077923
2015-09-03,-0.0667631047386763,0.0044573121543474625,-5.309999999999999,0.03000000000000025,0.3973289263554669,0.9199999999999946,0.0
2015-09-04,0.0642506363014661,0.004128144265143274,-0.4800000000000004,-0.020000000000000018,0.6034161198042121,0.45000000000000284,-1.4347242815276218
2015-09-08,0.04495897569256613,0.002021309495324752,2.1900000000000013,-0.050000000000000266,-0.18687744082450664,-0.7299999999999969,0.45180122032917325
2015-09-09,-0.06469592330002882,0.0041855624916432126,-2.900000000000002,0.07000000000000028,-0.36438133326432975,-0.10000000000000142,1.7641285965418696
2015-09-10,0.019736947607462696,0.00038954710085972743,1.3300000000000018,0.009999999999999787,0.13549940394694815,-1.7899999999999991,0.9867865790702979
2015-09-11,0.24692987708405667,0.06097436419674734,-1.8599999999999994,0.020000000000000018,-0.5745072972556109,1.7199999999999989,-0.0471858870526809
2015-09-14,-0.17948383136179302,0.03221444572030856,-1.1700000000000017,-0.029999999999999805,-0.2832382076128681,-1.1000000000000014,-0.9360716746721565
2015-09-15,0.05957175250745905,0.003548793696809954,1.0500000000000007,-0.020000000000000018,0.0630094095879663,-0.6799999999999997,-0.8096349512239698
2015-09-16,-0.11115805595345307,0.012356113403351004,-1.7100000000000009,0.09999999999999964,0.3772409474307459,0.509999999999998,0.1954791637541753
2015-09-17,0.14158518453477598,0.020046364479746566,-1.1899999999999977,0.020000000000000018,-0.19892425825789317,2.539999999999999,0.1525634498507955
2015-09-18,-0.2306006791075177,0.05317667320484835,-0.21000000000000085,-0.08999999999999986,-0.9159353517417479,-0.18999999999999773,-0.29291435008280686
2015-09-21,0.06191916595952307,0.0038339831131229607,1.1400000000000006,-0.08000000000000007,0.3273299502549065,-2.219999999999999,0.6680098906338472
2015-09-22,0.03371354754637679,0.0011366032881618084,-2.1400000000000006,0.07000000000000028,1.0799567916796704,1.9600000000000009,1.0313082789455308
2015-09-23,-0.006617218933158142,4.3787586409346584e-05,2.3000000000000007,-0.06000000000000005,0.4058905435726068,-0.5,0.18859363673175977
2015-09-24,0.06283173500118977,0.003947826923259736,-0.3100000000000023,0.020000000000000018,-0.21835109911441108,-1.6400000000000006,-0.08377548660876144
2015-09-25,0.0,0.0,1.3399999999999999,-0.03000000000000025,-0.08330921243233647,0.4099999999999966,-0.43220799234315876
2015-09-28,-0.05621451606803163,0.003160071816762986,0.15000000000000213,0.040000000000000036,0.2912711799162082,0.6099999999999994,0.022794420725880116
2015-09-29,0.03372491741249206,0.0011373700544794103,4.009999999999998,-0.06999999999999984,-0.24960789816921292,-1.1499999999999986,-0.9689486163664718
2015-09-30,-0.03372491741249206,0.0011373700544794103,-0.8000000000000007,-0.050000000000000266,-0.14589351377285453,0.8400000000000034,-0.6553790097918011
2015-10-01,-0.0377636295610273,0.001426091717622495,-2.3299999999999983,0.010000000000000231,0.4785684223074682,-0.17999999999999972,0.2580462889588908
2015-10-02,-0.004450279255863165,1.980498545516601e-05,-1.9499999999999993,-0.010000000000000231,-0.1661951477936796,-0.3100000000000023,0.15983238764638585
2015-10-05,0.042213908816890466,0.0017820140976007428,-1.6099999999999994,-0.05999999999999983,-0.37496200826128145,0.7899999999999991,-0.2185016635191772
2015-10-06,-0.10110656368809146,0.010222537220814093,-1.4000000000000021,0.07999999999999985,0.2917567722752423,0.740000000000002,1.3583061587561396
2015-10-07,0.04554062868145081,0.00207394886070178,-0.14000000000000057,-0.020000000000000018,-0.6786073198685294,2.25,1.9613410909475881
2015-10-08,-0.23624123053167523,0.05580991900312012,-1.0,0.03000000000000025,0.041894549962506744,-0.6700000000000017,-0.2963322465499907
2015-10-09,-0.9908229789431289,0.981730175601736,-0.9799999999999969,0.040000000000000036,-0.18865984577356443,1.6000000000000014,1.236351325249263
2015-10-12,0.7333937696788695,0.5378664214037827,-0.3400000000000034,0.0,-0.5364785849595322,0.21000000000000085,0.21109984005551752
2015-10-13,0.12355563857457952,0.015265995823572123,-0.9099999999999966,0.0,0.03163594042971951,-2.5799999999999983,0.6914578612110311
2015-10-14,0.05545537365030384,0.0030752984666948136,1.5,-0.06000000000000005,-0.08438207494769756,-0.39000000000000057,-0.2130286365330747
2015-10-15,-0.05545537365030384,0.0030752984666948136,0.35999999999999943,-0.07000000000000006,-0.879757457877961,-0.07000000000000028,-0.14566151522794613
2015-10-16,-0.6633820831902781,0.4400757882978731,-1.9800000000000004,0.050000000000000044,0.4673427882245562,-0.25,0.409344437352388
2015-10-19,0.33882135181322326,0.11479990844454001,-1.0,0.0,0.17997799114715107,0.9199999999999946,0.10460428481611217
2015-10-20,0.11161961199075421,0.01245893778096652,-0.07000000000000028,0.0,0.44327056111121976,-1.3900000000000006,0.26776032096975655
2015-10-21,-0.1450812151137626,0.021048558978885856,0.7699999999999996,0.040000000000000036,-0.115906036648461,-0.06999999999999318,-0.7020770404212229
2015-10-22,-0.12563288507028147,0.015783621811082553,0.9499999999999993,-0.040000000000000036,0.21064207475669505,-0.6200000000000045,-0.035572419892471174
2015-10-23,0.1702508445388773,0.02898535006620096,-2.25,0.0,1.3480462148423022,-0.3200000000000003,0.8166616440677288
2015-10-26,-0.07153858274318026,0.005117768820902848,0.010000000000001563,0.04999999999999982,0.7548801390532489,-0.990000000000002,1.1129608039128769
2015-10-27,0.07153858274318026,0.005117768820902848,0.8299999999999983,-0.020000000000000018,-0.21657213037995504,-0.7199999999999989,-0.5215157402602699
2015-10-28,-0.044633959469742024,0.0019921903379465735,0.14000000000000057,-0.020000000000000018,0.05161072587629434,0.020000000000003126,-0.028403157953782454
2015-10-29,0.040343367425244026,0.0016275872952082407,-1.0999999999999996,0.050000000000000266,0.8937294131095008,2.719999999999999,-0.3682998772593038
2015-10-30,-0.01792837618541654,0.0003214266726458109,0.27999999999999936,0.08999999999999986,-0.5126638996808985,0.09000000000000341,1.4915711340762527
2015-11-02,0.011062611884327112,0.00012238138170325545,0.46000000000000085,-0.029999999999999805,-0.3398055458496252,0.5799999999999983,0.3579178631450297
2015-11-03,0.03347280365986194,0.0011204285848516668,-0.9199999999999999,0.040000000000000036,-0.020627855808363904,-0.480000000000004,-0.761905299569765
2015-11-04,-0.03108883207669777,0.0009665154798931122,0.3899999999999988,0.029999999999999805,0.2370070172573513,1.7600000000000051,1.4739206447889508
2015-11-05,0.004481792717925259,2.008646596644788e-05,0.9700000000000006,0.020000000000000018,0.8097971408763449,-1.5600000000000023,-0.18162336970650728
2015-11-06,0.19252731550860602,0.037066767216950326,-0.4599999999999991,0.009999999999999787,-0.010204203252683897,-1.0499999999999972,0.7472827609277033
2015-11-09,0.28586762365616636,0.08172029825482356,-0.7200000000000006,0.08000000000000007,1.2379672896565275,-0.9500000000000028,-0.4594563046174116
2015-11-10,-0.13389870333515574,0.017928862754836048,2.1899999999999995,0.020000000000000018,-0.18169006592954062,-0.45000000000000284,-0.27800053880735476
2015-11-11,0.006260195946339309,3.919005328656311e-05,-1.2300000000000004,-0.040000000000000036,0.31270268272329815,0.35999999999999943,-0.8865700006973398
2015-11-12,0.05599417806863016,0.003135347977581463,0.7699999999999996,0.0,-0.2823993555914228,-1.279999999999994,-0.28788901418952406
2015-11-13,0.06723442655776068,0.004520468114550915,2.3100000000000023,0.0,-0.364262877410404,-1.2100000000000009,0.3390927151884604
2015-11-16,0.12338064489281209,0.015222783534166198,1.7099999999999973,-0.040000000000000036,0.3440565415225194,-1.0500000000000043,0.9352083611377182
2015-11-17,0.1460100220088023,0.021318926527010933,-1.9199999999999982,-0.009999999999999787,0.45356584025553204,0.990000000000002,-0.3375724233464439
2015-11-18,-0.22038767532883696,0.04857072743684885,0.6799999999999997,-0.020000000000000018,0.19088247349374754,-0.9500000000000028,-0.6851936612674692
2015-11-19,0.1781737665119465,0.031745891073053624,-1.9899999999999984,0.020000000000000018,0.020076548224245983,0.020000000000003126,-0.2830213989589936
2015-11-20,0.019736947607462696,0.00038954710085972743,0.13999999999999702,-0.029999999999999805,-0.6645248619735256,-0.20000000000000284,-0.238956670074586
2015-11-23,0.0469964549358437,0.0022086667765367878,-1.5199999999999978,0.019999999999999574,0.5842097983605576,-1.1599999999999966,0.4244178923014097
2015-11-24,-0.0756345552483495,0.005720585947615633,0.14999999999999858,-0.009999999999999787,0.23073025610971243,-0.11999999999999744,-0.7422509066150162
2015-11-25,0.0,0.0,0.3100000000000005,-0.009999999999999787,-0.2709119902856827,1.6199999999999974,-1.0319905295825826
2015-11-27,0.031150568749716,0.0009703579334307831,-0.7400000000000002,-0.010000000000000231,0.2709119902856827,0.3299999999999983,0.31441015198785394
2015-11-30,-0.031150568749716,0.0009703579334307831,-0.07000000000000028,-0.009999999999999787,0.22019185319805956,-0.6499999999999986,-2.1790164342978535
2015-12-01,0.1073295775899652,0.01151963822564036,1.0099999999999998,-0.010000000000000231,0.1498591916067049,-0.14000000000000057,-1.6712324337646578
2015-12-02,0.033743884241310695,0.0011386497236909763,-1.459999999999999,-0.06000000000000005,-0.3700510448047645,0.14999999999999858,-0.4879295450804122
2015-12-03,-0.044989315796506446,0.0020240385358377844,1.2400000000000002,0.03000000000000025,0.1901945727163401,-0.6499999999999986,0.7005435566140861
2015-12-04,-0.03372870907245584,0.001137625815694365,2.1999999999999993,0.1499999999999999,-2.3987741028872023,1.1499999999999986,-0.0069637883036932635
2015-12-07,-0.031204868212597603,0.0009737438001655843,-3.299999999999999,-0.050000000000000266,0.7450110725840453,-1.0799999999999983,-0.4816763239573696
2015-12-08,-0.0667631047386763,0.0044573121543474625,1.0299999999999994,-0.04999999999999982,0.3147103603788004,-2.3599999999999994,-1.4094169391439593
2015-12-09,0.09796797295127391,0.009597723724181537,1.7600000000000016,0.010000000000000231,-0.19276872676616819,-0.17999999999999972,1.8510420666895122
2015-12-10,0.0,0.0,2.009999999999998,-0.020000000000000018,-1.1439229512356874,-0.30000000000000426,-1.5711035411825947
2015-12-11,0.03551369314145347,0.0012612224005453193,-0.2699999999999996,0.020000000000000018,0.6042355057686244,-0.3999999999999986,-0.738744658171786
2015-12-14,0.1557662526622039,0.02426312546842554,5.050000000000001,-0.11000000000000032,-0.3785005209644865,-1.1099999999999994,0.42508979323008234
2015-12-15,0.021932594630591495,0.0004810387072298509,-1.6600000000000001,0.10000000000000009,0.03074117929457998,0.6600000000000037,-0.21498697926451982
2015-12-16,0.011860703353683277,0.00014067628404407375,-1.7800000000000011,0.04999999999999982,0.6332395254310619,1.009999999999998,1.0228186352841284
2015-12-17,0.06762087488585422,0.00457258272032835,-3.09,0.020000000000000018,-0.3569777538050545,-1.7700000000000031,0.7978649138197014
2015-12-18,-0.23050545982936654,0.05313276701114771,1.0800000000000018,-0.05999999999999961,1.420328128413395,-0.5700000000000003,0.793282172685128
2015-12-21,0.2175796244793915,0.04734089298859302,1.759999999999998,-0.050000000000000266,-0.5758461265532588,-0.259999999999998,-1.5594619659243136
2015-12-22,0.004435474929209704,1.9673437847647827e-05,-2.0,0.010000000000000231,-0.2434550488318976,-0.1700000000000017,-0.22553485966989584
2015-12-23,-0.05913051446508888,0.003496417740906085,-2.099999999999998,0.040000000000000036,-0.22369223777696234,1.5700000000000003,-0.09706596835350467
2015-12-24,-0.06957820001662895,0.004841125917554026,-1.0300000000000011,0.029999999999999805,0.10173820907120046,0.6400000000000006,-0.3679401295899609
2015-12-28,-0.16673541921168322,0.027800700019695743,0.16999999999999993,-0.020000000000000018,-0.36674142726820236,0.8599999999999994,0.3361526112210633
2015-12-29,-0.042213908816890466,0.0017820140976007428,1.17,-0.009999999999999787,-0.0612610407324965,-1.259999999999998,0.6566520377919716
2015-12-30,-0.013969024286275555,0.00019513363951055628,-0.8300000000000018,0.07999999999999963,0.1836550952476479,1.5200000000000031,1.1150099377545075
2015-12-31,0.0584629071115117,0.003417911507929245,1.2100000000000009,-0.009999999999999787,0.17314071970293554,-1.2899999999999991,0.5468371561901719
2016-01-04,-0.24942111630021913,0.062210893256447436,0.9200000000000017,-0.040000000000000036,0.36566889045470674,0.5399999999999991,-0.07250880781741742
2016-01-05,0.1515084287859736,0.022954803993194432,2.4899999999999984,-0.029999999999999805,0.2430436570199923,-0.3200000000000003,-0.8010862649002526
2016-01-06,0.031164437177544357,0.000971222144593109,-1.3599999999999994,0.009999999999999787,0.5346245324649779,-0.8400000000000034,-0.7812334923077202
2016-01-07,0.15442667663769782,0.023847598457364085,1.25,-0.06999999999999984,-0.22157448754454023,-2.0,0.809084281883532
2016-01-08,-0.32818092498096973,0.10770271952136488,4.399999999999999,-0.020000000000000018,-0.9726511098624435,-0.6799999999999997,-1.6159238566382683
2016-01-11,-0.03567924397867017,0.0012730084508894718,2.020000000000003,-0.03000000000000025,0.32526933673855396,-0.0899999999999963,-0.943663092485103
2016-01-12,0.060574342551156235,0.003669250975504817,-2.710000000000001,0.040000000000000036,0.19263192177705335,-1.7800000000000011,-0.39001051297011813
2016-01-13,-0.17215410017197286,0.029637034206021665,-1.8300000000000018,-0.04999999999999982,0.24279006181631146,-1.0,1.1389177853227572
2016-01-14,0.1918401623395738,0.03680264788647403,2.75,-0.040000000000000036,-0.04042538227757575,0.0,-0.6917858341952687
2016-01-15,-0.07574930297007398,0.005737956900452059,-1.2699999999999996,0.020000000000000018,0.16159586935051706,0.7999999999999972,-1.3185030240520312
2016-01-18,-0.07843577073085584,0.006152170130143381,3.0700000000000003,-0.07000000000000028,-0.13127722806576259,-1.7699999999999996,-1.8229267552939632
2016-01-19,-0.04212086959292094,0.0017741676552638517,0.0,0.0,0.16155461978089036,0.0,-3.1178594540254956
2016-01-20,0.017861927349471785,0.0003190484486378081,-0.9699999999999989,0.03000000000000025,-0.1312451679101656,-0.9800000000000004,1.77005769959111
2016-01-21,-0.26826449066845726,0.0719658369536068,1.5399999999999991,-0.050000000000000266,0.10096777619503783,-1.7899999999999991,-1.1885120328216203
2016-01-22,0.25040256331898547,0.06270144371671853,-0.8999999999999986,0.010000000000000231,-0.03027885990416479,2.870000000000001,-1.4382167775754517
2016-01-25,-0.03625342765065653,0.0013143110164213878,-4.350000000000001,0.04999999999999982,0.5135208820696846,2.5199999999999996,0.068957593814023
2016-01-26,-0.22358869012837346,0.04999190235332181,1.8099999999999987,-0.040000000000000036,-0.21112870070583156,-1.7600000000000016,3.7784297150539103
2016-01-27,-0.29546607141011094,0.08730019935452478,-1.6499999999999986,-0.020000000000000018,0.0,-0.7699999999999996,-0.8554974033746277
2016-01-28,-0.4365541711187859,0.19057954432121021,0.6099999999999994,0.010000000000000231,-0.4640370270829308,2.780000000000001,0.9181679060525028
2016-01-29,0.2752203840895362,0.07574625981839182,-0.6899999999999977,-0.020000000000000018,-0.39511665041631616,0.8900000000000006,-0.5951078404503818
2016-02-01,0.01752646402550795,0.0003071769412374243,-2.2200000000000024,-0.06000000000000005,1.1104479731481653,0.44999999999999574,1.0657228973236954
2016-02-02,0.12135105648827249,0.0147260789108199,-0.21999999999999886,0.030000000000000027,-0.6142717149897337,-2.0399999999999956,-0.8638765837819307
2016-02-03,0.12826422339689003,0.016451711003607313,2.0,-0.09999999999999987,-0.13139664458172717,-1.7200000000000024,-0.7632278161163519
2016-02-04,-0.016033285262473385,0.00025706623630784625,-0.33000000000000185,0.009999999999999787,-1.6109665291144104,2.3900000000000006,0.48720715237164924
2016-02-05,-0.23358199462268914,0.05456054821191398,0.19000000000000128,-0.009999999999999787,-0.8464126561459118,-0.6600000000000001,0.5697283311718593
2016-02-08,-0.09898763462956595,0.009798551809556444,1.5399999999999991,-0.010000000000000009,0.5788104620361167,-0.7699999999999996,0.47842579065386914
2016-02-09,0.4155000069861359,0.17264025580547895,2.620000000000001,-0.1100000000000001,-0.47520656378550186,-1.1499999999999986,0.0
2016-02-10,0.0,0.0,0.5399999999999991,-0.010000000000000009,-0.5191041573626265,-1.75,0.0
2016-02-11,0.0,0.0,-0.25,-0.030000000000000027,-0.1875394444581957,-0.4200000000000017,0.0
2016-02-12,-0.27155036449517667,0.0737396004574633,1.8500000000000014,-0.08000000000000007,-0.3447397891270576,-1.3499999999999979,0.0
2016-02-16,0.45746144270655265,0.20927097156316055,-2.740000000000002,0.1100000000000001,0.4385574496247102,3.129999999999999,0.0
2016-02-17,0.035790981054972804,0.0012809943248774222,-1.2899999999999991,0.040000000000000036,0.9230030386127019,-0.2699999999999996,0.6039549837002944
2016-02-18,0.09107746293235408,0.008295104254194332,-1.8000000000000007,0.030000000000000027,-0.08262091716693121,1.629999999999999,-0.18263177389332697
2016-02-19,-0.19401107984382548,0.03764029910216723,-0.6699999999999982,-0.06000000000000005,0.1651657591112965,0.08999999999999986,0.9895127757798328
2016-02-22,0.22758126983077887,0.05179323437778978,-1.1099999999999994,0.010000000000000009,-0.3616624788389977,-1.1799999999999997,0.27835032250891345
2016-02-23,-0.21862631325628712,0.04779746484803619,-1.1500000000000021,0.010000000000000009,0.804209712714421,1.7800000000000011,1.1985000914196853
2016-02-24,0.18505612326933374,0.03424576875947485,1.6000000000000014,-0.030000000000000027,0.10264406443880603,0.46999999999999886,0.10160519238802124
2016-02-25,-0.2793141863964621,0.07801641472231757,-0.26000000000000156,0.010000000000000009,-0.020523517267445612,-1.4899999999999984,1.1971949033048546
2016-02-26,0.022316447314274512,0.0004980238207307901,-1.6099999999999994,-0.040000000000000036,-0.17458096238538445,1.0499999999999972,-0.9231977565287153
2016-02-29,-0.07808578677757083,0.0060973900966722555,0.6999999999999993,0.050000000000000044,0.8800717871238817,0.25,0.5828544398617019
2016-03-01,0.02230400366105556,0.0004974685793123798,0.740000000000002,-0.020000000000000018,0.06110975786759454,1.0900000000000034,-1.1977255168456935
2016-03-02,0.04462293692970576,0.001991206500232498,-2.8500000000000014,0.09000000000000008,0.14244954727420378,1.6499999999999986,0.39074746620650913
2016-03-03,-0.2173279862825339,0.04723145362162125,-0.6099999999999994,0.010000000000000009,-0.14244954727420378,0.17999999999999972,1.5233475347528724
2016-03-04,-0.22028916229590578,0.048527315025031915,-0.39000000000000057,-0.010000000000000009,-0.6537967855447135,-0.00999999999999801,0.03682369383257722
2016-03-07,0.23825054537081058,0.056763322369488674,0.16000000000000014,0.04999999999999982,-0.23600992086230121,1.3499999999999943,0.5699116855547359
2016-03-08,0.1435910426115683,0.02061838751827722,0.490000000000002,0.030000000000000027,-0.2777602203211771,1.990000000000002,0.443536840527603
2016-03-09,-0.1391012008777892,0.019349144085643064,1.3200000000000003,-0.07999999999999985,0.14412128346794617,-1.2299999999999969,-0.25892569053089787
2016-03-10,-0.24274038710458967,0.058922895531686045,-0.33000000000000185,0.06999999999999984,-0.04115744074200123,0.9499999999999957,-0.5233695936724736
2016-03-11,0.08547585827560766,0.007306122347951767,-0.28999999999999915,0.030000000000000027,-1.1384913762471527,0.15000000000000568,0.731952867919361
2016-03-14,0.2629153196274103,0.06912446529478333,-1.5500000000000007,0.050000000000000044,0.10403504395712915,0.7399999999999949,0.23413731136399107
2016-03-15,-0.022294058725691457,0.0004970250544645793,0.4200000000000017,-0.010000000000000009,0.466834786828052,-1.3099999999999952,0.12464943963594877
2016-03-16,-0.007060249229695614,4.9847119185417516e-05,-0.08000000000000185,0.0,0.010343603461659967,-0.8800000000000026,-0.6840185694856338
2016-03-17,0.018206657311203855,0.0003314823704476128,-1.8499999999999996,-0.030000000000000027,-0.7687528787050368,2.1099999999999994,0.5264496004749653
2016-03-18,0.011147650644183216,0.00012427011488475847,-0.5500000000000007,-0.030000000000000027,-1.1854292966293478,1.740000000000002,0.3787850559053396
2016-03-21,0.0,0.0,-0.41999999999999993,-0.030000000000000027,0.24241985789128506,-0.7000000000000028,-0.5956315008942781
2016-03-22,0.022299030084660387,0.000497246742716589,-0.23000000000000043,0.040000000000000036,0.31532825548108434,0.4399999999999977,-0.6184203875923444
2016-03-23,0.19479016072363464,0.037943206714739414,0.3800000000000008,0.020000000000000018,0.3770828871097365,1.5400000000000063,-0.23793289623741387
2016-03-24,-0.09850453021815753,0.009703142473499909,0.7699999999999996,-0.06000000000000005,0.41732091481661016,-3.1700000000000017,0.663398672582538
2016-03-28,-0.09860165732522574,0.009722286827281244,-0.1999999999999993,0.030000000000000027,0.09365351300836267,-0.14000000000000057,-0.7071980022770319
2016-03-29,0.04692900993745752,0.002202331973709987,0.5,-0.020000000000000018,-0.2082434596107241,-0.14999999999999858,0.8827845672120915
2016-03-30,-0.37480551916804217,0.14047917719882563,-1.42,-0.07999999999999985,-0.8163297602676423,-1.0800000000000054,-1.3007176390593678
2016-03-31,0.29674585532148967,0.08805810265048249,-0.2599999999999998,0.020000000000000018,-0.3368501334810148,0.0,0.28641986211912496
2016-04-01,-0.09899298188802419,0.009799610463082685,0.3899999999999988,-0.050000000000000044,-0.26394990741804847,0.030000000000001137,-1.5365468113031078
2016-04-04,0.12128952601599963,0.014711149121185851,-0.8499999999999996,0.010000000000000009,0.03171757210314041,-1.5799999999999983,-0.4983710578638778
2016-04-05,-0.11231004412621814,0.012613546011633068,1.0199999999999996,-0.010000000000000009,-0.11632276203155101,-1.0600000000000023,-0.4684774105442102
2016-04-06,-0.04041401972418868,0.0016332929902671113,1.3000000000000007,-0.050000000000000044,0.12688498855224495,0.22000000000000597,0.8063548269531928
2016-04-07,-0.022459292626741956,0.0005044198252936255,-1.33,0.030000000000000027,-0.2115698988963466,3.219999999999999,1.324358295113992
2016-04-08,0.16403446299335656,0.02690730504951886,2.0700000000000003,-0.06000000000000005,0.05293849129879291,-0.44000000000000483,0.668781400708518
2016-04-11,-0.05178840788122585,0.002682039190872216,-0.8000000000000007,0.020000000000000018,-0.25435101844371033,2.440000000000005,0.12937743294596515
2016-04-12,0.05178840788122585,0.002682039190872216,0.9000000000000021,0.010000000000000009,-0.3082003858608573,0.7199999999999989,1.2035469737385007
2016-04-13,-0.0832046054334512,0.006923006365336298,-1.410000000000002,0.06000000000000005,0.01064566702257963,1.6599999999999966,0.09835132920033018
2016-04-14,0.19474951382001393,0.0379273731331318,-1.0099999999999998,-0.020000000000000018,0.8267124900344314,-0.4199999999999946,-0.31437332646966354
2016-04-15,-0.06694187464084678,0.004481214580430845,-0.11999999999999922,0.030000000000000027,0.16874467474332633,-0.25,0.25399362256592894
2016-04-18,0.0,0.0,-0.10000000000000142,-0.040000000000000036,-0.21097537281900003,-1.0500000000000043,0.06382887179228192
2016-04-19,-0.033454140261923726,0.0011191795006644661,-0.2699999999999996,0.020000000000000018,-0.221998177997218,-0.6599999999999966,0.0
2016-04-20,-0.011148893483792222,0.00012429782591294466,-0.10999999999999943,0.010000000000000009,-0.5411956792199746,1.1400000000000006,-2.0172440089569754
2016-04-21,-0.022294058725691457,0.0004970250544645793,0.03999999999999915,0.06000000000000005,0.5411956792199746,1.8399999999999963,-0.044002077607974144
2016-04-22,-0.1147898583559126,0.013176711581370478,0.6699999999999999,0.029999999999999805,0.11634737415056051,0.46000000000000085,1.3464566570469572
2016-04-25,0.044901442090683474,0.0020161395018230017,-0.7299999999999986,0.010000000000000009,0.5481821329408554,-0.4200000000000017,2.867831636703677
2016-04-26,0.11448150507558097,0.013106015004370272,0.8599999999999994,0.020000000000000018,-0.2948058673791998,-1.0899999999999963,-0.15201935262130206
2016-04-27,-0.2582371452861665,0.06668642320554866,-0.11999999999999922,0.030000000000000027,-0.2850924783213138,0.8500000000000014,1.159618392506001
2016-04-28,0.269388525280867,0.07257017755300031,-0.19000000000000128,-0.06999999999999984,-0.19051689298583696,2.769999999999996,-0.7581130536288505
2016-04-29,-0.269388525280867,0.07257017755300031,1.450000000000001,-0.030000000000000027,-0.6696780257848367,0.740000000000002,-0.3862929999507436
2016-05-02,0.21364405647581464,0.04564378286744107,0.47999999999999865,-0.010000000000000009,-0.7278990506802252,-0.05000000000000426,1.1260244685338705
2016-05-03,-0.28559944723998143,0.08156704426378293,-1.0199999999999996,0.04999999999999982,-0.484632449110034,-1.2299999999999969,0.0
2016-05-04,0.28559944723998143,0.08156704426378293,0.9199999999999999,-0.06999999999999984,0.3341116310631165,-1.1000000000000014,0.0
2016-05-05,-0.28559944723998143,0.08156704426378293,0.45000000000000107,-0.020000000000000018,0.25789597383125695,0.12000000000000455,0.11691610097175342
2016-05-06,0.05846769826316489,0.0034184717401924947,-0.14000000000000057,-0.030000000000000027,0.6418490980999891,0.5599999999999952,0.4064707657034816
2016-05-09,0.044951902222400975,0.0020206735134122977,-1.1899999999999995,0.030000000000000027,0.11722771249749186,0.25,0.8294543552294087
2016-05-10,0.089843229618225,0.008071805908233101,-0.15000000000000036,-0.020000000000000018,0.2765393540307137,-1.1299999999999955,-0.4411881211354718
2016-05-11,-0.08534915056657155,0.007284477502435301,-0.9399999999999995,0.0,0.14858778772293135,1.2299999999999969,0.1985276522677104
2016-05-12,0.21547862530262307,0.046431037962308234,1.0599999999999987,-0.040000000000000036,-0.49970995397510265,1.5300000000000011,1.478154399851217
2016-05-13,0.044832997836685706,0.002009997695024265,-0.27999999999999936,0.020000000000000018,0.3404979842018818,0.4299999999999997,-0.3164301519738011
2016-05-16,0.2746768918173714,0.07544739489845197,0.629999999999999,-0.040000000000000036,0.4980155678039111,-0.4200000000000017,-0.21260249720587154
2016-05-17,-0.41821329396167783,0.17490235924627676,-0.35999999999999943,0.040000000000000036,-0.0422887367152569,1.5,0.8087440134901591
2016-05-18,-0.19769956115744947,0.0390851164818481,0.8900000000000006,0.010000000000000009,-0.021147041931612875,0.5700000000000003,1.4461812829383192
2016-05-19,0.3701301372663224,0.13699631851278665,0.379999999999999,0.1100000000000001,0.5589834368914026,-0.1700000000000017,-0.368826588726634
2016-05-20,-0.006485210285234189,4.2057952443707305e-05,0.379999999999999,-0.020000000000000018,0.2206221217861959,0.03999999999999915,-0.5234981552277418
2016-05-23,0.03996548513622855,0.0015972400021741053,-1.129999999999999,0.0,0.020982836621108447,-0.4899999999999949,-0.7115045291178568
2016-05-24,-0.0668568442083739,0.004469837617502779,0.620000000000001,-0.010000000000000009,-0.08396578773552932,0.44999999999999574,-0.6167219181767436
2016-05-25,0.20089014920650072,0.04035685204821012,-1.4000000000000004,0.020000000000000018,0.35639066281181186,-0.0799999999999983,0.09651168295032875
2016-05-26,0.12302187985593349,0.015134382923287735,-0.5199999999999996,0.010000000000000009,-0.230464404136832,1.0600000000000023,0.044135316324833695
2016-05-27,-0.05085292790987239,0.0025860202770066785,-0.47000000000000064,-0.040000000000000036,-0.18895691990818975,-0.10000000000000142,-1.241557432982443
2016-05-31,-0.017882689604142854,0.0003197905874781189,-0.3100000000000005,0.020000000000000018,0.36708676560932574,0.35999999999999943,0.621883318905958
2016-06-01,0.19207152750162493,0.03689147167680746,1.0700000000000003,-0.010000000000000009,0.38660802999528343,-0.259999999999998,1.6844391579835083
2016-06-02,-0.2010140716613762,0.04040665700588488,0.009999999999999787,0.010000000000000009,-0.44943928134077993,-0.030000000000001137,0.22934678550159404
2016-06-03,0.22326304656239415,0.04984638796032178,-0.5699999999999985,-0.040000000000000036,0.10469949221372232,0.07000000000000028,0.5646596890488631
2016-06-06,-0.2948322033120121,0.08692602810981563,-0.16000000000000014,-0.10000000000000009,-1.6140429602271134,-0.45000000000000284,-0.23930948983581501
2016-06-07,-0.0072997335630375915,5.328611009133749e-05,0.17999999999999972,0.020000000000000018,-0.13834648426671592,1.0200000000000031,-0.2947028132759044
2016-06-08,-0.2615417223822192,0.06840407254665781,0.40000000000000036,-0.010000000000000009,-0.07457486477031594,0.6599999999999966,0.739137292905756
2016-06-09,0.2838905882702747,0.08059386610844263,0.02999999999999936,-0.010000000000000009,-0.25611527766713493,0.8599999999999994,0.514164579215759
2016-06-10,-0.06703161908898636,0.004493237957690961,0.5600000000000005,-0.030000000000000027,0.5434529335945903,-0.7099999999999937,0.5384683378255595
2016-06-13,-0.03349896742843583,0.0011221808187714048,2.3900000000000006,-0.040000000000000036,0.5299429552204415,-1.4299999999999997,-0.22520031720398848
2016-06-14,-0.08927575640385044,0.007970160681479642,3.9399999999999977,-0.019999999999999796,-0.24342047903944675,-0.20000000000000284,-0.9988754047826731
2016-06-15,0.05834797425823268,0.003404486100039384,-0.46999999999999886,0.0,0.5916525970812714,-0.3999999999999986,0.2962348344514254
2016-06-16,-0.2691550162488454,0.07244442277191623,-0.35999999999999943,-0.020000000000000018,-0.3376595940862259,-0.5700000000000003,0.2539024877927787
2016-06-17,0.1773491707144359,0.031452728353098126,-0.7699999999999996,-0.030000000000000027,-0.0422887367152569,-1.7800000000000011,-0.30508038006082927
2016-06-20,0.09180584553440951,0.00842831327428786,0.03999999999999915,0.050000000000000044,-0.3813974457803404,1.8599999999999994,-0.9418565880749519
2016-06-21,-0.08065446553970901,0.0065051428114961075,-1.0399999999999991,0.04999999999999982,-0.6389101438827538,1.3999999999999986,1.1575857160604386
2016-06-22,-0.21096287026267646,0.04450533262946686,0.10999999999999943,0.040000000000000036,0.4370267987714449,-0.44999999999999574,0.24552409381248808
2016-06-23,0.2332693615441528,0.054414595035216666,2.6900000000000013,-0.020000000000000018,-0.3195863226925333,0.20999999999999375,-0.25350576789300305
2016-06-24,0.07811192719877624,0.00610147317070692,-3.9200000000000017,0.050000000000000044,-0.20293992695972207,0.18000000000000682,0.9311409317035668
2016-06-27,-0.060091051056154754,0.0036109344170333975,8.510000000000002,-0.16999999999999993,2.032029080443909,-2.6400000000000006,-1.8355875147241463
2016-06-28,-0.2153529478700733,0.046376892156330514,-1.9100000000000001,-0.1100000000000001,1.1354921516308458,-0.9000000000000057,0.08051270925406584
2016-06-29,0.2308011410420363,0.05326916670630594,-5.100000000000001,0.0,-0.3008466547852251,2.1300000000000026,0.14958144119336936
2016-06-30,-0.04462293692970576,0.001991206500232498,-2.1099999999999994,0.040000000000000036,-0.49995246864034115,1.9200000000000017,1.2648692974231324
2016-07-01,-0.011152623666355055,0.00012438101464334287,-1.0099999999999998,-0.010000000000000009,0.38560076357541107,-1.5799999999999983,0.33904245154978696
2016-07-05,0.022306491281476326,0.0004975795532905793,-0.8600000000000012,-0.030000000000000027,-0.5109744278249728,0.75,1.2636114571490609
2016-07-06,-0.011153867615121271,0.00012440876277565108,0.8100000000000005,-0.08999999999999986,0.5421727845625668,-2.2900000000000063,1.6388476895383697
2016-07-07,-0.12780763917916715,0.01633479263255218,-0.6199999999999992,0.009999999999999787,-0.11444688633730493,0.6400000000000006,-0.21840450412291545
2016-07-08,0.1055036355181116,0.011131017107538539,-0.20000000000000107,0.020000000000000018,0.28068449564306874,-2.1499999999999986,1.77941181123078
2016-07-11,0.011151379994700505,0.00012435327578620665,-1.5600000000000005,-0.029999999999999805,-0.031146528348635627,0.14999999999999858,-0.3697534141420711
2016-07-12,-0.22444268426173863,0.0503745185186145,0.33999999999999986,0.05999999999999983,0.27997803244836916,-0.6400000000000006,-0.9794576905834518
2016-07-13,0.11227630128782806,0.012605967830875142,0.010000000000001563,0.10000000000000009,-0.13470521904190846,2.0900000000000034,1.0128522475810087
2016-07-14,-0.008977466564985548,8.05949059254334e-05,-0.5100000000000016,-0.050000000000000044,-0.22838296703646677,-1.9500000000000028,2.431867492993689
2016-07-15,0.10999246954419561,0.012098343356430799,-0.21999999999999886,0.050000000000000044,-0.14560521285593708,0.7700000000000031,-1.2565282588223425
2016-07-18,-0.1055036355181116,0.011131017107538539,-0.15000000000000036,0.07000000000000006,0.5190502575006306,0.28999999999999915,-0.32000027306713363
2016-07-19,-0.03591631537211981,0.0012899817099095699,-0.23000000000000043,-0.010000000000000009,-0.020714789888920393,-0.7000000000000028,1.3362828319602116
2016-07-20,-0.09883643376120688,0.009768640638633435,-0.46999999999999886,-0.030000000000000027,0.5061789554781093,-0.5899999999999963,-0.8559168307937348
2016-07-21,0.26256038831249384,0.06893795751080756,-0.20000000000000107,0.030000000000000027,0.1544339009477369,0.3200000000000003,-1.129513070182142
2016-07-22,0.0,0.0,0.9700000000000006,-0.020000000000000018,-0.20597015663250673,-1.0,-0.10455892999283734
2016-07-25,-0.12780763917916715,0.01633479263255218,-0.7200000000000006,0.0,0.4833672369620956,-0.5500000000000043,-1.4815764653715036
2016-07-26,0.0,0.0,0.8499999999999996,0.010000000000000009,-0.18484324753753612,-1.009999999999998,-0.08774833725748721
2016-07-27,0.12780763917916715,0.01633479263255218,0.1800000000000015,-0.010000000000000009,-0.13370765721241185,-0.240000000000002,-0.10940835830828277
2016-07-28,0.0,0.0,-0.22000000000000064,-0.050000000000000044,-0.11328007652737782,-0.259999999999998,1.152768188234976
2016-07-29,-0.15025382454414427,0.02257621179014249,-0.10999999999999943,0.0,-0.3199395747577327,-0.769999999999996,0.15686277726256748
2016-08-01,0.1279498208830887,0.016371156664014484,-0.8500000000000014,-0.06000000000000005,-1.258662380895359,0.4099999999999966,-0.7499825128924442
2016-08-02,-0.1055036355181116,0.011131017107538539,0.5700000000000003,0.050000000000000044,0.1882455138476402,-1.490000000000002,-0.5920316228920086
2016-08-03,-0.19769956115744947,0.0390851164818481,0.9299999999999997,0.040000000000000036,-0.6814531139105462,-0.5499999999999972,-1.9199767626269626
2016-08-04,0.11686970359754412,0.013658527618977817,-0.5099999999999998,0.0,0.5246051406126107,1.2999999999999972,-0.7005061540496627
2016-08-05,0.19748487307271745,0.03900027509254732,-0.4399999999999995,-0.040000000000000036,0.2090786648691889,1.1200000000000045,0.05223378694987346
2016-08-08,-0.2963657297067712,0.08783264574462697,-1.0299999999999994,0.08000000000000007,0.4480343987716573,-0.09000000000000341,-0.7226096096695223
2016-08-09,0.2963657297067712,0.08783264574462697,0.10999999999999943,0.0,0.21807898995138686,1.230000000000004,0.3293952136922407
2016-08-10,-0.011151379994700505,0.00012435327578620665,0.16000000000000014,-0.040000000000000036,-0.22847784226369683,-0.28000000000000114,1.2440956168125794
2016-08-11,0.02230400366105556,0.0004974685793123798,0.39000000000000057,-0.050000000000000044,-0.5525727183487206,-1.0300000000000011,1.7096560843470776
2016-08-12,-0.0380732469409395,0.0014495721326257588,-0.370000000000001,0.07000000000000006,0.21930882596041812,1.759999999999998,1.82035793013835
2016-08-15,0.026920623274584443,0.0007247199574920976,-0.129999999999999,-0.06000000000000005,-0.14615243055731142,0.9600000000000009,-0.6884787254223035
2016-08-16,-0.1166550155128121,0.01360839264429443,0.2599999999999998,0.040000000000000036,-0.09407261524998489,1.25,0.5717864085683644
2016-08-17,0.004488632538901527,2.0147822069285568e-05,0.8300000000000001,0.020000000000000018,-0.8822621517095897,0.8500000000000014,-0.2064391510184116
2016-08-18,0.07871597289454968,0.00619620438873548,-0.45000000000000107,-0.010000000000000009,-0.07387441002437711,0.240000000000002,0.36401732874855597
2016-08-19,-0.2179573545667779,0.04750540840974814,-0.7599999999999998,-0.030000000000000027,-0.5929682178755336,1.3900000000000006,0.021193496703464376
2016-08-22,0.24025638465143828,0.05772313036577987,-0.08999999999999986,0.050000000000000044,0.37101697657551114,0.27999999999999403,0.24642283791846964
2016-08-23,0.02230400366105556,0.0004974685793123798,0.9299999999999997,-0.030000000000000027,0.010574519293005125,-1.6799999999999997,-0.696993639553245
2016-08-24,-0.13678550873663653,0.018710275400340468,0.11000000000000121,0.0,0.021161824599502665,0.740000000000002,0.22478062986515113
2016-08-25,0.008977869557469376,8.060214179093537e-05,1.0699999999999985,0.010000000000000009,0.26408930743189174,-1.25,0.24395245179107405
2016-08-26,0.13896150679428843,0.019310300370539067,0.1800000000000015,0.020000000000000018,-0.021106006322835213,0.6799999999999997,-0.34413004771041145
2016-08-29,0.011155111841532062,0.00012443652019708881,0.019999999999999574,0.040000000000000036,0.8406092024669576,0.6700000000000017,1.3949330806734217
2016-08-30,0.0,0.0,-0.7100000000000009,-0.050000000000000044,0.010465222243993821,-0.6700000000000017,0.2527690006378869
2016-08-31,-0.051413214328199786,0.0026433186075574076,0.17999999999999972,0.0,0.4905308679849618,-0.6499999999999986,0.48133256381044376
2016-09-01,-0.12114958967259781,0.014677223077838818,0.3000000000000007,0.010000000000000009,-0.03124528451419195,-1.6400000000000006,0.2909524801709473
2016-09-02,-0.0988231146816787,0.009766007995388222,0.0600000000000005,-0.010000000000000009,-0.3860756303024182,-1.509999999999998,-0.80963666510252
2016-09-06,0.11229143048918644,0.01260936536130779,-1.5,0.030000000000000027,0.24016690811512476,1.2199999999999989,0.0
2016-09-07,0.11448150507558097,0.013106015004370272,0.03999999999999915,-0.050000000000000044,-1.1117026664648755,0.46000000000000085,-0.793649006012398
2016-09-08,-0.20879783103602279,0.04359653424534752,-0.08000000000000007,-0.010000000000000009,0.1475386404726109,0.6199999999999974,-0.39541849616915314
2016-09-09,0.2199492110307233,0.048377655433037646,0.5700000000000003,0.07000000000000006,0.0736877717550044,2.1600000000000037,0.7217419358917176
2016-09-12,-0.35034198146703943,0.1227395039782514,4.99,0.05999999999999983,0.3256792987857082,-1.75,0.1215349562553314
2016-09-13,0.35034198146703943,0.1227395039782514,-2.34,0.010000000000000009,-0.2520457859279901,0.3999999999999986,-1.0733987159793124
2016-09-14,0.0,0.0,2.6900000000000013,0.050000000000000044,0.5557596134175391,-1.3700000000000045,-0.0060629945147994135
2016-09-15,0.022306491281476326,0.0004975795532905793,0.28999999999999915,-0.030000000000000027,-0.31419739275007075,-1.2899999999999991,-0.46795794776564037
2016-09-16,0.03346906931458449,0.001120178600784461,-1.8399999999999999,0.010000000000000009,-0.041969274512787536,0.23000000000000398,-0.07007815524220362
2016-09-19,-0.24876817158947517,0.061885603195970564,-0.9300000000000015,-0.010000000000000009,0.8568492217847279,-0.8100000000000023,-0.7449422207818301
2016-09-20,0.06735972592313288,0.00453733267643958,0.16000000000000014,0.0,-0.2813279029263427,0.30000000000000426,1.0052024755976774
2016-09-21,0.09871226179569703,0.009744110628822227,0.39000000000000057,-0.010000000000000009,0.18763719855376948,0.509999999999998,0.8295159806623431
2016-09-22,0.04922711455606077,0.00242330880751553,-2.619999999999999,-0.030000000000000027,-0.37561916073123314,1.4799999999999969,0.7673574463545663
2016-09-23,-0.0895976266884091,0.008027734708195518,-1.2800000000000011,-0.030000000000000027,-0.2197758335269029,0.7700000000000031,0.4328817232408966
2016-09-26,0.0,0.0,0.2699999999999996,-0.009999999999999787,0.03143184296909851,-1.740000000000002,0.4028337554475847
2016-09-27,-0.04936388010587933,0.0024367926591076293,2.210000000000001,-0.030000000000000027,-0.17821252950200872,1.240000000000002,0.4366722206764706
2016-09-28,0.1724305761088729,0.029732303577237815,-1.4000000000000004,-0.030000000000000027,0.1363092036086755,-0.9500000000000028,1.152788606378774
2016-09-29,-0.16345351250031115,0.026717050748689374,-0.7099999999999991,0.010000000000000009,-0.010480574313120883,2.4200000000000017,0.2668398576640918
2016-09-30,0.004488229618537787,2.0144205108719846e-05,1.629999999999999,-0.010000000000000009,0.11520199174119838,0.6499999999999986,0.26612971708557254
2016-10-03,0.1143423459520676,0.013074172077822311,-0.7300000000000004,0.040000000000000036,-0.08377155574166295,0.0,-0.4103972928382049
2016-10-04,0.011153867615121271,0.00012440876277565108,0.28000000000000114,0.029999999999999805,0.30333260736963297,1.0799999999999983,-0.391590091125682
2016-10-05,-0.011153867615121271,0.00012440876277565108,0.0600000000000005,0.06000000000000005,0.38568113820236505,-0.12999999999999545,0.16822092100081676
2016-10-06,0.0,0.0,-0.6400000000000006,0.030000000000000027,0.010397406340612037,1.0799999999999983,0.41422421469121673
2016-10-07,-0.24008898308096605,0.0576427197968524,-0.15000000000000036,0.030000000000000027,0.5498290797254946,0.6899999999999977,0.040746238812783275
2016-10-11,0.02246635672538133,0.0005047371845120869,0.6400000000000006,-0.020000000000000018,-0.14494983262780536,-0.6799999999999997,-0.49151615430904627
2016-10-12,-0.04493776195690913,0.002019402449695829,1.879999999999999,0.040000000000000036,1.2151321835568218,0.9600000000000009,-0.23274377231352616
2016-10-13,0.2737142559276151,0.07491949389800799,0.5500000000000007,0.020000000000000018,0.2759794003789118,-0.5799999999999983,0.013188648988649021
2016-10-14,0.0,0.0,0.7800000000000011,-0.040000000000000036,-0.4603871066531262,0.3299999999999983,0.40652840264474577
2016-10-17,0.011155111841532062,0.00012443652019708881,-0.5700000000000003,0.050000000000000044,0.5114054483977171,-0.11999999999999744,0.2579743893696751
2016-10-18,-0.20848718356898388,0.04346690571252718,0.08999999999999986,-0.030000000000000027,-0.13271121957023624,-0.38000000000000256,-0.884541020738272
2016-10-19,-0.0449236305847478,0.002018132584914888,-0.9300000000000015,-0.020000000000000018,0.010217208429796898,0.3299999999999983,0.1570100911707506
2016-10-20,0.013479208341493631,0.0001816890575133915,-0.8699999999999992,0.010000000000000009,-0.030646962125935318,1.2900000000000063,1.0022623672214515
2016-10-21,0.06736880181144045,0.004538555457509142,-0.6600000000000001,0.0,0.45873666525739765,-1.2800000000000011,-0.3635627295830446
2016-10-24,0.2283570363248444,0.0521469360390663,-0.41000000000000014,-0.020000000000000018,0.3857453366027386,0.29999999999999716,-0.22753470238709994
2016-10-25,0.06699419634212944,0.00448822234352779,-0.3200000000000003,0.030000000000000027,-0.03039852081876404,-0.4299999999999997,-0.9993846248790739
2016-10-26,-0.011168816675422022,0.00012474246592918502,0.4400000000000013,0.0,0.05066422106692059,-0.7299999999999969,-0.2717473242230817
2016-10-27,-0.05098799666996001,0.0025997758044158533,0.7799999999999994,0.020000000000000018,-0.09121254038122473,-0.7000000000000028,-0.3808004364542761
2016-10-28,0.02865410489647502,0.0008210577274181936,1.1199999999999992,0.06000000000000005,0.2632667991301574,0.9600000000000009,0.48722430909391434
2016-10-31,-0.2124735652959231,0.04514501594956089,0.8300000000000018,0.010000000000000009,-0.5475585789588955,-0.990000000000002,0.7872608073886234
2016-11-01,0.0,0.0,0.8699999999999974,-0.020000000000000018,0.10162447668013996,-1.8900000000000006,-0.9498985308258767
2016-11-02,-0.07182618373082761,0.005159000669334605,1.5,-0.010000000000000009,-0.7647246274355979,-0.1700000000000017,0.11830820664187058
2016-11-03,0.0,0.0,0.7600000000000016,-0.020000000000000018,-0.3075301498133065,-1.3399999999999963,-0.7715171800673382
2016-11-04,0.2842997490267507,0.08082634729667344,2.759999999999998,0.010000000000000009,-0.24670844890932742,-0.6600000000000037,-0.5630956679818944
2016-11-07,-0.16312297320890679,0.02660910438851372,0.43000000000000327,-0.030000000000000027,-0.09267772452430378,-0.5899999999999963,-0.1348961504357149
2016-11-08,0.18545686498239178,0.034394248769097094,-3.8000000000000007,0.040000000000000036,0.7287680086058401,0.8100000000000023,1.1052638114278146
2016-11-09,-0.022333891773484993,0.0004988027217497406,0.029999999999997584,0.04999999999999982,0.08178474316453688,0.0799999999999983,0.34355135226791234
2016-11-10,-0.25286944546554224,0.06394295645005084,-4.359999999999998,0.18999999999999995,0.6518656080078067,0.240000000000002,-0.9207621187903747
2016-11-14,0.13010612212411843,0.016927603014176017,0.35999999999999943,0.08000000000000007,0.29398461457486036,-0.5800000000000054,1.1732297163326244
2016-11-15,0.21212883420389517,0.04499864230070364,-0.2599999999999998,0.08000000000000007,1.3273193204409672,-1.3299999999999983,-0.7578372884036177
2016-11-16,0.13250617178393043,0.01755788556083248,-1.1100000000000012,0.0,0.07988201107336224,2.5700000000000003,0.17961721137851328
2016-11-17,0.15848452039719518,0.025117343205528976,0.3500000000000014,-0.009999999999999787,0.21934327239696572,-0.29999999999999716,0.050412942366229174
2016-11-18,0.4268230673892148,0.1821779308555382,-0.370000000000001,0.06999999999999984,0.4768968007709873,-0.19000000000000483,-0.004447178636457494
2016-11-21,0.24794332548818687,0.061475892654140975,-0.5,0.04999999999999982,0.3166748784376061,0.3200000000000003,-0.1958719149476984
2016-11-22,-0.4007840674663754,0.16062786873489215,-0.4299999999999997,-0.009999999999999787,-0.15820831048882766,1.7899999999999991,0.15435537445842584
2016-11-23,0.7285605688966967,0.5308005025510784,-0.009999999999999787,-0.020000000000000018,-0.009898694682775044,0.5900000000000034,1.1237398889663908
2016-11-25,0.48799960659096087,0.23814361603293258,0.019999999999999574,0.04999999999999982,0.6510785943787845,-1.3500000000000014,0.18314084250343754
2016-11-28,-0.23377303635943036,0.05464983252870755,-0.08999999999999986,0.0,-0.20670226350150145,0.0,-1.072834289382918
2016-11-29,-0.10694279580203414,0.01143676157395557,0.8100000000000005,-0.040000000000000036,-0.15777148816082942,-1.0600000000000023,-1.5777714035450252
2016-11-30,-0.1577243194354594,0.024876960941378833,-0.25,-0.020000000000000018,-0.39553252560331487,-0.36999999999999744,-1.0623045764256211
2016-12-01,0.20308608024954822,0.04124395599112594,0.4299999999999997,0.07000000000000028,0.5631588207435811,4.119999999999997,1.0292308216516943
2016-12-02,0.0453823470461856,0.0020595574234204307,0.7400000000000002,0.08000000000000007,-0.45423113785671987,1.6700000000000017,0.22078545477137723
2016-12-05,0.09082652758820586,0.008249458113731121,0.049999999999998934,-0.050000000000000266,-0.26758281237908577,0.6200000000000045,-0.21026080075969844
2016-12-06,0.013439096913003823,0.00018060932583710887,-1.9799999999999986,-0.009999999999999787,-0.6271458172667721,0.01999999999999602,-0.7439578584535589
2016-12-07,-0.1762114993400843,0.031050492499680525,-0.3500000000000014,0.0,0.34889979959116246,-0.769999999999996,-1.3295918976620413
2016-12-08,-0.22070192141043776,0.048709338114259045,0.4300000000000015,-0.050000000000000266,-0.25906202736498685,-1.1000000000000014,0.3126391414131291
2016-12-09,-0.19904905388781202,0.03962052585363309,0.41999999999999993,0.06000000000000005,0.834576453804381,0.990000000000002,0.8168162327707229
2016-12-12,0.154850158140718,0.023978571476205374,-0.8900000000000006,0.07000000000000028,0.4934869879702042,0.6699999999999946,0.6323964311658159
2016-12-13,0.17809850127061821,0.031719076154840396,0.8900000000000006,0.020000000000000018,-0.6023823222139235,1.230000000000004,-0.5095379077603823
2016-12-14,0.2189900416786017,0.04795663835439571,0.08000000000000007,-0.010000000000000231,0.06931006323753763,0.25,-0.7669169333762937
2016-12-15,0.13201322049223307,0.017427490384730945,0.46999999999999886,0.06000000000000005,0.9555322927210952,-1.980000000000004,1.5881527919026084
2016-12-16,0.05771665285614347,0.003331212016916574,-0.40000000000000036,0.06000000000000005,1.1017488411474652,-0.10999999999999943,0.11719983911806509
2016-12-19,0.008224661765332542,6.7645061154123e-05,-0.5899999999999999,0.0,-0.17468978650532208,1.0300000000000011,1.3780156615458061
2016-12-20,0.04867434403710291,0.0023691917674422557,-0.48999999999999844,-0.06000000000000005,0.18438788744212786,0.20000000000000284,-0.12300944870409225
2016-12-21,0.011383687188626368,0.0001295883340084961,-0.26000000000000156,0.029999999999999805,0.14532921770875618,0.0899999999999963,-1.7457567198055912
2016-12-22,-0.022766078641289766,0.0005182943367013901,-0.17999999999999972,-0.020000000000000018,-0.26174633300231065,-0.7800000000000011,0.643804871130893
2016-12-23,-0.037291952584439514,0.001390689727560085,0.16000000000000014,0.0,0.0679246032694536,0.5399999999999991,-0.41920592684272506
2016-12-27,0.03075773910943269,0.0009460385151239254,0.009999999999999787,0.0,-0.07762659511820758,0.030000000000001137,0.03311956192018073
2016-12-28,0.0351401215949565,0.0012348281457083279,0.5500000000000007,0.020000000000000018,0.009701991848753977,0.8100000000000023,-0.07679393253630096
2016-12-29,0.030737480207676526,0.0009447926895173062,0.9599999999999991,-0.06000000000000005,0.23269885872050367,1.1899999999999977,-0.054243010008825365
2016-12-30,-0.013806046921338577,0.0001906069315942024,0.41999999999999993,-0.019999999999999574,-0.5632741164338206,-0.21000000000000085,0.18370455844634037
2017-01-03,-0.12678533865440045,0.016074522097711007,0.6699999999999999,-0.040000000000000036,-0.2828313349366063,-0.04999999999999716,0.022563346691306663
2017-01-04,-0.0666053137354794,0.0044362678178016405,-1.1899999999999995,0.0,0.7976693081634068,-1.3900000000000006,1.0681688541170686
2017-01-05,-0.2157008272321903,0.04652684686865121,-1.0,0.009999999999999787,-0.49536514880665905,0.8999999999999986,0.39949262685698983
2017-01-06,-0.5090220820514801,0.2591034800160238,-0.17999999999999972,-0.08999999999999986,-1.1556296879835948,0.5100000000000051,0.16438238146321282
2017-01-09,0.06324999297397937,0.00400056161120844,-0.34999999999999964,0.04999999999999982,0.687157494264401,0.20999999999999375,0.5886665814003322
2017-01-10,-0.044296789207187715,0.001962205534066022,0.2400000000000002,-0.040000000000000036,-0.2841059107758781,-2.029999999999994,0.40664486403256817
2017-01-11,0.026188428869744484,0.0006858338066656664,-0.07000000000000028,0.0,0.0784562461515037,-1.1300000000000026,-0.21999950206756935
2017-01-12,-0.026188428869744484,0.0006858338066656664,-0.23000000000000043,0.0,-0.22572594686698366,1.3699999999999974,0.8902070876579238
2017-01-13,-0.04431641995861213,0.0019639450779480754,0.27999999999999936,-0.020000000000000018,-0.42337513246710756,0.8200000000000003,-0.02910953940151728
2017-01-17,0.05921753011897124,0.003506715873391266,-0.3099999999999987,0.040000000000000036,-0.16787459625122736,-0.6499999999999986,-0.27696406970170173
2017-01-18,-0.00604018241538995,3.648380361118597e-05,0.6399999999999988,-0.06999999999999984,-0.8436340692115074,0.09000000000000341,-0.05110347103771673
2017-01-19,-0.016530633615552404,0.0002732618477316311,0.6100000000000012,0.08999999999999986,0.5962439086563798,-1.3300000000000054,-0.20906593189433664
2017-01-20,0.022570816030942353,0.0005094417363026443,0.29999999999999893,0.050000000000000266,0.2177368424656656,0.2700000000000031,-0.1420631614375445
2017-01-23,-0.10355359823606136,0.010723347707635611,-1.2400000000000002,0.009999999999999787,-0.4061659586943378,0.9399999999999977,0.5772464643052366
2017-01-24,0.12612950983434956,0.015908653251053284,0.23000000000000043,-0.06999999999999984,-0.5773975197738146,0.44000000000000483,0.12960443342926453
2017-01-25,0.07905585142662375,0.006249827644788408,-0.6999999999999993,0.06000000000000005,0.18951161223963453,-0.39000000000000057,0.610806318276147
2017-01-26,-0.027958908138536742,0.0007817005442991361,-0.2599999999999998,0.05999999999999961,-0.31939312430582234,-0.240000000000002,0.8526379572632692
2017-01-27,0.0,0.0,-0.17999999999999972,-0.020000000000000018,0.34928280712227533,1.1000000000000014,0.0
2017-01-30,0.027958908138536742,0.0007817005442991361,-0.05000000000000071,-0.019999999999999574,0.14932214097118646,-0.060000000000002274,0.0
2017-01-31,-0.027958908138536742,0.0007817005442991361,1.3000000000000007,0.0,-0.09952078307149392,-0.5499999999999972,0.0
2017-02-01,0.027958908138536742,0.0007817005442991361,0.10999999999999943,-0.040000000000000036,-0.9202807349372399,0.11999999999999744,0.0
2017-02-02,0.193133377368504,0.03730050145376497,-0.17999999999999972,0.029999999999999805,0.13055211738457473,1.1499999999999986,0.0
2017-02-03,-0.04614934954929595,0.002129762463823102,0.11999999999999922,0.0,0.21053603116998332,-0.3500000000000014,0.8425852799553546
2017-02-06,-0.1582815480254851,0.025053048445343947,-0.9599999999999991,0.010000000000000231,0.02003231765037583,0.2600000000000051,-0.4032694470753384
2017-02-07,-0.016661387932259686,0.0002776018478292487,0.3999999999999986,-0.07000000000000028,0.04004496423934967,-0.8000000000000043,-0.044273381709913906
2017-02-08,0.26525214491321947,0.07035870038106358,-0.08000000000000007,-0.020000000000000018,0.34970157432550053,-0.8200000000000003,0.266771441066993
2017-02-09,0.09089129362447324,0.00826122725673021,0.16000000000000014,-0.06000000000000005,0.019942797488159414,0.17999999999999972,0.01851917808632919
2017-02-10,-0.13505115303065196,0.018238813934908574,-0.5699999999999985,0.06000000000000005,0.3682906128902097,0.6200000000000045,-0.1981906843262493
2017-02-13,0.1577243194354594,0.024876960941378833,-0.030000000000001137,0.010000000000000231,0.14892186665944607,0.8500000000000014,0.4457331703515699
2017-02-14,0.31796529173799826,0.10110192675003034,0.22000000000000064,0.020000000000000018,0.15860038120418807,-0.8800000000000026,0.3007777081683649
2017-02-15,0.1593625835278445,0.025396433028669212,-0.33000000000000007,0.040000000000000036,0.28683162619644875,0.25,0.05098572510178201
2017-02-16,-0.07971303730194279,0.006354168315900923,1.2300000000000004,0.03999999999999959,-0.06915941066916176,-0.10000000000000142,0.7490354734520643
2017-02-17,-0.026703565084496006,0.0007130803882219142,-0.21000000000000085,-0.05999999999999961,-0.7340553283461837,0.29999999999999716,-0.3124738628970114
2017-02-21,0.3231014108953545,0.1043945217225687,-0.2699999999999996,-0.03000000000000025,0.5064755931961429,0.0,-0.21451058903654285
2017-02-22,0.0,0.0,0.08000000000000007,0.010000000000000231,0.4151901960475435,0.6100000000000065,1.2244076636450885
2017-02-23,-0.1913780109491725,0.03662554307486159,0.16999999999999993,-0.010000000000000231,-0.03946809584931543,-0.4100000000000037,0.09624841200830403
2017-02-24,0.12290049172456463,0.01510453086613978,-0.02999999999999936,-0.040000000000000036,-0.27670614803367855,0.8699999999999974,-0.0515999481503826
2017-02-27,-0.14820728928430782,0.021965400597002502,-0.2400000000000002,-0.06999999999999984,0.03956988896351987,-0.4899999999999949,-0.3353504058011936
2017-02-28,-0.11385632563225556,0.012963262886478215,0.6199999999999992,0.04999999999999982,0.03956178154167489,0.04999999999999716,0.4148311359092993
2017-03-01,0.13916312319199875,0.01936637485655142,0.8300000000000001,0.0,-0.009883319499692789,-0.03999999999999915,-0.9312292917245557
2017-03-02,0.10963711217737426,0.012020296366594147,-0.3800000000000008,0.10000000000000009,0.6505651606983243,-0.17999999999999972,-0.17883424582985086
2017-03-03,0.10951704084440905,0.011993982235315961,-0.7299999999999986,0.03000000000000025,0.41180387418195963,-1.1899999999999977,-0.2836921375073409
2017-03-06,-0.14187930369917723,0.020129736818163366,-0.8499999999999996,0.0,-0.6478829373291362,0.6999999999999957,0.71965553210811
2017-03-07,0.0,0.0,0.27999999999999936,0.0,0.09843339112611815,-0.14000000000000057,0.5136793877730028
2017-03-08,-0.05533780854136694,0.0030622730541609838,0.20999999999999908,0.029999999999999805,0.16711546921497344,-0.509999999999998,0.03489597545236478
2017-03-09,0.02193222949902207,0.0004810226907977739,0.41000000000000014,0.04999999999999982,0.2550542286459567,-2.8500000000000014,0.008373222439583827
2017-03-10,0.010600561839702038,0.00011237191131734706,0.4400000000000013,0.03000000000000025,-0.21577217343535793,-1.0799999999999983,-0.11170065389283224
2017-03-13,0.02280501720264283,0.0005200688096128354,-0.6400000000000006,-0.020000000000000018,-0.590842170453687,-0.7000000000000028,-0.5027986587102795
2017-03-14,0.0,0.0,-0.3100000000000005,0.040000000000000036,0.12830999656028297,-0.09999999999999432,-0.28684337501161394
2017-03-15,0.09127211129911217,0.008330598300997518,0.9500000000000011,-0.020000000000000018,0.3151467094810734,-0.7100000000000009,0.6372488018048017
2017-03-16,-0.19385375818146144,0.03757927956107653,-0.6699999999999999,-0.0900000000000003,-0.9484353934943179,1.1000000000000014,-0.21991114370862874
2017-03-17,0.0113927656061108,0.00012979510815578117,-0.41999999999999993,0.020000000000000018,-0.4676405055228372,-0.04000000000000625,0.249289374650985
2017-03-20,0.045584046373470244,0.0020779052837786856,0.06999999999999851,-0.029999999999999805,0.029921133729793326,0.04000000000000625,-0.6145403988295328
2017-03-21,-0.07555853827554415,0.005709092706336871,0.0600000000000005,-0.029999999999999805,0.10961149687158667,-0.5500000000000043,0.6355195665929791
2017-03-22,-0.030733431629492713,0.0009445438197247031,1.1300000000000008,-0.040000000000000036,-0.5993486124947545,-0.769999999999996,0.15510920140355822
2017-03-23,0.07462195548519901,0.005568436240435023,0.33999999999999986,-0.03000000000000025,-0.13032961372596574,0.269999999999996,-0.4534266613136495
2017-03-24,0.008875393851504043,7.877261601931577e-05,0.3099999999999987,0.010000000000000231,0.08022646847809511,-0.28999999999999915,0.9242648693773781
2017-03-27,-0.08349734933670305,0.006971807346255425,-0.15999999999999837,-0.010000000000000231,-0.13040262965349214,0.29999999999999716,0.3579111818212688
2017-03-28,-0.013174362709200693,0.00017356383279357784,-0.46000000000000085,-0.020000000000000018,-0.4627765754706026,-0.27999999999999403,0.1909163176907036
2017-03-29,0.028319009452992816,0.0008019662963986965,-0.9700000000000006,0.040000000000000036,0.5430432924563355,1.3399999999999963,-0.590528338303109
2017-03-30,-0.05028013834333933,0.002528092311825342,-0.10999999999999943,-0.029999999999999805,0.2904222329290995,1.1099999999999994,0.16808711145666066
2017-03-31,-0.029405676107252532,0.0008646937873246424,0.11999999999999922,0.029999999999999805,0.40916543748128475,0.8299999999999983,0.46942267004093097
2017-04-03,-0.12445741612197025,0.015489648427757262,0.8300000000000001,-0.020000000000000018,-0.05977803261272285,0.240000000000002,-0.21435938977028002
2017-04-04,-0.17613390727024836,0.031023153290284447,0.010000000000001563,-0.04999999999999982,0.18916073337518213,-0.28999999999999915,0.009690660287642316
2017-04-05,-0.04408199321996875,0.001943222126245371,-0.5900000000000016,0.009999999999999787,0.0,0.740000000000002,0.24334276311384073
2017-04-06,-0.17652255245685922,0.031160211525884614,1.1000000000000014,-0.020000000000000018,0.01988726333577162,0.14999999999999858,-0.12712802950272106
2017-04-07,0.08972023656994565,0.008049720850167013,-0.5,0.0,0.10932825487621756,0.5499999999999972,0.0
2017-04-10,0.0,0.0,0.47999999999999865,0.040000000000000036,0.5053289327308086,0.5600000000000023,0.6518900956500318
2017-04-11,-0.032316221128247946,0.001044338148009819,1.1800000000000015,-0.009999999999999787,-0.15826280704374085,0.8100000000000023,0.2634071572805041
2017-04-12,0.07501710300381603,0.005627565743085145,1.0199999999999996,-0.050000000000000266,-0.3073393240195621,0.3200000000000003,0.19983581793976413
2017-04-13,-0.3535134039525545,0.12497172677412197,0.6999999999999993,-0.040000000000000036,0.06948205705743504,-0.2600000000000051,-0.7893459246298917
2017-04-17,0.5036109940466105,0.25362403332461514,0.19000000000000128,-0.03999999999999959,-0.21853711360115824,0.07000000000000028,-0.16966340375779154
2017-04-18,0.19317090263388792,0.03731499762439101,-1.3000000000000007,0.019999999999999574,-0.25888146096981757,-0.5700000000000003,-1.8841399632701261
2017-04-19,-0.022745365729726075,0.0005173516621789974,-0.2400000000000002,-0.07999999999999963,-0.8008081229641917,-0.1599999999999966,0.5751334448422796
2017-04-20,-0.2323396997669036,0.05398173608777491,0.5099999999999998,0.029999999999999805,0.24091345354380067,-1.9699999999999989,0.25703723029186776
2017-04-21,0.13004952775172995,0.01691287966844798,-0.7799999999999994,0.03000000000000025,0.04009714989603452,-0.23000000000000398,-0.5750559770124397
2017-04-24,-0.019929485790015633,0.00039718440385443505,0.4800000000000004,0.0,0.20024493625294681,-0.6199999999999974,-0.035085996135642006
2017-04-25,0.23599825694944343,0.05569517728317552,-3.790000000000001,0.03999999999999959,-0.8941708448073626,-0.740000000000002,-0.4248142554163614
2017-04-26,-0.25801256633943837,0.06657048438906309,-0.08000000000000007,0.07000000000000028,-0.27284807839960123,0.3200000000000003,-0.25547484907226803
2017-04-27,0.11012561600320936,0.012127651300086322,0.08999999999999986,-0.03000000000000025,0.14157085033383865,0.0,0.347060914666919
2017-04-28,0.04548038736729154,0.002068465635078892,-0.4900000000000002,-0.020000000000000018,0.12119042689828774,-0.259999999999998,0.9098810117463607
2017-05-01,-0.19964916638155472,0.03985978963684972,0.46000000000000085,-0.009999999999999787,-0.030281914689123113,0.3500000000000014,0.16733371634236605
2017-05-02,0.0,0.0,-0.7100000000000009,0.040000000000000036,0.09081824811314476,-0.480000000000004,0.0
2017-05-03,0.1760563835032869,0.03099585017225643,0.4800000000000004,-0.040000000000000036,-0.1615142996955754,-1.1799999999999997,0.0
2017-05-04,0.05771665285614347,0.003331212016916574,0.08999999999999986,0.040000000000000036,0.2320962994624587,0.14000000000000057,0.251866518724686
2017-05-05,-0.07960425734516718,0.0063368377874756035,-0.21999999999999886,0.029999999999999805,-0.45461203261334404,-2.240000000000002,0.34407203954529564
2017-05-08,-0.01136686559917166,0.0001292056335496321,0.10999999999999943,0.0,-0.11144381712764329,0.6799999999999997,-0.28016273300890404
2017-05-09,0.01136686559917166,0.0001292056335496321,-0.8000000000000007,0.03000000000000025,0.5055622419179784,0.23000000000000398,-0.1584588130238096
2017-05-10,0.01309214294149541,0.0001714042068005481,0.19000000000000128,0.029999999999999805,0.4427850816283829,-0.6199999999999974,0.45108579788211145
2017-05-11,-0.07039155592014623,0.004954971144859074,0.25,-0.009999999999999787,0.08029894365035872,1.4399999999999977,0.304199568108654
2017-05-12,-0.14093193559627792,0.01986181047091343,0.3899999999999988,-0.020000000000000018,-0.050173539246678445,0.5300000000000011,0.09383841163304041
2017-05-15,-0.02886083486028923,0.0008329477888328861,-0.1999999999999993,-0.06000000000000005,-0.37210556484259527,0.01999999999999602,0.05240078445281071
2017-05-16,-0.36857841649062806,0.13585004910273887,0.019999999999999574,0.009999999999999787,-0.3431536790889034,1.0300000000000011,-0.0027572515717722013
2017-05-17,0.37992078592363754,0.14433980357683443,0.23000000000000043,-0.009999999999999787,-0.8121078380017188,-0.21999999999999886,-0.04412636759916211
2017-05-18,-0.026563527792689,0.000705621008792961,4.9399999999999995,-0.10999999999999988,-0.7057794813467133,0.3999999999999986,0.298850955434915
2017-05-19,-0.35335725813094854,0.1248613518738218,-0.9299999999999997,0.009999999999999787,0.47107009308362535,0.3200000000000003,-0.028882058253731913
2017-05-22,0.11055833077495691,0.012223144503744785,-2.620000000000001,0.0,-0.7486018983891896,0.9600000000000009,0.9351044651967122
2017-05-23,0.28070611122128497,0.07879592087697641,-1.1099999999999994,0.020000000000000018,-0.1751385237965586,0.490000000000002,1.391166747051642
2017-05-24,-0.3912644419962419,0.15308786357063053,-0.20999999999999908,0.040000000000000036,0.3807909852149294,0.30999999999999517,-0.4269280505982742
2017-05-25,0.4026093850001189,0.16209431689017395,-0.7000000000000011,-0.03000000000000025,-0.11305886647718921,-0.12999999999999545,0.24398968745416028
2017-05-26,0.17032877563707416,0.029011891810024747,-0.02999999999999936,-0.009999999999999787,0.010285501927320695,-2.4200000000000017,-0.1118108761620995
2017-05-30,-0.06816632847463922,0.004646648337712409,-0.17999999999999972,0.0,0.1541243816041593,1.009999999999998,0.20197674708919422
2017-05-31,0.011357828395475167,0.000129000265861062,0.5700000000000003,-0.040000000000000036,-0.12328206450868961,0.05000000000000426,-0.7019372512526267
2017-06-01,-0.07462783964644615,0.00556931445029568,0.02999999999999936,0.0,-0.37075286136198926,-1.3400000000000034,-0.05284445561075657
2017-06-02,-0.11019284861557566,0.012142463886015174,-0.5199999999999996,0.0,0.28848030138171055,0.030000000000001137,0.5379772643078873
2017-06-05,0.20754021579367787,0.04307294117168638,-0.14000000000000057,-0.06000000000000005,-0.4950461142170681,-0.6400000000000006,-0.4038881359096358
2017-06-06,0.0,0.0,0.3200000000000003,0.03000000000000025,0.08268068814167862,-0.28000000000000114,0.6314532214239499
2017-06-07,-0.07949577387602602,0.0063195780641482615,0.379999999999999,-0.040000000000000036,-0.1654297938173066,0.730000000000004,1.0463033638113295
2017-06-08,-0.08395273044499163,0.007048060949169425,-0.05999999999999872,0.040000000000000036,0.11376040391102293,-2.3300000000000054,0.2857581508182605
2017-06-09,-0.04409171147266022,0.001944079020588317,-0.23000000000000043,0.009999999999999787,0.17555451459996263,-0.11999999999999744,-0.4429406213726672
2017-06-12,0.08264664293129442,0.006830467587812878,0.5399999999999991,0.020000000000000018,0.36047053139576235,0.14000000000000057,-0.05467213524186221
2017-06-13,0.0,0.0,0.7600000000000016,0.0,-0.133735173546512,0.28000000000000114,0.18256813061352517
2017-06-14,0.027546205684281233,0.0007587934476007278,-1.040000000000001,0.0,-0.16484243424779166,0.30999999999999517,0.7692447646014067
2017-06-15,-0.016198687941759715,0.0002623974910345116,0.22000000000000064,-0.06000000000000005,-0.04125506899610443,-1.6199999999999974,0.5113145834122257
2017-06-16,-0.022693747969704248,0.0005150061969124557,0.2599999999999998,0.010000000000000231,0.5041918967562786,-0.3200000000000003,-0.026292610613243284
2017-06-19,0.14760150281194484,0.02178620363234456,-0.5199999999999996,0.0,-0.27750327440028144,0.259999999999998,0.08805304779038181
2017-06-20,-0.020642130341030906,0.00042609754501610875,-0.010000000000001563,0.029999999999999805,0.38008686422381643,-0.4899999999999949,0.7316451388025946
2017-06-21,0.03200512109238218,0.0010243277761380469,0.4900000000000002,-0.029999999999999805,0.22531883977325862,-0.8999999999999986,0.15115781927139693
2017-06-22,-0.25231805444381195,0.06366440059831045,-0.10999999999999943,0.0,-0.19456505424200188,-0.8600000000000065,-0.07555034878050648
2017-06-23,0.25231805444381195,0.06366440059831045,-0.2699999999999996,-0.010000000000000231,-0.020498865497486918,0.05000000000000426,-0.14474707654033026
2017-06-26,-0.09804805139612682,0.009613420382577526,-0.46000000000000085,0.0,-0.24635391117042715,0.3299999999999983,0.35302353459059077
2017-06-27,0.1662531239505327,0.027640101223311193,-0.11999999999999922,-0.009999999999999787,0.13351540131312234,0.38000000000000256,0.4553925082134036
2017-06-28,0.022745365729726075,0.0005173516621789974,1.1600000000000001,0.06999999999999984,-0.9902082733337814,1.009999999999998,-0.650638971196571
2017-06-29,-0.03411610882011473,0.0011639088810259102,-1.0300000000000011,0.010000000000000231,-0.4363170849008391,0.490000000000002,0.1991475065127979
2017-06-30,-0.034104473700757865,0.001163115126405685,1.4100000000000001,0.04999999999999982,-0.43823713466348835,0.14000000000000057,0.3517679624708059
2017-07-03,0.02273502340148781,0.0005168812890661982,-0.2599999999999998,0.040000000000000036,0.03137268941806326,1.1400000000000006,0.6097343559932966
2017-07-05,0.022740193389658714,0.0005171163953990778,0.040000000000000924,0.040000000000000036,0.5629049413899523,0.0,0.3098983416905732
2017-07-06,-0.022740193389658714,0.0005171163953990778,-0.15000000000000036,-0.020000000000000018,0.09351548116072195,-0.9100000000000037,-0.07192396919348809
2017-07-07,0.04548555911938479,0.0020689360884030487,1.4699999999999989,0.040000000000000036,-0.4893052490123395,0.4100000000000037,0.5547846667059098
2017-07-10,0.03412775188120776,0.0011647034484652797,-1.3499999999999996,0.020000000000000018,0.19809466895255312,-1.2700000000000031,-0.8881075839862973
2017-07-11,-0.0909814688029087,0.008277627665534647,-0.08000000000000007,-0.010000000000000231,0.04165460275453725,0.14999999999999858,-1.1891548359556303
2017-07-12,-0.13214477275855785,0.01746224096741089,-0.21999999999999886,-0.009999999999999787,-0.3232759335629609,0.6600000000000037,0.3646027269414098
2017-07-13,0.0,0.0,-0.5899999999999999,-0.040000000000000036,0.05221433009197085,0.4199999999999946,0.6232487311446988
2017-07-14,0.0,0.0,-0.40000000000000036,0.020000000000000018,-0.06265409275068023,0.5800000000000054,0.5320566249668701
2017-07-17,0.044033466145343425,0.0019389461407731056,-0.39000000000000057,-0.020000000000000018,-0.649764111332729,0.46999999999999886,-0.08998008191127838
2017-07-18,0.0,0.0,0.3100000000000005,-0.020000000000000018,0.021022543486726164,-0.509999999999998,-1.1238325600261945
2017-07-19,0.08811130661321442,0.007763602353087884,0.07000000000000028,-0.040000000000000036,-0.49527851814046286,0.37999999999999545,-0.18484774854581332
2017-07-20,-0.04409722139566696,0.0019445649348184683,-0.10000000000000142,0.0,0.14778782874342866,0.7000000000000028,0.4951952879443944
2017-07-21,-0.11007155761859622,0.012115747796583946,-0.20999999999999908,0.0,-0.5606471654231449,-0.37000000000000455,-0.375395807505452
2017-07-24,0.14280191341509152,0.020392386475011296,-0.22000000000000064,-0.029999999999999805,-0.35066632104383544,-0.9499999999999957,-0.8560633092252523
2017-07-25,0.01136686559917166,0.0001292056335496321,0.07000000000000028,0.019999999999999574,0.04257228064847851,0.4299999999999997,-0.2786542286782101
2017-07-26,-0.13214477275855785,0.01746224096741089,0.0,0.07000000000000028,0.07445588009584725,1.5600000000000023,0.9862490797081236
2017-07-27,0.12077790715938619,0.014587302857801309,0.16999999999999993,-0.040000000000000036,-0.40486405221793476,0.8099999999999952,0.8578062527340613
2017-07-28,-0.019529906962034715,0.00038141726594573207,0.5099999999999998,0.029999999999999805,0.20263691959501173,0.46999999999999886,-0.30801510070705973
2017-07-31,-0.00319994880122465,1.0239672330459076e-05,0.17999999999999972,-0.020000000000000018,-0.6413002582702276,0.6700000000000017,0.7219501972472564
2017-08-01,-0.03200512109238218,0.0010243277761380469,-0.02999999999999936,0.0,-0.4298325121765423,0.490000000000002,0.827870219353688
2017-08-02,0.0,0.0,-0.16999999999999993,-0.040000000000000036,0.18290194942691684,-1.0200000000000031,0.4151920175130108
2017-08-03,0.022004621059146245,0.00048420334795662244,0.1899999999999995,0.010000000000000231,-0.21521255222021196,0.4100000000000037,-0.07374256551431202
2017-08-04,0.05546537919798311,0.0030764082895760577,0.16000000000000014,-0.029999999999999805,-0.021551683477838424,-0.5700000000000003,0.28703535252798673
2017-08-07,-0.011368157802316148,0.0001292350118183615,-0.41000000000000014,0.029999999999999805,0.783479578341062,0.5399999999999991,0.02409378835750431
2017-08-08,-0.01136686559917166,0.0001292056335496321,-0.09999999999999964,-0.010000000000000231,-0.11766660140679619,-0.20000000000000284,0.5437338737776187
2017-08-09,0.0,0.0,1.0300000000000011,0.03000000000000025,0.2245140033423354,-0.29999999999999716,-0.17796855538234624
2017-08-10,-0.010730575705508727,0.00011514525497165411,0.14999999999999858,-0.04999999999999982,-0.12823548361877712,0.5200000000000031,-2.2885814488260436
2017-08-11,-0.013199287257670278,0.00017422118411049696,4.93,-0.040000000000000036,-0.12839196966272226,-1.0500000000000043,-0.029733241336238336
2017-08-14,0.0,0.0,-0.5299999999999994,-0.010000000000000231,-0.35394666532031493,0.2700000000000031,-0.17469965815157806
2017-08-15,0.0,0.0,-3.1799999999999997,0.03000000000000025,0.4181632557726189,-1.2199999999999989,0.5283396756484038
2017-08-16,0.012564289273697682,0.0001578613649531546,-0.2900000000000009,0.04999999999999982,0.4164219297465799,-0.020000000000003126,-0.6605376808259678
2017-08-17,0.011365573689481323,0.00012917626529103008,-0.29999999999999893,-0.040000000000000036,-0.384329092042357,-0.7700000000000031,0.3249972108899435
2017-08-18,-0.019529906962034715,0.00038141726594573207,3.8100000000000005,-0.040000000000000036,0.13896093560852307,0.2700000000000031,-0.7760427225870892
2017-08-21,0.008164333272553392,6.665633778532238e-05,-1.290000000000001,0.0,-0.20315691382588597,1.5200000000000031,0.1796220611023358
2017-08-22,0.011365573689481323,0.00012917626529103008,-1.0700000000000003,-0.009999999999999787,-0.3538328177877581,-1.2000000000000028,-0.02341067537487973
2017-08-23,-0.010730575705508727,0.00011514525497165411,-1.8399999999999999,0.040000000000000036,0.48219174484298577,0.259999999999998,-0.9842895060583778
2017-08-24,0.0351895842461758,0.0012383068394187038,0.9000000000000004,-0.050000000000000266,-0.4284971913297575,0.8000000000000043,0.6181104512329227
2017-08-25,-0.026391027203942485,0.0006964863168792323,-0.019999999999999574,0.020000000000000018,0.1394596087266109,-1.2100000000000009,0.49357091897563876
2017-08-28,-0.03079833713321989,0.0009485375701714711,-0.9500000000000011,-0.020000000000000018,-0.5805853587045995,0.4099999999999966,0.24133915956801033
2017-08-29,0.0327303557964953,0.0010712761905651736,0.040000000000000924,-0.009999999999999787,-0.5731281306367464,-1.25,0.7269754204779488
2017-08-30,-0.0327303557964953,0.0010712761905651736,0.379999999999999,-0.03000000000000025,0.1517115500138111,0.060000000000002274,-0.41642822008576275
2017-08-31,-0.04401408521754746,0.0019372396975375298,-0.47999999999999865,0.020000000000000018,0.572261769587179,-0.5,0.5951018412835296
2017-09-01,0.04401408521754746,0.0019372396975375298,-0.6300000000000008,-0.029999999999999805,-0.22635319786115105,1.2999999999999972,0.5264484654657231
2017-09-05,0.0327303557964953,0.0010712761905651736,-0.4599999999999991,0.040000000000000036,0.15095904621516,0.060000000000002274,0.7597921361072402
2017-09-06,-0.011365573689481323,0.00012917626529103008,2.0999999999999996,-0.0900000000000003,-0.5401914747725556,1.3100000000000023,0.45286724162307834
2017-09-07,0.0,0.0,-0.5999999999999996,0.03000000000000025,-0.021664835655421655,0.5,0.15638205802597227
2017-09-08,-0.011364282073778043,0.00012914690705239298,-0.08000000000000007,-0.050000000000000266,-0.8269029137556672,-0.030000000000001137,0.39867496698162697
2017-09-11,0.0,0.0,0.5699999999999985,0.010000000000000231,-0.2187433307679676,-1.6600000000000037,0.560730416827937
2017-09-12,-0.03200512109238218,0.0010243277761380469,-1.3899999999999988,0.08000000000000007,0.5786344789651565,0.6200000000000045,-0.466638739508074
2017-09-13,0.03200512109238218,0.0010243277761380469,-0.15000000000000036,0.029999999999999805,0.05441916725175133,0.14999999999999858,0.3092508458704124
2017-09-14,0.0,0.0,-0.08000000000000007,0.03000000000000025,0.6614923865376987,1.0899999999999963,0.35439789513853626
2017-09-15,0.0,0.0,-0.0600000000000005,0.0,-0.4332696312161488,0.5600000000000023,0.43999822399509725
2017-09-18,0.0,0.0,-0.2699999999999996,0.0,-0.2717540587974909,0.03999999999999915,-0.0620293542784367
2017-09-19,0.022729855763259366,0.000516646343018575,-0.019999999999999574,0.029999999999999805,0.1957376652575782,-0.01999999999999602,0.25407619837887196
2017-09-20,0.0,0.0,0.02999999999999936,0.010000000000000231,-0.2828571627197185,-0.3400000000000034,-0.24042643877955072
2017-09-21,0.0,0.0,-0.40000000000000036,0.03999999999999959,0.7813400669962611,0.75,-0.008685995079282804
2017-09-22,0.02273502340148781,0.0005168812890661982,-0.10999999999999943,-0.009999999999999787,-0.2706068590979882,0.28999999999999915,-0.2397829437038368
2017-09-25,-0.033465599106996535,0.0011199463235902073,-0.08000000000000007,-0.010000000000000231,-0.09760231446200862,-0.25,0.3972545042762121
2017-09-26,0.010730575705508727,0.00011514525497165411,0.620000000000001,-0.03999999999999959,0.5194291061136447,1.5200000000000031,-0.19222308750705963
2017-09-27,0.0,0.0,-0.040000000000000924,0.020000000000000018,0.3447904397191337,-0.259999999999998,-0.02855493430038436
2017-09-28,-0.011365573689481323,0.00012917626529103008,-0.3000000000000007,0.06999999999999984,0.41861209180718006,0.5499999999999972,-0.19638069351914922
2017-09-29,-0.011364282073778043,0.00012914690705239298,-0.3199999999999985,0.0,-0.2896266726965635,-0.5200000000000031,0.13054913298322646
2017-10-02,-0.0540145852507834,0.0029175754198141474,-0.040000000000000924,0.020000000000000018,-0.010736968301916505,0.05000000000000426,-0.04971290898039271
2017-10-03,0.0,0.0,-0.0600000000000005,0.009999999999999787,0.514355751549811,-1.0799999999999983,-0.2726171047013004
2017-10-04,0.07674444101404276,0.005889709226557889,0.0600000000000005,-0.009999999999999787,0.010690040492455921,-0.15000000000000568,-0.5286752344702883
2017-10-05,-0.07674444101404276,0.005889709226557889,0.120000000000001,0.0,-0.11762885499981834,-0.4399999999999977,0.9553219830600312
2017-10-06,0.06537886732456144,0.004274396292642608,-0.4400000000000013,0.020000000000000018,0.5335622570560083,0.7899999999999991,-0.053386638468566616
2017-10-09,-0.02136478210701398,0.0004564539144801847,0.46000000000000085,0.020000000000000018,-0.17042615000031347,-1.4499999999999957,0.31865522335889906
2017-10-10,-0.001362490718115339,1.856380956950452e-06,0.6799999999999997,0.0,-0.0639918841239151,0.23999999999999488,0.1434968949070914
2017-10-11,-0.029445334713251725,0.000867027736375427,-0.25,-0.020000000000000018,-0.4812038919022932,1.3500000000000014,0.20869229176945225
2017-10-12,0.018083634990873065,0.0003270178544831287,-0.23000000000000043,0.0,-0.3543647531662586,0.36999999999999744,0.40625440584411976
2017-10-13,0.0,0.0,0.0600000000000005,-0.020000000000000018,0.17197302232236922,-0.6899999999999977,0.23560894923182474
2017-10-16,0.0,0.0,-0.3000000000000007,-0.050000000000000266,-0.03222856892612924,0.8200000000000003,0.6207177711199385
2017-10-17,-0.018083634990873065,0.0003270178544831287,0.3000000000000007,0.020000000000000018,0.20389817267947308,0.4299999999999997,-0.1853229660239819
2017-10-18,0.0044016990566220215,1.9374954585067196e-05,0.40000000000000036,0.0,0.22487463376528183,0.00999999999999801,1.0754358013103094
2017-10-19,0.013681935934251044,0.00018719537090894998,-0.2400000000000002,0.040000000000000036,-0.1391461337481914,0.17999999999999972,-0.06884016672721316
2017-10-20,-0.018083634990873065,0.0003270178544831287,-0.019999999999999574,-0.009999999999999787,-0.09645177687103157,-0.759999999999998,0.1460779543253743
2017-10-23,0.040808325464603,0.0016653194272249659,-0.08000000000000007,0.06000000000000005,0.4599679927719258,0.3400000000000034,-0.2524506555846351
2017-10-24,-0.022724690473729936,0.0005164115571268321,1.0999999999999996,-0.010000000000000231,0.2558149912921692,0.27999999999999403,-0.8258086374660856
2017-10-25,0.01136169972237866,0.00012908822058149932,0.08999999999999986,0.040000000000000036,0.021284345906913416,0.4100000000000037,0.6321133563369941
2017-10-26,-0.020642130341030906,0.00042609754501610875,0.07000000000000028,0.020000000000000018,-0.2664252680974144,-0.3500000000000014,0.6582427612616293
2017-10-27,-0.002079978368385582,4.326310012951949e-06,0.07000000000000028,0.020000000000000018,0.9558287801651133,0.4399999999999977,-0.0698458602576224
2017-10-30,0.011360408987037829,0.00012905889235276987,-1.5,-0.040000000000000036,0.32712271094679224,1.5100000000000051,1.2284048916891166
2017-10-31,-0.02271952753165607,0.0005161769312616781,0.6999999999999993,-0.04999999999999982,-0.45404260905295146,0.18999999999999773,0.5731014695225412
2017-11-01,-0.07022265033267416,0.004931220619745023,-0.3200000000000003,0.009999999999999787,0.06348411945928945,0.25,-0.9414743118004054
2017-11-02,-0.004405189313771984,1.9405692890170886e-05,0.019999999999999574,-0.009999999999999787,0.28515268743758426,-0.03999999999999915,0.6464346703203283
2017-11-03,0.07462783964644615,0.00556931445029568,-0.2699999999999996,-0.020000000000000018,-0.13719304769415075,0.22999999999999687,-1.1481209779218737
2017-11-06,0.0,0.0,-0.7899999999999991,-0.010000000000000231,0.2636715059869843,1.0800000000000054,1.2690858654217152
2017-11-07,-0.07022265033267416,0.004931220619745023,0.2599999999999998,-0.020000000000000018,-0.2319954815239278,1.7100000000000009,0.6332649558034475
2017-11-08,0.07022265033267416,0.004931220619745023,0.4900000000000002,0.0,0.2003928704287894,-0.15000000000000568,0.14593216745248938
2017-11-09,-0.07462783964644615,0.00556931445029568,-0.11000000000000121,0.0,-0.04215503716817892,-0.36999999999999744,1.0958981745740282
2017-11-10,0.07462783964644615,0.00556931445029568,0.7200000000000006,0.010000000000000231,-0.4542824287080194,0.3399999999999963,0.08139062131764518
2017-11-13,-0.09665669753928796,0.009342517179201395,0.7899999999999991,0.06999999999999984,-0.052960919813305196,-0.4099999999999966,0.9036223488976702
2017-11-14,0.09665669753928796,0.009342517179201395,0.21000000000000085,0.0,0.10588573159493464,0.020000000000003126,1.2738005198996483
2017-11-15,-0.07022265033267416,0.004931220619745023,0.08999999999999986,-0.020000000000000018,-0.7009332369973365,-1.1000000000000014,0.17724860342021032
2017-11-16,0.0,0.0,1.540000000000001,-0.04999999999999982,-0.021321970370635768,-0.39000000000000057,0.1916654494621639
2017-11-17,0.07022265033267416,0.004931220619745023,-1.370000000000001,0.040000000000000036,0.12783931425452977,-0.14000000000000057,1.1501825016674516
2017-11-20,-0.07462783964644615,0.00556931445029568,-0.33000000000000007,-0.020000000000000018,-0.28785843999630245,1.0700000000000003,-0.23661483769803482
2017-11-21,0.07462783964644615,0.00556931445029568,-0.7799999999999994,0.020000000000000018,0.4474260757626247,0.0,1.4335005594106498
2017-11-22,-0.008570367245397392,7.345119472098048e-05,-0.9199999999999999,-0.010000000000000231,-0.13828102363699912,0.6300000000000026,1.6192685775303417
2017-11-24,0.0540145852507834,0.0029175754198141474,0.15000000000000036,-0.040000000000000036,-0.7800389337229596,1.0399999999999991,1.551658394946287
2017-11-27,-0.022724690473729936,0.0005164115571268321,-0.21000000000000085,0.020000000000000018,-0.49467686224753393,1.0599999999999952,0.311525064195628
2017-11-28,-0.011360408987037829,0.00012905889235276987,0.1999999999999993,-0.020000000000000018,0.1508126827771683,-0.8399999999999963,0.32440882584454656
2017-11-29,-0.019929485790015633,0.00039718440385443505,0.16000000000000014,0.020000000000000018,0.3867652041601666,-0.14000000000000057,0.276622406180671
2017-11-30,-0.044033466145343425,0.0019389461407731056,0.6699999999999999,0.03000000000000025,0.0,-0.7100000000000009,1.1545801271658718
2017-12-01,0.04124600499526565,0.001701232928069479,0.5800000000000001,0.04999999999999982,-0.268427706422969,0.14999999999999858,-0.2323785133560463
2017-12-04,0.011357828395475167,0.000129000265861062,0.15000000000000036,-0.04999999999999982,-0.1183374977371976,0.9500000000000028,1.088867772414126
2017-12-05,-0.05260383339074082,0.0027671632874008184,0.25,0.0,0.31167837509666896,-0.8700000000000045,1.003971444818319
2017-12-06,0.0,0.0,-0.34999999999999964,-0.010000000000000231,0.20367141341113282,0.17999999999999972,-1.738704034203753
2017-12-07,-0.017618816941933346,0.0003104227104333575,-0.3100000000000005,-0.029999999999999805,0.2460061773974509,-1.8699999999999974,-0.5954966202042833
2017-12-08,0.04750828339794566,0.0022570369914195194,-0.8599999999999994,0.040000000000000036,0.20276666431033874,0.7100000000000009,-0.9532010527118828
2017-12-11,-0.051913472711717645,0.0026950086489902526,-0.5800000000000001,0.009999999999999787,0.10655139173483263,0.6499999999999986,0.1607400775086809
2017-12-12,0.004405189313771984,1.9405692890170886e-05,-0.2400000000000002,0.010000000000000231,-0.03195268559350595,0.6900000000000048,-2.4451991014495356
2017-12-13,0.0,0.0,0.5800000000000001,0.009999999999999787,0.24471547675064542,-0.720000000000006,1.0625133838737533
2017-12-14,0.0815817688772924,0.006655585013147955,0.2599999999999998,-0.040000000000000036,-0.714553430460807,-0.529999999999994,-0.30783379694740987
2017-12-15,0.011360408987037829,0.00012905889235276987,0.3100000000000005,-0.009999999999999787,0.06419597821736289,0.4099999999999966,1.2310328824678862
2017-12-18,-0.02271952753165607,0.0005161769312616781,-1.0700000000000003,0.0,0.4695371401998827,0.28999999999999915,-0.07375695814344496
2017-12-19,-0.07022265033267416,0.004931220619745023,0.10999999999999943,0.040000000000000036,-0.24516705804717986,-0.11999999999999744,2.4192768846350354
2017-12-20,0.07022265033267416,0.004931220619745023,0.5,0.06999999999999984,-0.24576144205914474,0.3200000000000003,-0.6954801060289562
2017-12-21,-0.011357828395475167,0.000129000265861062,-0.3099999999999987,0.03000000000000025,-0.1284688612383178,0.6000000000000014,0.21943072329273505
2017-12-22,0.0,0.0,-0.10000000000000142,-0.010000000000000231,-0.07501441262052211,0.25,-0.7843920674710958
2017-12-26,-0.10733258081163655,0.01152028290368649,0.28000000000000114,0.0,0.07501441262052211,-0.09000000000000341,0.6595120776870189
2017-12-27,0.08810573257171939,0.007762620111999335,0.34999999999999964,-0.009999999999999787,-0.09645393555919313,1.2999999999999972,1.4190255054158385
2017-12-28,0.007870309700663825,6.19417747843631e-05,0.22000000000000064,-0.050000000000000266,-0.24693056274962544,0.12000000000000455,0.26158131944677976
2017-12-29,-0.051913472711717645,0.0026950086489902526,-0.2900000000000009,0.010000000000000231,-0.46328834849003186,0.1700000000000017,0.8492838347356368
2018-01-02,0.0,0.0,0.8599999999999994,-0.03000000000000025,-0.5197020406211728,0.6199999999999974,0.7669750391313457
2018-01-03,0.051913472711717645,0.0026950086489902526,-1.2699999999999996,0.06000000000000005,-0.29353097193389743,-0.09000000000000341,1.164653747092359
2018-01-04,0.0,0.0,-0.6199999999999992,-0.020000000000000018,0.3369441635602044,1.240000000000002,0.9892957813499414
2018-01-05,0.0,0.0,0.07000000000000028,0.020000000000000018,-0.3369441635602044,0.36999999999999744,1.3903513161331205
2018-01-08,-0.051913472711717645,0.0026950086489902526,0.0,0.010000000000000231,0.10881228126029541,-0.4899999999999949,-0.6986842041678543
2018-01-09,0.051913472711717645,0.0026950086489902526,0.29999999999999893,0.020000000000000018,0.4124217755157922,0.23999999999999488,1.0071073306972878
2018-01-10,0.0,0.0,0.5600000000000005,0.05999999999999961,0.2163767452257659,1.1900000000000048,1.0367423126120379
2018-01-11,-0.07394233060455946,0.005467468255233971,-0.2599999999999998,0.0,-0.2163767452257659,0.6799999999999997,0.439259854705476
2018-01-12,0.05726494000519722,0.0032792733537988367,0.0600000000000005,-0.009999999999999787,-0.5212340567760876,0.21000000000000085,0.964403433008254
2018-01-16,0.01667739059936224,0.00027813535720369603,0.27999999999999936,0.009999999999999787,-0.9626999795694147,0.4099999999999966,0.18491341029660546
2018-01-17,0.011356538539253336,0.00012897096759354628,1.5,-0.009999999999999787,-0.6396160194817924,-0.3999999999999986,1.216254871386635
2018-01-18,-0.058864821937199,0.003465067261698144,0.25,0.029999999999999805,0.16581170617708807,0.10000000000000142,-2.695560435594313
2018-01-19,-0.004405189313771984,1.9405692890170886e-05,0.3100000000000005,0.050000000000000266,-0.04419014137866384,0.03999999999999915,1.4926366122382184
2018-01-22,0.051913472711717645,0.0026950086489902526,-0.9500000000000011,0.020000000000000018,0.07731783114746094,-0.5799999999999983,1.1191602951200252
2018-01-23,0.0,0.0,-0.2400000000000002,0.020000000000000018,-0.18787447400328006,0.27999999999999403,2.358808403785062
2018-01-24,0.0,0.0,0.07000000000000028,-0.03000000000000025,-0.3102138236337204,0.7900000000000063,0.0
2018-01-25,-0.04750828339794566,0.0022570369914195194,0.370000000000001,0.020000000000000018,-1.0149015377901804,1.2399999999999949,0.0
2018-01-26,0.04750828339794566,0.0022570369914195194,0.10999999999999943,-0.020000000000000018,0.20156816087153473,-0.06999999999999318,1.5648200907094179
2018-01-29,0.0,0.0,-0.5,0.03000000000000025,-0.3586238254267293,0.6499999999999915,0.9972112310130399
2018-01-30,0.0,0.0,2.76,0.040000000000000036,0.26908623419483746,-0.5600000000000023,-0.5248412363966004
2018-01-31,0.0,0.0,0.9499999999999993,0.029999999999999805,-0.13444833082703056,-1.0699999999999932,0.06845736994725016
2018-02-01,-0.012273753194236292,0.00015064501747302558,-1.25,-0.009999999999999787,-0.06730057240451615,0.1799999999999926,-0.018010554233427456
2018-02-02,0.012273753194236292,0.00015064501747302558,-0.06999999999999851,0.05999999999999961,-0.5174354585465224,1.1000000000000085,-0.9674152271479386
2018-02-05,-0.07394233060455946,0.005467468255233971,3.839999999999998,0.06000000000000005,0.5959412631732164,-0.4200000000000017,0.4871398614245237
2018-02-06,0.022028857892841813,0.00048527058006301904,20.01,-0.06999999999999984,0.3916157212103144,-1.3199999999999932,-5.232069598128497
2018-02-07,-0.03965543882245015,0.0015725538282010867,-7.34,0.020000000000000018,0.04465031476330594,-0.70000000000001,-3.6027601614609495
2018-02-08,0.04615565008165845,0.0021303440344604976,-2.25,0.04999999999999982,0.7450752333208577,-1.5700000000000003,2.8216183703609232
2018-02-09,0.011351382042867897,0.00012885387428314375,5.73,0.010000000000000231,-0.03324148557828366,-0.6099999999999994,-1.6765583126907124
2018-02-12,-0.00904140872304282,8.174707169711481e-05,-4.400000000000002,-0.020000000000000018,0.2324671193936645,-2.0999999999999943,-1.905157786277023
2018-02-13,0.07717677361203101,0.005956254385162687,-3.4499999999999993,0.029999999999999805,-0.2546398884827994,0.20999999999999375,3.700812898392325
2018-02-14,-0.1080158160839062,0.01166741652427225,-0.6400000000000006,-0.029999999999999805,-0.5669540476778145,-0.0799999999999983,1.7073771185435405
2018-02-15,0.0,0.0,-5.709999999999997,0.08000000000000007,-0.6486928045031704,1.3700000000000045,0.0
2018-02-16,0.0,0.0,-0.13000000000000256,-0.010000000000000231,-0.5964863911680496,0.779999999999994,0.0
2018-02-20,-0.04407227925007362,0.0019423657982964699,0.33000000000000185,-0.029999999999999805,0.5740374265086778,0.4100000000000037,0.0
2018-02-21,0.15208809533397982,0.023130788742317734,1.1400000000000006,0.009999999999999787,0.6934405906405594,0.01999999999999602,0.0
2018-02-22,0.034085099460767765,0.001161794005250431,-0.5800000000000018,0.06000000000000005,0.40044614606591367,-0.17999999999999972,2.5545434401966993
2018-02-23,0.05598432585145474,0.0031342447410418637,-1.3000000000000007,-0.020000000000000018,-0.36701573499744455,0.990000000000002,-1.0281250707114609
2018-02-26,-0.03518648875147079,0.0012380889906573804,-2.2300000000000004,-0.040000000000000036,0.14473893904165536,0.8000000000000043,2.461939588464368
2018-02-27,0.09290314160761426,0.008630993720564428,-0.6899999999999977,-0.020000000000000018,-0.06677524968505821,0.28999999999999915,1.0535053105449776
2018-02-28,0.022755717472122683,0.0005178226776710696,2.789999999999999,0.040000000000000036,0.599403409251309,-0.8700000000000045,0.4547618998707037
2018-03-01,-0.022755717472122683,0.0005178226776710696,1.2600000000000016,-0.029999999999999805,0.2762890615530367,-1.509999999999998,0.17223304795299654
2018-03-02,0.045516614349772055,0.0020717621818658752,2.6199999999999974,-0.06000000000000005,-0.32056725074198766,-0.45000000000000284,-0.514006665061828
2018-03-05,0.006644779229603159,4.415309101016556e-05,-2.879999999999999,0.04999999999999982,-0.4216107975184791,0.21000000000000085,0.4845785074534703
2018-03-06,0.038892562176684464,0.001512631392667267,-0.8599999999999994,0.020000000000000018,0.1555376230969685,1.3000000000000043,-2.504318821147322
2018-03-07,-0.06525228467353372,0.004257860655115884,-0.370000000000001,0.0,-0.5119644713389881,0.04999999999999716,2.422230928962499
2018-03-08,-0.013182467337458093,0.00017377744510314945,-0.5999999999999979,0.010000000000000231,0.022310211883347364,-1.4499999999999957,-0.7193598914171595
2018-03-09,0.017576236972871584,0.0003089241061265381,-1.2200000000000024,-0.03000000000000025,0.5340503917178552,-0.9600000000000009,1.0633213076831183
2018-03-12,-0.008787732331327902,7.722423952706572e-05,-1.8999999999999986,0.040000000000000036,-0.03330160270920146,1.8900000000000006,-0.06584918994283484
2018-03-13,0.02410890596316051,0.0005812393467405164,1.1399999999999988,-0.029999999999999805,-0.2111171563250025,-0.6700000000000017,0.2560342777512936
2018-03-14,0.022766078641289766,0.0005182943367013901,0.5700000000000021,-0.03000000000000025,-0.2673178878945137,-0.6600000000000037,0.6213509103812243
2018-03-15,-0.007336269097635295,5.382084427291859e-05,0.879999999999999,-0.029999999999999805,0.0445955471225723,0.20000000000000284,0.4208864186218797
2018-03-16,0.007336269097635295,5.382084427291859e-05,-0.6400000000000006,0.009999999999999787,0.48932754484276586,0.269999999999996,0.058853241920964194
2018-03-19,-0.016121299411686607,0.00025989629472124694,-0.7899999999999991,0.03000000000000025,0.09979927192418359,1.1300000000000026,0.998719500737355
2018-03-20,0.06166901142670156,0.0038030669703466476,3.219999999999999,0.0,-0.366404475995008,-0.28000000000000114,0.782021903404928
2018-03-21,-0.024337961441567302,0.0005923363671312168,-0.8200000000000003,0.040000000000000036,0.5214425855851523,1.3599999999999994,0.014663958173599667
2018-03-22,0.10409641151944982,0.010836062891226645,-0.33999999999999986,0.0,-0.6550164549312676,1.7299999999999969,0.8562585863542083
2018-03-23,0.034201676215417365,0.0011697546559442458,5.48,-0.06000000000000005,0.08906906770818068,-0.8499999999999943,0.2562220625217826
2018-03-26,0.021847613235159713,0.00047731820407312587,1.5300000000000011,-0.010000000000000231,-0.46848737308939903,1.5499999999999972,-1.613999222909257
2018-03-27,0.02191780830695933,0.00048039032098061543,-3.84,0.03000000000000025,-0.45946588289336177,-0.3100000000000023,1.5167121586814325
2018-03-28,0.024673043545142548,0.0006087590777805003,1.4699999999999989,-0.07000000000000028,0.38117082515709555,-0.28000000000000114,0.04353486058645828
2018-03-29,-0.05097499004076411,0.0025984496096560002,0.370000000000001,-0.009999999999999787,0.7691001638754358,-0.9099999999999966,0.04351591599283111
2018-04-02,-0.06306311103951856,0.003976955973982648,-2.900000000000002,-0.029999999999999805,0.09988788105648183,0.5700000000000074,-0.44543884327579164
2018-04-03,0.07981301375732386,0.006370117165026767,3.650000000000002,-0.010000000000000231,-0.11098610637692019,-1.8200000000000074,2.5030499035532117
2018-04-04,0.009552043777816266,9.124154033331844e-05,-2.5199999999999996,0.06000000000000005,0.16642877237851295,0.35999999999999943,-0.6977260055293755
2018-04-05,0.0018550172052655967,3.4410888318313847e-06,-1.0400000000000027,0.0,-0.0665382743990861,-0.05999999999999517,0.273128922687782
2018-04-06,-0.04562043874738464,0.002081224431503874,-1.1199999999999974,0.040000000000000036,0.35437434375475974,0.17999999999999972,0.1367042746368341
2018-04-09,-0.034201676215417365,0.0011697546559442458,2.549999999999997,-0.06000000000000005,-0.38766009085478004,-1.5,0.5674592036693404
2018-04-10,-0.031670014419837855,0.0010029898133527377,0.28000000000000114,0.009999999999999787,-0.3000883352735073,1.3699999999999974,0.3635172805504183
2018-04-11,-0.00877616394436842,7.702105357843227e-05,-1.3000000000000007,0.020000000000000018,-0.2786603934448628,2.0800000000000054,-0.516973408876531
2018-04-12,0.017651557795872463,0.00031157749262102595,-0.23000000000000043,-0.009999999999999787,-0.022322665318430523,1.3299999999999983,-2.6223053976248245
2018-04-13,-0.022789425805136432,0.0005193579285278183,-1.75,0.040000000000000036,0.20075882884054153,0.2599999999999909,0.5051012178820535
2018-04-16,-0.051925979203382155,0.002696307316230076,-1.0799999999999983,-0.010000000000000231,0.05569819237045692,0.28000000000000114,-1.3630176340135414
2018-04-17,0.006362702415607657,4.048398202957952e-05,-0.8500000000000014,0.010000000000000231,-0.4128809521549037,-1.1199999999999903,-0.7503407384261251
2018-04-18,0.0,0.0,-1.3099999999999987,-0.010000000000000231,0.10058267338663995,0.269999999999996,0.41620204577590414
2018-04-19,0.022779043378662323,0.0005188848172469798,0.34999999999999964,0.050000000000000266,0.11165135005626325,1.9399999999999977,-1.2872099922103253
2018-04-20,-0.046706405743712764,0.002181488337496325,0.3600000000000012,0.04999999999999982,0.35642684824201964,-0.14000000000000057,-3.9321550011451656
2018-04-23,-0.008783487050045835,7.714964475832288e-05,0.9199999999999982,0.040000000000000036,0.4216107975184791,-0.03999999999999204,2.2787270869680576
2018-04-24,-0.004392032853139938,1.9289952583060542e-05,-0.5399999999999991,0.020000000000000018,0.684105878062713,-0.6500000000000057,-3.922857130927948
2018-04-25,0.0,0.0,1.6799999999999997,0.020000000000000018,-0.18711776875237618,0.04999999999999716,0.36708855045430866
2018-04-26,-0.013177256075103116,0.00017364007766884198,-0.17999999999999972,0.029999999999999805,0.43970779571687046,0.3400000000000034,0.0
2018-04-27,-0.008785802149269273,7.719031940610458e-05,-1.6000000000000014,-0.029999999999999805,0.42685929069650186,0.18000000000000682,-3.3763086539162934
2018-04-30,0.0,0.0,-0.8299999999999983,-0.040000000000000036,-0.021842319292808554,-0.07000000000000739,0.5154847414561736
2018-05-01,0.013523414372329512,0.00018288273628572842,0.5199999999999996,-0.009999999999999787,0.3271847469483724,0.45000000000000284,0.0
2018-05-02,-0.026703565084496006,0.0007130803882219142,-0.4399999999999995,0.020000000000000018,0.6620032126942732,-1.2800000000000011,0.0
2018-05-03,0.008786960156825785,7.721066879764383e-05,0.4800000000000004,0.0,0.06488450518000732,0.6299999999999955,-2.0372553350750167
2018-05-04,0.021964023018661294,0.0004824183071642832,-0.07000000000000028,-0.03000000000000025,-0.10815323462356474,0.5400000000000063,-0.25492098609927183
2018-05-07,0.0,0.0,-1.1300000000000008,0.010000000000000231,0.17298742535389877,1.259999999999991,0.03311806620764912
2018-05-08,0.02195919989507189,0.00048220646003172533,-0.019999999999999574,0.0,0.19425897051270624,1.0300000000000011,3.395154393338462
2018-05-09,0.04231495151287845,0.0017905551215372543,-0.03999999999999915,0.020000000000000018,0.3981311990664871,-1.9099999999999966,-0.17053676090146297
2018-05-10,-0.03416661954531719,0.0011673578911544505,-1.290000000000001,0.029999999999999805,-0.08594954276519573,2.3299999999999983,-0.3287022067713252
2018-05-11,0.0,0.0,-0.1899999999999995,-0.029999999999999805,-0.4200548849906838,0.20000000000000284,-2.69452116494735
2018-05-14,-0.011386279545533284,0.00012964736188902966,-0.5800000000000001,0.0,-0.11879758284818465,-0.6700000000000017,1.5412221821938132
2018-05-15,-0.014329026556048063,0.00020532100204393063,0.27999999999999936,0.029999999999999805,0.05401115358978359,0.3200000000000074,2.095889355751712
2018-05-16,0.008783872815243399,7.715642163437199e-05,1.700000000000001,0.08000000000000007,0.6781199131391524,0.3299999999999983,0.6092110335211842
2018-05-17,0.028319009452992816,0.0008019662963986965,-1.2100000000000009,0.009999999999999787,0.18219625466553424,0.09000000000000341,-1.7743825865974117
2018-05-18,0.03753545456675056,0.0014089103495325953,0.009999999999999787,0.020000000000000018,0.08562756682177763,0.03999999999999204,-2.3000543969592613
2018-05-21,-0.06585446401974338,0.004336810431327675,-0.009999999999999787,-0.04999999999999982,0.18170938503141443,-0.23999999999999488,0.9559840667727748
2018-05-22,0.01693143328633795,0.0002866734331297127,-0.33999999999999986,0.0,0.04270864424578136,1.0300000000000011,-2.487090130274172
2018-05-23,-0.003757070577137256,1.4115579321590473e-05,0.14000000000000057,0.0,-0.07475006432962061,-0.1700000000000017,-2.9059114302166122
2018-05-24,0.017563117498475833,0.00030846309626526803,-0.6400000000000006,-0.050000000000000266,0.4263960410091805,-0.2400000000000091,0.3068589895537599
2018-05-25,-0.013806046921338577,0.0001906069315942024,-0.05000000000000071,-0.029999999999999805,-0.2449581669126566,-1.0799999999999983,-0.3058447033323475
2018-05-29,0.2462266133193225,0.060627545106703165,0.6900000000000013,-0.04999999999999982,0.4362444109968777,-2.8499999999999943,-2.2587660618380134
2018-05-30,0.1188205636807993,0.01411832635342288,3.799999999999999,-0.16000000000000014,0.677178944970791,-1.1200000000000045,-1.2233462240849313
2018-05-31,-0.21690744276945395,0.04704883872878394,-2.08,0.06999999999999984,-0.7196562894394631,1.4399999999999977,-0.38723031740044433
2018-06-01,-0.034205575842349845,0.0011700214187067473,0.4900000000000002,-0.009999999999999787,-0.17009004061181443,-1.259999999999991,2.370211230678798
2018-06-04,0.11477011390130798,0.013172179044919206,-1.9699999999999989,0.06000000000000005,0.21256738508048656,-1.1700000000000017,2.2015837378109637
2018-06-05,0.02212244683281739,0.0004894026538708322,-0.7200000000000006,0.04999999999999982,-0.18065548632195672,-1.0499999999999972,2.0841459026733844
2018-06-06,-0.11416514360718111,0.013033680014848285,-0.33999999999999986,-0.020000000000000018,-0.13836121217742914,0.75,0.8799381114507732
2018-06-07,-0.01754155159527926,0.0003077060323698443,-0.7599999999999998,0.050000000000000266,-0.24526349143156878,-0.7600000000000051,1.1432917984389057
2018-06-08,-0.048255139011921244,0.0023285584410598437,0.4900000000000002,-0.040000000000000036,-0.2779881283601071,1.2099999999999937,0.21147271048560512
2018-06-11,0.10525393481142231,0.011078390793287138,0.049999999999998934,0.0,0.16047237699439165,-0.18999999999999773,0.2235391401533171
2018-06-12,0.006238194571217548,3.8915071508368084e-05,0.16999999999999993,0.029999999999999805,0.03206196630269886,0.3299999999999983,0.0009624500127536351
2018-06-13,-0.011407060983081863,0.00013012104027174855,-0.009999999999999787,0.0,0.23481835421090835,0.28000000000000114,-1.7730513322317343
2018-06-14,0.011407060983081863,0.00013012104027174855,0.5999999999999996,0.020000000000000018,-0.09599911809710093,0.25,0.9525785118482233
2018-06-15,0.011408362341924771,0.00013015073132464726,-0.8200000000000003,-0.040000000000000036,1.1247970694262754,0.28000000000000114,-1.4475512383087086
2018-06-18,0.09131378331108664,0.008338207022584084,-0.1399999999999988,-0.009999999999999787,0.021106006322835213,-1.8999999999999915,0.07774710931274242
2018-06-19,0.05746548542671093,0.003302282015327526,0.33000000000000007,-0.010000000000000231,-0.04220841608946202,0.8999999999999915,-2.9116012367017774
2018-06-20,0.06124502575630686,0.0037509531798906905,1.0399999999999991,-0.029999999999999805,0.3581929076782231,-0.8199999999999932,-2.583370132894025
2018-06-21,0.05272789871355599,0.002780231302747019,-0.5600000000000005,0.040000000000000036,-0.03155275362471954,0.8299999999999983,1.934073286447635
2018-06-22,0.08010528551025686,0.006416856766679768,1.8500000000000014,-0.03000000000000025,-0.20006831472780817,-0.23999999999999488,-1.1844166455562188
2018-06-25,-0.006087685295774747,3.705991226039207e-05,-0.870000000000001,0.0,-0.36961455526762776,3.339999999999989,1.410472176315114
2018-06-26,0.12063523504863838,0.014552859935240229,3.5599999999999987,-0.029999999999999805,-0.25423516828215753,0.8900000000000006,0.7448012582639052
2018-06-27,0.053922958958985134,0.002907685502892395,-1.4099999999999984,0.009999999999999787,0.4233722748722357,5.320000000000007,-0.7600591936914647
2018-06-28,0.0,0.0,1.9900000000000002,-0.04999999999999982,0.6422095098880476,2.1799999999999926,-1.4457737499895984
2018-06-29,0.10666436621455944,0.011377287019953648,-1.0599999999999987,0.009999999999999787,0.10488617907338238,-3.9599999999999937,-1.2002677501040893
2018-07-02,0.0,0.0,-0.7600000000000016,0.010000000000000231,-0.7999223262922683,0.6799999999999926,0.35764037432262086
2018-07-03,0.39107480254028104,0.15293950118191982,-0.4900000000000002,0.020000000000000018,0.25330408600838794,-0.23999999999999488,-1.4287978988152261
2018-07-05,-0.023046785075564458,0.0005311543023192606,0.5400000000000009,-0.040000000000000036,-0.2955838846322223,0.29999999999999716,-4.440713206462821
2018-07-06,-0.023041474756269054,0.000530909558943784,-1.17,0.009999999999999787,-0.12693868068316405,-1.1400000000000006,-0.7322469173052681
2018-07-09,0.011520073741166925,0.0001327120990019237,-1.6000000000000014,-0.020000000000000018,-0.45621032952603,0.730000000000004,1.993560471528344
2018-07-10,0.0,0.0,-0.6799999999999997,0.040000000000000036,0.04252702056790625,0.15000000000000568,-0.2608274834472901
2018-07-11,0.023044129610028108,0.0005310319094837742,-0.049999999999998934,0.010000000000000231,0.03188137431511251,0.1799999999999926,-0.4380592251322035
2018-07-12,0.0009329956476733514,8.704808785774165e-07,0.9900000000000002,-0.020000000000000018,0.6460866666977871,-3.6400000000000006,-1.9908875806276427
2018-07-13,0.022116445505382387,0.0004891371617925488,-1.0500000000000007,0.0,0.09496791561671714,-0.18999999999999773,0.5972099662405306
2018-07-16,0.0,0.0,-0.40000000000000036,-0.020000000000000018,-0.06330192168180204,0.75,1.2399024033988404
2018-07-17,-0.00910041407511386,8.281753633853046e-05,0.6500000000000004,0.020000000000000018,-0.2536172352349375,-2.8100000000000023,0.15267765469735295
2018-07-18,0.00910041407511386,8.281753633853046e-05,-0.7699999999999996,0.009999999999999787,0.4855393498240268,-0.18999999999999773,1.1089516498358876
2018-07-19,0.011526713170617597,0.00013286511651768918,0.03999999999999915,0.020000000000000018,0.11575966416090822,0.75,2.266604873404443
2018-07-20,0.011528041974706582,0.00013289575177059684,0.7699999999999996,-0.040000000000000036,0.09460850943856514,0.6400000000000006,0.16751843439095637
2018-07-23,0.7026655134884763,0.493738823846024,-0.009999999999999787,0.050000000000000266,-0.7488292068672742,0.8900000000000006,-1.1271266041637418
2018-07-24,0.1424914708948677,0.020303819277782926,-0.2400000000000002,0.06999999999999984,0.22206860236053672,-2.4099999999999966,0.3582642472122366
2018-07-25,-0.13942142376954791,0.01943833340592786,-0.20999999999999908,-0.009999999999999787,-0.06339556317636053,2.8699999999999903,-0.28436747442341925
2018-07-26,-0.19705652890813496,0.03883127558532263,-0.120000000000001,-0.010000000000000231,-0.26459241597862615,0.35999999999999943,-0.698304353449597
2018-07-27,0.23704353304001557,0.05618963655609296,-0.14999999999999858,0.040000000000000036,0.4124582954731615,0.46000000000000796,0.2777570229098636
2018-07-30,0.12269023369597676,0.01505289344437339,0.8899999999999988,-0.020000000000000018,-0.0739056093518542,-2.930000000000007,0.5745910067007642
2018-07-31,0.0923173743959893,0.008522497615369261,1.2300000000000004,0.020000000000000018,-0.3385526861213073,2.530000000000001,1.5075209245444476
2018-08-01,0.042946103301133576,0.0018443677887516362,-1.4299999999999997,-0.020000000000000018,0.13767251787246693,-1.3100000000000023,0.698804598049918
2018-08-02,-0.042946103301133576,0.0018443677887516362,0.3200000000000003,0.040000000000000036,0.13749130439730806,-1.0799999999999983,-0.3792248254008257
2018-08-03,0.11722868598145197,0.013742564816937876,-0.9600000000000009,-0.020000000000000018,0.5795847613919491,0.15000000000000568,0.08183306512314914
2018-08-06,-0.005607157198106449,3.144021184427697e-05,-0.5499999999999989,-0.029999999999999805,-0.03152622555848694,-0.46000000000000796,0.6324668915012488
2018-08-07,-0.017164435332261974,0.0002946178402754032,-0.370000000000001,-0.010000000000000231,0.23097251287023113,0.5200000000000102,0.06563081341717236
2018-08-08,-0.0858663971699869,0.0073730381629539335,-0.33999999999999986,0.040000000000000036,-0.14691931313475237,0.1599999999999966,-0.35889074629782414
2018-08-09,-0.030070666291770465,0.0009042449712310204,-0.08000000000000007,-0.020000000000000018,-0.12610630798404188,-2.25,0.9859366627658517
2018-08-10,0.0,0.0,0.41999999999999993,-0.029999999999999805,0.41972939803338605,-0.10999999999999943,-0.28708104099708365
2018-08-13,0.15026298845342012,0.02257896569895267,1.8900000000000006,-0.06000000000000005,0.89649365940625,0.7999999999999972,0.5145018777198196
2018-08-14,0.03507114920875409,0.0012299855068226928,1.6199999999999992,0.009999999999999787,0.031127138302533552,-0.35999999999999943,0.9833062362325506
2018-08-15,-0.023315458254380417,0.0005436105936117559,-1.4699999999999989,0.010000000000000231,0.3521171434845094,-0.20999999999999375,0.023513655919504828
2018-08-16,-0.003176050435982347,1.0087296371903658e-05,1.33,-0.03000000000000025,-0.031025599839473728,-1.970000000000013,-1.7426355073596689
2018-08-17,-0.06673772542509226,0.0044539239949150065,-1.1900000000000013,0.010000000000000231,-0.05171494582070224,0.37000000000000455,0.3022358388235169
2018-08-20,-0.09314239816475833,0.008675506335882377,-0.8099999999999987,0.0,-0.5706921343801241,0.4900000000000091,0.475905634501661
2018-08-21,-0.01163670217181334,0.0001354128374354853,-0.15000000000000036,-0.050000000000000266,-0.20833022976756155,0.5699999999999932,0.07634769522262275
2018-08-22,0.023274758629554526,0.0005417143892640229,0.3699999999999992,0.03000000000000025,-0.669598000256233,0.8199999999999932,0.984188195919522
2018-08-23,0.015174848561549936,0.00023027602886597416,-0.6099999999999994,-0.03000000000000025,-0.11554080192555105,0.5300000000000011,0.2997922056069413
2018-08-24,0.08157833045103757,0.006655023999178684,0.16000000000000014,0.0,0.49274221431643284,1.2800000000000011,0.5290668392470721
2018-08-27,-0.030047432243662797,0.0009028481844375068,-0.41999999999999993,0.0,-0.49274221431643284,0.5799999999999983,-0.03140178610792077
2018-08-28,0.026447497042170198,0.0006994700997956014,0.16999999999999993,0.03000000000000025,-0.38962061186111896,0.2600000000000051,0.4921762159909804
2018-08-29,0.023301875906511782,0.0005429774207624743,0.33999999999999986,0.029999999999999805,-0.06332196369234211,-1.4299999999999926,0.32912148313331
2018-08-30,-0.01111861809555137,0.00012362366835472235,-0.25,0.010000000000000231,-0.12677240951521895,1.1400000000000006,-0.7078925979170592
2018-08-31,0.022771592530368423,0.000518545426369131,1.2799999999999994,-0.03000000000000025,0.12677240951521895,0.5699999999999932,0.9968666408560978
2018-09-04,0.020133972979685666,0.0004053768679467125,-0.6699999999999999,0.0,0.4424300565649908,-0.4099999999999966,-0.8583225449940279
2018-09-05,0.014833100049926884,0.00022002085709114092,0.3000000000000007,0.040000000000000036,0.2938696309702671,-0.020000000000010232,-1.3839079568803925
2018-09-06,-0.006254195570853938,3.911496223848901e-05,0.75,0.0,-0.30438325520547593,-1.1299999999999955,-0.7714579656934895
2018-09-07,-0.040365851893575666,0.0016294019990940863,0.7400000000000002,-0.020000000000000018,-0.11569879164152752,-0.8799999999999955,-1.0640441296674297
2018-09-10,0.0,0.0,0.23000000000000043,0.06000000000000005,0.36767319599766424,-0.0799999999999983,1.1115319231000953
2018-09-11,-0.09268994385926987,0.0085914256926346,-0.7200000000000006,0.0,-0.2309482611324576,-0.18000000000000682,0.14851181541937208
2018-09-12,-0.000484998823857552,2.3522385914320874e-07,-0.9399999999999995,0.040000000000000036,-0.09463642756504242,1.740000000000009,1.5056027477356793
2018-09-13,-0.02958437574491768,0.0008752352882164735,-0.08000000000000007,-0.009999999999999787,-0.2738804050556709,1.0799999999999983,0.19776180719066616
2018-09-14,-0.11001546079310032,0.012103401613518193,-0.7700000000000014,0.0,-0.27464064034026237,-1.7700000000000102,0.09519180854109521
2018-09-17,0.19782400121055588,0.03913433545495401,-0.29999999999999893,0.020000000000000018,0.4643343415447809,0.38000000000000966,0.3425474099114645
2018-09-18,-0.07062493353604538,0.004987881236970827,1.6099999999999994,0.0,-0.4960706854372887,-0.12000000000000455,-0.3769680302274203
2018-09-19,0.12888301849276473,0.016610832455806336,-0.8900000000000006,0.05999999999999961,0.11632276203155101,1.0100000000000051,0.5936113539283916
2018-09-20,0.0582920447866897,0.0033979624854134378,-1.0399999999999991,0.03000000000000025,-0.07400718493801861,1.2099999999999937,0.2061306994734835
2018-09-21,0.03594353953584317,0.0012919380343647212,0.05000000000000071,-0.010000000000000231,-0.6791911568653219,-0.3100000000000023,0.9198777044538531
2018-09-24,0.03405179696649441,0.0011595248766473577,-0.120000000000001,0.0,0.32955704153074805,0.030000000000001137,-0.17632033098013977
2018-09-25,0.03501604938023206,0.0012261237141988502,0.5199999999999996,0.010000000000000231,0.04244579309800045,2.430000000000007,0.8261145351180943
2018-09-26,0.011674741709555292,0.00013629959398483,0.22000000000000064,0.020000000000000018,-0.1380167778231467,0.1700000000000017,-0.054400776800012096
2018-09-27,0.0,0.0,0.47000000000000064,-0.040000000000000036,0.06372683742164043,-1.1800000000000068,-0.1118618177871511
2018-09-28,-0.09335979205360445,0.008716050772292264,-0.4800000000000004,0.0,0.856284684580011,-0.03999999999999204,0.5688960419205635
2018-10-01,0.02333177798732322,0.0005443718640497404,-0.2900000000000009,-0.010000000000000231,0.19980283103899765,0.9799999999999898,0.17318577514409128
2018-10-02,-0.04072078978829552,0.0016581827209825528,-0.11999999999999922,0.040000000000000036,0.11549227718674615,2.210000000000008,-0.4187177609380477
2018-10-03,0.0642880125001355,0.004132948551217578,0.05000000000000071,-0.040000000000000036,0.22011337304110867,-0.21000000000000796,0.5817890375952928
2018-10-04,0.03427004831362268,0.0011744362114180327,-0.4400000000000013,0.10000000000000009,0.2614107144679245,1.240000000000009,0.1579058679705092
2018-10-05,-0.07712413082074931,0.005948131554856054,2.610000000000001,0.040000000000000036,-0.010445549713278268,-1.960000000000008,0.31506567094723437
2018-10-08,0.11266844706430135,0.012694178963881276,0.5999999999999996,0.040000000000000036,-0.13585961388704604,-0.1799999999999926,-1.4990364412256874
2018-10-09,-0.005567654990912274,3.099878209783036e-05,0.8699999999999992,0.0,0.15674165596051282,0.009999999999990905,-1.2242546309926716
2018-10-10,-0.006109813347165982,3.732981913720758e-05,0.2599999999999998,-0.020000000000000018,-0.09401550896228628,0.6800000000000068,0.007027018890504166
2018-10-11,-0.03671673976999301,0.0013481189793373865,7.010000000000002,0.010000000000000231,-0.17783169786582675,-1.769999999999996,-0.22410380456765466
2018-10-12,-0.008567511999757471,7.340226186598826e-05,2.0199999999999996,-0.08000000000000007,-0.5143615983140393,-2.210000000000008,-4.957068117699759
2018-10-15,-0.03641986716118595,0.0013264067240384306,-3.6700000000000017,0.009999999999999787,0.21026561561221513,0.4399999999999977,2.525225910224549
2018-10-16,0.035007877129800136,0.0012255514611351833,-0.00999999999999801,0.010000000000000231,-0.1576557425263303,0.4300000000000068,-1.9191730309778166
2018-10-17,-0.002872041242696355,8.248620899748823e-06,-3.6799999999999997,0.0,-0.021035811962200057,0.09000000000000341,1.2250741984112246
2018-10-18,0.02141832131385968,0.0004587444879037358,-0.22000000000000242,0.029999999999999805,0.5560511266005541,-2.3000000000000114,0.8506643130262503
2018-10-19,0.028149961729972972,0.0007924203453989429,2.66,-0.020000000000000018,0.33423854932275177,-1.0,-0.84028462399246
2018-10-22,-0.011676104864655201,0.00013633142481042485,-0.16999999999999815,0.03000000000000025,-0.19832211583628023,0.5300000000000011,-0.5317860624933779
2018-10-23,0.0,0.0,-0.25,0.0,0.31295983174395303,0.09000000000000341,-0.5073577600700929
2018-10-24,-0.012190743040818575,0.00014861421588726652,1.0700000000000003,-0.03000000000000025,-0.052094652884004944,-2.760000000000005,-1.4610520888249212
2018-10-25,0.023866847905473776,0.000569626428943018,4.52,-0.06999999999999984,0.48859312562568036,0.07000000000000739,-1.820272444198956
2018-10-26,0.006109813347165982,3.732981913720758e-05,-1.0100000000000016,0.040000000000000036,0.25891993048050566,0.6899999999999977,-1.3705272081921294
2018-10-29,-0.051394065116916465,0.00264134992924185,-0.05999999999999872,-0.06000000000000005,-0.3315374911090352,0.3299999999999983,-1.032593562466566
2018-10-30,0.0,0.0,0.5399999999999991,0.0,0.22805153235916364,-0.5799999999999983,-1.3410719303158736
2018-10-31,0.0,0.0,-1.3499999999999979,0.040000000000000036,0.4442388589577462,-0.8199999999999932,-0.014627203248629428
2018-11-01,0.02193340519553999,0.00048107426347174064,-2.120000000000001,0.029999999999999805,0.1236171142941167,-0.8700000000000045,2.891326749819534
2018-11-02,-0.05835327235672594,0.0034051043947382355,-1.8900000000000006,-0.009999999999999787,-0.8789658900663966,-1.6400000000000006,-0.7461411020681652
2018-11-05,-0.09329446740817815,0.008703857648975615,0.1700000000000017,0.08000000000000007,0.2696839479552793,-0.5500000000000043,1.8442049938800942
2018-11-06,0.05257367761988263,0.0027639915784793477,0.4499999999999993,-0.020000000000000018,-0.19700606922041786,0.0,0.07241716927568476
2018-11-07,0.004287153545057265,1.8379685518897075e-05,-0.05000000000000071,0.020000000000000018,-0.031140063138401786,-0.9600000000000009,-0.37670943779311017
2018-11-08,-0.021885604926730196,0.000478979703008917,-3.5500000000000007,0.0,-0.3327786924321785,-0.46999999999999886,0.011929227162887912
2018-11-09,-0.1325678323341961,0.01757423016978753,0.35999999999999943,0.020000000000000018,0.6644536402944823,-0.9799999999999969,0.44578204570058233
2018-11-12,0.04292766754048216,0.0018427846404661659,0.6400000000000006,-0.050000000000000266,0.27900226644437254,-0.5200000000000031,-1.3028756968298971
2018-11-13,0.034328870917299525,0.0011784713784566132,3.09,0.0,0.6479809132855507,-0.3399999999999963,0.4180293250296785
2018-11-14,0.030028097945766774,0.0009016866662405628,-0.4299999999999997,-0.04999999999999982,-0.24635391117042715,-4.219999999999999,-1.3973355958000866
2018-11-15,-0.030028097945766774,0.0009016866662405628,1.2300000000000004,-0.020000000000000018,-0.5151994747421895,0.529999999999994,-0.4927181937499192
2018-11-16,0.00868037673384947,7.534894024155521e-05,-1.2699999999999996,-0.010000000000000231,0.13420458439767913,0.29000000000000625,-0.4204490977584463
2018-11-19,0.011655690904355254,0.0001358551304578698,-1.8399999999999999,-0.029999999999999805,-0.47569798167614863,0.03999999999999915,0.11585550551185264
2018-11-20,0.11663169038467203,0.013602951201985998,1.9600000000000009,-0.020000000000000018,-0.2906664290564187,0.6699999999999946,1.9700237498567752
2018-11-21,0.051630669075741764,0.002665725989208757,2.379999999999999,0.0,0.642484196784121,-3.769999999999996,0.32260201921552323
2018-11-23,0.03425244082126966,0.0011732297022145801,-1.6799999999999997,0.0,-0.10334692513032095,1.019999999999996,0.3844529545520281
2018-11-26,-0.07421245574370516,0.005507488587511398,0.7199999999999989,-0.010000000000000231,0.21690767937476707,0.0,-0.4987704102103585
2018-11-27,0.009979502031143284,9.959046078959292e-05,-2.620000000000001,0.020000000000000018,0.15464875243704768,-2.9499999999999957,0.3327898666777074
2018-11-28,-0.03331944845523793,0.0011101856453612574,0.120000000000001,-0.009999999999999787,0.3085818618085767,-0.14999999999999858,0.22666278717009547
2018-11-29,-0.02333450016411831,0.0005444988979092374,-0.5300000000000011,0.0,-0.5974490578445568,-1.25,0.764037990358446
2018-11-30,-0.05831243969538491,0.003400340623227902,0.3000000000000007,-0.03000000000000025,-0.010334386790411543,1.3999999999999986,-0.36726141044010063
2018-12-03,-0.058278456104865484,0.003396378445966733,-0.7199999999999989,-0.020000000000000018,0.5050233617851063,-0.6799999999999997,-0.026978465952254282
2018-12-04,-0.09268994385926987,0.0085914256926346,-1.629999999999999,-0.029999999999999805,-0.2367308299517923,2.1999999999999957,2.6677051730447765
2018-12-06,0.23261533982363858,0.05410989632126686,4.299999999999997,-0.06999999999999984,-0.07216091654136392,0.23000000000000398,0.7589950748688956
2018-12-07,-0.11671808906825731,0.013623112315745648,0.45000000000000284,-0.040000000000000036,-0.16513953914705226,-1.6700000000000017,-0.4201379464775279
2018-12-10,-0.021452322296156012,0.0004602021318981524,2.039999999999999,-0.020000000000000018,-0.31036174595922006,1.2199999999999989,0.3940613750859079
2018-12-11,-0.0017549845999553781,3.079970946080539e-06,-0.5899999999999999,0.0,0.7329812119546197,-1.6899999999999977,-0.28206111216260155
2018-12-12,0.011652974434817054,0.00013579181317849984,-0.879999999999999,0.040000000000000036,0.17470655326210505,0.5799999999999983,-0.13713905010925842
2018-12-13,-0.06989748653634109,0.004885658624097984,-0.3000000000000007,0.020000000000000018,-0.36002556356908855,-0.6099999999999994,0.6994276527085397
2018-12-14,0.0,0.0,-0.8100000000000023,0.0,0.020604475316154947,1.6499999999999986,-0.10720624696460845
2018-12-17,0.11576596534101924,0.013401758731338068,0.9800000000000004,-0.020000000000000018,0.3907510193577046,-1.4299999999999997,-0.8586616510607215
2018-12-18,0.0,0.0,2.8900000000000006,-0.03000000000000025,-0.34954694342994586,-1.4600000000000009,-1.950541505031822
2018-12-19,-0.03421414629336539,0.0011706078065838086,1.0599999999999987,-0.040000000000000036,0.04118710516136659,-3.6799999999999997,-0.6878419295389016
2018-12-20,-0.01165433251131276,0.00013582346628424158,0.0,-0.04999999999999982,-0.1029956564052803,1.8400000000000034,-0.8675974680994791
2018-12-21,-0.10863798970035532,0.01180221280613451,2.8000000000000007,0.020000000000000018,-0.786267383413719,-2.3200000000000003,-0.1088447328652542
2018-12-24,0.0038100725824108395,1.4516653083238803e-05,1.7300000000000004,0.0,0.7037912642490873,-0.259999999999998,-0.6533757196204526
2018-12-26,-0.08145691961427559,0.006635229753046556,5.960000000000001,-0.04999999999999982,-0.42374723961051686,0.0,-0.40641085804571375
2018-12-27,-0.11625204750309592,0.013514538548662072,-5.66,0.06999999999999984,0.5165300577651522,0.6599999999999966,-1.8675104344390014
2018-12-28,-0.1741250657605775,0.030319538526125442,-0.4499999999999993,-0.040000000000000036,-0.5890573287268275,-1.5600000000000023,1.0108534328145957
2018-12-31,0.0,0.0,-1.620000000000001,-0.04999999999999982,-0.09333123091899154,0.6700000000000017,-0.9223027990475252
2019-01-02,0.058008006731391504,0.003364928844949162,-2.919999999999998,-0.03000000000000025,-0.22850157791518555,0.0,0.0
2019-01-03,-0.023207240763234438,0.0005385760238427301,-2.200000000000003,-0.029999999999999805,0.6736141674936746,1.1600000000000037,-0.08855063376707051
2019-01-04,-0.02822298230906739,0.0007965367304179309,2.2300000000000004,-0.10000000000000009,-0.5281451136242232,0.6099999999999994,-1.5288692515090574
2019-01-07,0.0,0.0,-4.07,0.10999999999999988,-0.12467026777098766,0.8399999999999963,0.30469803918400373
2019-01-08,0.0,0.0,0.019999999999999574,0.03000000000000025,-0.5002650903429107,0.5100000000000051,0.9872774398492545
2019-01-09,0.0,0.0,-0.9299999999999997,0.029999999999999805,0.19832211583628023,1.3099999999999952,-0.2475973083838845
2019-01-10,-0.008621804549058254,7.43355136821616e-05,-0.48999999999999844,0.010000000000000231,-0.7115981214347755,2.6099999999999994,1.0703800294232124
2019-01-11,0.025243185824130876,0.000637218430551602,-0.4800000000000004,0.0,0.3355000958285004,0.23000000000000398,0.14593745105244693
2019-01-14,-0.012310757742639566,0.00015155475619796002,-1.3099999999999987,-0.03000000000000025,0.13597330063221946,-0.980000000000004,0.4897261885068005
2019-01-15,0.03551530593810526,0.0012613369558772145,0.879999999999999,0.0,-0.0836576785718357,-1.1299999999999955,-0.10085841332445611
2019-01-16,-0.02320454819546569,0.0005384510569556901,-0.46999999999999886,0.010000000000000231,0.3967481584088439,1.4899999999999949,0.8700123329483667
2019-01-17,0.0,0.0,0.4399999999999977,0.009999999999999787,0.09373154720790922,0.28000000000000114,-0.10778826151662813
2019-01-18,0.011601601033994768,0.00013459714655198848,-0.9800000000000004,0.020000000000000018,0.010411842380175784,-0.25,-0.752244529484436
2019-01-22,-0.02822298230906739,0.0007965367304179309,-0.259999999999998,0.040000000000000036,0.28064739446795883,1.7700000000000031,0.0454497593997516
2019-01-23,0.005021126056448111,2.5211706874742157e-05,3.0,-0.04999999999999982,-0.0415212695537015,-1.009999999999998,0.46991268713627576
2019-01-24,-0.013642930605506365,0.00018612955550666226,-1.2800000000000011,0.019999999999999574,-0.18709110514123495,-0.15000000000000568,0.17964109684056595
2019-01-25,-0.01724583948394809,0.0002974189795061029,-0.629999999999999,-0.03999999999999959,0.49812859798450404,0.5,0.06714475449980384
2019-01-28,0.008623291515696963,7.436115656469121e-05,-1.4699999999999989,0.03999999999999959,-0.842042047017344,0.5900000000000034,0.0099027876427904
2019-01-29,0.02226547857375749,0.0004957515361184539,1.4499999999999993,-0.009999999999999787,-0.04176768916952511,-1.740000000000002,0.3624266759150174
2019-01-30,0.0348048034140902,0.001211374340693465,0.259999999999998,-0.029999999999999805,0.0730800209334248,1.2800000000000011,0.4102603519259951
2019-01-31,-0.03982592947053831,0.0015861046581922922,-1.4699999999999989,-0.020000000000000018,-0.502201690445947,1.1099999999999994,-0.00982656120278591
2019-02-01,0.00862106125794071,7.432269721316625e-05,-1.0899999999999999,-0.07000000000000028,0.25142009416807554,-0.3399999999999963,-0.5683046683478743
2019-02-04,0.0,0.0,-0.4299999999999997,0.07000000000000028,0.0,1.4499999999999957,-0.21766382843360077
2019-02-05,0.0,0.0,-0.41000000000000014,0.029999999999999805,0.28208412648957903,-0.7199999999999989,0.0
2019-02-06,0.04280916181436112,0.001832624335248154,-0.16000000000000014,-0.020000000000000018,0.2604846526007343,-0.8800000000000026,0.0
2019-02-07,-0.04280916181436112,0.001832624335248154,-0.1899999999999995,-0.009999999999999787,0.3324329888858557,0.25,0.0
2019-02-08,0.04280916181436112,0.001832624335248154,0.9900000000000002,-0.050000000000000266,0.09330220667811417,-1.259999999999998,0.0
2019-02-11,0.023212627773716576,0.0005388260881611182,-0.6500000000000004,-0.020000000000000018,0.1346075816926806,0.07000000000000028,0.0
2019-02-12,-0.01160698741955457,0.00013472215695769807,0.25,0.020000000000000018,0.4336590952711106,-0.3200000000000003,1.900022821600711
2019-02-13,-0.07165766797552209,0.005134821379690164,-0.5400000000000009,0.03000000000000025,-0.3612518561348921,0.7100000000000009,1.22772034248122
2019-02-14,0.036844786858125644,0.001357538318620708,0.22000000000000064,0.029999999999999805,0.43334588747141467,0.7000000000000028,0.8190019170006835
2019-02-15,0.0,0.0,0.5699999999999985,-0.04999999999999982,-0.1545452844951889,0.5599999999999952,0.7472671117136009
2019-02-19,-0.023912358776634335,0.0005718009022624811,-1.3099999999999987,0.0,-0.061892923601458705,1.1799999999999997,-0.1523725751005678
2019-02-20,-0.0043106235324330555,1.8581475238365632e-05,-0.02999999999999936,-0.010000000000000231,-0.41356710787283646,0.5399999999999991,1.4055911118632913
2019-02-21,0.051715222666182115,0.0026744642554127965,-0.8600000000000012,0.0,-0.07254982662523446,0.7800000000000011,0.6439531692168821
2019-02-22,0.01132064076028172,0.00012815690722335187,0.4400000000000013,0.040000000000000036,0.16575541361936175,0.05000000000000426,1.7353549390952239
2019-02-25,0.014526944788251228,0.0002110321248808995,-0.9500000000000011,-0.040000000000000036,-0.103560979324957,0.05999999999999517,0.135594613181933
2019-02-26,-0.06894174695677435,0.004752964473451905,1.3399999999999999,0.020000000000000018,-0.10366833928197039,-1.6899999999999977,0.5566382216779964
2019-02-27,0.008000320017131912,6.400512037652156e-05,0.3200000000000003,-0.029999999999999805,-0.4261777193198313,0.0799999999999983,-0.743888082814248
2019-02-28,0.0,0.0,-0.47000000000000064,0.04999999999999982,0.1561296436728199,1.5200000000000031,0.3246805358656957
2019-03-01,0.0006199980779442171,3.8439761665452354e-07,0.08000000000000007,0.040000000000000036,0.010402096583295162,0.28999999999999915,-2.5362603815644036
2019-03-04,-0.00862031809507613,7.430988406029694e-05,-1.209999999999999,0.029999999999999805,0.38403193442846373,-1.4500000000000028,1.4559919951482314
2019-03-05,0.008000320017131912,6.400512037652156e-05,1.0600000000000005,-0.03999999999999959,0.15527307771554533,0.8400000000000034,1.4552196889916047
2019-03-06,-0.008000320017131912,6.400512037652156e-05,0.10999999999999943,0.0,0.1756815106093157,-0.05000000000000426,-0.15505127852080136
2019-03-07,0.008000320017131912,6.400512037652156e-05,1.0,-0.03000000000000025,0.020652769364026824,-0.3299999999999983,0.20534094807116432
2019-03-08,0.0,0.0,0.8499999999999996,-0.04999999999999982,0.8224528920454333,0.38000000000000256,-0.046265565164560485
2019-03-11,0.0,0.0,-0.5399999999999991,-0.020000000000000018,-0.30762475136780765,-0.8299999999999983,-0.8871971212539798
2019-03-12,0.0,0.0,-1.7200000000000006,0.020000000000000018,-0.15417190249467083,1.019999999999996,-0.06599487510126067
2019-03-13,0.0,0.0,-0.5600000000000005,-0.03000000000000025,-0.2884208571455993,0.10000000000000142,1.6838941223934256
2019-03-14,0.0,0.0,-0.35999999999999943,0.0,-0.4031215119365328,1.3800000000000026,0.40762889510093103
2019-03-15,0.0,0.0,0.08999999999999986,0.020000000000000018,0.24826521373224608,0.3200000000000003,0.3009163826903638
2019-03-18,0.02320454819546569,0.0005384510569556901,-0.6199999999999992,-0.040000000000000036,-0.19649671972770122,-0.0800000000000054,-0.42930463040971034
2019-03-19,0.02320993395592552,0.0005387010342384245,0.21999999999999886,0.010000000000000231,-0.08285194454620282,0.5800000000000054,0.7678685334761681
2019-03-20,0.0,0.0,0.46000000000000085,0.009999999999999787,-0.1451523262403498,0.02999999999999403,-0.5221840496443697
2019-03-21,-0.04641448215139121,0.0021543041533818134,0.34999999999999964,-0.06999999999999984,-0.6453599156870382,1.0,-0.42710218293482427
2019-03-22,0.011601601033994768,0.00013459714655198848,-0.27999999999999936,0.0,0.7697924787051669,-0.14000000000000057,-2.068538736196146
2019-03-25,-0.011601601033994768,0.00013459714655198848,2.8499999999999996,-0.10000000000000009,0.15532130970754565,-1.1099999999999994,0.7033812474572798
2019-03-26,0.0,0.0,-0.15000000000000213,-0.009999999999999787,-0.08280906233402163,-0.1599999999999966,-1.9032829301314003
2019-03-27,0.0,0.0,-1.6499999999999986,-0.020000000000000018,0.1758814493977745,1.1599999999999966,-0.028868062844189524
2019-03-28,0.011601601033994768,0.00013459714655198848,0.47000000000000064,-0.020000000000000018,0.031004889038044325,-0.4799999999999969,0.6290815832771912
2019-03-29,0.011602947161470922,0.00013462838283188615,-0.7200000000000006,0.0,0.4433685866674253,-0.10000000000000142,0.7218405013778906
2019-04-01,-0.011602947161470922,0.00013462838283188615,-0.7199999999999989,0.020000000000000018,0.08227255998027871,0.8999999999999986,-0.22609927441878952
2019-04-02,-0.011601601033994768,0.00013459714655198848,-0.3100000000000005,0.08000000000000007,-0.030842317095469696,1.4000000000000057,0.7891209847767477
2019-04-03,0.0,0.0,-0.040000000000000924,-0.010000000000000231,0.11304724497334107,0.9399999999999977,-0.27553528985340137
2019-04-04,0.0,0.0,0.3800000000000008,0.040000000000000036,-0.2777109284944679,-0.07000000000000028,-0.137037077280322
2019-04-05,0.0,0.0,-0.16000000000000014,-0.010000000000000231,0.22633880815972063,-0.3400000000000034,0.24855823730360882
2019-04-08,0.0,0.0,-0.7599999999999998,-0.009999999999999787,0.0924492569655655,0.980000000000004,0.23783390171194796
2019-04-09,0.0,0.0,0.35999999999999943,0.020000000000000018,-0.35998852543670523,1.2700000000000031,0.8355108448371951
2019-04-10,0.0,0.0,1.0999999999999996,-0.010000000000000231,-0.04122530663144275,-0.3200000000000074,-0.9143887600779443
2019-04-11,-0.011600255218624511,0.0001345659211372252,-0.9799999999999986,-0.029999999999999805,-0.061873778290166825,0.5700000000000074,-0.6668755270342608
2019-04-12,0.011600255218624511,0.0001345659211372252,-0.28000000000000114,0.029999999999999805,0.23695819070574942,-1.0100000000000051,0.41059889178205466
2019-04-15,0.0,0.0,-1.0099999999999998,0.050000000000000266,-0.21632672131550734,0.25,-0.3098257805111082
2019-04-16,0.0,0.0,0.3100000000000005,-0.010000000000000231,-0.030940930297251867,-0.4299999999999997,0.0
2019-04-17,0.0,0.0,-0.14000000000000057,0.050000000000000266,0.10310184683861578,0.5800000000000054,-0.5846746619318388
2019-04-18,0.02320454819546569,0.0005384510569556901,0.41999999999999993,-0.010000000000000231,-0.030918607641439166,-0.2700000000000031,-0.5201959126241995
2019-04-22,0.05803493866096687,0.0033680541053821875,-0.5099999999999998,-0.020000000000000018,0.4730562879087685,0.27999999999999403,-1.013242746466858
2019-04-23,0.0,0.0,0.33000000000000007,0.020000000000000018,-0.19512452034931016,1.6400000000000006,0.3692643810921048
2019-04-24,-0.011609682488256112,0.00013478472747812065,-0.14000000000000057,-0.020000000000000018,0.2976660322585367,0.5799999999999983,0.2213191103300538
2019-04-25,0.023220712980354108,0.0005392015113159858,0.8600000000000012,-0.040000000000000036,0.5417285024900131,-0.28000000000000114,0.9172678097310261
2019-04-26,0.3023609699747354,0.09142215616406284,0.10999999999999943,0.010000000000000231,0.10188332664604616,-0.7299999999999898,-0.28600004118368716
2019-04-29,0.0,0.0,-0.5199999999999996,-0.03000000000000025,-0.19366482063221113,-1.9400000000000048,0.564039227537716
2019-04-30,0.0,0.0,0.379999999999999,0.03000000000000025,-0.15316439791694947,0.10000000000000142,0.0
2019-05-01,0.0,0.0,0.009999999999999787,-0.03000000000000025,-0.3890628903808313,0.4399999999999977,0.0
2019-05-02,-0.093131555043513,0.008673486544822893,1.6800000000000015,0.010000000000000231,0.21519614620570948,-0.28000000000000114,0.0
2019-05-03,-0.06979179066579633,0.004870894044338336,-0.3800000000000008,0.029999999999999805,0.143207252982247,-1.7999999999999972,-0.11643704012964662
2019-05-06,0.12798884753753015,0.016381145093985135,-1.5500000000000007,-0.009999999999999787,-0.3173846436047789,0.22999999999999687,-0.44657563564678426
2019-05-07,0.058230945568915615,0.0033908430218500133,2.5700000000000003,-0.03000000000000025,0.0,0.3200000000000003,-1.6738568239218488
2019-05-08,0.31503438924804783,0.09924666640889052,3.880000000000001,-0.05999999999999961,0.11273443550292583,-0.8900000000000006,-0.042807996352056676
2019-05-09,0.12863242140834785,0.016546299837374788,0.0799999999999983,0.040000000000000036,-0.010237651057298791,0.720000000000006,-0.6643011049066949
2019-05-10,-0.22207945542493945,0.04931928452183767,-0.29999999999999716,-0.040000000000000036,-0.2564235396097736,-0.5500000000000043,-0.4435718435440883
2019-05-13,-0.08169458352469405,0.006674004977273213,-3.0600000000000023,0.020000000000000018,-0.04108979470949237,0.07000000000000028,0.5832946269028305
2019-05-14,0.21020678066125953,0.04418689063597087,4.510000000000002,-0.07000000000000028,-0.010277047172735365,-0.6799999999999997,0.6268694426222687
2019-05-15,-0.22187198919016993,0.04922717958720288,-2.490000000000002,0.020000000000000018,0.21554956882177123,0.8500000000000014,0.7069077403331292
2019-05-16,-0.06996268942085493,0.004894777910999007,-1.6199999999999974,-0.04999999999999982,0.041005552435358084,0.21000000000000085,1.0613295020276858
2019-05-17,0.3503039546730591,0.12271286065958463,-1.1500000000000021,0.029999999999999805,0.27633879572475095,0.8999999999999986,0.005124709814463557
2019-05-20,0.0702082874616039,0.004929203628291207,0.6700000000000017,-0.009999999999999787,0.1634024721228755,-0.1599999999999966,0.0809355786764776
2019-05-21,-0.0702082874616039,0.004929203628291207,0.34999999999999787,0.020000000000000018,-0.07145378216044662,0.3499999999999943,1.0847474223370845
2019-05-22,-0.07015903000606727,0.004922289491392247,-1.3599999999999994,0.020000000000000018,0.13265704770537567,-0.09999999999999432,-0.08513140139774222
2019-05-23,0.05846243954881203,0.003417856837998501,-0.1999999999999993,-0.040000000000000036,0.05097930703721332,-1.6000000000000014,-0.25481341862132467
2019-05-24,0.0,0.0,2.1700000000000017,-0.08000000000000007,-0.26536261483700585,-3.770000000000003,-0.10882334571702401
2019-05-28,0.02339454917681394,0.0005473049311863657,-1.070000000000002,0.009999999999999787,-0.24557248081888972,0.75,-1.2987062507970215
2019-05-29,0.046805523906279234,0.0021907570681412767,1.6500000000000004,-0.06000000000000005,0.3579269298201737,0.509999999999998,0.20288056062147675
2019-05-30,0.07024938820681115,0.004934976543431257,0.3999999999999986,-0.009999999999999787,0.18358017045283503,-0.06999999999999318,-0.04733630474182959
2019-05-31,-0.03513086282396216,0.0012341775227560467,-0.5999999999999979,-0.029999999999999805,0.0,-2.3700000000000045,-0.22670138722791222
2019-06-03,-0.08192404928912822,0.00671154985192751,1.4100000000000001,-0.08000000000000007,-0.3981825577089815,-2.979999999999997,-0.9807150892011229
2019-06-04,0.023400023506781054,0.0005475611001179058,0.14999999999999858,-0.07000000000000028,-0.6259968231091761,-0.240000000000002,-1.4069002222750093
2019-06-05,0.05852402578234717,0.003425061593772836,-1.8900000000000006,0.050000000000000266,-0.07208660541220269,0.25,0.4943017921716475
2019-06-06,-0.0468219603543929,0.0021922959714283405,-0.879999999999999,0.0,0.3085818618085767,-1.9299999999999997,0.02628024213970903
2019-06-07,-0.03510208893473532,0.001232156647582068,-0.16000000000000014,0.0,-0.3497986741816561,1.0200000000000031,-0.33690980584379915
2019-06-10,-0.11691805377243014,0.013669831297932866,0.370000000000001,-0.03000000000000025,-0.43379346094267746,1.3599999999999994,1.0564014130132193
2019-06-11,-0.11678151508220935,0.013637922264896291,-0.3600000000000012,0.06000000000000005,0.1551445972342691,-0.6200000000000045,0.48095534054501954
2019-06-12,-0.09332711829976859,0.008709951010139001,0.05000000000000071,0.0,-0.07236980741591736,-0.030000000000001137,-0.08623511550158725
2019-06-13,0.0,0.0,-0.08000000000000007,-0.020000000000000018,0.32009687580956125,-2.1699999999999946,-0.8245360453157602
2019-06-14,0.06998717187567394,0.004898204227155125,-0.08999999999999986,-0.029999999999999805,0.010310949053327079,1.25,-0.42956610626694314
2019-06-17,0.07003618822523094,0.004905067661119977,-0.5400000000000009,-0.010000000000000231,0.5755977998179951,0.0899999999999963,0.37085912578875835
2019-06-18,-0.07003618822523094,0.004905067661119977,0.07000000000000028,0.0,-0.010251766904101345,-0.5300000000000011,-0.7008489351538749
2019-06-19,-0.08164693985950322,0.0066662227884213355,-0.1999999999999993,-0.029999999999999805,0.08196909506636985,1.9200000000000017,-0.3109534172012651
2019-06-20,-0.058278456104865484,0.003396378445966733,-0.8200000000000003,-0.03000000000000025,-0.5339883682237812,-0.11999999999999744,0.5998856242799278
2019-06-21,-0.046598323303648215,0.0021714037347113245,0.41999999999999993,-0.020000000000000018,-0.5058132003963323,3.1400000000000006,0.9943137234470711
2019-06-24,0.0,0.0,0.6500000000000004,0.06000000000000005,-0.42519746296258987,0.46999999999999886,0.002085092630288443
2019-06-25,0.023296447397136433,0.0005427244613275449,-0.14000000000000057,-0.04999999999999982,-0.24973775524479436,0.37999999999999545,0.3798032712592381
2019-06-26,0.034954850341328836,0.0012218415623846965,1.0200000000000014,-0.020000000000000018,0.18736374649535037,-0.09999999999999432,-0.282894446535753
2019-06-27,0.03496707302961255,0.0012226961962582574,-0.07000000000000028,0.04999999999999982,0.05197839868484877,1.5399999999999991,-0.10420683914551532
2019-06-28,-0.03496707302961255,0.0012226961962582574,-0.39000000000000057,-0.040000000000000036,-0.02078653116406315,0.00999999999999801,-1.6843698746014546
2019-07-01,-0.19791612491051325,0.03917079249959388,-0.7400000000000002,-0.009999999999999787,-0.06240140394195848,-0.9799999999999969,0.7215899882236698
2019-07-02,-0.08138115894134046,0.006622893030635718,-1.0199999999999996,0.029999999999999805,0.735868074758983,0.7099999999999937,1.6361201279567972
2019-07-03,0.03486953019589123,0.0012158841360821702,-1.1300000000000008,-0.04999999999999982,-0.1136467355157933,-2.9099999999999966,-0.3766365556073126
2019-07-05,-0.03486953019589123,0.0012158841360821702,-0.35999999999999943,-0.020000000000000018,0.04133673044162123,1.0600000000000023,-0.16542084641084642
2019-07-08,0.023245002429206352,0.0005403301379338092,0.7099999999999991,0.08000000000000007,0.4947988295522343,0.0,1.5446676193899833
2019-07-09,-0.05810237802172935,0.003375886331779938,0.6800000000000015,0.009999999999999787,0.13358400512126778,0.28999999999999915,-0.9260040727115282
2019-07-10,-0.04645760826882395,0.0021583093660594993,0.129999999999999,0.020000000000000018,0.11289641791076832,0.21999999999999886,0.2790122715279786
2019-07-11,-0.08124891631453579,0.00660138640228644,-1.0600000000000005,0.0,-0.4008427146106719,2.710000000000001,0.4735686000830519
2019-07-12,0.011602947161470922,0.00013462838283188615,-0.09999999999999964,0.06000000000000005,-0.05150185225391013,-0.3500000000000014,0.5101738276788836
2019-07-15,-0.011602947161470922,0.00013462838283188615,-0.5399999999999991,-0.009999999999999787,-0.24760715467841976,0.060000000000002274,-0.33059911484238924
2019-07-16,0.0,0.0,0.28999999999999915,-0.03000000000000025,0.12388021394844628,-0.6900000000000048,-0.2946719930101871
2019-07-17,0.0,0.0,0.17999999999999972,0.040000000000000036,0.4837154661666787,-1.8599999999999994,0.9802395028537525
2019-07-18,0.05802820333418168,0.003367272382193134,1.1100000000000012,-0.06999999999999984,-0.1849762141197253,-0.9399999999999977,0.046826965043234026
2019-07-19,0.1277806992709074,0.016327907106162075,-0.4400000000000013,-0.020000000000000018,-0.443277155349886,-1.4200000000000017,-0.6657773415717827
2019-07-22,-0.13938903406813807,0.019429302818448558,0.9199999999999999,0.009999999999999787,0.3712498909969497,0.3400000000000034,0.642366600006028
2019-07-23,-0.01160698741955457,0.00013472215695769807,-0.9199999999999999,0.0,0.11316354098900305,0.44999999999999574,-0.030543988671549727
2019-07-24,0.0,0.0,-0.9199999999999999,0.03000000000000025,0.46160716466481233,0.7100000000000009,0.7527299046286018
2019-07-25,0.0,0.0,-0.5399999999999991,-0.03000000000000025,0.020471011339395773,-0.6799999999999997,-0.1061748344066693
2019-07-26,0.0,0.0,0.6699999999999999,0.03000000000000025,0.09204432916396499,-0.01999999999999602,0.659489321500839
2019-07-29,0.0,0.0,-0.5800000000000001,0.0,0.1940484085691807,0.1599999999999966,-0.1609415425602556
2019-07-30,-0.02320993395592552,0.0005387010342384245,0.6699999999999999,-0.020000000000000018,0.030603192108102917,0.8100000000000023,0.46100850496166856
2019-07-31,0.12772135263094953,0.016312743917879357,1.1099999999999994,0.0,0.010201576864510287,1.1899999999999977,-1.2016515891112078
2019-08-01,-0.12772135263094953,0.016312743917879357,2.1800000000000015,-0.040000000000000036,0.4781955411850447,0.490000000000002,0.5703668227369896
2019-08-02,0.06964596915306487,0.004850561019269663,1.75,-0.1200000000000001,-0.13203725044270698,-4.890000000000001,0.5761560394037524
2019-08-05,0.20922941493122238,0.04377694807246162,-0.26000000000000156,-0.039999999999999813,-0.29518156572878596,2.030000000000001,-0.6326429581322124
2019-08-06,-0.06979179066579633,0.004870894044338336,6.98,-0.1100000000000001,-0.6134973013194767,-1.0399999999999991,-1.8277204724078011
2019-08-07,-0.16265833724578016,0.026457734675561954,-4.419999999999998,-0.020000000000000018,0.13324171012163433,-1.0300000000000011,-0.8814358115950327
2019-08-08,0.04644681922805205,0.0021573070164033455,-0.6800000000000033,-0.020000000000000018,-0.09222354369375907,-2.460000000000001,0.13674932461418265
2019-08-09,-0.09287207540076281,0.008625222389244973,-2.5799999999999983,0.010000000000000009,0.08198589263646028,1.4600000000000009,0.9592226734337572
2019-08-12,-0.02320454819546569,0.0005384510569556901,1.0599999999999987,0.020000000000000018,-0.13326318655684233,1.8099999999999952,-0.09232758480619552
2019-08-13,0.034808841797229206,0.001211655467264531,3.120000000000001,-0.09000000000000008,-0.11289641791076832,0.5700000000000003,0.09950504757618717
2019-08-14,-0.011604293601763516,0.00013465962999592966,-3.5700000000000003,0.030000000000000027,0.44059737919308617,2.0700000000000003,-0.8732690630181672
2019-08-15,0.02320993395592552,0.0005387010342384245,4.580000000000002,-0.08999999999999986,0.18386145055329095,-1.8900000000000006,0.2149049769623268
2019-08-16,0.01160698741955457,0.00013472215695769807,-0.9200000000000017,-0.07000000000000006,0.15296135953324352,-0.6499999999999986,1.0747990073743274
2019-08-19,-0.03481692137548009,0.0012122180140663626,-2.710000000000001,0.030000000000000027,0.0,0.3200000000000003,0.0632853270619016
2019-08-20,0.0,0.0,-1.5899999999999999,0.050000000000000044,0.2137504877720353,1.4100000000000037,0.10504684729104596
2019-08-21,-0.011602947161470922,0.00013462838283188615,0.620000000000001,-0.050000000000000044,-0.16281272749845144,-0.060000000000002274,0.3703519520310117
2019-08-22,0.011602947161470922,0.00013462838283188615,-1.6999999999999993,0.040000000000000036,0.11196561531683358,-0.5300000000000011,0.9812867705669248
2019-08-23,-0.02320454819546569,0.0005384510569556901,0.879999999999999,0.030000000000000027,-0.13234071459153895,-0.3200000000000003,0.28920909475669276
2019-08-26,0.0,0.0,3.1900000000000013,-0.10000000000000009,-0.541341177883492,-1.25,-0.48348848524870647
2019-08-27,0.0,0.0,-0.5500000000000007,0.020000000000000018,0.44962515831734606,-0.5399999999999991,-0.9689596042969484
2019-08-28,0.034808841797229206,0.001211655467264531,0.9899999999999984,-0.050000000000000044,-0.0816012186319881,1.4500000000000028,-0.6215352181763834
2019-08-29,-0.034808841797229206,0.001211655467264531,-0.9599999999999973,-0.020000000000000018,0.21405551769708708,0.769999999999996,0.048105218296701224
2019-08-30,-0.05798782418224846,0.003362587753391359,-1.4700000000000024,0.030000000000000027,0.30500537054622967,0.9100000000000037,0.13600227062449122
2019-09-03,0.05798782418224846,0.003362587753391359,1.1000000000000014,0.0,0.4153336589750367,-1.6000000000000014,0.5574110680006683
2019-09-04,0.0,0.0,0.6799999999999997,-0.030000000000000027,0.030321706440528118,-1.1600000000000037,-0.4787573700312464
2019-09-05,0.0,0.0,-2.330000000000002,0.0,-0.5065867120074508,2.3100000000000023,-0.17680217585684943
2019-09-06,0.0,0.0,-1.0599999999999987,0.10000000000000009,-0.040631196341589515,0.10999999999999943,-0.08595901103376491
2019-09-09,0.011601601033994768,0.00013459714655198848,-1.2699999999999996,-0.020000000000000018,-0.020329544938668676,0.12000000000000455,-0.27782494406416447
2019-09-10,-0.011601601033994768,0.00013459714655198848,0.2699999999999996,0.07999999999999985,-0.11186314419724397,1.4299999999999997,0.004106354584276772
2019-09-11,0.0,0.0,-0.07000000000000028,0.09000000000000008,0.05086521812796008,-0.5100000000000051,-0.3970422521147654
2019-09-12,0.034808841797229206,0.001211655467264531,-0.5899999999999999,0.030000000000000027,0.3249060522634295,-1.7100000000000009,-0.09795986491534237
2019-09-13,0.0,0.0,-0.3899999999999988,0.040000000000000036,-0.3452521391145602,-0.529999999999994,0.6949826983963625
2019-09-16,0.04643064505920336,0.002155804800613725,-0.4800000000000004,0.10999999999999988,-0.050867806398713356,-0.37000000000000455,1.1358607112475383
2019-09-17,0.03483713673979594,0.00121362609622724,0.9299999999999997,-0.05999999999999983,0.39611994551327356,8.340000000000003,0.26706067221065055
2019-09-18,-0.05805515402528272,0.0033704009088993004,-0.23000000000000043,-0.030000000000000027,-0.39611994551327356,-3.8400000000000034,0.6926434617868793
2019-09-19,0.0,0.0,-0.4900000000000002,-0.010000000000000009,0.34541976520516826,-1.0700000000000003,-0.15964740399381228
2019-09-20,-0.03481692137548009,0.0012122180140663626,0.10000000000000142,-0.010000000000000009,-0.3352487919118907,0.0,0.1957586269517364
2019-09-23,0.0,0.0,1.2699999999999996,-0.050000000000000044,0.24393293389799453,-0.269999999999996,-0.6782552442154532
2019-09-24,0.0,0.0,-0.41000000000000014,-0.020000000000000018,0.09131585801389619,0.769999999999996,-0.46657406348558084
2019-09-25,0.0,0.0,2.1400000000000006,-0.08000000000000007,-0.2640421388617753,-1.4699999999999989,0.24114952817484436
2019-09-26,-0.011602947161470922,0.00013462838283188615,-1.0899999999999999,0.09000000000000008,0.7092993435775519,-0.8399999999999963,-0.08403234220812905
2019-09-27,0.011602947161470922,0.00013462838283188615,0.10999999999999943,-0.030000000000000027,0.17149882533331606,-0.14000000000000057,0.34882874531403374
2019-09-30,-0.011602947161470922,0.00013462838283188615,1.1499999999999986,-0.010000000000000009,-0.10084558566934021,-0.28999999999999915,0.7130710746909408
2019-10-01,0.0,0.0,-0.9800000000000004,-0.010000000000000009,0.27205079600616244,-1.8599999999999994,-0.12835942396165478
2019-10-02,0.011602947161470922,0.00013462838283188615,2.3200000000000003,-0.030000000000000027,-0.251876619906799,-0.490000000000002,0.30358463313193695
2019-10-03,-0.011602947161470922,0.00013462838283188615,2.0,-0.04999999999999982,-0.0908274157633393,-0.9299999999999997,-0.8438953426391116
2019-10-04,0.0,0.0,-1.4399999999999977,-0.06000000000000005,-0.18191041275912312,-0.2600000000000051,-0.15346872553676505
2019-10-07,0.0,0.0,-2.080000000000002,-0.020000000000000018,-0.0505924553928061,0.4300000000000068,-0.21039223645429317
2019-10-08,-0.011601601033994768,0.00013459714655198848,0.8200000000000003,0.040000000000000036,0.18200238526677737,-0.0800000000000054,-0.4566959446908214
2019-10-09,0.1160766235962285,0.013473782545500511,2.4200000000000017,-0.020000000000000018,0.15141730845158463,-0.11999999999999744,0.5204672608953409
2019-10-10,-0.10447502256223373,0.010915030339379248,-1.6400000000000006,0.050000000000000044,-0.020172140541419026,-0.00999999999999801,-0.03947268592021658
2019-10-11,0.011602947161470922,0.00013462838283188615,-1.0700000000000003,0.07999999999999985,-0.4145015875675284,0.9399999999999977,-0.045564776179318756
2019-10-14,0.0,0.0,-1.9900000000000002,0.09000000000000008,-0.41621909564080184,1.1899999999999977,0.4506833549704936
2019-10-15,-0.011602947161470922,0.00013462838283188615,-1.0099999999999998,0.0,0.15247158886175782,-1.1899999999999977,0.17427135330647658
2019-10-16,0.011602947161470922,0.00013462838283188615,-1.0300000000000011,0.010000000000000009,-0.16264721939966975,-0.759999999999998,-0.052350224187414085
2019-10-17,0.011604293601763516,0.00013465962999592966,0.14000000000000057,-0.020000000000000018,-0.28527658159553937,0.6099999999999994,0.14188610236400834
2019-10-18,-0.011604293601763516,0.00013465962999592966,0.10999999999999943,0.010000000000000009,-0.4089582637299749,0.46999999999999886,-0.46767678525521106
2019-10-21,0.011604293601763516,0.00013465962999592966,0.46000000000000085,0.0,-0.33865477703241,-0.14000000000000057,-0.06265727686267653
2019-10-22,-0.023207240763234438,0.0005385760238427301,-0.25,0.040000000000000036,0.05138795817414277,-0.46999999999999886,-0.5717893069926205
2019-10-23,0.023207240763234438,0.0005385760238427301,0.46000000000000085,-0.020000000000000018,0.20527252164903587,0.9299999999999997,0.3683880862839217
2019-10-24,-0.011604293601763516,0.00013465962999592966,-0.45000000000000107,-0.010000000000000009,-0.06153595947386847,1.6899999999999977,0.06076011083244737
2019-10-25,-0.02320454819546569,0.0005384510569556901,-0.29999999999999893,0.0,0.16401442320139736,0.21000000000000085,0.5864586630715429
2019-10-28,0.011601601033994768,0.00013459714655198848,-1.0600000000000005,0.030000000000000027,0.20465020810185308,0.4100000000000037,0.2984671867022115
2019-10-29,0.011602947161470922,0.00013462838283188615,0.4599999999999991,0.050000000000000044,-0.07157799109664964,-0.9200000000000017,-0.009031384065760761
2019-10-30,-0.011602947161470922,0.00013462838283188615,0.08999999999999986,-0.010000000000000009,-0.07162926188559737,-0.259999999999998,-0.06123422280834845
2019-10-31,0.011602947161470922,0.00013462838283188615,-0.8699999999999992,-0.06000000000000005,-0.04095517075262123,-0.490000000000002,0.5028156189474053
2019-11-01,-0.011602947161470922,0.00013462838283188615,0.8900000000000006,-0.09000000000000008,-0.30769568046329354,-0.8299999999999983,-0.2070300932994762
2019-11-04,-0.011601601033994768,0.00013459714655198848,-0.9199999999999999,0.040000000000000036,-0.11305886647718921,2.019999999999996,1.6650421151853223
2019-11-05,0.0,0.0,0.5299999999999994,0.06000000000000005,0.27728312755535,0.28999999999999915,0.6712422529957962
2019-11-06,0.0,0.0,0.2699999999999996,0.07000000000000006,0.48084517170083885,0.7100000000000009,0.18663558234903732
2019-11-07,0.0,0.0,-0.4800000000000004,-0.050000000000000044,-0.03062972375769135,-0.8900000000000006,0.05563011001097351
2019-11-08,0.0,0.0,0.11000000000000121,0.10999999999999988,0.19379112082971162,0.759999999999998,-0.08589807940779792
2019-11-11,0.011601601033994768,0.00013459714655198848,-0.6600000000000001,0.020000000000000018,0.2137504877720353,0.11000000000000654,-0.15049941272753387
2019-11-12,-0.011601601033994768,0.00013459714655198848,0.6199999999999992,0.0,-0.15263450368285802,0.0,-0.5629563130699289
2019-11-13,0.011601601033994768,0.00013459714655198848,-0.009999999999999787,-0.020000000000000018,0.1119542261623252,-0.3500000000000014,0.15527648224731294
2019-11-14,0.0,0.0,0.3200000000000003,-0.040000000000000036,0.061018090051767615,0.21000000000000085,-0.5474879511681685
2019-11-15,0.011602947161470922,0.00013462838283188615,0.05000000000000071,-0.05999999999999983,-0.21370697353892965,-0.3100000000000023,-0.04641814934185362
2019-11-18,0.0,0.0,-1.0,0.020000000000000018,-0.163135903963596,0.9699999999999989,-0.224493624022859
2019-11-19,-0.011602947161470922,0.00013462838283188615,0.41000000000000014,-0.030000000000000027,-0.21451469842110882,-0.7199999999999989,-0.7074259236169667
2019-11-20,-0.011601601033994768,0.00013459714655198848,0.3999999999999986,-0.020000000000000018,0.07155604116038106,-1.8900000000000006,0.5409557457542569
2019-11-21,-0.011600255218624511,0.0001345659211372252,-0.08000000000000007,-0.06000000000000005,0.07150487510028114,1.7800000000000011,-0.7755488345199346
2019-11-22,0.0,0.0,0.3500000000000014,0.040000000000000036,0.06124699982645865,1.6499999999999986,-1.2743766723488648
2019-11-25,0.02320185625261928,0.0005383261335672084,-0.7900000000000009,0.0,0.2853347366793102,-0.6799999999999997,-1.0286659662393838
2019-11-26,-0.05799455013804078,0.0033633678457137255,-0.47000000000000064,-0.010000000000000009,0.050870393985036344,0.10999999999999943,-0.14635671682627915
2019-11-27,0.05799455013804078,0.0033633678457137255,-0.33000000000000007,-0.020000000000000018,-0.07122114045055028,0.46000000000000085,0.04505565473476025
2019-11-29,-0.09277514291792244,0.008607227143440933,0.21000000000000085,0.030000000000000027,0.16272113743003302,-0.13000000000000256,0.1411793826179064
2019-12-02,-0.011590843246978011,0.00013434764717601576,0.8699999999999992,0.010000000000000009,-0.1423703909645191,0.0,-0.761451044825634
2019-12-03,-0.023177656842676697,0.0005372037767168779,2.290000000000001,0.050000000000000044,-0.41808661160605,-2.1499999999999986,-1.1854692574511994
2019-12-04,0.01158815691670867,0.00013428538072626298,1.0500000000000007,-0.1100000000000001,-0.12270221122125946,0.17999999999999972,-0.6148267430567955
2019-12-05,-0.03476044296633063,0.0012082883952155244,-1.1600000000000001,0.050000000000000044,-0.09211970370648359,2.3100000000000023,1.2994300578553997
2019-12-06,0.04634994289229866,0.0021483172061193467,-0.28000000000000114,0.030000000000000027,-0.24607605710249558,-0.03999999999999915,-0.2726562852746639
2019-12-09,-0.023177656842676697,0.0005372037767168779,-0.9000000000000004,0.040000000000000036,0.29726154350679934,0.7800000000000011,0.030101254619196993
2019-12-10,0.0,0.0,2.24,-0.010000000000000009,-0.061428853901190905,-0.21000000000000085,0.2591185206206603
2019-12-11,0.023177656842676697,0.0005372037767168779,-0.17999999999999972,0.020000000000000018,-0.23583268960560844,0.22999999999999687,-0.5980208440975687
2019-12-12,-0.034764471060988456,0.0012085684481503037,-0.6899999999999995,-0.06000000000000005,-0.2569770552158346,-0.4799999999999969,0.153999863949128
2019-12-13,0.023174971135020428,0.00053707928710903,-1.0500000000000007,0.10999999999999988,0.24670844890932742,0.4399999999999977,0.662195740851157
2019-12-16,0.011589499925968028,0.0001343165085340129,-1.3099999999999987,-0.07999999999999985,-0.23642233070768626,0.9299999999999997,-0.20575394339701347
2019-12-17,0.0,0.0,-0.4900000000000002,0.06999999999999984,-0.10296384272594494,0.10000000000000142,-0.48867889639439
2019-12-18,-0.011589499925968028,0.0001343165085340129,0.14999999999999858,0.0,0.14412128346794617,0.6700000000000017,-0.7768245799280926
2019-12-19,-0.023174971135020428,0.00053707928710903,0.2900000000000009,0.030000000000000027,0.2055334962721922,0.04999999999999716,-0.30443660792851546
2019-12-20,0.034764471060988456,0.0012085684481503037,-0.08000000000000007,0.0,0.010259720526395455,0.36999999999999744,0.11873553320729258
2019-12-23,-0.011589499925968028,0.0001343165085340129,0.009999999999999787,0.0,0.2972389003482512,-0.8699999999999974,0.43485846581869936
2019-12-24,0.011589499925968028,0.0001343165085340129,0.09999999999999964,0.010000000000000009,-0.051180245433535276,0.0799999999999983,0.315266671683645
2019-12-26,-0.011589499925968028,0.0001343165085340129,0.0600000000000005,-0.030000000000000027,-0.010242318338615775,0.6600000000000037,-0.05734214126702497
2019-12-27,-0.01158815691670867,0.00013428538072626298,-0.019999999999999574,0.0,-0.061468132077546755,0.5499999999999972,-0.030248191858195383
2019-12-30,0.01158815691670867,0.00013428538072626298,0.7799999999999994,-0.020000000000000018,-0.6889114572021349,0.03999999999999915,0.5119411836460586
2019-12-31,-0.01158815691670867,0.00013428538072626298,1.3900000000000006,0.020000000000000018,-0.18589317432375907,-0.10000000000000142,0.1576322310908651
2020-01-02,-0.011586814218311758,0.00013425426372967153,-1.040000000000001,0.020000000000000018,-0.3624489848880863,-0.519999999999996,-0.4195185849774852
2020-01-03,0.011586814218311758,0.00013425426372967153,-1.3099999999999987,-0.040000000000000036,0.47609186341581733,0.030000000000001137,0.5893172487484222
2020-01-06,0.023177656842676697,0.0005372037767168779,1.549999999999999,-0.07999999999999985,-0.010327984415514635,1.8299999999999983,-0.15840070399333328
2020-01-07,0.0,0.0,-0.16999999999999993,0.010000000000000009,-0.17569967185533386,0.2700000000000031,-0.9734944886953478
2020-01-08,0.0,0.0,-0.0600000000000005,0.020000000000000018,0.32017087566833524,-0.5700000000000003,0.3227713060390158
2020-01-09,-0.011589499925968028,0.0001343165085340129,-0.33999999999999986,0.040000000000000036,0.32942142644705186,-3.0500000000000043,-1.0378213137619774
2020-01-10,0.011589499925968028,0.0001343165085340129,-0.9100000000000001,-0.020000000000000018,0.15403740810535638,-0.0899999999999963,1.1701798683866116
2020-01-13,-0.011589499925968028,0.0001343165085340129,0.02000000000000135,-0.020000000000000018,-0.09239396891400631,-0.5399999999999991,0.8700260718964792
2020-01-14,0.011589499925968028,0.0001343165085340129,-0.2400000000000002,0.020000000000000018,-0.010273880423472548,-0.8500000000000014,-0.27915939509544074
2020-01-15,-0.011589499925968028,0.0001343165085340129,0.07000000000000028,-0.030000000000000027,0.02054670542923631,0.1700000000000017,0.12003064291619125
2020-01-16,-0.01158815691670867,0.00013428538072626298,0.02999999999999936,-0.030000000000000027,-0.143884285108431,-0.480000000000004,0.05789430316367472
2020-01-17,0.01158815691670867,0.00013428538072626298,-0.09999999999999964,0.020000000000000018,0.09251744322620326,0.6600000000000037,0.6952089672815909
2020-01-21,-0.01158815691670867,0.00013428538072626298,-0.22000000000000064,0.030000000000000027,0.2975438660310026,0.02999999999999403,0.47612555196661077
2020-01-22,-0.011586814218311758,0.00013425426372967153,0.75,-0.06000000000000005,-0.08199429720923135,-0.29999999999999716,0.754075408491417
2020-01-23,0.0,0.0,0.0600000000000005,-0.010000000000000009,0.0,-1.490000000000002,0.5147066468950356
2020-01-24,0.0,0.0,0.07000000000000028,-0.030000000000000027,0.16392141884713496,-1.25,0.0
2020-01-27,0.0,0.0,1.58,-0.040000000000000036,0.1636453591809861,-1.4199999999999946,0.0
2020-01-28,0.0,0.0,3.67,-0.08999999999999986,0.112354449001284,-1.0,0.0
2020-01-29,0.0,0.0,-1.9499999999999993,0.039999999999999813,0.06122824959291506,0.23999999999999488,0.0
2020-01-30,0.05794750118699454,0.003357912893816734,0.10999999999999943,-0.04999999999999982,-0.030609438673323552,-0.03999999999999915,0.0
2020-01-31,0.17404425116218647,0.030291401362606246,-0.9000000000000004,-0.030000000000000027,-0.1225315345930511,-1.1000000000000014,-3.268291550044289
2020-02-03,0.1510837639939311,0.022826303742573866,3.3499999999999996,-0.06000000000000005,-0.49165657952805475,-0.6099999999999994,-2.4218038376369933
2020-02-04,-0.08138115894134046,0.006622893030635718,-0.870000000000001,0.030000000000000027,0.4201078538817349,-1.519999999999996,-0.9095066877836011
2020-02-05,-0.08131498386134695,0.006612126600371114,-1.9199999999999982,0.07000000000000006,0.16346144931977946,-0.46999999999999886,0.1023029008636378
2020-02-06,0.0,0.0,-0.9000000000000004,0.04999999999999982,0.3159535475989017,1.279999999999994,-0.34285747871782846
2020-02-07,0.05807538347788466,0.0033727501661033584,-0.1899999999999995,-0.010000000000000009,0.2337789964017567,0.07000000000000028,1.354843862426769
2020-02-10,0.11625204750309592,0.013514538548662072,0.5099999999999998,-0.05999999999999983,0.18257465756930102,-0.5999999999999943,0.23519531511926317
2020-02-11,-0.08139062131764518,0.006624433238472319,-0.4300000000000015,-0.030000000000000027,0.15189261616725958,-0.75,-1.0708204998866044
2020-02-12,0.04650081460209066,0.0021623257586580076,0.14000000000000057,0.030000000000000027,-0.11136483930238583,0.4099999999999966,0.42243013391392026
2020-02-13,-0.05812264040407911,0.003378241327541889,-1.4399999999999995,0.030000000000000027,0.33372314324502383,1.1300000000000026,0.32152136011047716
2020-02-14,0.023245002429206352,0.0005403301379338092,0.41000000000000014,-0.010000000000000009,0.020186394969812227,0.27999999999999403,0.059704040325225805
2020-02-18,-0.011623176627217902,0.00013509823490750453,-0.47000000000000064,-0.020000000000000018,0.05045971260191351,0.6200000000000045,-0.08423567292172862
2020-02-19,-0.05809562703351645,0.0033751018804174474,1.1500000000000004,-0.040000000000000036,0.34242790510594645,0.07000000000000028,-1.0207124182305627
2020-02-20,0.034853325941064384,0.0012147543291540716,-0.4499999999999993,0.010000000000000009,0.14066051888717013,1.2100000000000009,0.08940642275110378
2020-02-21,0.023242301092452067,0.0005402045600721985,1.1799999999999997,-0.040000000000000036,0.27072184861323123,0.46000000000000085,1.003816901950394
2020-02-24,0.02324770439390278,0.0005404557595862866,1.5199999999999978,-0.06000000000000005,-0.6126676075757231,-0.4100000000000037,-0.5386872936075981
2020-02-25,0.0930449008739842,0.008657353578649546,7.950000000000003,-0.08000000000000007,0.030217858538517106,-2.0,-3.2402653965387884
2020-02-26,-0.11629260526788698,0.013523970039992575,2.8200000000000003,-0.04999999999999982,-0.32280840235721087,-1.5799999999999983,0.698289112722339
2020-02-27,0.0,0.0,-0.2900000000000027,0.0,0.030306389191814276,-1.1099999999999994,-1.5174966107895038
2020-02-28,0.0,0.0,11.599999999999998,-0.030000000000000027,-0.5672599810777612,-1.5,0.2752995759060184
2020-03-02,0.0,0.0,0.9500000000000028,-0.17000000000000015,-0.31541480946293277,-2.3400000000000034,-1.8252473722117912
2020-03-03,-0.10454784015543339,0.01093025088116605,-6.689999999999998,-0.029999999999999805,-0.7877647280893463,1.9500000000000028,0.25359174020787023
2020-03-04,-0.04643064505920336,0.002155804800613725,3.3999999999999986,-0.08000000000000007,-0.21592634184184334,0.490000000000002,0.6963251499367829
2020-03-05,0.023212627773716576,0.0005388260881611182,-4.830000000000002,0.0,0.19537752536020747,-0.490000000000002,-0.13932743071185527
2020-03-06,-0.023212627773716576,0.0005388260881611182,7.629999999999999,-0.09999999999999998,-0.535638542391581,-0.8800000000000026,0.44203181898856414
2020-03-09,-0.1391627268541029,0.019366264545469657,2.3200000000000003,-0.18000000000000005,-0.9026390711557752,-4.759999999999998,-0.20955323538913717
2020-03-10,0.0,0.0,12.520000000000003,-0.19999999999999996,-1.1003468953308726,-10.09,-6.481975365588699
2020-03-11,0.0,0.0,-7.160000000000004,0.21999999999999997,1.5786246966343676,3.419999999999998,0.2402884616309997
2020-03-12,0.0927536298382492,0.008603235848170951,6.600000000000001,0.05999999999999994,0.10366833928197039,-1.3399999999999963,-3.172173671367595
2020-03-13,0.0696217247895703,0.0048471845626746664,21.57,0.06000000000000005,0.9897998819149656,-1.5700000000000038,-5.328351278339394
2020-03-16,0.05805515402528272,0.0033704009088993004,-17.64,0.05999999999999994,1.3046752908227432,0.16000000000000014,-0.9758214112150831
2020-03-17,0.058088877613649004,0.0033743177024134923,24.86,-0.20999999999999996,-0.6706016539184567,-2.759999999999998,-1.8442005408624063
2020-03-18,0.18611148794160925,0.034637485943839766,-6.780000000000001,0.29000000000000004,1.5075972359765544,-2.0,-0.2785144137209983
2020-03-19,0.5135998216532656,0.2637847768022662,0.5400000000000063,0.15999999999999992,1.5742098401111626,-6.48,0.2517678638664478
2020-03-20,0.24606023311832814,0.06054563832224599,-4.450000000000003,-0.05999999999999983,1.5692735027299953,4.609999999999999,-2.94809624013892
2020-03-23,0.3525682345291159,0.12430435999897767,-5.959999999999994,-0.20000000000000007,0.058369062907637215,-5.609999999999999,-2.258275076164029
2020-03-24,0.1885458960634523,0.035549554922370157,-4.450000000000003,-0.16000000000000003,-0.32146716591352487,3.849999999999998,-6.270945175883558
2020-03-25,0.07079646313403742,0.00501213919228912,0.0799999999999983,0.07999999999999996,-0.7344693602504115,-2.299999999999997,-1.113301587785287
2020-03-26,0.12992383567418386,0.01688020307629233,2.280000000000001,0.040000000000000036,-0.6805044347558464,-0.28000000000000114,4.6011702427151135
2020-03-27,-0.04726456427359693,0.0022339390359729754,-2.950000000000003,-0.050000000000000044,-1.6262191800943349,-4.149999999999999,0.5720657584254774
2020-03-30,0.0709052263221821,0.005027551119799865,4.540000000000006,-0.10999999999999999,-1.0617374803561397,-1.120000000000001,0.26613551208516384
2020-03-31,-0.10633899507421773,0.011307981873394504,-8.460000000000008,-0.020000000000000018,0.8200476692379333,-1.3800000000000008,-4.977763543944569
2020-04-01,-0.09442871334339742,0.008916781903689521,-3.539999999999999,0.0,-0.1311580183141814,6.410000000000002,0.04076117780753563
2020-04-02,0.0,0.0,3.520000000000003,-0.07999999999999996,0.6239906653357608,-0.23000000000000043,2.636513642160754
2020-04-03,-0.1179106374079808,0.01390291841395632,-6.150000000000006,0.010000000000000009,0.5103860367552393,4.899999999999999,0.0
2020-04-06,-0.4937120643354831,0.2437516024704042,-4.109999999999999,-0.010000000000000009,0.39848779730311534,3.1799999999999997,3.1217486873506672
2020-04-07,0.023454908046893763,0.0005501327114882419,-1.5599999999999952,0.050000000000000044,0.10930652255067841,-2.1499999999999986,4.860015846868926
2020-04-08,0.47025715628858933,0.22114179304063072,1.4600000000000009,0.07999999999999996,-0.7076314612808332,-2.6700000000000017,1.3401484074901049
2020-04-09,-0.3294120625827901,0.10851230697504802,-3.3500000000000014,0.020000000000000018,0.13992944349991987,1.4299999999999997,0.177960989223358
2020-04-13,-0.2346317359847916,0.05505205153123695,-1.6799999999999997,-0.040000000000000036,-0.6010898736851011,-2.0700000000000003,1.6322833979643292
2020-04-14,0.17592217051056735,0.030948610077149136,-0.5,0.030000000000000027,-0.17096416204172016,-0.5399999999999991,0.7155431153603509
2020-04-15,-0.14076248658536628,0.01981407762969542,-3.4100000000000037,0.0,-0.46408385293315035,-2.210000000000001,0.21132280235764966
2020-04-16,0.03517205030689752,0.0012370731227909298,3.0800000000000054,-0.13,0.5747428971737634,-0.18999999999999773,1.2702241832380778
2020-04-17,-0.10547906046820543,0.011125832197255337,-0.730000000000004,-0.020000000000000018,0.5714584712107396,-0.14000000000000057,0.4467502552103042
2020-04-20,0.10547906046820543,0.011125832197255337,-1.9600000000000009,0.040000000000000036,-0.25023785947739796,-1.5100000000000016,1.1335534993026641
2020-04-21,0.0469153187117044,0.002201047129820801,5.68,-0.020000000000000018,0.1802346608869243,-55.28999999999999,0.6777889973988316
2020-04-22,0.0821548077427181,0.006749412435242975,1.5799999999999983,-0.050000000000000044,0.29967363344498565,45.89,-3.602620344141183
2020-04-23,0.023485204429185558,0.0005515548270806369,-3.4299999999999997,0.050000000000000044,0.1295761481366675,4.73,0.2708758232810915
2020-04-24,0.10575172832094637,0.01118342804286725,-0.5999999999999943,-0.020000000000000018,0.039837582030788354,1.42,0.646865487436532
2020-04-27,-0.22312263381376596,0.049783709719991895,-5.450000000000003,-0.010000000000000009,-0.04980135789969253,0.9299999999999997,0.3547086404783961
2020-04-28,-0.0469098167393156,0.002200530906516174,-2.6400000000000006,0.07000000000000006,-0.3392841703910854,-3.8200000000000003,-0.7612658982996123
2020-04-29,-0.08203926624794633,0.0067304412065014255,0.28000000000000114,-0.050000000000000044,-0.17007474044152815,0.23000000000000043,-0.46294572856870886
2020-04-30,0.0,0.0,-2.34,0.010000000000000009,-0.3008456421559558,2.639999999999999,0.2473444293729976
2020-05-01,0.0,0.0,2.919999999999998,0.010000000000000009,-0.5539095303351615,4.190000000000001,0.0
2020-05-04,0.08203926624794633,0.0067304412065014255,3.039999999999999,0.0,-0.22241803896463352,0.48999999999999844,0.0
2020-05-05,-0.10546669987974155,0.011123224783523478,-1.2199999999999989,0.0,0.6859017037953663,0.75,-0.8670838743589648
2020-05-06,0.011713030760063248,0.0001371950895861878,-2.3599999999999994,0.020000000000000018,0.23093109787888366,4.09,0.2214027878862268
2020-05-07,0.011714402871731977,0.00013722723464124238,0.509999999999998,0.05999999999999994,0.3803780983961502,-0.6799999999999997,2.383174045079084
2020-05-08,-0.21064958052647853,0.04437324577598136,-2.679999999999996,-0.08999999999999997,-0.20001702089409434,-0.1999999999999993,1.766841602545366
2020-05-11,-0.22187198919016993,0.04922717958720288,-3.460000000000001,0.05999999999999994,-0.16030063598266864,1.0500000000000007,2.1351267847408373
2020-05-12,0.03499970869302871,0.0012249796085968693,-0.41000000000000014,0.040000000000000036,0.5100721202659919,-0.7100000000000009,1.7783010061871884
2020-05-13,0.04668534165102045,0.002179521125072505,5.469999999999999,-0.040000000000000036,-0.30973453490608094,1.740000000000002,0.8403259258922269
2020-05-14,0.12849718490208772,0.016511526527761323,2.240000000000002,-0.04999999999999993,0.30973453490608094,-0.39000000000000057,-0.13297157446148233
2020-05-15,-0.0701098416190149,0.0049153898918433536,-2.6700000000000017,-0.010000000000000009,0.22918983474946586,2.0299999999999976,-0.21720747044815525
2020-05-18,-0.08173273850999863,0.006680240544343813,-0.7199999999999989,0.010000000000000009,-0.06969651685233558,2.0400000000000027,-0.6472124458450246
2020-05-19,-0.16326534238846335,0.026655572025222167,-2.59,0.08999999999999997,-0.7297511847433213,2.389999999999997,1.1995047788379232
2020-05-20,-0.12809317617534788,0.016407861782688708,1.2300000000000004,-0.030000000000000027,-0.30144257249693496,0.46999999999999886,1.0588774637732001
2020-05-21,0.023277467516713557,0.0005418404939916548,-2.5400000000000027,-0.019999999999999907,-0.25190198526710006,1.2600000000000051,0.8229239473140915
2020-05-22,-0.0349141696885269,0.0012189992450392503,1.5400000000000027,0.0,0.25190198526710006,0.7399999999999949,1.1447748062664687
2020-05-26,0.2913245665823183,0.08487000309437562,-1.370000000000001,-0.020000000000000018,0.49189263013120765,-0.8099999999999952,-1.1647085559293835
2020-05-27,-0.0466690009638171,0.0021779956509607613,-0.14999999999999858,0.029999999999999916,-0.9558828408124498,1.2100000000000009,1.9038016851394168
2020-05-28,-0.06996268942085493,0.004894777910999007,-0.39000000000000057,-0.009999999999999898,0.1515319737948495,-1.9000000000000057,-1.3494856162110658
2020-05-29,-0.11649581932591246,0.01357127592041564,0.9699999999999989,0.019999999999999907,-0.6888199065259393,0.8700000000000045,0.4549508391098911
2020-06-01,-0.0814663996177245,0.006636774266674784,-1.0799999999999983,-0.04999999999999993,-0.04066787045733378,1.8999999999999986,0.3569238837212829
2020-06-02,-0.03489386484947232,0.0012175818041332402,0.7199999999999989,0.010000000000000009,-0.5199527558490402,-0.0799999999999983,1.6292798192552915
2020-06-03,0.023261223645221207,0.0005410845254729982,-1.3900000000000006,0.020000000000000018,-0.16368664740111782,1.3900000000000006,-0.44141117711866684
2020-06-04,0.023266635749408238,0.0005413363390956414,-1.1799999999999997,0.08999999999999997,-0.4001025042514428,0.44999999999999574,0.7255281061254948
2020-06-05,-0.03489792392770141,0.0012178650944636349,0.14999999999999858,0.04999999999999993,-0.618684667767333,0.09000000000000341,0.3093364203033744
2020-06-08,-0.011629935466928032,0.00013525539896491054,-1.2899999999999991,0.09000000000000008,0.268569661010698,2.0700000000000003,0.26212927128419494
2020-06-09,-0.20910788288706073,0.043726106685508706,1.2899999999999991,-0.030000000000000027,-0.3306468049043332,-1.3200000000000003,1.5340643704826462
2020-06-10,-0.034808841797229206,0.001211655467264531,1.7600000000000016,-0.040000000000000036,-0.31098091607431044,0.8099999999999952,-0.05446411338674295
2020-06-11,0.06962980436817645,0.004848309656350525,0.0,-0.08999999999999997,-0.3744549961382404,0.5600000000000023,0.06335339736081025
2020-06-12,-0.034820962570947245,0.001212499434367309,13.219999999999999,-0.08999999999999997,0.7992198467841938,-3.1099999999999994,-3.692911864059578
2020-06-15,0.06965405436005767,0.004851687288793869,-4.699999999999996,0.04999999999999993,0.6080887880907326,-0.18999999999999773,-0.44485858133826994
2020-06-16,-0.034833091789110426,0.0012133442835885922,-1.6900000000000048,0.0,-0.6597955787687404,0.8299999999999983,-3.6619873701082994
2020-06-17,-0.08123005958680096,0.006598322580475235,-0.7299999999999969,0.040000000000000036,0.2891953886846821,1.1899999999999977,2.8025048600418323
2020-06-18,0.0696217247895703,0.0048471845626746664,-0.20000000000000284,-0.010000000000000009,0.2060628946820131,-0.3500000000000014,-0.19759501801939194
2020-06-19,0.034829047777584776,0.0012130625690932831,-0.5300000000000011,-0.030000000000000027,0.26723677574223004,0.8800000000000026,0.09709249699696443
2020-06-22,-0.034829047777584776,0.0012130625690932831,2.1799999999999997,-0.010000000000000009,0.2050909011518165,0.9299999999999997,1.5419459364153454
2020-06-23,0.011608334797230668,0.00013475343676459638,-3.349999999999998,0.010000000000000009,-0.5959144524114279,0.8800000000000026,0.3126726843833971
2020-06-24,-0.04642525617271076,0.0021553044107018187,-0.3999999999999986,0.010000000000000009,-0.3613264325043275,-0.20000000000000284,-0.35412919019375266
2020-06-25,0.02320993395592552,0.0005387010342384245,2.4700000000000024,-0.030000000000000027,0.47461817845837473,-2.490000000000002,-0.9826979788106982
2020-06-26,0.0,0.0,-1.6200000000000045,-0.009999999999999898,0.2877983039636156,0.75,-0.5973301316686275
2020-06-29,-0.034812881117396444,0.001211936691693978,2.509999999999998,-0.040000000000000036,0.07182034342942956,-0.12999999999999545,-0.3058769385311244
2020-06-30,0.011602947161470922,0.00013462838283188615,-2.9499999999999957,0.0,0.04101816642787526,1.1400000000000006,-2.690873336053201
2020-07-01,0.0,0.0,-1.3500000000000014,0.020000000000000018,-0.1539029962058791,-0.3999999999999986,-0.5137608234941027
2020-07-02,0.0,0.0,-1.8099999999999987,0.029999999999999916,-0.19528496363134806,0.6099999999999994,2.203133577127936
2020-07-06,-0.011602947161470922,0.00013462838283188615,-0.9400000000000013,-0.009999999999999898,0.12338347098168612,0.6899999999999977,-0.13168277036763598
2020-07-07,-0.011601601033994768,0.00013459714655198848,0.26000000000000156,0.009999999999999898,-0.5460822159623291,-0.060000000000002274,2.204909874560901
2020-07-08,-0.04639294910404601,0.0021523057265706034,1.4899999999999984,-0.039999999999999925,0.09293782745833923,0.0800000000000054,0.26209294943848604
2020-07-09,-0.011594875078202449,0.00013444112807912024,-1.3500000000000014,0.020000000000000018,-0.4655711207452562,0.3199999999999932,0.12500580358327795
2020-07-10,-0.02318571770167921,0.0005375775053419607,1.1800000000000033,-0.050000000000000044,0.2796011213190397,-1.269999999999996,1.3739762144106216
2020-07-13,0.0,0.0,-1.9700000000000024,0.030000000000000027,-0.05171494582070224,0.9200000000000017,-0.6008017294008461
2020-07-14,0.011592186879028077,0.0001343787966383107,4.899999999999999,-0.010000000000000009,-0.19678162924536835,-0.5,-0.28621860647985997
2020-07-15,0.0,0.0,-2.669999999999998,-0.010000000000000009,-0.20755190823020797,0.23999999999999488,-0.07024291670241212
2020-07-16,0.011593530822651132,0.00013440995693576185,-1.759999999999998,0.010000000000000009,-0.18716892379275762,0.9000000000000057,0.20713232800044779
2020-07-17,0.02319109472370684,0.0005378268744839432,0.23999999999999844,-0.020000000000000018,0.2806182194209583,-0.46000000000000085,0.7923372915262128
2020-07-20,-0.011596219645504391,0.000134472310066782,-2.3200000000000003,0.020000000000000018,-0.42643575024046143,-0.19000000000000483,-0.550077151111239
2020-07-21,-0.03478059277988166,0.001209689634119956,-1.2199999999999989,-0.020000000000000018,-0.11472140581449963,0.28000000000000114,-1.22533868057646
2020-07-22,0.02318571770167921,0.0005375775053419607,0.379999999999999,-0.010000000000000009,-0.7436526205549576,0.9299999999999997,0.03366045914470206
2020-07-23,-0.02318571770167921,0.0005375775053419607,-0.5199999999999996,-0.010000000000000009,-0.15782161490163205,0.12000000000000455,-0.7700545400377123
2020-07-24,0.0,0.0,1.759999999999998,-0.010000000000000009,-0.2952641329870609,-0.8900000000000006,0.19511289436380252
2020-07-27,0.011592186879028077,0.0001343787966383107,-0.23999999999999844,0.0,-0.2643685709843524,0.23999999999999488,-3.2733020623407327
2020-07-28,-0.011592186879028077,0.0001343787966383107,-1.1000000000000014,0.030000000000000027,-0.8186790395604326,0.23000000000000398,-5.451288528519083
2020-07-29,0.0,0.0,0.7000000000000028,-0.030000000000000027,0.09604009396229074,-0.5700000000000003,3.52735611207855
2020-07-30,-0.011590843246978011,0.00013434764717601576,-1.3399999999999999,-0.010000000000000009,-0.5347034326375066,0.240000000000002,-2.8078144260225812
2020-07-31,0.011590843246978011,0.00013434764717601576,0.6600000000000001,-0.029999999999999916,-0.2576826578704505,-1.2800000000000011,1.2927559321514792
2020-08-03,-0.011590843246978011,0.00013434764717601576,-0.3000000000000007,0.0,0.5039968145744034,0.25,-0.3426031159479592
2020-08-04,0.0,0.0,-0.17999999999999972,0.010000000000000009,0.010698044124612949,0.7299999999999969,2.016137328024925
2020-08-05,-0.011589499925968028,0.0001343165085340129,-0.5199999999999996,-0.040000000000000036,-0.1284276164809306,0.8400000000000034,1.573512266955568
2020-08-06,0.0,0.0,-0.7700000000000031,0.030000000000000027,-0.5907276993174726,0.5799999999999983,1.2285712694414919
2020-08-07,0.0,0.0,-0.33999999999999986,0.0,-0.04309979049095247,-0.3200000000000003,0.2670101238292588
2020-08-10,0.011589499925968028,0.0001343165085340129,-0.4399999999999977,0.019999999999999907,0.6980659976232317,-0.7700000000000031,0.168896858466816
2020-08-11,-0.011589499925968028,0.0001343165085340129,-0.08000000000000185,0.020000000000000018,0.14971597968207462,0.7800000000000011,0.20656994512027183
2020-08-12,0.011589499925968028,0.0001343165085340129,1.9000000000000021,0.050000000000000044,0.053411061157326856,-0.4099999999999966,-0.014232511825174043
2020-08-13,-0.011589499925968028,0.0001343165085340129,-1.75,0.04999999999999993,-0.20312704083940147,1.0700000000000003,0.45443865188889987
2020-08-14,0.0,0.0,-0.15000000000000213,0.020000000000000018,-0.1070843920395248,-0.3400000000000034,0.955370757132723
2020-08-17,0.0,0.0,-0.0799999999999983,0.0,-0.2574533394240852,-0.21000000000000085,-0.5053387781541296
2020-08-18,0.0,0.0,-0.6999999999999993,-0.020000000000000018,-0.2688896528435514,0.8400000000000034,-0.06937544740264201
2020-08-19,0.0,0.0,0.16000000000000014,-0.019999999999999907,-0.6266246156081401,0.0,-0.43852997931876914
2020-08-20,0.0,0.0,1.0299999999999976,0.010000000000000009,0.6696965619910067,0.01999999999999602,0.5631361928364775
2020-08-21,0.011589499925968028,0.0001343165085340129,0.17999999999999972,-0.030000000000000027,-0.10771055969893695,-0.28999999999999915,-0.353061999543236
2020-08-24,0.0,0.0,-0.17999999999999972,-0.010000000000000009,0.4945173292177252,-0.29999999999999716,0.7715879242117474
2020-08-25,-0.023177656842676697,0.0005372037767168779,-0.16999999999999815,0.010000000000000009,0.053608203845900704,0.11999999999999744,1.6130692207693365
2020-08-26,0.01158815691670867,0.00013428538072626298,-0.33999999999999986,0.039999999999999925,-0.30056528547328654,0.730000000000004,0.6242847908900728
2020-08-27,0.0,0.0,1.2399999999999984,0.0,-0.010745048552518455,0.03999999999999915,-0.0743881608356034
2020-08-28,0.0,0.0,1.1999999999999993,0.050000000000000044,0.0,-0.3299999999999983,0.14186184580031735
2020-08-31,0.0,0.0,-1.509999999999998,0.0,-0.6904756883040264,0.0799999999999983,0.486974144616692
2020-09-01,0.0,0.0,3.4499999999999993,-0.020000000000000018,-0.24931274554909066,-0.3500000000000014,0.3033007556167533
2020-09-02,0.0,0.0,-0.28999999999999915,-0.039999999999999925,0.21682245362759645,0.14999999999999858,1.1368244323076482
2020-09-03,0.0,0.0,0.4499999999999993,-0.020000000000000018,0.5507893945037701,0.0,0.0
2020-09-04,0.02318034317294604,0.000537328309615546,7.030000000000001,-0.030000000000000027,-0.11854154362120894,-1.3699999999999974,1.3632777823796793
2020-09-08,-0.011590843246978011,0.00013434764717601576,-2.8500000000000014,0.08999999999999997,-0.02156437317220039,-1.7000000000000028,-0.2691761848153895
2020-09-09,0.0,0.0,0.7100000000000009,-0.030000000000000027,0.8163333384396232,-2.8200000000000003,-1.2725658426558262
2020-09-10,0.0,0.0,-2.650000000000002,0.020000000000000018,-0.23562312950149433,1.1799999999999997,-0.09216279748258671
2020-09-11,-0.011589499925968028,0.0001343165085340129,0.9000000000000021,-0.029999999999999916,0.08573870012291707,-0.7999999999999972,-0.05623854287941654
2020-09-14,0.011589499925968028,0.0001343165085340129,-2.84,-0.010000000000000009,-0.010708209078647002,0.0799999999999983,0.016874884025153136
2020-09-15,0.0,0.0,-1.0199999999999996,0.010000000000000009,-0.27897242781715903,-0.10000000000000142,0.6279666733150613
2020-09-16,0.011590843246978011,0.00013434764717601576,-0.26000000000000156,0.0,-0.021487903340045023,1.0600000000000023,0.1887393556824435
2020-09-17,0.0,0.0,0.4499999999999993,0.009999999999999898,0.17179863656382466,1.8800000000000026,0.1349144167222427
2020-09-18,0.0,0.0,0.4200000000000017,0.0,-0.2578128653023093,0.8200000000000003,-0.3829176718028293
2020-09-21,-0.011590843246978011,0.00013434764717601576,-0.6300000000000026,0.010000000000000009,-0.04303487446621901,0.10000000000000142,0.7699245270928579
2020-09-22,0.011590843246978011,0.00013434764717601576,1.9500000000000028,-0.019999999999999907,0.6542637232110238,-1.8300000000000054,0.7728534949983157
2020-09-23,0.02318571770167921,0.0005375775053419607,-0.9200000000000017,0.0,0.479920881864615,0.28999999999999915,-0.19293000422466733
2020-09-24,0.0,0.0,1.7199999999999989,0.0,0.4246757966643422,0.37000000000000455,0.6939088376086922
2020-09-25,0.02319109472370684,0.0005378268744839432,-0.06999999999999673,-0.010000000000000009,-0.04238732285575253,0.18999999999999773,-0.43051442600274825
2020-09-28,-0.011596219645504391,0.000134472310066782,-2.1300000000000026,-0.010000000000000009,0.2434800933558634,-0.04999999999999716,-0.03412499689110504
2020-09-29,0.011596219645504391,0.000134472310066782,-0.18999999999999773,0.010000000000000009,-0.33891124168246023,0.4099999999999966,0.4646394228938533
2020-09-30,-0.03478462554635797,0.0012099701744003398,0.0799999999999983,-0.010000000000000009,-0.3933066389008921,-1.4399999999999977,-0.9380849203012076
2020-10-01,0.02318840590085358,0.0005377021682227412,0.10000000000000142,0.029999999999999916,0.0,1.019999999999996,0.1359724727096001
2020-10-02,0.011596219645504391,0.000134472310066782,0.3299999999999983,-0.009999999999999898,-0.19189804038077796,-1.5399999999999991,0.9762073897072732
2020-10-05,0.05800127765400731,0.0033641482094972476,0.9299999999999997,0.019999999999999907,0.13862679542446799,-1.6099999999999994,-0.45833413568452386
2020-10-06,0.011604293601763516,0.00013465962999592966,0.33000000000000185,0.08000000000000007,-0.3522760027887095,2.219999999999999,0.5228583809936183
2020-10-07,-0.011604293601763516,0.00013465962999592966,1.5199999999999996,-0.020000000000000018,0.34162485242585916,1.4000000000000057,0.10817604245545454
2020-10-08,-0.05800127765400731,0.0033641482094972476,-1.4200000000000017,0.050000000000000044,-0.2133838200180982,-0.7000000000000028,0.4413238138351261
2020-10-09,-0.03478462554635797,0.0012099701744003398,-1.6999999999999993,-0.030000000000000027,-0.021359371256757242,1.2199999999999989,-0.09572709807672553
2020-10-12,-0.023183030126006088,0.0005374528858233059,-1.3599999999999994,0.010000000000000009,-0.5892801722058749,-0.6000000000000014,0.5600066728651321
2020-10-13,0.0,0.0,0.07000000000000028,0.0,0.010747473687899856,-1.2199999999999989,0.19785608374744967
2020-10-14,0.0,0.0,1.0,-0.050000000000000044,0.4930332476371646,0.8100000000000023,0.4343404701807607
2020-10-15,0.011590843246978011,0.00013434764717601576,0.3299999999999983,-0.010000000000000009,-0.16050672651664044,0.8299999999999983,1.103730911303824
2020-10-16,-0.011590843246978011,0.00013434764717601576,0.5700000000000003,0.010000000000000009,0.5127156739225924,-0.01999999999999602,0.27403970541826084
2020-10-19,0.0,0.0,0.4400000000000013,0.020000000000000018,-0.19195943219552092,-0.14000000000000057,0.057262230762056276
2020-10-20,0.0,0.0,1.7699999999999996,0.020000000000000018,-0.26722264758811676,-0.010000000000005116,0.04133567274369199
2020-10-21,0.0,0.0,0.1700000000000017,0.030000000000000027,-0.3860601152594789,0.6799999999999997,0.07732600710488313
2020-10-22,0.0,0.0,-0.7000000000000028,0.019999999999999907,-0.4954761145891773,-1.4899999999999949,-0.5723554874595749
2020-10-23,0.0,0.0,-0.5399999999999991,0.040000000000000036,0.3664547562465259,0.5799999999999983,1.150928831643938
2020-10-26,0.0,0.0,-0.5599999999999987,-0.020000000000000018,-0.1938405855572256,-0.730000000000004,1.1888207990541133
2020-10-27,0.0,0.0,4.91,-0.039999999999999925,0.30137404055983197,-1.3399999999999963,-1.0941188400638957
2020-10-28,0.0,0.0,0.8900000000000006,-0.020000000000000018,-0.1182865959767021,0.9500000000000028,-0.4564461060058811
2020-10-29,0.011590843246978011,0.00013434764717601576,6.93,0.0,0.5044295163979307,-2.0700000000000003,-2.722495082775378
2020-10-30,0.0,0.0,-2.6899999999999977,0.05999999999999994,0.5870704957474437,-1.3300000000000054,-0.21411538887239345
2020-11-02,-0.011590843246978011,0.00013434764717601576,0.4299999999999997,0.030000000000000027,0.08510833604651324,-0.29999999999999716,0.6928546867816188
2020-11-03,0.0,0.0,-0.8900000000000006,-0.010000000000000009,0.0106354787908991,0.9600000000000009,0.8832050526779156
2020-11-04,0.0,0.0,-1.5800000000000054,0.030000000000000027,-0.533050285351333,0.8399999999999963,0.18511687441851166
2020-11-05,0.0,0.0,-5.979999999999997,-0.12,-0.14976402523352306,1.5300000000000011,0.4639587667347733
2020-11-06,0.0,0.0,-1.990000000000002,0.010000000000000009,-0.9465542021011686,-0.4099999999999966,-0.2141134553633961
2020-11-09,0.011590843246978011,0.00013434764717601576,-2.719999999999999,0.039999999999999925,-0.32474094233849726,-1.5900000000000034,0.05756807050101287
2020-11-10,-0.02318034317294604,0.000537328309615546,0.8900000000000006,0.13,0.5406587368252502,3.0799999999999983,1.449546086750786
2020-11-11,0.011589499925968028,0.0001343165085340129,-0.9499999999999993,0.020000000000000018,0.02156204742496115,1.1300000000000026,-0.009454327725499923
2020-11-12,0.0,0.0,-1.3500000000000014,0.0,0.31218165630129135,0.04999999999999716,0.03361132733363803
2020-11-13,0.0,0.0,1.9000000000000021,-0.09999999999999998,-0.08602347955717349,-0.3299999999999983,0.7386902540581275
2020-11-16,0.0,0.0,-2.25,0.010000000000000009,-0.21537478380029285,-0.9699999999999989,0.7280993127561253
2020-11-17,-0.05793407264746975,0.003356356773522302,-0.6500000000000021,0.020000000000000018,-0.20504236345653126,1.2100000000000009,-1.617077822699109
2020-11-18,0.011584129755171091,0.00013419206218464024,0.26000000000000156,-0.040000000000000036,-0.16217261526172422,0.10000000000000142,1.8868189419210424
2020-11-19,0.04634994289229866,0.0021483172061193467,1.129999999999999,0.010000000000000009,-0.10825861756407207,0.3999999999999986,0.4767233587459785
2020-11-20,0.0,0.0,-0.7300000000000004,-0.020000000000000018,-0.03249962565599063,-0.07000000000000028,0.9944940635203459
2020-11-23,0.0,0.0,0.5899999999999999,-0.030000000000000027,0.1082937878803314,0.4200000000000017,0.68313615150144
2020-11-24,-0.11583460115982547,0.01341765482585584,-1.0399999999999991,0.030000000000000027,0.1298028798711215,0.9199999999999946,0.42233921429888355
2020-11-25,0.06948465826752681,0.004828117734554982,-1.0199999999999996,0.020000000000000018,-0.3031276230071711,1.8000000000000043,0.15779294210975792
2020-11-27,-0.023166917745243154,0.0005367060778148622,-0.39000000000000057,0.0,-0.2605641378397472,0.8699999999999974,0.41890124893431135
2020-11-30,-0.08104197259761747,0.0065678013225129814,-0.41000000000000014,-0.040000000000000036,-0.21764830614934283,0.0,1.0228130715698391
2020-12-01,-0.057846938617700516,0.0033462683074400113,-0.2699999999999996,0.0,0.08711949746214032,-0.37999999999999545,-0.709286239869833
2020-12-02,0.0,0.0,0.1999999999999993,0.08000000000000007,-0.6114280289080121,-0.6600000000000037,0.5755626117826651
2020-12-03,0.023134760079912553,0.0005352171239551154,0.40000000000000213,0.029999999999999916,-0.208293460929454,0.6899999999999977,0.5387544602800887
2020-12-04,-0.023134760079912553,0.0005352171239551154,0.10999999999999943,-0.029999999999999916,-0.45097547474490796,0.4200000000000017,0.5388092401362066
2020-12-07,0.0,0.0,-0.490000000000002,0.04999999999999993,-0.011027105958127947,0.5799999999999983,0.1655816063496296
2020-12-08,0.0,0.0,0.5100000000000016,-0.030000000000000027,0.09918339933090436,-0.509999999999998,0.8277038874880738
2020-12-09,0.0,0.0,-0.620000000000001,-0.019999999999999907,0.19806377850377643,-0.0799999999999983,-0.06992871441315884
2020-12-10,0.0,0.0,1.5899999999999999,0.029999999999999916,0.13181933008041824,-0.1600000000000037,0.9543727165023164
2020-12-11,0.0,0.0,0.25,-0.029999999999999916,-0.3298831085841947,1.2800000000000011,-0.7941917263124765
2020-12-14,-0.01156537328537155,0.0001337578592299859,0.7899999999999991,-0.020000000000000018,0.20905815716698584,-0.1699999999999946,1.4493216658684638
2020-12-15,0.0,0.0,1.4100000000000001,0.0,-0.29721445053976225,0.4299999999999997,1.7184849814638525
2020-12-16,0.0,0.0,-1.8299999999999983,0.020000000000000018,-0.26492770033934576,0.5599999999999952,-0.8323315452742897
2020-12-17,0.01156537328537155,0.0001337578592299859,-0.39000000000000057,0.0,-0.02211394289730606,0.28000000000000114,1.1044941848828316
2020-12-18,-0.023129409146704916,0.0005349695674756771,-0.5700000000000003,0.019999999999999907,-0.6989513839627648,0.480000000000004,-1.436714097093983
2020-12-21,0.023129409146704916,0.0005349695674756771,-0.35999999999999943,0.010000000000000009,0.22241663118558463,0.6999999999999957,1.4807535459071985
2020-12-22,0.0,0.0,3.59,0.0,0.022219563272773968,-1.25,1.2678546776609068
2020-12-23,0.023134760079912553,0.0005352171239551154,-0.9299999999999997,-0.019999999999999907,0.6751927826962323,-0.769999999999996,0.21898527136166024
2020-12-24,0.0,0.0,-0.9200000000000017,0.029999999999999916,-0.2651032778647533,0.9199999999999946,-0.42083906076708644
2020-12-28,0.0,0.0,-1.7799999999999976,-0.020000000000000018,-0.08852698223753563,0.240000000000002,-1.06038022670214
2020-12-29,-0.04626416922661747,0.002140373354229099,0.16999999999999815,0.0,0.011063825701551622,-0.6799999999999997,2.2058934600287294
2020-12-30,-0.150210901200154,0.02256331483936243,1.379999999999999,0.0,-0.36594906872426947,0.3500000000000014,0.7449300019693794
2020-12-31,-0.0346320349780882,0.0011993778467235246,-0.3099999999999987,-0.009999999999999898,-0.4230744276537912,0.39000000000000057,-0.17751241558361386
2021-01-04,0.0,0.0,-0.019999999999999574,0.0,0.345275376168086,0.10999999999999943,0.5750875525931676
2021-01-05,0.0346320349780882,0.0011993778467235246,4.219999999999999,0.0,-0.0667391728588207,-0.8800000000000026,1.492605284049553
2021-01-06,0.02309468832439876,0.0005333646288011204,-1.629999999999999,0.029999999999999916,-0.490738005543534,2.3100000000000023,1.072348737213158
2021-01-07,-0.06926807019063119,0.00479806554793421,-0.2699999999999996,0.08000000000000007,0.10057143081239062,0.6700000000000017,0.9368367460210081
2021-01-08,-0.046152071893246216,0.0021300137400393675,-2.6999999999999993,0.040000000000000036,0.3345264613175303,0.17999999999999972,1.1549460901848718
2021-01-11,-0.03460008107882828,0.0011971656106614908,-0.8100000000000023,0.04999999999999982,0.3001132054230027,1.509999999999998,0.9637882346511084
2021-01-12,0.023065390483978376,0.0005320122381784003,2.5199999999999996,0.020000000000000018,0.48716044407681736,0.00999999999999801,1.4622505054772361
2021-01-13,0.0,0.0,-0.75,0.0,-0.5426646608110097,0.9299999999999997,0.6217497113307324
2021-01-14,0.0,0.0,-1.1199999999999974,-0.04999999999999982,0.29938109510210253,-0.269999999999996,-0.5238982184580188
2021-01-15,0.0,0.0,1.0399999999999991,0.04999999999999982,-0.08861523855969722,0.6599999999999966,0.11375846515289112
2021-01-19,0.023070711833916846,0.0005322577445236307,1.0899999999999999,-0.039999999999999813,0.5966219504509596,-1.2199999999999989,0.571046227631733
2021-01-20,0.011537352190416073,0.00013311049556569854,-1.1000000000000014,-0.010000000000000009,-0.308913287561019,0.6199999999999974,-5.437430799677134
2021-01-21,-0.011537352190416073,0.00013311049556569854,-1.6600000000000001,0.0,-0.03315331753253048,0.28999999999999915,0.3248475721309596
2021-01-22,0.0,0.0,-0.259999999999998,0.020000000000000018,-0.37652754357981877,-0.1599999999999966,2.5692072552732093
2021-01-25,0.0,0.0,0.5899999999999999,-0.020000000000000018,0.12197219822240868,-0.7199999999999989,0.22050725583140363
2021-01-26,0.0,0.0,1.2800000000000011,-0.050000000000000044,0.16608709809151634,0.5,-0.06258493107749175
2021-01-27,0.0,0.0,-0.1700000000000017,0.0,-0.24368778527765755,-0.1700000000000017,-2.6003020132645105
2021-01-28,-0.04613610231789522,0.002128539937087297,14.190000000000001,-0.010000000000000009,0.5309196828380713,0.20000000000000284,-3.4884811141337124
2021-01-29,-0.04611482673375633,0.0021265772446843675,-7.0,0.030000000000000027,-0.20982001046014886,-0.5500000000000043,-6.90762062309469
2021-02-01,-0.01152538467241726,0.0001328344918471907,2.8800000000000026,0.040000000000000036,0.1325704413947193,-0.10000000000000142,3.1407738872172075
2021-02-02,-0.08064052046918846,0.006502893541541603,-2.850000000000005,-0.020000000000000018,0.4845767364374254,1.3900000000000006,-2.0171611045486593
2021-02-03,-0.0345403261738042,0.0011930341321927838,-4.68,0.030000000000000027,0.19756379108084587,1.220000000000006,3.791950436208591
2021-02-04,0.023025558471445606,0.0005301763429219605,-2.6499999999999986,0.029999999999999805,-0.087751433663108,0.8999999999999986,3.27079393593106
2021-02-05,-0.06906077622552687,0.0047693908128722965,-1.1400000000000006,0.0,0.44894247786446684,0.519999999999996,0.08095418435534185
2021-02-08,-0.09200690700801317,0.008465270937181184,-0.8999999999999986,0.040000000000000036,-0.5367793625701722,0.6099999999999994,1.314832929637788
2021-02-09,0.11502186683340909,0.013230029849842494,0.36999999999999744,0.0,-0.12089973403579535,1.1500000000000057,-3.9578214644164333
2021-02-10,0.0,0.0,0.39000000000000057,-0.010000000000000009,-0.5403308689452935,0.39000000000000057,2.8890463477775796
2021-02-11,0.0,0.0,0.35999999999999943,-0.030000000000000027,-0.07742900980352019,0.3499999999999943,0.0
2021-02-12,0.0,0.0,-0.7399999999999984,0.010000000000000009,0.05530773094148955,-0.46999999999999886,0.0
2021-02-16,0.0,0.0,-1.2800000000000011,0.040000000000000036,0.06634072933424662,1.2800000000000011,0.0
2021-02-17,0.0,0.0,1.490000000000002,0.10000000000000009,0.03314965319756169,0.5700000000000003,0.0
2021-02-18,0.011509466549064484,0.00013246782024403433,0.03999999999999915,-0.010000000000000009,0.4849505968666179,1.0200000000000031,3.5983818047724547
2021-02-19,0.011510791379620855,0.00013249831818515378,0.9899999999999984,0.0,-0.39660801537939605,-0.6900000000000048,1.5964908040365877
2021-02-22,0.011512116515177695,0.00013252882665902704,-0.4399999999999977,0.050000000000000044,-0.2542092901632209,-1.2800000000000011,-0.0749612451409476
2021-02-23,0.02302820965862651,0.0005302984400816592,1.3999999999999986,0.030000000000000027,-0.38808993522172486,2.5500000000000043,0.13114532609384
2021-02-24,-0.0345403261738042,0.0011930341321927838,-0.33999999999999986,0.0,0.17759582028693544,-0.010000000000005116,0.22102462370208187
2021-02-25,0.0345403261738042,0.0011930341321927838,-1.7699999999999996,0.009999999999999787,0.01109191718917657,1.5500000000000043,-1.336117156223171
2021-02-26,-0.04605111755342506,0.0021207054279193736,7.550000000000001,0.16000000000000014,-0.055463428225444034,0.21999999999999886,0.29388533852685583
2021-03-01,0.04605111755342506,0.0021207054279193736,-0.9400000000000013,-0.10000000000000009,0.8836940999225718,-1.8800000000000026,0.2605083096307581
2021-03-02,-0.02302820965862651,0.0005302984400816592,-4.599999999999998,0.010000000000000009,0.12089973403579535,-1.009999999999998,1.5034428531711441
2021-03-03,0.0,0.0,0.75,-0.030000000000000027,-0.27498229666642615,-0.8399999999999963,0.03708729886824358
2021-03-04,-0.011512116515177695,0.00013252882665902704,2.5700000000000003,0.050000000000000044,0.1760713942217329,1.6299999999999955,0.02864894945364682
2021-03-05,0.05757384003803878,0.0033147470567256774,1.8999999999999986,0.07000000000000006,0.744882759252441,2.480000000000004,-1.5649000930242352
2021-03-08,0.0,0.0,-3.91,0.020000000000000018,0.38124996057016247,2.269999999999996,0.01454725936476109
2021-03-09,0.11524721801112747,0.013281921259304344,0.8099999999999987,0.030000000000000027,0.35812529460335085,-1.0499999999999972,-0.03594413293530607
2021-03-10,-0.034588113563138734,0.0011963375998565817,-1.4399999999999977,-0.040000000000000036,-0.3798761614885571,-1.0100000000000051,-0.540718153472497
2021-03-11,0.0,0.0,-1.4700000000000024,-0.020000000000000018,-0.18503207341167283,0.4300000000000068,0.6955282000001617
2021-03-12,0.023057413060278975,0.0005316442970323235,-0.6499999999999986,0.010000000000000009,-0.4039116330591064,1.5699999999999932,0.9907343954180803
2021-03-15,0.10382420036307849,0.010779464581032667,-1.2199999999999989,0.09999999999999987,0.2840003420575776,-0.4299999999999926,-0.01438672361784299
2021-03-16,0.0,0.0,-0.6600000000000001,-0.019999999999999796,0.16348052699077797,-0.23000000000000398,0.2535798359819985
2021-03-17,-0.11535357144865088,0.013306446445959004,-0.240000000000002,0.0,0.043550261472891094,-0.5400000000000063,-0.3941708494589413
2021-03-18,0.057660152667260434,0.0033246932056117803,-0.5599999999999987,0.009999999999999787,-0.512906902515109,-0.269999999999996,0.5232493901487167
2021-03-19,0.023073373429483013,0.0005323805614163726,2.349999999999998,0.08000000000000007,0.49112998937870245,-4.599999999999994,1.2442400456635028
2021-03-22,0.011538683449074938,0.0001331412157379559,-0.629999999999999,0.030000000000000027,0.0761818572001971,1.4799999999999969,-0.5753693341325139
2021-03-23,0.023081361902832498,0.0005327492672895274,-2.0700000000000003,-0.050000000000000044,-0.13062827504173313,0.04999999999999716,0.031819400054100555
2021-03-24,0.011542679068554662,0.00013323344007964993,1.4200000000000017,-0.06000000000000005,0.5865046549877739,-3.729999999999997,-0.9235182632392203
2021-03-25,0.0,0.0,0.8999999999999986,-0.009999999999999787,0.20555256485561557,3.3699999999999974,-1.8454767635982527
2021-03-26,0.0,0.0,-1.3900000000000006,0.009999999999999787,0.37754047499118926,-2.6499999999999986,0.11097204901560076
2021-03-29,-0.0461627244204621,0.0021309971259195278,-0.9499999999999993,0.040000000000000036,-0.11850323387108119,2.460000000000001,-0.07654893699848841
2021-03-30,0.011538683449074938,0.0001331412157379559,1.879999999999999,0.06000000000000005,0.18308744458312987,0.5600000000000023,1.1523338611697298
2021-03-31,0.0,0.0,-1.129999999999999,0.0,0.3865990636924721,-0.9400000000000048,0.9043092226965754
2021-04-01,-0.02307603563949101,0.0005325034208350593,-0.21000000000000085,0.010000000000000009,-0.07505462467722879,-1.3599999999999994,0.42728637639406486
2021-04-05,0.04615739754232351,0.0021305053478800923,-2.0700000000000003,-0.050000000000000044,-0.32230694624324485,2.219999999999999,2.048635740934124
2021-04-06,0.04617871243457472,0.0021324734821151457,0.5800000000000018,0.040000000000000036,-0.3557399679220197,-2.6799999999999997,1.6271794286912389
2021-04-07,0.01154801086791224,0.0001333565550054192,0.21000000000000085,-0.06000000000000005,-0.2811747754088323,0.6100000000000065,0.3158309740397769
2021-04-08,-0.034640032677124566,0.0011999318638722578,-0.9600000000000009,0.010000000000000009,0.12987312383332394,0.4299999999999997,0.1949773815560718
2021-04-09,-0.09231480000160275,0.008522022299335914,-0.21000000000000085,-0.040000000000000036,-0.4335596788838103,-0.1600000000000037,-0.604699756052085
2021-04-12,0.011534690594849906,0.00013304908711891887,-0.259999999999998,0.030000000000000027,0.10857248146445286,-0.3200000000000003,-0.2619044289651207
2021-04-13,0.01153602123906694,0.00013307978602820355,0.21999999999999886,0.020000000000000018,-0.021708380041562947,0.4100000000000037,1.6738780022856226
2021-04-14,0.034616050654179276,0.0011982709628927054,-0.26000000000000156,-0.050000000000000044,-0.31523578351864145,0.5,-0.329497494983233
2021-04-15,-0.023078698463763203,0.000532626322781306,0.33999999999999986,0.0,-0.17434463598542393,2.9499999999999957,0.6021901433929777
2021-04-16,-0.023073373429483013,0.0005323805614163726,-0.41999999999999815,-0.07999999999999985,-0.02181966892855769,0.2700000000000031,-0.6887431745458805
2021-04-19,0.023073373429483013,0.0005323805614163726,-0.3200000000000003,0.030000000000000027,-0.12006835794533544,-0.2600000000000051,-0.6870612233842444
2021-04-20,0.011538683449074938,0.0001331412157379559,1.0399999999999991,0.020000000000000018,-0.5366030191090054,0.1700000000000017,1.750141698495522
2021-04-21,0.0,0.0,1.3900000000000006,-0.030000000000000027,0.1864935774150922,-0.7199999999999989,0.6089719316996423
2021-04-22,-0.011538683449074938,0.0001331412157379559,-1.1799999999999997,-0.010000000000000009,-0.08771294530660612,-1.269999999999996,0.0
2021-04-23,-0.011537352190416073,0.00013311049556569854,1.2100000000000009,0.0,0.1863096202552761,0.10999999999999943,-3.242141265059839
2021-04-26,-0.12682309879963327,0.016084098389141543,-1.3800000000000026,0.010000000000000009,-0.5159473703611361,0.7299999999999969,1.6726620107083257
2021-04-27,0.01152272859492598,0.00013277327427232483,0.3100000000000023,0.0,-0.055048223178832956,-0.1599999999999966,-2.658923836659266
2021-04-28,0.02304944115305574,0.0005312767374681794,-0.08000000000000185,0.04999999999999982,0.11006615996027591,1.009999999999998,0.32682987967982413
2021-04-29,0.02305475514532418,0.0005315217348108517,-0.2799999999999976,0.0,-0.330545744656785,0.7800000000000011,0.8002329071202574
2021-04-30,0.0,0.0,0.3299999999999983,0.020000000000000018,0.0,1.1899999999999977,0.7971074308104953
2021-05-03,0.0,0.0,1.0,0.0,0.736710321065015,-1.5,0.0
2021-05-04,0.02306007158843215,0.0005317669016636158,-0.3000000000000007,-0.020000000000000018,-0.3621820770754347,0.9599999999999937,0.0
2021-05-05,0.011532030226746315,0.00013298772115059065,1.1700000000000017,-0.019999999999999796,0.3731391195875844,1.2600000000000051,0.22646780499480101
2021-05-06,0.023068050852081967,0.0005321349701142396,-0.33000000000000185,-0.020000000000000018,0.021902128492268247,-0.09000000000000341,1.1390365000161218
2021-05-07,-0.011534690594849906,0.00013304908711891887,-0.759999999999998,-0.010000000000000009,-0.39504124807985264,-0.8999999999999915,-0.46749187654215874
2021-05-10,-0.011533360257232061,0.0001330183988231,-1.6999999999999993,0.020000000000000018,-0.7947868199300601,0.22999999999998977,-0.7029454635031129
2021-05-11,-0.011532030226746315,0.00013298772115059065,2.969999999999999,0.029999999999999805,-0.022172769089134903,-0.03999999999999204,1.4208339319375263
2021-05-12,-0.02306007158843215,0.0005317669016636158,2.1799999999999997,0.010000000000000009,-0.07762650283504868,0.39000000000000057,-0.28144173894935065
2021-05-13,-0.02305475514532418,0.0005315217348108517,5.75,0.050000000000000044,0.6303584042597343,0.6499999999999915,1.0336193530565474
2021-05-14,0.0,0.0,-4.460000000000001,-0.030000000000000027,0.04408786110117191,-2.1399999999999935,-0.561026804586362
2021-05-17,-0.01152538467241726,0.0001328344918471907,-4.32,-0.030000000000000027,-0.47495566823823054,1.499999999999993,0.3456803331504332
2021-05-18,-0.023046785075564458,0.0005311543023192606,0.9100000000000001,0.010000000000000009,-0.11077709520348478,0.9200000000000017,-0.6067201173539871
2021-05-19,0.023046785075564458,0.0005311543023192606,1.620000000000001,0.0,-0.5223118142154703,-0.75,-0.47941860892510846
2021-05-20,0.01152538467241726,0.0001328344918471907,0.8399999999999999,0.040000000000000036,0.48905558788163717,-2.2099999999999937,0.7800705117857909
2021-05-21,0.03458412623089657,0.0011960617871545883,-1.509999999999998,-0.050000000000000044,-0.4222282748472139,-1.3299999999999983,1.2382523771301557
2021-05-24,0.0,0.0,-0.5200000000000031,0.0,0.23355300750775854,1.6599999999999966,0.4457201532470201
2021-05-25,0.023062730729606074,0.0005318895487063163,-1.75,-0.019999999999999796,-0.2112814949141395,2.519999999999996,1.0883523194995526
2021-05-26,-0.023062730729606074,0.0005318895487063163,0.4400000000000013,-0.050000000000000044,-0.2117373500862385,0.14000000000000057,0.8133369984917316
2021-05-27,-0.011529371085572393,0.00013292639762883273,-1.4800000000000004,0.020000000000000018,0.445238408273152,0.14000000000000057,0.6186026552547297
2021-05-28,-0.03458013981774144,0.001195786069814547,-0.620000000000001,0.030000000000000027,-0.07777312096202138,0.46000000000000796,-1.0021951857930311
2021-06-01,0.0,0.0,0.020000000000003126,-0.030000000000000027,0.06666395646188761,-0.5600000000000023,1.287350621779293
2021-06-02,-0.023046785075564458,0.0005311543023192606,1.139999999999997,0.040000000000000036,-0.2223918936867797,1.4899999999999949,1.3031362932620638
2021-06-03,0.0,0.0,-0.41999999999999815,-0.030000000000000027,0.07789428259741271,0.9900000000000091,0.224001049400524
2021-06-04,0.023046785075564458,0.0005311543023192606,0.5599999999999987,0.039999999999999813,0.6651892255237435,0.01999999999999602,1.7375282780229817
2021-06-07,-0.17272155828305102,0.029832736695725393,-1.6199999999999974,-0.06999999999999984,-0.39858402145291905,0.7599999999999909,0.7135766293067114
2021-06-08,-0.22983232364754969,0.052822896993232026,0.0,0.010000000000000009,-0.21100840220782402,-0.35999999999999943,-1.117534491356853
2021-06-09,0.02295947662478426,0.0005271375668840148,0.6499999999999986,-0.040000000000000036,0.14442582490898914,0.9000000000000057,-2.904641495148841
2021-06-10,-0.03443723847382785,0.001185923393703289,0.8200000000000003,-0.030000000000000027,0.044396132262214394,-0.20999999999999375,0.9816196252946163
2021-06-11,-0.022951572283602673,0.0005267746702894384,-1.7899999999999991,-0.050000000000000044,-0.044396132262214394,0.4399999999999977,-0.7016832981904919
2021-06-14,0.0,0.0,-0.45000000000000107,0.020000000000000018,0.5314402777518268,0.6599999999999966,2.1052464789039327
2021-06-15,0.01147512767349923,0.00013167855512310786,0.7400000000000002,0.040000000000000036,-0.044180381553893255,-0.060000000000002274,0.7355955128511837
2021-06-16,-0.01147512767349923,0.00013167855512310786,0.629999999999999,0.0,0.022096843932484234,1.1200000000000045,0.41332669100411223
2021-06-17,0.08035355996831584,0.0064566945995817296,1.129999999999999,0.06000000000000005,0.6495276249203208,-0.030000000000001137,-0.7959276639339485
2021-06-18,0.16090108057014163,0.025889157728639207,-0.3999999999999986,-0.050000000000000044,0.8305174501725077,-0.9699999999999989,0.25032776541937807
2021-06-21,0.057527470953111504,0.003309409914261088,2.9499999999999993,-0.07000000000000006,0.3693290774446467,0.5799999999999983,1.3040375609170596
2021-06-22,0.046045816400130946,0.002120217207954568,-2.8099999999999987,0.050000000000000044,-0.40198081030276,2.0,-0.373764251294606
2021-06-23,-0.011513441956267911,0.00013255934568035026,-1.2300000000000004,-0.020000000000000018,-0.14161694246412893,-0.4899999999999949,0.533315221777908
2021-06-24,-0.08055699842959285,0.006489429995985425,-0.33999999999999986,0.020000000000000018,0.07628147526199669,-0.04000000000000625,-0.22489526462150522
2021-06-25,0.08055699842959285,0.006489429995985425,-0.34999999999999964,-0.010000000000000009,0.021780462745191187,0.20000000000000284,0.2067772875527396
2021-06-28,0.0,0.0,-0.3500000000000014,0.050000000000000044,-0.010893793377952932,0.8999999999999915,0.750949431985859
2021-06-29,-0.011512116515177695,0.00013252882665902704,0.14000000000000057,-0.050000000000000044,0.0762150364088221,-1.2299999999999898,1.1223574770211187
2021-06-30,-0.02302025792868534,0.0005299322751032002,0.2599999999999998,0.0,0.18485929045946037,0.1599999999999966,0.30044236602542185
2021-07-01,0.0,0.0,-0.1899999999999995,-0.040000000000000036,0.4227870984543358,0.37999999999999545,-0.10572663202488286
2021-07-02,-0.06902899491763037,0.00476500213933824,-0.34999999999999964,0.030000000000000027,0.17293133570674968,1.8100000000000023,0.6037609957285639
2021-07-06,0.04601403509223445,0.0021172914254693836,-0.41000000000000014,-0.040000000000000036,-0.400363152891714,0.04000000000000625,0.22485779647070103
2021-07-07,0.034524426374460404,0.001191936016485537,1.370000000000001,-0.06999999999999984,0.3463578348616103,-1.75,-4.720053361279319
2021-07-08,-0.034524426374460404,0.001191936016485537,-0.240000000000002,-0.040000000000000036,0.09719352426031946,-1.4000000000000057,2.461357642822559
2021-07-09,-0.023009664160333898,0.0005294446447713543,2.8000000000000007,-0.030000000000000027,-0.30270161415693053,0.7600000000000051,-1.0039060438579384
2021-07-12,0.06904488191441516,0.004767195718575533,-2.8200000000000003,0.07000000000000006,-0.24933977858792034,1.5799999999999983,-2.023715006358362
2021-07-13,-0.02302025792868534,0.0005299322751032002,-0.00999999999999801,0.009999999999999787,0.10849003362292109,-0.3500000000000085,-3.8469774073170093
2021-07-14,-0.011508142023153312,0.0001324373328250672,0.9499999999999993,0.040000000000000036,0.5622207842502114,1.0300000000000011,0.09561114752356659
2021-07-15,-0.011506817802242608,0.0001324068559340074,-0.7900000000000027,-0.04999999999999982,-0.367246395866605,-2.1799999999999926,-1.3680401139609444
2021-07-16,0.011506817802242608,0.0001324068559340074,0.6800000000000033,-0.06000000000000005,0.2269893178035609,-1.3900000000000006,1.0886607405888427
2021-07-19,0.03452839995183865,0.0011922104032341314,1.4399999999999977,0.0,0.0755487520305742,0.09000000000000341,0.4156983963497396
2021-07-20,0.04605641992743159,0.0021211938165319176,4.050000000000001,-0.1200000000000001,0.21553726015177688,-5.310000000000002,-4.389532828243414
2021-07-21,-0.023030861455985985,0.0005304205794048209,-2.7699999999999996,0.040000000000000036,0.0860882769104343,0.8699999999999903,2.3666075911242146
2021-07-22,-0.05755395842328426,0.003312458130189133,-1.8200000000000003,0.07000000000000006,-0.23691721102974128,2.940000000000012,-0.19653476342780252
2021-07-23,-0.02301231168821971,0.0005295664892357735,-0.21999999999999886,-0.030000000000000027,0.07544290376619855,1.8900000000000006,1.7844386047439542
2021-07-26,0.011505493885977103,0.0001323763895602565,-0.490000000000002,0.030000000000000027,0.09691915436782494,0.0899999999999892,-1.938792436352088
2021-07-27,-0.011505493885977103,0.0001323763895602565,0.379999999999999,-0.010000000000000009,-0.2802352868234159,-0.0899999999999892,0.3053269288903593
2021-07-28,-0.03450854120625735,0.0011908394161839614,1.7800000000000011,-0.040000000000000036,-0.23773646222675637,-0.46999999999999886,0.3310274276786096
2021-07-29,-0.13791520402328672,0.019020603500784803,-1.0500000000000007,0.010000000000000009,-0.11908051242235373,0.6899999999999977,0.010963194999291659
2021-07-30,-0.05740857841800562,0.0032957448759763004,-0.6099999999999994,0.020000000000000018,-0.49951139121446886,1.25,1.2860637757756699
2021-08-02,-0.011477761849043588,0.00013173901706336048,0.5399999999999991,-0.040000000000000036,0.3368992597499343,0.3100000000000023,1.2636275142853926
2021-08-03,0.011477761849043588,0.00013173901706336048,1.2200000000000024,-0.040000000000000036,-0.1302737307165458,-2.6200000000000045,0.3178029326026177
2021-08-04,-0.03442933413264626,0.001185379048817401,-1.4200000000000017,-0.010000000000000009,0.03258434667552379,-0.6700000000000017,1.3768514151836442
2021-08-05,-0.034417484421567224,0.0011845632339088225,-0.07000000000000028,0.0,0.2061240909723594,-2.450000000000003,0.17246684289089487
2021-08-06,-0.03440564286485426,0.0011837482609438968,-0.6899999999999977,0.040000000000000036,-0.03251724075044038,0.9099999999999966,0.8066335070714636
2021-08-09,-0.022930520623276607,0.0005258087760545137,-1.1300000000000026,0.08000000000000007,0.6052819876152249,-0.8399999999999892,-0.3051732922937589
2021-08-10,-0.1603665864875481,0.025717442061668244,0.5700000000000003,0.020000000000000018,0.16150086577253475,-1.7000000000000028,1.363063479452098
2021-08-11,-0.34277912904912,0.11749753131167326,0.07000000000000028,0.030000000000000027,0.11827388465475153,1.769999999999996,0.1888116815989882
2021-08-12,-0.011405759921068181,0.00013009135937704525,-0.7300000000000004,-0.010000000000000009,-0.16130981128634758,0.9699999999999989,-0.34114920852967856
2021-08-13,0.10269870247068269,0.010547023489161807,-0.46999999999999886,0.010000000000000009,0.13981959816726786,-0.1799999999999926,-0.34970745825377847
2021-08-16,0.011417480174635841,0.00013035885353820248,-0.14000000000000057,-0.07000000000000006,-0.5604716970648127,-0.7600000000000051,0.29519227368846046
2021-08-17,-0.011417480174635841,0.00013035885353820248,0.6700000000000017,-0.030000000000000027,0.11882325349192868,-0.9200000000000017,1.0197998212733594
2021-08-18,-0.10269870247068269,0.010547023489161807,1.7899999999999991,0.0,0.5383303426822472,-0.9399999999999977,-0.5757043021620056
2021-08-19,0.045630847244026995,0.002082174220207726,3.66,0.010000000000000009,0.010739395952530373,-1.1400000000000006,-0.1578543882737371
2021-08-20,0.022823234151303495,0.0005209000171252262,0.10000000000000142,-0.030000000000000027,0.4606085025175233,-1.6700000000000017,1.0168996792498497
2021-08-23,0.01141357074789795,0.00013026959721727175,-3.110000000000003,0.020000000000000018,-0.07483797317098251,-1.4399999999999977,-3.359435531648902
2021-08-24,-0.022825838948570265,0.0005210189237060673,-1.4100000000000001,-0.010000000000000009,-0.5792153039656078,3.4000000000000057,-2.3263322273513687
2021-08-25,-0.11405110725331014,0.013007655065706052,0.07000000000000028,0.040000000000000036,-0.07532924262481089,1.8499999999999943,-0.009239297819885195
2021-08-26,-0.03418998266830897,0.0011689549148592678,-0.4299999999999997,0.06000000000000005,-0.06461076920798448,1.0400000000000063,0.8289003058708388
2021-08-27,0.01139536209997516,0.00012985427738955026,2.0500000000000007,-0.010000000000000009,0.24745370450904858,-1.1200000000000045,-0.645813473131529
2021-08-30,-0.04557365921424861,0.002076958414176467,-2.4499999999999993,-0.030000000000000027,-0.398380195452841,1.4200000000000017,0.9241474627510904
2021-08-31,0.022784233409112176,0.0005191212920409034,-0.1999999999999993,-0.020000000000000018,-0.04316490265692252,0.4399999999999977,1.1312560539213479
2021-09-01,-0.07972211571942722,0.006355615734781745,0.28999999999999915,0.010000000000000009,-0.021593558582200245,-0.8499999999999943,0.25041278534123634
2021-09-02,0.0,0.0,-0.370000000000001,0.010000000000000009,-0.19451087915145493,0.19999999999998863,0.23854901564810405
2021-09-03,0.0,0.0,0.3000000000000007,-0.020000000000000018,-0.2382431178271638,1.4399999999999977,0.0
2021-09-07,-0.034147174653043066,0.001166029536785427,0.0,0.040000000000000036,-0.20622185308178942,-0.7299999999999898,0.0
2021-09-08,0.0,0.0,1.7300000000000004,0.04999999999999982,0.5201525965684795,-0.8500000000000085,0.5417434930367726
2021-09-09,0.034147174653043066,0.001166029536785427,-0.17999999999999972,-0.029999999999999805,0.14041681207412893,0.8700000000000045,-0.6196969198141389
2021-09-10,-0.034147174653043066,0.001166029536785427,0.8399999999999999,-0.050000000000000044,-0.18365279775611754,-1.0999999999999943,0.7745810111220663
2021-09-13,0.0113810960117533,0.00012952934642874688,2.1499999999999986,0.050000000000000044,0.10807141581157254,1.559999999999988,0.09891087301348023
2021-09-14,0.0,0.0,-1.5799999999999983,-0.020000000000000018,0.043197532570893316,0.7200000000000131,-0.2888260640971474
2021-09-15,-0.0113810960117533,0.00012952934642874688,0.08999999999999986,-0.050000000000000044,0.032383849373651685,-0.010000000000005116,-0.12905008262142914
2021-09-16,-0.022758306880277246,0.0005179405320568746,-1.2800000000000011,0.030000000000000027,-0.17284617313624295,2.0600000000000023,0.456521479660843
2021-09-17,0.07967674429831817,0.006348383581979577,0.5100000000000016,0.030000000000000027,0.399248169530253,0.09999999999999432,0.0029720994169757375
2021-09-20,0.0,0.0,2.1199999999999974,0.030000000000000027,0.36546997827722194,-0.5999999999999943,0.5017594304706385
2021-09-21,-0.045537341406287624,0.0020736494623527974,4.900000000000002,-0.06000000000000005,0.04291023090985391,-1.6800000000000068,-0.1598153585291584
2021-09-22,0.0,0.0,-1.3500000000000014,0.020000000000000018,-0.04291023090985391,0.10000000000000853,-0.7909880962355231
2021-09-23,0.022766078641289766,0.0005182943367013901,-3.4899999999999984,-0.010000000000000009,0.2785838528990503,1.8599999999999994,0.80579654892734
2021-09-24,0.0,0.0,-2.240000000000002,0.08999999999999986,-0.3859359583008981,1.0600000000000023,0.15387805243882724
2021-09-27,0.011384983219464573,0.0001296178429074899,-0.879999999999999,0.06000000000000005,0.2467451303454382,0.75,-0.11760660840067771
2021-09-28,-0.03415106186075434,0.0011662950262170697,1.0100000000000016,0.010000000000000009,0.053554093303365136,1.3599999999999994,-1.9565971538401783
2021-09-29,-0.034139402892030546,0.0011654988298243835,4.489999999999998,0.06000000000000005,0.416777950204672,-0.10000000000000853,1.074964373019327
2021-09-30,0.034139402892030546,0.0011654988298243835,-0.6900000000000013,0.010000000000000009,0.6060299406032144,-0.37999999999999545,-0.007466810032852322
2021-10-01,-0.0113810960117533,0.00012952934642874688,0.5800000000000018,-0.030000000000000027,-0.09544127097909083,0.1599999999999966,0.2125859069267655
2021-10-04,0.0,0.0,-1.990000000000002,-0.040000000000000036,-0.22305929207417918,0.7900000000000063,-0.5356855485378453
2021-10-05,-0.011379800865896073,0.000129499867747449,1.8100000000000023,0.010000000000000009,-0.2448799294529458,1.6700000000000017,0.3477379991784879
2021-10-06,0.022760896877649373,0.0005180584266749889,-1.6600000000000001,0.050000000000000044,0.18105952814799764,1.4899999999999949,1.12020828671886
2021-10-07,0.0,0.0,-0.3000000000000007,-0.010000000000000009,0.3080940403953569,-1.5100000000000051,0.6027728052108827
2021-10-08,-0.0113810960117533,0.00012952934642874688,-1.4600000000000009,0.050000000000000044,-0.053048357050666795,0.7999999999999972,0.23233581128554448
2021-10-11,0.0113810960117533,0.00012952934642874688,-0.7699999999999996,0.030000000000000027,-0.15933034880504238,1.0900000000000034,0.49220172979156374
2021-10-12,-0.0113810960117533,0.00012952934642874688,1.2300000000000004,0.0,0.2654070253854002,1.0900000000000034,1.5440414889098086
2021-10-13,0.0,0.0,-0.14999999999999858,-0.020000000000000018,0.21181638095368882,0.10999999999999943,0.05091631547591291
2021-10-14,0.0,0.0,-1.2100000000000009,-0.030000000000000027,-0.46659131900588235,-0.0799999999999983,-0.207413116978028
2021-10-15,0.0,0.0,-1.7800000000000011,-0.040000000000000036,-0.1276353566144195,0.7600000000000051,-0.004310716441757734
2021-10-18,0.0,0.0,-0.5599999999999987,0.07000000000000006,-0.021284345906913416,0.9599999999999937,0.06105115917485193
2021-10-19,0.0,0.0,0.00999999999999801,0.0,0.010638678884333785,0.23000000000000398,0.2029962357344317
2021-10-20,-0.011379800865896073,0.000129499867747449,-0.6099999999999994,0.05999999999999983,-0.17044430943800037,0.5699999999999932,-0.014332499684144295
2021-10-21,-0.022755717472122683,0.0005178226776710696,-0.20999999999999908,0.0,-0.24553346608806592,1.210000000000008,-0.10971164151305501
2021-10-22,0.022755717472122683,0.0005178226776710696,-0.4800000000000004,0.030000000000000027,0.22420240104521483,-1.7600000000000051,-0.6499769155245083
2021-10-25,0.0,0.0,0.41999999999999993,-0.020000000000000018,-0.1707717728072211,1.8900000000000006,0.3222774156463437
2021-10-26,0.011379800865896073,0.000129499867747449,-0.1899999999999995,-0.020000000000000018,0.21342122090421967,0.10999999999999943,-0.2767928417132026
2021-10-27,0.0,0.0,0.7400000000000002,-0.010000000000000009,0.1491259263838529,1.0,0.4486815375855713
2021-10-28,-0.011379800865896073,0.000129499867747449,1.0,-0.08999999999999986,-0.09583765076293105,-2.980000000000004,2.2305651840497376
2021-10-29,-0.022755717472122683,0.0005178226776710696,-0.4499999999999993,0.030000000000000027,-0.5448463227110345,0.12000000000000455,1.0478839554874497
2021-11-01,0.022755717472122683,0.0005178226776710696,-0.2699999999999996,-0.020000000000000018,0.8214739398918702,0.7199999999999989,0.43437902237615234
2021-11-02,-0.022755717472122683,0.0005178226776710696,0.14999999999999858,0.030000000000000027,-0.25532513143504687,0.5799999999999983,-0.3676423724424893
2021-11-03,-0.01137591719562181,0.00012941149204164399,-0.379999999999999,-0.020000000000000018,0.22343903708126334,-0.1700000000000017,0.9331090761465433
2021-11-04,-0.28397815415175387,0.08064359203543728,-0.9300000000000015,0.040000000000000036,-0.2447415228270522,-3.0900000000000034,-0.5633895513414089
2021-11-05,-0.01134236943300948,0.0001286493443548678,0.33999999999999986,-0.07000000000000006,0.5206938772963632,-1.9399999999999977,0.27932979056126683
2021-11-08,-0.09069267144710125,0.008225160654211854,1.040000000000001,-0.08000000000000007,-0.03180026484423948,2.3700000000000045,0.562509013730228
2021-11-09,0.011332086815940556,0.00012841619160401378,0.7399999999999984,0.06000000000000005,-0.2866664798292007,0.7099999999999937,0.7564808584956673
2021-11-10,-0.011332086815940556,0.00012841619160401378,0.5600000000000023,-0.050000000000000044,-0.09574381483741234,2.160000000000011,-0.414466618369147
2021-11-11,-0.05664117965089588,0.0032082232322450614,0.9499999999999993,0.10000000000000009,0.9427530246825633,-2.8900000000000006,0.24055886838141305
2021-11-12,-0.011324387079625353,0.00012824174272918563,-1.0700000000000003,0.0,0.34731586055274377,0.23999999999999488,-0.18241634917250948
2021-11-15,0.011324387079625353,0.00012824174272918563,-1.370000000000001,0.020000000000000018,-0.05254905527820597,-0.5999999999999943,0.7507563228399405
2021-11-16,0.011325669642481273,0.0001282707928506219,0.1999999999999993,0.04999999999999982,0.29390848001371594,-0.020000000000010232,0.21695365025520275
2021-11-17,0.011326952495416265,0.00012829985283341675,-0.11999999999999744,0.0,0.5331058483243112,-0.0899999999999892,-0.6877316421573632
2021-11-18,0.0,0.0,0.7399999999999984,-0.029999999999999805,-0.09386841668721502,-2.440000000000012,0.6389580927116612
2021-11-19,0.0453206443289389,0.0020539608023901813,0.4800000000000004,-0.010000000000000009,-0.3030789918516241,0.6000000000000085,-0.4087347153149956
2021-11-22,0.045341193250081346,0.002055823805341222,0.3200000000000003,-0.050000000000000044,0.5532071700573127,-2.8100000000000023,-1.1963813657157374
2021-11-23,0.02267830829545403,0.0005143056671436591,1.2600000000000016,0.08999999999999986,0.4465919099891025,0.6299999999999955,-0.3517730210463199
2021-11-24,0.04537205159511615,0.0020586230659498817,0.2099999999999973,0.040000000000000036,-0.010365445204563173,1.5799999999999983,1.125444737953174
2021-11-26,-0.04537205159511615,0.0020586230659498817,-0.8000000000000007,-0.030000000000000027,0.3620740360880781,0.0,1.709779161649827
2021-11-29,0.0680657995648204,0.004632953070398304,10.040000000000003,-0.15999999999999992,-0.7774880075842816,0.0,0.2790169153100486
2021-11-30,0.0,0.0,-5.66,0.040000000000000036,0.25983490117962305,-8.439999999999998,-0.5500589784001697
2021-12-01,0.09082652758820586,0.008249458113731121,4.23,-0.09000000000000008,-0.3639566069002953,-3.739999999999995,-0.431954452578065
2021-12-02,0.09090909717013318,0.008264463948288716,3.9299999999999997,0.0,0.06249238664350898,-0.7000000000000028,0.4555232381876273
2021-12-03,0.4557893031897464,0.20774388890219458,-3.1700000000000017,0.010000000000000009,0.08324925190246191,1.1599999999999966,-0.2116445701792813
2021-12-06,0.8026645547985822,0.6442703875300062,2.7200000000000024,-0.08999999999999986,-0.010397406340612037,-0.20999999999999375,-2.6480249068077555
2021-12-07,0.2305210794913748,0.05313996808986873,-3.490000000000002,0.07999999999999985,0.17670413174339927,3.230000000000004,-2.082052177897964
2021-12-08,-0.6441246102857789,0.4148965135758066,-5.289999999999999,0.050000000000000044,0.08304976033670641,2.319999999999993,2.3207991815382023
2021-12-09,0.2755455245127436,0.075925336079003,-1.990000000000002,0.040000000000000036,-0.4993283563113238,0.4900000000000091,0.4207425058787351
2021-12-10,0.16108621594028705,0.025948768965960788,1.6799999999999997,-0.030000000000000027,0.39550141194206745,-1.5600000000000023,1.034639559779471
2021-12-13,-0.20706322824430856,0.04287518049095462,-2.889999999999997,-0.010000000000000009,-0.22877879327269923,0.8399999999999892,-0.30291476060346767
2021-12-14,0.1264876843164231,0.015999134283731106,1.6199999999999974,-0.06000000000000005,0.2807057404996982,-0.519999999999996,0.8619833965433976
2021-12-15,0.10360905779212004,0.01073483685657087,1.5800000000000018,0.020000000000000018,0.2592152426517558,-0.6200000000000045,-0.01287162587351176
2021-12-16,-0.17262217302267402,0.029798414619070006,-2.6000000000000014,0.030000000000000027,-0.0621478764821326,0.3200000000000074,-0.03523608211226659
2021-12-17,-0.04598229762589057,0.002114371694955981,1.2800000000000011,-0.030000000000000027,-0.4881871168030294,1.4500000000000028,0.07520045339166614
2021-12-20,-0.22959486609614999,0.05271380253770904,1.0,-0.030000000000000027,0.550334993285162,-1.4099999999999966,0.21512658817517405
2021-12-21,0.02293577991707707,0.0005260500004045959,1.3000000000000007,0.020000000000000018,-0.020709033609644933,-2.240000000000009,-0.16637813598876505
2021-12-22,0.10327615812677493,0.01066596483742662,-1.8599999999999994,0.050000000000000044,-0.06216865896844226,2.4099999999999966,0.09539693626550161
2021-12-23,-0.03443723847382785,0.001185923393703289,-2.3800000000000026,-0.020000000000000018,-0.4258157063562251,1.7199999999999989,-0.07238509183222774
2021-12-27,-0.58362584840701,0.34061913092880225,-0.6699999999999982,0.040000000000000036,-0.06247286873133362,1.0700000000000074,-1.411444973668985
2021-12-28,0.09132420726025714,0.008340110831714403,-0.28000000000000114,-0.020000000000000018,0.07287460359135522,1.5999999999999943,2.167208628929096
2021-12-29,-0.07991324130962596,0.006386126136610509,-0.14000000000000057,0.010000000000000009,0.11441117706736392,0.5200000000000102,0.36939373676583287
2021-12-30,-0.21658600658120974,0.04690949824679583,-0.5899999999999999,0.06000000000000005,-0.28105639375155533,0.5699999999999932,-0.5751288414376887
2021-12-31,0.3650471770001218,0.13325944143575824,0.379999999999999,-0.030000000000000027,0.04168933380777062,0.25,0.010094925962267354
