Date,usd_vnd,vix,wti_oil,us_10y,dxy,vnindex
2010-01-04,18474.043968224643,20.04,81.52,3.85,77.52999877929688,517.05
2010-01-05,18469.0,19.35,81.74,3.77,77.62000274658203,532.53
2010-01-06,18469.0,19.16,83.12,3.85,77.48999786376953,534.46
2010-01-07,18474.0,19.06,82.6,3.85,77.91000366210938,533.34
2010-01-08,18469.0,18.13,82.74,3.83,77.47000122070312,520.9
2010-01-11,18469.0,17.55,82.54,3.85,77.0,515.06
2010-01-12,18469.0,18.25,80.79,3.74,76.94999694824219,498.31
2010-01-13,18469.0,17.85,79.66,3.8,76.8499984741211,508.61
2010-01-14,18474.043968224643,17.63,79.35,3.76,76.7300033569336,512.33
2010-01-15,18469.608259608816,17.91,77.96,3.7,77.31999969482422,505.42
2010-01-19,18469.0,17.58,78.98,3.73,77.5,495.51
2010-01-20,18476.60400018477,18.68,77.42,3.68,78.33999633789062,489.5
2010-01-21,18474.043968224643,22.27,75.84,3.62,78.31999969482422,478.42
2010-01-22,18469.0,27.31,74.25,3.62,78.27999877929688,477.59
2010-01-25,18469.0,25.41,74.9,3.66,78.19000244140625,480.91
2010-01-26,18469.0,24.55,74.67,3.65,78.43000030517578,497.9
2010-01-27,18474.043968224643,23.14,73.64,3.66,78.68000030517578,486.41
2010-01-28,18469.608259608816,23.73,73.62,3.68,78.9000015258789,481.76
2010-01-29,18474.043968224643,24.62,72.85,3.63,79.45999908447266,481.96
2010-02-01,18469.0,22.59,74.41,3.68,79.23999786376953,486.95
2010-02-02,18474.55591786212,21.48,77.21,3.67,79.01000213623047,487.93
2010-02-03,18474.043968224643,21.6,76.96,3.73,79.37000274658203,495.48
2010-02-04,18469.0,26.08,73.13,3.62,79.91999816894531,503.83
2010-02-05,18474.043968224643,26.11,71.15,3.59,80.44000244140625,493.04
2010-02-08,18474.043968224643,26.51,71.87,3.62,80.30000305175781,491.2
2010-02-09,18474.043968224643,26.0,73.71,3.67,79.86000061035156,482.89
2010-02-10,18474.043968224643,25.4,74.48,3.72,80.02999877929688,490.91
2010-02-11,18850.0,23.96,75.23,3.73,79.98999786376953,499.94
2010-02-12,18999.487013850627,22.73,74.11,3.69,80.31999969482422,507.0
2010-02-16,18999.487013850627,22.25,76.98,3.66,79.69999694824219,507.0
2010-02-17,18999.487013850627,21.72,77.27,3.74,80.37999725341797,507.0
2010-02-18,18550.0,20.63,78.97,3.79,80.4000015258789,507.0
2010-02-19,18600.0,20.02,79.77,3.78,80.63999938964844,507.0
2010-02-22,18750.0,19.94,80.04,3.8,80.51000213623047,510.02
2010-02-23,18630.0,21.37,78.61,3.69,80.8499984741211,496.29
2010-02-24,19075.05078732272,20.27,79.75,3.7,80.8499984741211,494.59
2010-02-25,18650.0,20.1,77.99,3.64,80.79000091552734,494.99
2010-02-26,19075.05078732272,19.5,79.72,3.61,80.36000061035156,496.91
2010-03-01,19049.79616718101,19.26,78.71,3.61,80.66000366210938,503.01
2010-03-02,19049.79616718101,19.06,79.62,3.62,80.5199966430664,501.0
2010-03-03,19095.08397063176,18.83,80.91,3.63,79.9800033569336,507.32
2010-03-04,18680.0,18.72,80.21,3.61,80.55999755859375,511.91
2010-03-05,18680.0,17.42,81.5,3.69,80.43000030517578,513.39
2010-03-08,19089.980623669664,17.79,81.85,3.72,80.43000030517578,521.12
2010-03-09,18660.0,17.92,81.5,3.71,80.58999633789062,527.27
2010-03-10,18680.0,18.57,82.07,3.73,80.44999694824219,525.67
2010-03-11,19095.08397063176,18.06,82.1,3.73,80.31999969482422,524.64
2010-03-12,19095.08397063176,17.58,81.26,3.71,79.83000183105469,531.51
2010-03-15,19089.980623669664,18.0,79.79,3.71,80.25,531.86
2010-03-16,19089.980623669664,17.69,81.75,3.66,79.75,516.08
2010-03-17,19079.96412966744,16.91,82.93,3.65,79.63999938964844,510.85
2010-03-18,19092.53195612536,16.62,82.16,3.68,80.22000122070312,519.73
2010-03-19,19089.980623669664,16.97,80.58,3.7,80.72000122070312,515.99
2010-03-22,19089.980623669664,16.87,81.26,3.67,80.6500015258789,511.58
2010-03-23,19085.062121877207,16.35,81.68,3.69,80.9000015258789,506.53
2010-03-24,19085.062121877207,17.55,80.29,3.84,81.83999633789062,512.12
2010-03-25,19080.0,18.4,80.25,3.91,82.12000274658203,503.39
2010-03-26,19070.0,17.77,79.75,3.86,81.68000030517578,505.3
2010-03-29,19085.062121877207,17.59,81.92,3.88,81.36000061035156,505.67
2010-03-30,19000.0,17.13,82.14,3.88,81.47000122070312,500.72
2010-03-31,19089.980623669664,17.59,83.45,3.84,81.06999969482422,499.24
2010-04-01,19089.980623669664,17.47,84.53,3.89,80.77999877929688,508.18
2010-04-05,19080.0,17.02,86.36,4.01,81.08999633789062,514.79
2010-04-06,19089.980623669664,16.23,86.54,3.98,81.38999938964844,515.33
2010-04-07,19055.059594698883,16.62,85.64,3.89,81.44000244140625,515.82
2010-04-08,19049.79616718101,16.48,85.17,3.91,81.52999877929688,515.93
2010-04-09,19000.0,16.14,84.6,3.9,81.08999633789062,517.42
2010-04-12,19000.0,15.58,84.07,3.87,80.55999755859375,519.93
2010-04-13,18980.0,16.2,83.8,3.84,80.51000213623047,517.98
2010-04-14,18980.0,15.59,85.62,3.88,80.19000244140625,516.21
2010-04-15,18987.40185886664,15.89,85.25,3.86,80.4800033569336,521.49
2010-04-16,18950.0,18.36,82.97,3.79,80.81999969482422,522.03
2010-04-19,18970.0,17.34,81.52,3.83,81.0,516.74
2010-04-20,18979.833926453142,15.73,82.98,3.82,81.05000305175781,515.2
2010-04-21,18950.0,16.32,82.78,3.77,81.16000366210938,519.7
2010-04-22,18970.11258761821,16.47,82.89,3.8,81.56999969482422,529.31
2010-04-23,18880.0,16.62,84.34,3.84,81.3499984741211,529.31
2010-04-26,18974.972011916285,17.47,84.2,3.83,81.4800033569336,531.21
2010-04-27,18982.355900190774,22.81,82.43,3.71,82.1500015258789,535.72
2010-04-28,18940.0,21.08,83.22,3.8,82.37999725341797,539.2
2010-04-29,18940.0,18.44,85.17,3.76,82.0,542.37
2010-04-30,18875.0,22.05,86.07,3.69,81.87000274658203,542.37
2010-05-03,18980.014045210395,20.19,86.19,3.72,82.2699966430664,542.37
2010-05-04,18940.0,23.84,82.73,3.63,83.30000305175781,549.12
2010-05-05,18974.972011916285,24.91,80.0,3.58,84.08000183105469,548.01
2010-05-06,18979.833926453142,32.8,77.18,3.41,84.88999938964844,549.51
2010-05-07,19000.02850004275,40.95,75.1,3.45,84.44999694824219,542.03
2010-05-10,19024.97027348395,28.84,76.89,3.57,84.16000366210938,534.38
2010-05-11,19009.961219679113,28.32,76.37,3.56,84.47000122070312,534.36
2010-05-12,18920.0,25.52,75.65,3.56,84.83000183105469,519.6
2010-05-13,18989.925844339577,26.68,74.38,3.55,85.20999908447266,518.93
2010-05-14,18990.0,31.24,71.61,3.44,86.0999984741211,520.72
2010-05-17,18990.0,30.84,70.08,3.47,86.20999908447266,511.27
2010-05-18,18970.0,33.55,69.38,3.38,87.16000366210938,508.3
2010-05-19,18994.975828893257,35.32,69.91,3.36,86.38999938964844,494.9
2010-05-20,18984.878544239516,45.79,68.28,3.25,85.56999969482422,503.55
2010-05-21,18970.0,40.1,68.03,3.2,85.37000274658203,483.69
2010-05-24,18970.0,38.32,68.23,3.23,86.20999908447266,486.19
2010-05-25,18970.0,34.61,64.78,3.18,86.77999877929688,486.25
2010-05-26,18900.0,35.02,71.52,3.21,87.12000274658203,492.69
2010-05-27,18989.925844339577,29.68,74.56,3.34,86.18000030517578,497.16
2010-05-28,18989.925844339577,32.07,74.0,3.31,86.4800033569336,512.99
2010-06-01,18890.022290226305,35.54,72.7,3.29,86.63999938964844,508.68
2010-06-02,18975.0,30.17,72.88,3.35,86.79000091552734,510.74
2010-06-03,18984.878544239516,29.46,74.62,3.39,87.13999938964844,511.16
2010-06-04,18960.0,35.48,71.43,3.2,88.2300033569336,510.37
2010-06-07,18960.0,36.57,71.55,3.17,88.4000015258789,496.89
2010-06-08,18975.0,33.7,71.88,3.18,88.38999938964844,497.19
2010-06-09,18984.878544239516,33.73,74.38,3.2,87.9000015258789,497.56
2010-06-10,18984.878544239516,30.57,75.48,3.33,87.16999816894531,500.51
2010-06-11,18974.972011916285,28.79,73.89,3.24,87.51000213623047,504.29
2010-06-14,18965.0,28.58,74.99,3.28,86.51000213623047,508.32
2010-06-15,18960.0,25.87,76.84,3.32,85.9800033569336,508.01
2010-06-16,18960.0,25.92,77.67,3.27,86.08000183105469,510.72
2010-06-17,18900.0,25.05,76.82,3.21,85.69000244140625,510.76
2010-06-18,18965.07581289056,23.95,77.18,3.24,85.69999694824219,511.18
2010-06-21,18950.0,24.88,77.84,3.26,85.93000030517578,514.75
2010-06-22,18965.07581289056,27.05,77.15,3.18,86.11000061035156,512.63
2010-06-23,18969.932656739067,26.91,75.9,3.13,85.73999786376953,512.82
2010-06-24,18994.975828893257,29.74,75.96,3.14,85.7300033569336,511.67
2010-06-25,18994.975828893257,28.53,78.45,3.12,85.30999755859375,505.12
2010-06-28,19000.02850004275,29.0,78.26,3.05,85.6500015258789,507.28
2010-06-29,19030.0,34.13,75.93,2.97,86.02999877929688,510.71
2010-06-30,19060.0,34.54,75.59,2.97,86.0199966430664,507.14
2010-07-01,19020.0,32.86,72.95,2.96,84.72000122070312,504.02
2010-07-02,19077.416154756,30.12,72.06,3.0,84.43000030517578,503.65
2010-07-06,19089.980623669664,29.65,71.96,2.95,84.08000183105469,500.82
2010-07-07,18900.0,26.84,74.05,3.0,83.81999969482422,496.91
2010-07-08,19090.0,25.71,75.46,3.04,83.81999969482422,498.55
2010-07-09,19095.08397063176,24.98,76.08,3.07,83.94999694824219,499.46
2010-07-12,19087.42997299129,24.43,74.93,3.08,84.19999694824219,499.93
2010-07-13,19090.0,24.56,77.16,3.15,83.63999938964844,509.08
2010-07-14,19050.0,24.89,77.02,3.07,83.43000030517578,507.34
2010-07-15,19095.08397063176,25.14,76.67,3.0,82.55999755859375,505.19
2010-07-16,19092.53195612536,26.25,75.96,2.96,82.48999786376953,506.21
2010-07-19,19095.08397063176,25.97,76.53,2.99,82.51000213623047,506.84
2010-07-20,19092.53195612536,23.93,77.32,2.98,82.75,506.56
2010-07-21,19095.0,25.64,76.27,2.9,83.38999938964844,505.4
2010-07-22,19095.995569729028,24.63,79.01,2.96,82.5999984741211,500.28
2010-07-23,19095.0,23.47,78.68,3.02,82.45999908447266,500.31
2010-07-26,19095.995569729028,22.73,78.93,3.03,82.08999633789062,498.1
2010-07-27,19090.0,23.19,77.46,3.08,82.18000030517578,497.67
2010-07-28,19075.05078732272,24.25,77.06,3.03,82.18000030517578,491.0
2010-07-29,19050.0,24.13,78.3,3.03,81.63999938964844,491.11
2010-07-30,19050.0,23.5,78.85,2.94,81.54000091552734,493.91
2010-08-02,19075.05078732272,22.01,81.25,2.99,80.94000244140625,491.61
2010-08-03,19180.0,22.63,82.52,2.94,80.5999984741211,491.9
2010-08-04,19090.0,22.21,82.49,2.98,80.88999938964844,486.71
2010-08-05,19180.0,22.1,82.0,2.94,80.81999969482422,486.21
2010-08-06,19090.0,21.74,80.67,2.86,80.41000366210938,482.82
2010-08-09,19090.0,22.14,81.46,2.86,80.70999908447266,472.74
2010-08-10,19200.0,22.37,80.24,2.79,80.80000305175781,461.67
2010-08-11,19095.08397063176,25.39,78.09,2.72,82.29000091552734,463.12
2010-08-12,19098.0,25.73,75.68,2.74,82.63999938964844,448.4
2010-08-13,19085.062121877207,26.24,75.39,2.68,82.94999694824219,452.73
2010-08-16,19089.980623669664,26.1,75.17,2.58,82.52999877929688,464.76
2010-08-17,19098.0,24.33,75.76,2.64,82.2300033569336,463.52
2010-08-18,19420.0,24.59,75.39,2.64,82.22000122070312,455.49
2010-08-19,19490.0,26.44,74.45,2.58,82.44999694824219,452.23
2010-08-20,19480.0767515024,25.49,73.45,2.62,83.05999755859375,454.84
2010-08-23,19449.95526510289,25.66,72.71,2.6,83.12000274658203,447.92
2010-08-24,19470.0,27.46,71.24,2.5,83.1500015258789,434.42
2010-08-25,19470.0,26.7,72.07,2.54,83.26000213623047,423.89
2010-08-26,19400.0,27.37,73.36,2.5,82.93000030517578,427.07
2010-08-27,19480.0767515024,24.45,75.17,2.66,82.91999816894531,429.14
2010-08-30,19489.94805928842,27.21,74.69,2.54,83.16000366210938,444.55
2010-08-31,19490.0,26.05,71.93,2.47,83.19999694824219,455.08
2010-09-01,19490.0,23.89,73.97,2.58,82.5199966430664,458.75
2010-09-02,19490.0,23.19,74.99,2.63,82.45999908447266,458.75
2010-09-03,19485.01115516889,21.31,74.52,2.72,83.0999984741211,458.75
2010-09-07,19450.0,23.8,73.98,2.61,82.81999969482422,460.59
2010-09-08,19450.0,23.25,74.65,2.66,82.58999633789062,458.44
2010-09-09,19489.94805928842,22.81,74.25,2.77,82.66999816894531,463.68
2010-09-10,19480.0,21.99,76.4,2.81,82.69999694824219,451.39
2010-09-13,19480.0,21.21,77.17,2.74,81.91000366210938,447.27
2010-09-14,19480.0,21.56,76.78,2.68,81.08000183105469,449.01
2010-09-15,19489.94805928842,22.1,75.92,2.74,81.48999786376953,448.72
2010-09-16,19489.94805928842,21.72,74.58,2.77,81.23999786376953,449.52
2010-09-17,19490.0,22.01,73.63,2.75,81.4000015258789,457.58
2010-09-20,19495.077492933033,21.5,74.81,2.72,81.33999633789062,457.87
2010-09-21,19489.94805928842,22.35,72.96,2.61,80.44000244140625,453.32
2010-09-22,19480.0,22.51,72.98,2.56,79.83000183105469,453.9
2010-09-23,19450.0,23.87,73.4,2.56,80.01000213623047,450.77
2010-09-24,19489.94805928842,21.71,74.63,2.62,79.38999938964844,449.71
2010-09-27,19460.0,22.54,76.51,2.54,79.33999633789062,450.2
2010-09-28,19480.0,22.6,76.15,2.48,79.01000213623047,455.13
2010-09-29,19489.94805928842,23.25,77.85,2.52,78.69000244140625,452.94
2010-09-30,19474.95520760302,23.7,79.95,2.53,78.72000122070312,454.52
2010-10-01,19480.0,22.5,81.57,2.54,78.08999633789062,451.71
2010-10-04,19497.548183315947,23.53,81.43,2.5,78.44999694824219,445.83
2010-10-05,19490.0,21.76,82.83,2.5,77.75,450.96
2010-10-06,19480.0,21.49,83.21,2.41,77.38999938964844,460.72
2010-10-07,19497.548183315947,21.56,81.34,2.41,77.38999938964844,462.05
2010-10-08,19495.0,20.71,82.66,2.41,77.31999969482422,459.26
2010-10-11,19485.01115516889,18.96,82.18,2.41,77.44000244140625,459.32
2010-10-12,19450.0,18.93,81.67,2.44,77.36000061035156,454.32
2010-10-13,19498.0,19.07,83.03,2.46,77.06999969482422,457.7
2010-10-14,19497.548183315947,19.88,82.71,2.52,76.6500015258789,458.66
2010-10-15,19497.0,19.03,81.23,2.59,77.04000091552734,458.39
2010-10-18,19495.0,19.09,83.06,2.52,76.93000030517578,457.59
2010-10-19,19490.0,20.63,79.57,2.5,78.18000030517578,454.25
2010-10-20,19474.95520760302,19.79,81.93,2.51,77.16999816894531,442.17
2010-10-21,19490.0,19.27,80.03,2.57,77.41999816894531,445.05
2010-10-22,19485.01115516889,18.78,81.15,2.59,77.47000122070312,445.21
2010-10-25,19474.95520760302,19.85,82.0,2.59,77.0999984741211,448.61
2010-10-26,19495.077492933033,20.22,82.6,2.67,77.70999908447266,455.12
2010-10-27,19490.0,20.71,81.9,2.75,78.1500015258789,450.01
2010-10-28,19495.077492933033,20.88,82.2,2.69,77.30999755859375,450.07
2010-10-29,19489.94805928842,21.2,81.45,2.63,77.2699966430664,452.63
2010-11-01,19497.548183315947,21.83,82.94,2.66,77.30000305175781,451.06
2010-11-02,19489.94805928842,21.57,83.91,2.63,76.72000122070312,446.3
2010-11-03,19480.0,19.56,84.45,2.67,76.4800033569336,444.16
2010-11-04,19480.0,18.52,86.49,2.53,75.87999725341797,448.95
2010-11-05,19495.077492933033,18.26,86.85,2.58,76.55000305175781,457.27
2010-11-08,19480.0,18.29,87.07,2.6,77.02999877929688,457.13
2010-11-09,19489.94805928842,19.08,87.04,2.72,77.44000244140625,449.4
2010-11-10,19495.0,18.47,87.77,2.65,77.62999725341797,451.26
2010-11-11,19490.0,18.64,87.77,2.65,78.22000122070312,446.69
2010-11-12,19495.077492933033,20.61,84.89,2.76,78.08000183105469,441.6
2010-11-15,19489.94805928842,20.2,84.88,2.92,78.5199966430664,433.54
2010-11-16,19480.0,22.58,82.33,2.85,79.20999908447266,426.89
2010-11-17,19497.548183315947,21.76,80.43,2.89,79.08000183105469,425.5
2010-11-18,19495.077492933033,18.75,81.88,2.9,78.62000274658203,430.72
2010-11-19,19495.077492933033,18.04,81.65,2.88,78.5,426.51
2010-11-22,19495.077492933033,18.37,81.24,2.8,78.68000030517578,426.19
2010-11-23,19495.077492933033,20.63,80.79,2.77,79.68000030517578,430.81
2010-11-24,19495.0,19.56,83.21,2.93,79.87000274658203,434.48
2010-11-26,19495.0,22.22,83.87,2.87,80.36000061035156,439.94
2010-11-29,19495.0,21.53,85.73,2.84,80.83999633789062,446.36
2010-11-30,19499.068919459096,23.54,84.12,2.81,81.19999694824219,451.59
2010-12-01,19495.0,21.36,86.75,2.97,80.70999908447266,449.93
2010-12-02,19495.0,19.39,87.98,3.01,80.30000305175781,457.42
2010-12-03,19499.068919459096,18.01,89.18,3.03,79.37999725341797,464.35
2010-12-06,19498.0,18.02,89.33,2.95,79.56999969482422,465.56
2010-12-07,19490.0,17.99,88.69,3.15,79.86000061035156,460.76
2010-12-08,19499.068919459096,17.74,88.3,3.26,80.0,452.83
2010-12-09,19497.548183315947,17.25,88.35,3.23,80.06999969482422,460.45
2010-12-10,19495.077492933033,17.61,87.81,3.32,80.06999969482422,473.06
2010-12-13,19499.068919459096,17.55,88.62,3.29,79.27999877929688,490.22
2010-12-14,19495.077492933033,17.61,88.33,3.49,79.37000274658203,489.65
2010-12-15,19499.068919459096,17.94,88.66,3.53,80.26000213623047,493.47
2010-12-16,19495.0,17.39,87.71,3.47,80.18000030517578,480.21
2010-12-17,19495.0,16.11,88.02,3.33,80.37000274658203,485.29
2010-12-20,19495.0,16.41,88.68,3.36,80.62999725341797,478.29
2010-12-21,19497.548183315947,16.49,89.3,3.35,80.72000122070312,481.78
2010-12-22,19495.0,15.45,89.83,3.36,80.7300033569336,481.53
2010-12-23,19490.0,16.47,90.84,3.41,80.5,475.41
2010-12-27,19490.0,17.67,90.99,3.36,80.37000274658203,473.05
2010-12-28,19480.0,17.52,91.48,3.5,80.36000061035156,479.33
2010-12-29,19495.077492933033,17.28,91.13,3.35,79.80000305175781,478.75
2010-12-30,19474.95520760302,17.52,89.85,3.38,79.5199966430664,481.4
2010-12-31,19495.0,17.75,91.38,3.3,79.02999877929688,484.66
2011-01-03,19495.0,17.61,91.59,3.36,79.12999725341797,484.66
2011-01-04,19499.068919459096,17.38,89.39,3.36,79.44000244140625,485.97
2011-01-05,19498.0,17.02,90.3,3.5,80.26000213623047,481.91
2011-01-06,19497.548183315947,17.4,88.37,3.44,80.79000091552734,482.31
2011-01-07,19498.0,17.14,88.07,3.34,81.01000213623047,481.86
2011-01-10,19497.548183315947,17.54,89.24,3.32,80.87999725341797,480.55
2011-01-11,19450.0,16.89,91.11,3.37,80.8499984741211,477.44
2011-01-12,19495.0,16.24,91.85,3.4,80.02999877929688,478.45
2011-01-13,19489.94805928842,16.39,91.39,3.34,79.19000244140625,484.12
2011-01-14,19497.548183315947,15.46,91.53,3.35,79.16000366210938,489.22
2011-01-18,19499.068919459096,15.87,91.38,3.39,78.95999908447266,497.43
2011-01-19,19495.0,17.31,90.85,3.37,78.63999938964844,505.91
2011-01-20,19490.0,17.99,88.56,3.47,78.81999969482422,511.98
2011-01-21,19497.548183315947,18.47,88.22,3.44,78.20999908447266,519.5
2011-01-24,19499.068919459096,17.65,86.74,3.43,78.05000305175781,509.88
2011-01-25,19499.068919459096,17.59,85.08,3.35,78.0,501.97
2011-01-26,19495.0,16.64,86.15,3.45,77.9000015258789,501.25
2011-01-27,19495.0,16.15,84.45,3.42,77.7300033569336,502.68
2011-01-28,19495.0,20.04,88.15,3.36,78.12999725341797,510.6
2011-01-31,19495.0,19.53,90.99,3.42,77.73999786376953,510.6
2011-02-01,19495.077492933033,17.63,89.54,3.48,77.06999969482422,510.6
2011-02-02,19490.0,17.3,89.78,3.52,77.16000366210938,510.6
2011-02-03,19495.077492933033,16.69,89.42,3.58,77.75,510.6
2011-02-04,19495.077492933033,15.93,87.87,3.68,78.04000091552734,510.6
2011-02-08,19498.0,15.81,85.85,3.75,78.0,520.69
2011-02-09,19495.0,15.87,85.59,3.65,77.63999938964844,522.59
2011-02-10,19491.27765325017,16.09,85.44,3.7,78.25,520.23
2011-02-11,19650.22597759874,15.69,84.39,3.64,78.45999908447266,519.98
2011-02-14,20910.003345600537,15.95,83.66,3.62,78.61000061035156,514.05
2011-02-15,20900.0,16.37,83.13,3.61,78.56999969482422,517.87
2011-02-16,20805.0,16.72,83.8,3.62,78.22000122070312,513.11
2011-02-17,20880.0,16.59,85.05,3.58,78.0,509.83
2011-02-18,20883.366398663464,16.43,85.03,3.59,77.66000366210938,503.92
2011-02-22,20875.0,20.8,92.65,3.46,77.7699966430664,470.02
2011-02-23,20887.728459530023,22.13,96.04,3.49,77.41000366210938,470.67
2011-02-24,20890.0,21.32,95.83,3.46,77.05999755859375,461.29
2011-02-25,20885.0,19.22,96.52,3.42,77.27999877929688,466.96
2011-02-28,20879.006159306817,18.35,97.1,3.42,76.88999938964844,461.37
2011-03-01,20874.647740319386,21.01,99.63,3.41,77.05000305175781,466.12
2011-03-02,20868.11352253756,20.7,102.27,3.46,76.66999816894531,457.83
2011-03-03,20765.0,18.6,101.92,3.58,76.4800033569336,452.34
2011-03-04,20837.674515524068,19.06,104.34,3.49,76.4000015258789,459.23
2011-03-07,20865.936358894105,20.66,105.37,3.51,76.5,468.22
2011-03-08,20865.0,19.82,105.06,3.56,76.80000305175781,475.38
2011-03-09,20865.0,20.22,104.39,3.48,76.72000122070312,470.51
2011-03-10,20820.0,21.88,102.73,3.37,77.27999877929688,482.49
2011-03-11,20870.0,20.08,101.14,3.4,76.77999877929688,495.06
2011-03-14,20837.674515524068,21.13,101.2,3.36,76.3499984741211,479.9
2011-03-15,20865.0,24.32,97.23,3.33,76.33000183105469,468.74
2011-03-16,20860.0,29.4,97.99,3.22,76.68000030517578,463.58
2011-03-17,20865.936358894105,26.37,101.47,3.25,76.04000091552734,460.53
2011-03-18,20857.23224528105,24.44,101.06,3.28,75.72000122070312,461.08
2011-03-21,20870.0,20.61,102.36,3.34,75.4000015258789,468.25
2011-03-22,20857.23224528105,20.21,104.53,3.34,75.43000030517578,464.8
2011-03-23,20896.458050360467,19.17,105.21,3.36,75.79000091552734,467.64
2011-03-24,20885.0,18.0,105.04,3.42,75.66000366210938,461.32
2011-03-25,20879.006159306817,17.91,104.89,3.46,76.22000122070312,457.74
2011-03-28,20890.0,19.44,103.54,3.47,76.12999725341797,459.52
2011-03-29,20865.0,18.16,104.34,3.5,76.25,457.88
2011-03-30,20903.010033444814,17.71,103.8,3.47,76.12000274658203,460.04
2011-03-31,20896.458050360467,17.74,106.19,3.47,75.86000061035156,461.13
2011-04-01,20913.9391404371,17.4,107.55,3.46,75.83000183105469,459.17
2011-04-04,20872.46921310791,17.5,108.14,3.45,75.91000366210938,457.25
2011-04-05,20876.826722338206,17.25,107.82,3.5,75.87999725341797,457.2
2011-04-06,20900.825582610512,16.9,108.38,3.56,75.51000213623047,464.94
2011-04-07,20907.380305247752,17.11,109.82,3.58,75.58999633789062,463.49
2011-04-08,20800.0,17.87,112.27,3.59,75.06999969482422,464.29
2011-04-11,20800.0,16.59,109.5,3.59,75.05999755859375,464.29
2011-04-12,20833.333333333336,17.09,105.75,3.52,74.8499984741211,464.29
2011-04-13,20900.0,16.92,106.6,3.49,74.9800033569336,461.01
2011-04-14,20860.0,16.27,107.73,3.51,74.68000030517578,460.63
2011-04-15,20896.458050360467,15.32,109.17,3.43,74.83000183105469,460.96
2011-04-18,20896.458050360467,16.96,106.7,3.4,75.5,455.46
2011-04-19,20900.0,15.83,107.18,3.39,75.02999877929688,453.74
2011-04-20,20905.0,15.07,110.84,3.43,74.37000274658203,458.5
2011-04-21,20927.069163963588,14.69,111.72,3.42,74.0,460.3
2011-04-25,20916.126333403052,15.77,111.68,3.39,73.98999786376953,465.62
2011-04-26,20673.971469919372,15.62,111.72,3.34,73.83999633789062,461.86
2011-04-27,20656.88907250568,15.35,112.31,3.39,73.5199966430664,469.32
2011-04-28,20500.0,14.62,112.38,3.34,73.12000274658203,472.93
2011-04-29,20570.0,14.75,113.39,3.32,72.93000030517578,480.08
2011-05-02,20570.0,15.99,113.03,3.31,72.94999694824219,480.08
2011-05-03,20600.0,16.7,110.6,3.28,73.13999938964844,480.08
2011-05-04,20630.0,17.08,108.79,3.25,73.02999877929688,486.58
2011-05-05,20612.18179944347,18.2,99.89,3.18,74.19000244140625,479.29
2011-05-06,20622.808826562177,18.4,96.87,3.19,74.83999633789062,472.71
2011-05-09,20616.431295742703,17.16,100.32,3.17,74.73999786376953,477.47
2011-05-10,20600.0,15.91,103.39,3.23,74.61000061035156,481.29
2011-05-11,20580.0,16.95,97.88,3.19,75.33000183105469,483.15
2011-05-12,20580.0,16.03,98.53,3.22,75.23999786376953,482.14
2011-05-13,20590.0,17.07,99.21,3.18,75.76000213623047,479.67
2011-05-16,20612.18179944347,18.24,96.91,3.15,75.47000122070312,471.49
2011-05-17,20727.53653228314,17.55,96.4,3.12,75.4000015258789,464.35
2011-05-18,20815.986677768527,16.23,99.52,3.18,75.47000122070312,454.91
2011-05-19,20766.27556847679,15.52,97.99,3.17,75.12000274658203,444.85
2011-05-20,20700.0,17.43,99.15,3.15,75.43000030517578,432.87
2011-05-23,20688.941760628943,18.27,97.06,3.13,76.0999984741211,417.82
2011-05-24,20580.0,17.82,99.13,3.12,75.87999725341797,402.59
2011-05-25,20580.0,17.07,100.78,3.13,75.93000030517578,386.36
2011-05-26,20600.0,16.09,100.18,3.07,75.55000305175781,398.04
2011-05-27,20560.0,15.98,100.58,3.07,74.94999694824219,410.82
2011-05-31,20546.53790836244,15.45,102.7,3.05,74.63999938964844,421.37
2011-06-01,20586.72156459084,18.3,100.3,2.96,74.68000030517578,435.69
2011-06-02,20550.760378133993,18.09,100.41,3.04,74.33000183105469,450.59
2011-06-03,20520.0,17.95,100.28,2.99,73.77999877929688,443.41
2011-06-06,20593.080724876443,18.49,99.07,3.01,73.94999694824219,433.81
2011-06-07,20530.0,18.07,99.18,3.01,73.5199966430664,443.68
2011-06-08,20580.0,18.79,100.77,2.98,73.93000030517578,439.57
2011-06-09,20597.32234809475,17.77,101.95,3.01,74.19000244140625,443.95
2011-06-10,20550.760378133993,18.86,99.3,2.99,74.79000091552734,445.0
2011-06-13,20578.248791027883,19.61,97.2,3.0,74.51000213623047,442.69
2011-06-14,20540.0,18.26,99.37,3.11,74.33000183105469,441.54
2011-06-15,20571.898786257974,21.32,94.83,2.98,75.5999984741211,441.45
2011-06-16,20646.226902033653,22.73,94.95,2.93,75.75,445.17
2011-06-17,20751.193193608633,21.85,93.02,2.94,74.98999786376953,438.93
2011-06-20,20590.0,19.99,93.23,2.97,75.02999877929688,431.63
2011-06-21,20605.8108386565,18.86,93.7,2.99,74.54000091552734,442.74
2011-06-22,20520.0,18.52,94.96,3.01,74.77999877929688,439.63
2011-06-23,20601.565718994643,19.29,90.7,2.93,75.44999694824219,434.75
2011-06-24,20576.1316872428,21.1,90.89,2.88,75.66999816894531,433.4
2011-06-27,20616.431295742703,20.56,90.65,2.95,75.38999938964844,434.25
2011-06-28,20570.0,19.17,92.9,3.05,75.05999755859375,432.31
2011-06-29,20597.32234809475,17.27,94.85,3.14,74.69000244140625,434.6
2011-06-30,20586.72156459084,16.52,95.3,3.18,74.30000305175781,432.54
2011-07-01,20586.72156459084,15.87,94.81,3.22,74.3499984741211,425.29
2011-07-05,20601.565718994643,16.06,96.92,3.16,74.69000244140625,431.03
2011-07-06,20586.72156459084,16.34,96.67,3.12,75.12000274658203,428.3
2011-07-07,20601.565718994643,15.95,98.7,3.17,74.95999908447266,429.99
2011-07-08,20580.0,15.95,96.2,3.03,75.18000030517578,430.32
2011-07-11,20580.0,18.39,95.16,2.94,75.98999786376953,425.09
2011-07-12,20576.1316872428,19.87,97.41,2.92,75.80999755859375,417.25
2011-07-13,20560.0,19.91,98.04,2.92,75.20999908447266,418.18
2011-07-14,20576.1316872428,20.8,95.75,2.98,75.25,418.93
2011-07-15,20576.1316872428,19.53,97.24,2.94,75.12999725341797,414.74
2011-07-18,20567.667626491155,20.95,95.94,2.94,75.4800033569336,415.77
2011-07-19,20608.0,19.21,97.49,2.91,75.22000122070312,410.12
2011-07-20,20595.201318092884,19.09,98.11,2.96,74.79000091552734,416.77
2011-07-21,20586.72156459084,17.56,98.96,3.03,74.0199966430664,413.06
2011-07-22,20570.0,17.52,99.53,2.99,74.19999694824219,409.2
2011-07-25,20550.0,19.35,98.97,3.03,74.05999755859375,409.36
2011-07-26,20601.565718994643,20.23,99.61,2.99,73.47000122070312,409.39
2011-07-27,20580.366330520683,22.98,97.4,3.01,74.08999633789062,409.4
2011-07-28,20586.72156459084,23.74,97.48,2.98,74.22000122070312,408.39
2011-07-29,20580.0,25.25,95.68,2.82,73.9000015258789,405.7
2011-08-01,20580.0,23.66,94.98,2.77,74.26000213623047,401.95
2011-08-02,20560.0,24.79,93.78,2.66,74.51000213623047,396.55
2011-08-03,20500.0,23.38,91.87,2.64,74.04000091552734,391.47
2011-08-04,20570.0,31.66,86.75,2.47,75.12000274658203,396.05
2011-08-05,20586.72156459084,32.0,86.89,2.58,74.5999984741211,400.88
2011-08-08,20620.0,48.0,81.27,2.4,74.79000091552734,396.41
2011-08-09,20780.0,35.06,79.32,2.2,74.61000061035156,387.7
2011-08-10,20760.0,42.99,83.05,2.17,74.63999938964844,385.96
2011-08-11,20818.15342979078,39.0,85.48,2.34,74.68000030517578,384.44
2011-08-12,20810.0,36.36,85.19,2.24,74.61000061035156,383.92
2011-08-15,20800.0,31.87,87.88,2.29,73.83999633789062,384.32
2011-08-16,20787.859889824344,32.85,86.65,2.23,74.01000213623047,386.48
2011-08-17,20802.995631370915,31.58,87.58,2.17,73.66999816894531,393.46
2011-08-18,20818.15342979078,42.67,82.38,2.08,74.23999786376953,402.89
2011-08-19,20790.0,43.05,82.33,2.07,73.98999786376953,400.76
2011-08-22,20822.488287350337,42.44,84.42,2.1,74.06999969482422,406.03
2011-08-23,20820.0,36.27,85.35,2.15,73.87000274658203,401.28
2011-08-24,20830.0,35.9,84.99,2.29,74.01000213623047,396.68
2011-08-25,20813.82037673015,39.76,85.15,2.23,74.27999877929688,401.65
2011-08-26,20835.503698301905,35.59,85.37,2.19,73.80999755859375,404.41
2011-08-29,20835.503698301905,32.28,87.27,2.28,73.72000122070312,413.37
2011-08-30,20830.0,32.89,88.9,2.19,73.94000244140625,419.26
2011-08-31,20830.0,31.62,88.81,2.23,74.12999725341797,424.71
2011-09-01,20835.503698301905,31.82,88.93,2.15,74.4800033569336,435.29
2011-09-02,20830.0,33.92,86.45,2.02,74.75,435.29
2011-09-06,20820.320632937743,37.0,85.99,1.98,75.91999816894531,436.16
2011-09-07,20835.503698301905,33.38,89.34,2.05,75.45999908447266,443.99
2011-09-08,20800.0,34.32,89.05,2.0,76.23999786376953,453.26
2011-09-09,20800.0,38.52,87.24,1.93,77.19000244140625,459.92
2011-09-12,20830.0,38.59,88.19,1.94,77.56999969482422,462.93
2011-09-13,20800.0,36.91,90.21,2.0,76.91000366210938,469.4
2011-09-14,20830.0,34.6,88.91,2.03,76.83000183105469,466.99
2011-09-15,20890.0,31.97,89.4,2.09,76.23999786376953,470.67
2011-09-16,20835.503698301905,30.98,87.96,2.08,76.58000183105469,457.11
2011-09-19,20835.503698301905,32.73,85.7,1.97,77.38999938964844,461.68
2011-09-20,20800.0,32.86,86.92,1.95,77.02999877929688,454.37
2011-09-21,20890.0,37.32,85.77,1.88,77.33999633789062,447.57
2011-09-22,20824.656393169513,41.35,80.29,1.72,78.37999725341797,449.26
2011-09-23,20890.0,41.25,79.58,1.84,78.30000305175781,440.3
2011-09-26,20830.0,39.02,79.97,1.91,78.36000061035156,434.43
2011-09-27,20820.320632937743,37.71,84.18,2.0,77.51000213623047,437.47
2011-09-28,20830.0,41.08,80.94,2.03,77.8499984741211,433.97
2011-09-29,20835.503698301905,38.84,81.87,1.99,77.91999816894531,428.08
2011-09-30,20833.333333333336,42.96,78.93,1.92,78.55000305175781,427.6
2011-10-03,20830.0,45.45,77.34,1.8,79.44999694824219,422.12
2011-10-04,20810.0,40.82,75.4,1.81,79.5999984741211,418.18
2011-10-05,20844.189682126107,37.81,79.41,1.92,78.91000366210938,417.21
2011-10-06,20850.0,36.27,82.32,2.01,78.52999877929688,421.32
2011-10-07,20800.0,36.2,82.7,2.1,78.72000122070312,417.96
2011-10-10,20859.40759282437,33.02,85.14,2.1,77.5999984741211,419.66
2011-10-11,20860.0,32.86,85.54,2.18,77.58000183105469,417.73
2011-10-12,20874.647740319386,31.26,85.3,2.24,76.98999786376953,410.91
2011-10-13,20883.366398663464,30.7,83.96,2.19,76.98999786376953,412.59
2011-10-14,20891.0,28.24,86.8,2.26,76.62000274658203,414.49
2011-10-17,20909.566126502876,33.39,86.38,2.18,77.13999938964844,410.84
2011-10-18,20905.194940942823,31.56,88.34,2.19,77.12999725341797,404.32
2011-10-19,20940.215684221548,34.44,86.11,2.18,77.11000061035156,401.15
2011-10-20,20941.0,34.78,86.07,2.2,76.97000122070312,403.73
2011-10-21,20951.0,31.32,87.19,2.23,76.30000305175781,411.03
2011-10-24,20951.0,29.26,91.12,2.25,76.0199966430664,414.46
2011-10-25,20950.0,32.22,92.98,2.14,76.25,409.38
2011-10-26,20938.023450586265,29.86,90.2,2.23,76.19999694824219,412.1
2011-10-27,20953.0,25.46,93.96,2.42,74.87000274658203,414.75
2011-10-28,20927.069163963588,24.53,93.32,2.34,75.08999633789062,422.07
2011-10-31,21008.40336134454,29.96,93.19,2.17,76.16999816894531,420.81
2011-11-01,21008.40336134454,34.77,92.19,2.01,77.26000213623047,413.82
2011-11-02,21005.0,32.74,92.51,2.03,77.01000213623047,407.79
2011-11-03,21008.40336134454,30.5,94.07,2.09,76.66999816894531,408.44
2011-11-04,21010.610358230908,30.16,94.26,2.06,76.91000366210938,410.57
2011-11-07,21005.0,29.85,95.52,2.04,76.95999908447266,410.52
2011-11-08,21010.610358230908,27.48,96.8,2.1,76.66999816894531,408.6
2011-11-09,21008.0,36.16,95.74,2.0,77.93000030517578,405.19
2011-11-10,21005.0,32.81,97.78,2.04,77.63999938964844,401.03
2011-11-11,21010.610358230908,30.04,98.99,2.04,76.94000244140625,396.3
2011-11-14,21005.0,31.13,98.14,2.04,77.55999755859375,391.74
2011-11-15,21010.610358230908,31.22,99.37,2.06,77.87999725341797,387.87
2011-11-16,21008.40336134454,33.51,102.59,2.01,78.16000366210938,390.89
2011-11-17,21006.0,34.51,98.82,1.96,78.29000091552734,385.86
2011-11-18,21000.0,32.0,97.67,2.01,78.0199966430664,379.62
2011-11-21,21010.610358230908,32.91,96.73,1.97,78.30000305175781,379.14
2011-11-22,21005.0,31.97,97.76,1.94,78.2300033569336,381.76
2011-11-23,21006.0,33.98,96.16,1.89,79.0,388.57
2011-11-25,21008.40336134454,34.47,96.91,1.97,79.61000061035156,383.35
2011-11-28,21005.0,32.13,98.21,1.97,79.29000091552734,383.31
2011-11-29,21009.0,30.64,99.79,2.0,79.0,382.9
2011-11-30,21000.0,27.8,100.36,2.08,78.38999938964844,380.69
2011-12-01,21010.610358230908,27.41,100.2,2.11,78.31999969482422,380.1
2011-12-02,21000.0,27.52,100.97,2.05,78.62999725341797,383.88
2011-12-05,21010.0,27.84,100.94,2.04,78.61000061035156,391.19
2011-12-06,21010.0,28.13,101.25,2.08,78.51000213623047,390.2
2011-12-07,21010.0,28.67,100.45,2.02,78.4800033569336,387.21
2011-12-08,21010.610358230908,30.59,98.35,1.99,78.80999755859375,381.63
2011-12-09,21008.40336134454,26.38,99.4,2.07,78.62999725341797,377.16
2011-12-12,21005.0,25.67,97.77,2.03,79.56999969482422,375.3
2011-12-13,21001.7851517379,25.41,100.24,1.96,80.25,371.75
2011-12-14,21019.442984760903,26.04,94.92,1.92,80.52999877929688,367.55
2011-12-15,21017.23413198823,25.11,93.84,1.92,80.23999786376953,364.48
2011-12-16,21019.442984760903,24.29,93.55,1.86,80.25,366.03
2011-12-19,21014.0,24.92,93.86,1.82,80.25,367.4
2011-12-20,21008.40336134454,23.22,97.16,1.94,79.87999725341797,365.67
2011-12-21,21015.0,21.43,98.54,1.98,80.0199966430664,367.72
2011-12-22,21008.40336134454,21.16,99.42,1.97,79.91999816894531,360.37
2011-12-23,21017.23413198823,20.73,99.72,2.03,80.01000213623047,356.21
2011-12-27,21034.917963819946,21.91,101.29,2.02,79.79000091552734,347.8
2011-12-28,21008.40336134454,23.52,99.44,1.93,80.48999786376953,350.66
2011-12-29,21010.0,22.65,99.68,1.91,80.4800033569336,350.51
2011-12-30,21037.130535394972,23.4,98.83,1.89,80.16999816894531,351.55
2012-01-03,21026.0,22.97,102.96,1.97,79.61000061035156,350.0
2012-01-04,21026.0,22.22,103.22,2.0,80.08999633789062,348.84
2012-01-05,21026.0,21.48,101.81,2.02,80.94000244140625,340.94
2012-01-06,21031.0,20.63,101.56,1.98,81.23999786376953,336.73
2012-01-09,21037.130535394972,21.07,101.31,1.98,81.05000305175781,339.32
2012-01-10,21000.0,20.69,102.24,2.0,80.80000305175781,344.68
2012-01-11,21032.705857608584,21.05,100.89,1.93,81.3499984741211,347.43
2012-01-12,21034.0,20.47,99.03,1.94,80.7699966430664,348.11
2012-01-13,21037.130535394972,20.91,98.69,1.89,81.43000030517578,354.33
2012-01-17,21000.0,22.2,100.7,1.87,81.18000030517578,358.86
2012-01-18,20933.640360058613,20.89,100.61,1.92,80.5999984741211,362.66
2012-01-19,20900.825582610512,19.87,100.32,2.01,80.20999908447266,373.43
2012-01-20,20810.0,18.28,98.15,2.05,80.22000122070312,373.0
2012-01-23,20872.46921310791,18.67,99.47,2.09,79.69000244140625,373.0
2012-01-24,20872.46921310791,18.91,98.84,2.08,79.86000061035156,373.0
2012-01-25,20850.0,18.31,99.23,2.01,79.56999969482422,373.0
2012-01-26,20850.0,18.57,99.76,1.96,79.41000366210938,373.0
2012-01-27,20850.0,18.53,99.47,1.93,78.9000015258789,373.0
2012-01-30,20970.95522701059,19.4,98.75,1.87,79.16000366210938,384.94
2012-01-31,21021.652301870927,19.44,98.46,1.83,79.27999877929688,387.97
2012-02-01,20980.0,18.55,97.63,1.87,78.91999816894531,390.67
2012-02-02,20986.358866736624,17.98,96.36,1.86,78.97000122070312,401.61
2012-02-03,20950.0,17.1,97.8,1.97,78.94000244140625,401.74
2012-02-06,20920.0,17.76,96.89,1.93,79.08999633789062,399.73
2012-02-07,20900.0,17.65,98.55,2.0,78.56999969482422,401.08
2012-02-08,20938.023450586265,18.16,98.8,2.01,78.63999938964844,409.53
2012-02-09,20870.0,18.63,99.88,2.04,78.55999755859375,411.39
2012-02-10,20870.0,20.79,98.68,1.96,79.11000061035156,405.02
2012-02-13,20857.23224528105,19.04,100.39,1.99,78.94000244140625,395.54
2012-02-14,20840.0,19.54,100.82,1.92,79.58000183105469,400.26
2012-02-15,20820.0,21.14,101.82,1.93,79.66999816894531,397.41
2012-02-16,20770.0,19.22,102.33,1.99,79.33999633789062,396.51
2012-02-17,20826.82495053629,17.78,103.27,2.01,79.33000183105469,403.3
2012-02-21,20831.16342047703,18.19,105.88,2.05,79.04000091552734,410.91
2012-02-22,20837.674515524068,18.19,105.99,2.01,79.20999908447266,418.41
2012-02-23,20822.488287350337,16.8,107.44,1.99,78.80999755859375,423.89
2012-02-24,20842.017507294702,17.31,109.39,1.98,78.3499984741211,423.43
2012-02-27,20846.362309776945,18.19,108.49,1.92,78.55999755859375,428.41
2012-02-28,20820.0,17.96,106.59,1.94,78.2699966430664,422.22
2012-02-29,20837.674515524068,18.43,107.08,1.98,78.7300033569336,423.64
2012-03-01,20848.535390388824,17.26,108.76,2.03,78.77999877929688,427.95
2012-03-02,20825.0,17.29,106.68,1.99,79.4000015258789,439.6
2012-03-05,20831.16342047703,18.05,106.7,2.0,79.31999969482422,457.21
2012-03-06,20820.0,20.87,104.71,1.96,79.86000061035156,445.0
2012-03-07,20825.0,19.07,106.16,1.98,79.70999908447266,444.02
2012-03-08,20837.674515524068,17.95,106.65,2.03,79.16000366210938,431.66
2012-03-09,20831.16342047703,17.11,107.4,2.04,80.04000091552734,432.11
2012-03-12,20810.0,15.64,106.34,2.04,79.87000274658203,428.02
2012-03-13,20842.017507294702,14.8,106.7,2.14,80.19000244140625,429.39
2012-03-14,20842.017507294702,15.31,105.49,2.29,80.55999755859375,433.86
2012-03-15,20831.16342047703,15.42,105.19,2.29,80.1500015258789,441.85
2012-03-16,20800.0,14.47,107.03,2.31,79.77999877929688,438.52
2012-03-19,20835.503698301905,15.04,108.09,2.39,79.44999694824219,438.07
2012-03-20,20831.16342047703,15.58,105.68,2.38,79.58999633789062,440.29
2012-03-21,20872.46921310791,15.13,106.87,2.31,79.62999725341797,445.77
2012-03-22,20830.0,15.57,104.98,2.29,79.73999786376953,445.67
2012-03-23,20860.0,14.82,106.43,2.25,79.33999633789062,454.1
2012-03-26,20900.825582610512,14.26,107.07,2.26,78.93000030517578,459.26
2012-03-27,20868.11352253756,15.59,107.32,2.2,79.04000091552734,445.92
2012-03-28,20830.0,15.47,105.4,2.21,79.16000366210938,446.32
2012-03-29,20800.0,15.48,102.79,2.18,79.18000030517578,439.63
2012-03-30,20820.0,15.5,103.03,2.23,78.93000030517578,441.03
2012-04-02,20850.70892410342,15.64,105.25,2.22,78.81999969482422,441.03
2012-04-03,20830.0,15.66,104.02,2.3,79.4800033569336,445.77
2012-04-04,20837.674515524068,16.44,101.53,2.25,79.76000213623047,439.77
2012-04-05,20800.0,16.7,103.29,2.19,80.06999969482422,444.93
2012-04-09,20837.674515524068,18.81,102.45,2.06,79.7300033569336,450.73
2012-04-10,20800.0,20.39,101.12,2.01,79.88999938964844,450.85
2012-04-11,20800.0,20.02,102.66,2.05,79.77999877929688,458.74
2012-04-12,20842.017507294702,17.2,103.69,2.08,79.27999877929688,465.26
2012-04-13,20826.82495053629,19.55,102.84,2.02,79.87999725341797,462.52
2012-04-16,20826.82495053629,19.55,102.92,2.0,79.55000305175781,468.26
2012-04-17,20826.82495053629,18.46,104.23,2.03,79.47000122070312,472.84
2012-04-18,20826.82495053629,18.64,102.65,2.0,79.52999877929688,472.16
2012-04-19,20826.82495053629,18.36,102.38,1.98,79.55999755859375,467.08
2012-04-20,20820.0,17.44,103.58,1.99,79.18000030517578,465.72
2012-04-23,20842.017507294702,18.97,102.68,1.96,79.41999816894531,465.17
2012-04-24,20800.0,18.1,103.1,2.0,79.22000122070312,465.65
2012-04-25,20857.23224528105,16.82,103.72,2.01,79.01000213623047,472.87
2012-04-26,20840.0,16.24,104.56,1.98,78.91000366210938,470.21
2012-04-27,20868.11352253756,16.32,104.86,1.96,78.69999694824219,473.77
2012-04-30,20868.11352253756,17.15,104.89,1.95,78.79000091552734,473.77
2012-05-01,20868.11352253756,16.6,106.17,1.98,78.86000061035156,473.77
2012-05-02,20840.0,16.88,105.25,1.96,79.12999725341797,472.46
2012-05-03,20859.40759282437,17.56,102.56,1.96,79.22000122070312,468.8
2012-05-04,20927.069163963588,19.16,98.49,1.91,79.47000122070312,476.32
2012-05-07,20872.46921310791,18.94,97.86,1.92,79.5999984741211,486.31
2012-05-08,20820.0,19.05,97.13,1.88,79.7300033569336,488.07
2012-05-09,20861.58339417962,20.08,96.8,1.87,80.08000183105469,487.62
2012-05-10,20927.069163963588,18.83,97.1,1.89,80.11000061035156,486.07
2012-05-11,20846.362309776945,19.89,96.03,1.84,80.27999877929688,480.1
2012-05-14,20861.58339417962,21.87,94.75,1.78,80.5999984741211,469.69
2012-05-15,20857.23224528105,21.97,93.97,1.76,81.22000122070312,455.65
2012-05-16,20845.0,22.27,92.78,1.76,81.37000274658203,449.91
2012-05-17,20820.0,24.49,92.53,1.7,81.37999725341797,442.58
2012-05-18,20810.0,25.1,91.51,1.71,81.29000091552734,434.95
2012-05-21,20820.0,22.01,92.57,1.75,81.08000183105469,448.02
2012-05-22,20845.0,22.48,91.44,1.79,81.66999816894531,447.94
2012-05-23,20850.70892410342,22.33,89.4,1.73,82.08999633789062,436.75
2012-05-24,20861.58339417962,21.54,90.36,1.77,82.29000091552734,426.92
2012-05-25,20840.0,21.76,90.64,1.75,82.4000015258789,437.38
2012-05-29,20830.0,21.03,90.75,1.74,82.44000244140625,431.44
2012-05-30,20860.0,24.14,87.79,1.63,83.01000213623047,435.34
2012-05-31,20820.0,24.06,86.52,1.59,83.04000091552734,429.2
2012-06-01,20868.11352253756,26.66,83.17,1.47,82.88999938964844,428.8
2012-06-04,20900.0,26.12,83.95,1.53,82.55000305175781,416.65
2012-06-05,20953.378732320587,24.68,84.31,1.57,82.80000305175781,421.02
2012-06-06,20980.0,22.16,85.05,1.66,82.31999969482422,426.39
2012-06-07,21006.19682806428,21.72,84.78,1.66,82.05000305175781,434.41
2012-06-08,20940.0,21.23,84.08,1.65,82.51000213623047,432.9
2012-06-11,20990.764063811923,23.56,82.58,1.6,82.51000213623047,432.5
2012-06-12,20860.0,22.09,83.35,1.67,82.41000366210938,428.16
2012-06-13,20920.0,24.27,82.56,1.61,82.05000305175781,427.61
2012-06-14,20920.0,21.68,83.83,1.64,81.9000015258789,425.28
2012-06-15,20962.16329525207,21.11,84.03,1.6,81.58999633789062,433.09
2012-06-18,20920.0,18.32,83.26,1.59,81.94000244140625,435.59
2012-06-19,20950.0,18.38,83.99,1.64,81.37000274658203,431.08
2012-06-20,20942.40837696335,17.24,81.06,1.65,81.48999786376953,432.89
2012-06-21,20922.690658018622,20.08,77.91,1.63,82.31999969482422,431.14
2012-06-22,20860.0,18.11,79.33,1.69,82.22000122070312,427.17
2012-06-25,20927.069163963588,20.38,78.76,1.63,82.45999908447266,424.12
2012-06-26,20927.069163963588,19.72,79.34,1.66,82.37000274658203,419.19
2012-06-27,20892.092343048156,19.45,80.27,1.65,82.55999755859375,418.04
2012-06-28,20900.0,19.71,77.72,1.6,82.66999816894531,418.16
2012-06-29,20880.0,17.08,85.04,1.67,81.6500015258789,422.37
2012-07-02,20870.0,16.8,83.72,1.61,81.87000274658203,419.3
2012-07-03,20870.0,16.66,87.74,1.65,81.77999877929688,413.09
2012-07-05,20860.0,17.5,87.11,1.62,82.80999755859375,413.83
2012-07-06,20850.0,17.1,84.37,1.57,83.29000091552734,415.44
2012-07-09,20876.826722338206,17.98,85.93,1.53,83.16000366210938,408.12
2012-07-10,20883.366398663464,18.72,83.92,1.53,83.36000061035156,405.39
2012-07-11,20850.0,17.95,85.88,1.54,83.56999969482422,407.28
2012-07-12,20872.46921310791,18.33,86.02,1.5,83.6500015258789,408.72
2012-07-13,20861.58339417962,16.74,87.15,1.52,83.30000305175781,416.98
2012-07-16,20861.58339417962,17.11,88.41,1.5,83.08999633789062,413.98
2012-07-17,20852.882911062457,16.48,89.07,1.53,83.02999877929688,417.55
2012-07-18,20857.23224528105,16.16,89.88,1.52,82.94999694824219,418.83
2012-07-19,20842.017507294702,15.45,92.78,1.54,82.9000015258789,428.38
2012-07-20,20846.362309776945,16.27,91.56,1.49,83.47000122070312,424.47
2012-07-23,20830.0,18.62,87.77,1.47,83.70999908447266,421.99
2012-07-24,20860.0,20.47,88.28,1.44,84.01000213623047,415.63
2012-07-25,20887.728459530023,19.34,88.8,1.43,83.5199966430664,412.91
2012-07-26,20883.366398663464,17.53,89.4,1.45,82.80999755859375,414.8
2012-07-27,20883.366398663464,16.7,90.13,1.58,82.70999908447266,413.16
2012-07-30,20872.46921310791,18.03,89.8,1.53,82.79000091552734,415.0
2012-07-31,20850.0,18.93,88.08,1.51,82.63999938964844,414.48
2012-08-01,20840.0,18.96,88.99,1.56,83.05999755859375,412.55
2012-08-02,20868.11352253756,17.57,87.22,1.51,83.33000183105469,416.1
2012-08-03,20868.11352253756,15.64,91.4,1.6,82.37999725341797,418.21
2012-08-06,20850.0,15.95,92.3,1.59,82.2699966430664,423.16
2012-08-07,20868.11352253756,15.99,93.68,1.66,82.20999908447266,422.5
2012-08-08,20868.11352253756,15.32,93.39,1.68,82.38999938964844,423.57
2012-08-09,20861.58339417962,15.28,93.39,1.69,82.63999938964844,426.98
2012-08-10,20868.11352253756,14.74,92.94,1.65,82.55000305175781,425.56
2012-08-13,20800.0,13.7,92.76,1.65,82.44000244140625,426.17
2012-08-14,20953.378732320587,14.85,93.4,1.73,82.4800033569336,429.47
2012-08-15,20830.0,14.63,94.35,1.8,82.6500015258789,430.77
2012-08-16,20830.0,14.29,95.66,1.83,82.36000061035156,430.83
2012-08-17,20868.11352253756,13.45,96.0,1.81,82.5999984741211,433.45
2012-08-20,20820.0,14.02,96.03,1.82,82.45999908447266,437.28
2012-08-21,20848.535390388824,15.02,96.55,1.8,81.91000366210938,416.84
2012-08-22,20820.0,15.11,96.89,1.71,81.48999786376953,410.23
2012-08-23,20860.0,15.96,95.87,1.68,81.36000061035156,392.82
2012-08-24,20830.0,15.18,95.78,1.68,81.58999633789062,399.72
2012-08-27,20840.0,16.35,95.54,1.65,81.66000366210938,386.19
2012-08-28,20876.826722338206,16.49,96.3,1.64,81.37000274658203,385.78
2012-08-29,20868.11352253756,17.06,95.5,1.66,81.55000305175781,393.06
2012-08-30,20861.58339417962,17.83,94.61,1.63,81.68000030517578,397.25
2012-08-31,20842.017507294702,17.47,96.47,1.57,81.25,396.02
2012-09-04,20835.0,17.98,95.34,1.59,81.31999969482422,402.08
2012-09-05,20861.58339417962,17.74,95.37,1.6,81.23999786376953,398.92
2012-09-06,20857.23224528105,15.6,95.58,1.68,81.08000183105469,393.41
2012-09-07,20852.882911062457,14.38,96.41,1.67,80.25,397.51
2012-09-10,20868.11352253756,16.28,96.52,1.68,80.36000061035156,388.88
2012-09-11,20830.0,16.41,97.03,1.7,79.86000061035156,386.62
2012-09-12,20846.362309776945,15.8,97.02,1.77,79.73999786376953,388.35
2012-09-13,20840.0,14.05,98.3,1.75,79.26000213623047,391.36
2012-09-14,20868.11352253756,14.51,98.94,1.88,78.8499984741211,398.87
2012-09-17,20857.23224528105,14.59,96.51,1.85,79.01000213623047,401.75
2012-09-18,20820.0,14.18,95.25,1.82,79.25,394.51
2012-09-19,20850.0,13.88,91.97,1.79,79.05999755859375,394.55
2012-09-20,20883.366398663464,14.07,92.14,1.8,79.41000366210938,389.28
2012-09-21,20840.0,13.98,92.64,1.77,79.33000183105469,395.48
2012-09-24,20872.46921310791,14.15,91.68,1.74,79.5199966430664,390.37
2012-09-25,20850.70892410342,15.43,91.07,1.7,79.55000305175781,391.77
2012-09-26,20876.826722338206,16.81,89.92,1.64,79.88999938964844,395.12
2012-09-27,20887.728459530023,14.84,91.89,1.66,79.55000305175781,393.34
2012-09-28,20875.0,15.73,92.18,1.65,79.94000244140625,392.57
2012-10-01,20865.0,16.32,92.44,1.64,79.81999969482422,386.55
2012-10-02,20887.728459530023,15.71,91.88,1.64,79.73999786376953,384.32
2012-10-03,20870.0,15.43,88.19,1.64,79.97000122070312,385.37
2012-10-04,20892.092343048156,14.55,91.69,1.7,79.3499984741211,384.51
2012-10-05,20887.728459530023,14.33,89.87,1.75,79.33999633789062,388.16
2012-10-08,20860.0,15.11,89.43,1.75,79.54000091552734,393.45
2012-10-09,20872.46921310791,16.37,92.42,1.74,79.94999694824219,393.67
2012-10-10,20830.0,16.29,91.24,1.72,79.91999816894531,394.66
2012-10-11,20861.58339417962,15.59,92.19,1.7,79.77999877929688,394.19
2012-10-12,20846.362309776945,16.14,91.83,1.69,79.69000244140625,392.54
2012-10-15,20852.882911062457,15.27,91.84,1.7,79.73999786376953,391.56
2012-10-16,20852.882911062457,15.22,92.07,1.75,79.37000274658203,399.22
2012-10-17,20852.882911062457,15.07,92.04,1.83,79.0199966430664,397.02
2012-10-18,20820.0,15.03,92.0,1.86,79.37000274658203,398.51
2012-10-19,20820.0,17.06,90.0,1.79,79.63999938964844,398.23
2012-10-22,20830.0,16.62,88.3,1.83,79.6500015258789,397.0
2012-10-23,20830.0,18.83,86.65,1.79,79.9800033569336,397.71
2012-10-24,20825.0,18.33,85.39,1.8,79.97000122070312,395.45
2012-10-25,20825.0,18.12,85.59,1.86,80.04000091552734,389.92
2012-10-26,20820.0,17.81,85.84,1.78,80.06999969482422,391.7
2012-10-31,20852.882911062457,18.6,86.23,1.72,79.91999816894531,388.42
2012-11-01,20835.0,16.69,87.05,1.75,80.05000305175781,387.95
2012-11-02,20852.882911062457,17.59,84.9,1.75,80.58999633789062,375.26
2012-11-05,20852.882911062457,18.42,85.64,1.72,80.75,377.27
2012-11-06,20830.0,17.58,88.62,1.78,80.61000061035156,376.95
2012-11-07,20840.0,19.08,84.5,1.68,80.76000213623047,380.9
2012-11-08,20820.0,18.49,85.07,1.62,80.79000091552734,385.6
2012-11-09,20842.017507294702,18.61,86.08,1.61,81.02999877929688,386.71
2012-11-12,20850.70892410342,16.68,85.56,1.61,81.04000091552734,388.62
2012-11-13,20820.0,16.65,85.38,1.59,81.08000183105469,385.22
2012-11-14,20852.882911062457,17.92,86.32,1.59,81.05999755859375,387.71
2012-11-15,20850.70892410342,17.99,85.45,1.58,81.08000183105469,386.91
2012-11-16,20800.0,16.41,86.62,1.58,81.26000213623047,385.71
2012-11-19,20861.58339417962,15.24,89.05,1.61,80.87000274658203,383.32
2012-11-20,20852.882911062457,15.08,86.46,1.66,80.95999908447266,385.1
2012-11-21,20825.0,15.31,87.08,1.69,80.93000030517578,383.87
2012-11-23,20868.11352253756,15.14,87.01,1.7,80.19000244140625,381.71
2012-11-26,20840.0,15.5,87.28,1.66,80.25,377.9
2012-11-27,20840.0,15.92,86.81,1.64,80.4000015258789,376.89
2012-11-28,20852.882911062457,15.51,86.1,1.63,80.33999633789062,375.79
2012-11-29,20857.23224528105,15.06,87.64,1.62,80.19999694824219,378.2
2012-11-30,20852.882911062457,15.87,88.54,1.62,80.1500015258789,377.82
2012-12-03,20825.0,16.64,88.69,1.63,79.87999725341797,379.27
2012-12-04,20852.882911062457,17.12,88.04,1.62,79.63999938964844,382.1
2012-12-05,20830.0,16.46,87.36,1.6,79.7699966430664,385.69
2012-12-06,20830.0,16.58,85.47,1.59,80.26000213623047,385.69
2012-12-07,20842.017507294702,15.9,85.45,1.64,80.41999816894531,383.8
2012-12-10,20842.017507294702,16.05,85.14,1.63,80.33000183105469,386.69
2012-12-11,20857.23224528105,15.57,85.36,1.66,80.05999755859375,389.37
2012-12-12,20815.0,15.95,86.35,1.72,79.88999938964844,391.08
2012-12-13,20815.0,16.56,85.39,1.74,79.93000030517578,391.19
2012-12-14,20815.0,17.0,86.32,1.72,79.5999984741211,392.21
2012-12-17,20842.017507294702,16.34,86.71,1.78,79.56999969482422,393.63
2012-12-18,20815.0,15.57,87.46,1.84,79.36000061035156,393.39
2012-12-19,20835.0,17.36,89.09,1.82,79.25,398.59
2012-12-20,20861.58339417962,17.67,89.76,1.81,79.26000213623047,399.68
2012-12-21,20830.0,17.84,88.2,1.77,79.62000274658203,396.78
2012-12-24,20852.882911062457,17.84,88.29,1.79,79.63999938964844,399.71
2012-12-26,20846.362309776945,19.48,90.71,1.77,79.62000274658203,406.1
2012-12-27,20818.0,19.47,90.91,1.74,79.62000274658203,409.97
2012-12-28,20815.0,22.72,90.66,1.73,79.68000030517578,413.73
2012-12-31,20842.017507294702,18.02,91.83,1.78,79.7699966430664,413.73
2013-01-02,20815.0,14.68,93.14,1.86,79.8499984741211,418.35
2013-01-03,20842.017507294702,14.56,92.97,1.92,80.43000030517578,419.27
2013-01-04,20844.189682126107,13.83,93.12,1.93,80.5,426.06
2013-01-07,20815.0,13.79,93.2,1.92,80.26000213623047,434.19
2013-01-08,20815.0,13.62,93.21,1.89,80.3499984741211,447.16
2013-01-09,20842.017507294702,13.81,93.08,1.88,80.55999755859375,448.77
2013-01-10,20815.0,13.49,93.81,1.91,79.73999786376953,460.12
2013-01-11,20800.0,13.36,93.6,1.89,79.55999755859375,462.69
2013-01-14,20841.0,13.52,94.27,1.89,79.48999786376953,458.97
2013-01-15,20844.189682126107,13.55,93.26,1.86,79.77999877929688,461.42
2013-01-16,20846.362309776945,13.42,94.28,1.84,79.80000305175781,465.25
2013-01-17,20820.0,13.57,95.49,1.89,79.6500015258789,456.76
2013-01-18,20820.0,12.46,95.61,1.87,80.05000305175781,454.16
2013-01-22,20846.362309776945,12.43,96.09,1.86,79.87000274658203,442.85
2013-01-23,20820.0,12.46,95.06,1.86,79.91999816894531,443.37
2013-01-24,20820.0,12.69,95.35,1.88,79.94999694824219,452.4
2013-01-25,20842.017507294702,12.89,95.15,1.98,79.75,468.09
2013-01-28,20842.017507294702,13.57,95.95,2.0,79.77999877929688,479.6
2013-01-29,20830.0,13.31,97.62,2.03,79.55999755859375,484.01
2013-01-30,20805.0,14.32,97.98,2.03,79.27999877929688,487.6
2013-01-31,20842.017507294702,14.28,97.65,2.02,79.20999908447266,479.79
2013-02-01,20805.0,12.9,97.46,2.04,79.12999725341797,483.42
2013-02-04,20815.0,14.67,96.21,2.0,79.55000305175781,482.38
2013-02-05,20831.16342047703,13.72,96.68,2.04,79.48999786376953,477.36
2013-02-06,20831.16342047703,13.41,96.44,2.0,79.72000122070312,488.36
2013-02-07,20800.0,13.5,95.84,1.99,80.19000244140625,490.62
2013-02-08,20820.0,13.02,95.71,1.99,80.25,494.03
2013-02-11,20846.362309776945,12.94,97.01,1.99,80.30999755859375,494.03
2013-02-12,20846.362309776945,12.64,97.48,2.02,80.11000061035156,494.03
2013-02-13,20846.362309776945,12.98,97.03,2.05,80.08999633789062,494.03
2013-02-14,20846.362309776945,12.66,97.3,2.0,80.45999908447266,494.03
2013-02-15,20846.362309776945,12.46,95.95,2.01,80.58000183105469,494.03
2013-02-19,20852.882911062457,12.31,96.69,2.03,80.47000122070312,490.78
2013-02-20,20872.46921310791,14.68,94.92,2.02,81.08999633789062,494.83
2013-02-21,20896.458050360467,15.22,92.79,1.99,81.45999908447266,476.73
2013-02-22,20860.0,14.17,93.12,1.97,81.4800033569336,477.69
2013-02-25,20887.728459530023,18.99,92.74,1.88,81.66999816894531,483.69
2013-02-26,20892.092343048156,16.87,92.63,1.88,81.87000274658203,465.05
2013-02-27,20942.40837696335,14.73,92.84,1.91,81.5999984741211,465.72
2013-02-28,20957.770093262076,15.51,92.03,1.89,81.9800033569336,474.56
2013-03-01,20927.069163963588,15.36,90.71,1.86,82.30999755859375,477.15
2013-03-04,20940.0,14.01,90.13,1.88,82.22000122070312,468.74
2013-03-05,20950.0,13.48,90.88,1.9,82.08999633789062,462.12
2013-03-06,20951.183741881418,13.53,90.47,1.95,82.45999908447266,471.09
2013-03-07,20938.023450586265,13.06,91.53,2.0,82.08000183105469,466.63
2013-03-08,20910.0,12.59,92.01,2.06,82.69999694824219,470.68
2013-03-11,20910.0,11.56,92.07,2.07,82.56999969482422,476.5
2013-03-12,20946.79514034353,12.27,92.44,2.03,82.58000183105469,475.34
2013-03-13,20920.0,11.83,92.47,2.04,82.88999938964844,473.18
2013-03-14,20910.0,11.3,93.03,2.04,82.61000061035156,474.6
2013-03-15,20930.0,11.3,93.49,2.01,82.26000213623047,481.35
2013-03-18,20946.79514034353,13.36,93.71,1.96,82.69000244140625,479.13
2013-03-19,20947.0,14.39,92.44,1.92,82.98999786376953,480.48
2013-03-20,20948.989211270557,12.67,93.21,1.96,82.77999877929688,487.04
2013-03-21,20927.0,13.99,92.46,1.95,82.80000305175781,491.79
2013-03-22,20920.0,13.57,93.41,1.93,82.52999877929688,489.99
2013-03-25,20946.79514034353,13.74,94.55,1.93,82.87000274658203,493.57
2013-03-26,20946.79514034353,12.77,95.99,1.92,82.87999725341797,489.46
2013-03-27,20938.023450586265,13.15,96.53,1.87,83.20999908447266,491.26
2013-03-28,20920.0,12.7,97.24,1.87,82.98999786376953,490.67
2013-04-01,20944.60152895591,13.58,97.1,1.86,82.7300033569336,505.81
2013-04-02,20910.0,12.78,97.23,1.88,82.94000244140625,509.43
2013-04-03,20915.0,14.21,95.02,1.83,82.72000122070312,505.93
2013-04-04,20927.069163963588,13.89,93.26,1.78,82.68000030517578,497.35
2013-04-05,20900.0,13.92,92.76,1.72,82.5,502.58
2013-04-08,20927.069163963588,13.19,93.36,1.76,82.75,506.66
2013-04-09,20880.0,12.84,94.18,1.78,82.30999755859375,510.49
2013-04-10,20857.23224528105,12.36,94.59,1.84,82.52999877929688,496.5
2013-04-11,20830.0,12.24,93.44,1.82,82.25,504.07
2013-04-12,20857.23224528105,12.06,91.23,1.75,82.30999755859375,494.27
2013-04-15,20903.010033444814,17.27,88.75,1.72,82.41999816894531,480.02
2013-04-16,20900.0,13.96,88.73,1.75,81.75,478.07
2013-04-17,20887.728459530023,16.51,86.65,1.73,82.66000366210938,483.99
2013-04-18,20870.0,17.56,87.83,1.72,82.55000305175781,473.21
2013-04-19,20900.825582610512,14.97,88.04,1.73,82.70999908447266,473.21
2013-04-22,20927.069163963588,14.39,88.81,1.72,82.68000030517578,468.43
2013-04-23,20900.0,13.48,89.21,1.74,83.02999877929688,473.69
2013-04-24,20900.0,13.61,91.07,1.73,82.93000030517578,472.89
2013-04-25,20916.126333403052,13.62,93.27,1.74,82.73999786376953,476.59
2013-04-26,20810.0,13.61,92.63,1.7,82.4800033569336,474.51
2013-04-29,20842.017507294702,13.71,94.09,1.7,82.1500015258789,474.51
2013-04-30,20810.0,13.52,93.22,1.7,81.7300033569336,474.51
2013-05-01,20810.0,14.49,90.74,1.66,81.63999938964844,474.51
2013-05-02,20910.0,13.59,93.7,1.66,82.20999908447266,473.02
2013-05-03,20915.0,12.85,95.25,1.78,82.0999984741211,475.24
2013-05-06,20910.0,12.66,95.8,1.8,82.31999969482422,488.32
2013-05-07,20938.023450586265,12.83,95.28,1.82,82.30000305175781,485.58
2013-05-08,20910.0,12.66,96.24,1.81,81.9000015258789,485.07
2013-05-09,20946.79514034353,13.13,96.09,1.81,82.79000091552734,486.22
2013-05-10,20942.40837696335,12.59,95.81,1.9,83.13999938964844,486.1
2013-05-13,20938.0,12.55,94.76,1.92,83.26000213623047,488.93
2013-05-14,20942.40837696335,12.77,93.96,1.96,83.56999969482422,483.85
2013-05-15,20920.0,12.81,93.95,1.94,83.83000183105469,485.97
2013-05-16,20920.0,13.07,94.85,1.87,83.7699966430664,490.34
2013-05-17,20950.0,12.45,95.72,1.95,84.27999877929688,487.6
2013-05-20,20995.17111064455,13.02,96.29,1.97,83.80999755859375,492.27
2013-05-21,20915.0,13.37,95.55,1.94,83.86000061035156,500.18
2013-05-22,20970.0,13.82,93.98,2.03,84.25,502.23
2013-05-23,20970.0,14.07,94.12,2.02,83.80000305175781,498.22
2013-05-24,20910.0,13.99,93.84,2.01,83.69999694824219,500.24
2013-05-28,21001.7851517379,14.48,94.65,2.15,84.13999938964844,516.33
2013-05-29,21010.610358230908,14.83,93.13,2.13,83.63999938964844,515.09
2013-05-30,20980.0,14.53,93.57,2.13,83.01000213623047,521.45
2013-05-31,20990.0,16.3,91.93,2.16,83.37999725341797,518.39
2013-06-03,20975.0,16.28,93.41,2.13,82.68000030517578,517.03
2013-06-04,20980.0,16.27,93.36,2.14,82.7699966430664,510.69
2013-06-05,21000.0,17.5,93.66,2.1,82.56999969482422,514.64
2013-06-06,21015.025743406535,16.63,94.71,2.08,81.5199966430664,520.9
2013-06-07,21000.0,15.14,96.11,2.17,81.69000244140625,527.97
2013-06-10,21021.652301870927,15.44,95.82,2.22,81.6500015258789,524.56
2013-06-11,21030.49421661409,17.07,95.5,2.2,81.05999755859375,521.95
2013-06-12,21021.652301870927,18.59,95.98,2.25,80.95999908447266,518.24
2013-06-13,21039.34357248054,16.41,96.66,2.19,80.62000274658203,515.09
2013-06-14,20970.0,17.15,97.83,2.14,80.66999816894531,509.03
2013-06-17,21030.0,16.8,97.86,2.19,80.56999969482422,498.52
2013-06-18,21039.34357248054,16.61,98.46,2.2,80.62000274658203,498.88
2013-06-19,21035.0,16.64,98.24,2.33,81.43000030517578,503.37
2013-06-20,21039.34357248054,20.49,94.89,2.41,81.83999633789062,499.51
2013-06-21,21035.0,18.9,93.81,2.52,82.31999969482422,498.84
2013-06-24,21035.0,20.11,95.07,2.57,82.43000030517578,489.74
2013-06-25,21035.0,18.47,95.25,2.6,82.58000183105469,473.02
2013-06-26,21039.34357248054,17.21,95.47,2.55,82.94999694824219,473.53
2013-06-27,21021.652301870927,16.86,97.0,2.49,82.91000366210938,482.95
2013-06-28,21170.0,16.86,96.36,2.52,83.16999816894531,481.13
2013-07-01,21130.0,16.37,97.94,2.5,82.9800033569336,480.04
2013-07-02,21160.0,16.44,99.65,2.48,83.54000091552734,489.84
2013-07-03,21220.159151193635,16.2,101.92,2.52,83.2300033569336,487.35
2013-07-05,21240.441801189463,14.89,103.09,2.73,84.41999816894531,485.66
2013-07-08,21206.65889089174,14.78,103.03,2.65,84.19999694824219,482.77
2013-07-09,21240.0,14.35,103.46,2.65,84.58000183105469,485.5
2013-07-10,21240.0,14.21,106.41,2.7,84.04000091552734,484.43
2013-07-11,21235.931195582925,14.01,104.77,2.6,82.75,484.47
2013-07-12,21200.0,13.84,105.85,2.61,82.98999786376953,493.99
2013-07-15,21210.0,13.79,106.2,2.57,83.04000091552734,494.1
2013-07-16,21205.0,14.42,105.88,2.55,82.43000030517578,496.22
2013-07-17,21230.0,13.78,106.39,2.52,82.70999908447266,497.5
2013-07-18,21240.0,13.77,107.94,2.56,82.81999969482422,496.84
2013-07-19,21226.915729144555,12.54,108.0,2.5,82.58000183105469,503.76
2013-07-22,21200.0,12.29,106.61,2.5,82.22000122070312,506.16
2013-07-23,21226.915729144555,12.66,107.13,2.53,82.01000213623047,504.29
2013-07-24,21200.0,13.18,105.41,2.61,82.30000305175781,494.18
2013-07-25,21229.168878038425,12.97,105.47,2.61,81.97000122070312,491.78
2013-07-26,21180.0,12.72,104.76,2.58,81.62000274658203,493.93
2013-07-29,21222.410865874364,13.39,104.61,2.61,81.66000366210938,485.69
2013-07-30,21130.0,13.39,103.14,2.63,81.83000183105469,488.54
2013-07-31,21177.46717492588,13.45,105.1,2.6,81.44999694824219,491.85
2013-08-01,21130.0,12.94,107.93,2.74,82.33999633789062,492.43
2013-08-02,21137.18030014796,11.98,106.94,2.63,81.91000366210938,494.66
2013-08-05,21123.785382340517,11.84,106.61,2.67,81.87999725341797,493.66
2013-08-06,21097.04641350211,12.72,105.32,2.67,81.5999984741211,496.56
2013-08-07,21040.0,12.98,104.41,2.61,81.29000091552734,500.1
2013-08-08,21070.0,12.73,103.45,2.58,81.01000213623047,498.22
2013-08-09,21101.498206372653,13.41,106.04,2.57,81.12999725341797,500.62
2013-08-12,21108.179419525062,12.81,106.19,2.61,81.33000183105469,499.46
2013-08-13,21070.0,12.31,106.78,2.71,81.7300033569336,497.73
2013-08-14,21094.821221390142,13.04,106.89,2.71,81.69999694824219,503.57
2013-08-15,21094.821221390142,14.73,107.43,2.77,81.12999725341797,508.22
2013-08-16,21075.0,14.37,107.58,2.84,81.26000213623047,507.79
2013-08-19,21097.04641350211,15.1,107.14,2.88,81.2300033569336,511.02
2013-08-20,21101.498206372653,14.91,104.9,2.82,80.91000366210938,504.81
2013-08-21,21101.498206372653,15.94,103.93,2.87,81.31999969482422,502.7
2013-08-22,21146.11968703743,14.76,104.93,2.9,81.48999786376953,496.12
2013-08-23,21120.0,13.98,106.48,2.82,81.33999633789062,486.82
2013-08-26,21181.952976064393,14.99,105.88,2.79,81.37000274658203,490.54
2013-08-27,21130.0,16.77,109.11,2.72,81.16999816894531,485.57
2013-08-28,21100.0,16.49,110.17,2.78,81.41999816894531,473.3
2013-08-29,21157.30455939913,16.81,108.51,2.75,81.94999694824219,468.55
2013-08-30,21120.0,17.01,107.98,2.78,82.08999633789062,472.7
2013-09-03,21152.82919090428,16.61,108.67,2.86,82.36000061035156,472.17
2013-09-04,21166.260979997885,15.88,107.29,2.9,82.16999816894531,471.45
2013-09-05,21120.0,15.77,108.5,2.98,82.62999725341797,477.57
2013-09-06,21120.0,15.85,110.62,2.94,82.1500015258789,480.03
2013-09-09,21100.0,15.63,109.62,2.9,81.79000091552734,470.16
2013-09-10,21080.0,14.53,107.48,2.96,81.81999969482422,474.53
2013-09-11,21110.0,13.82,107.65,2.93,81.5199966430664,476.4
2013-09-12,21080.0,14.29,108.72,2.92,81.48999786376953,475.59
2013-09-13,21117.094287825996,14.16,108.31,2.9,81.44999694824219,476.42
2013-09-16,21090.0,14.38,106.54,2.88,81.25,475.57
2013-09-17,21119.32418162619,14.53,105.36,2.86,81.16999816894531,477.73
2013-09-18,21110.0,13.59,108.23,2.69,80.23999786376953,474.26
2013-09-19,21100.0,13.16,106.26,2.76,80.36000061035156,476.09
2013-09-20,21112.635912593687,13.12,104.7,2.75,80.44000244140625,477.19
2013-09-23,21112.635912593687,14.31,103.62,2.72,80.44999694824219,479.09
2013-09-24,21090.0,14.08,103.22,2.67,80.55999755859375,482.82
2013-09-25,21121.554546414616,14.01,102.68,2.63,80.33000183105469,486.22
2013-09-26,21090.0,14.06,103.1,2.66,80.5199966430664,485.11
2013-09-27,21112.0,15.46,102.86,2.64,80.2699966430664,486.61
2013-09-30,21112.0,16.6,102.36,2.64,80.22000122070312,492.63
2013-10-01,21121.554546414616,15.54,102.09,2.66,80.0999984741211,492.24
2013-10-02,21090.0,16.6,104.15,2.63,79.87999725341797,494.39
2013-10-03,21128.248468201986,17.67,103.29,2.62,79.7699966430664,492.3
2013-10-04,21090.0,16.74,103.83,2.66,80.12000274658203,497.5
2013-10-07,21090.0,19.41,103.07,2.65,79.94000244140625,500.47
2013-10-08,21090.0,20.34,103.54,2.66,80.05999755859375,502.22
2013-10-09,21090.0,19.6,101.63,2.68,80.37000274658203,500.67
2013-10-10,21103.724807428513,16.48,103.08,2.71,80.41999816894531,494.81
2013-10-11,21075.0,15.72,102.17,2.7,80.36000061035156,494.53
2013-10-14,21108.179419525062,16.07,102.46,2.7,80.26000213623047,493.62
2013-10-15,21108.179419525062,18.66,101.15,2.75,80.4800033569336,495.72
2013-10-16,21100.0,14.71,102.34,2.69,80.5,498.96
2013-10-17,21117.094287825996,13.48,100.72,2.61,79.6500015258789,499.59
2013-10-18,21090.0,13.04,100.87,2.6,79.63999938964844,500.83
2013-10-21,21085.0,13.16,99.28,2.63,79.68000030517578,501.57
2013-10-22,21108.179419525062,13.33,97.63,2.54,79.23999786376953,500.57
2013-10-23,21103.724807428513,13.42,96.9,2.51,79.26000213623047,504.05
2013-10-24,21075.0,13.2,96.65,2.53,79.19000244140625,501.17
2013-10-25,21080.0,13.09,97.4,2.53,79.18000030517578,500.75
2013-10-28,21075.0,13.31,98.74,2.54,79.25,496.46
2013-10-29,21080.0,13.41,98.29,2.53,79.62999725341797,497.08
2013-10-30,21080.0,13.65,96.81,2.55,79.75,499.07
2013-10-31,21080.0,13.75,96.29,2.57,80.19999694824219,497.41
2013-11-01,21080.0,13.28,94.56,2.65,80.7300033569336,497.08
2013-11-04,21080.0,12.93,94.58,2.63,80.55000305175781,497.07
2013-11-05,21101.498206372653,13.27,93.4,2.69,80.70999908447266,499.79
2013-11-06,21080.0,12.67,94.74,2.67,80.4800033569336,502.52
2013-11-07,21080.0,13.91,94.25,2.63,80.81999969482422,499.86
2013-11-08,21080.0,12.9,94.56,2.77,81.20999908447266,498.61
2013-11-11,21101.498206372653,12.53,95.13,2.77,81.08999633789062,501.08
2013-11-12,21080.0,12.82,93.12,2.8,81.19000244140625,497.65
2013-11-13,21101.498206372653,12.52,93.91,2.75,80.93000030517578,496.12
2013-11-14,21110.407430863415,12.37,93.76,2.69,80.9800033569336,497.85
2013-11-15,21080.0,12.19,93.8,2.71,80.83999633789062,501.34
2013-11-18,21085.0,13.1,93.03,2.67,80.83000183105469,506.48
2013-11-19,21108.179419525062,13.39,93.35,2.71,80.69999694824219,504.71
2013-11-20,21080.0,13.4,93.34,2.8,81.11000061035156,505.52
2013-11-21,21103.724807428513,12.66,95.35,2.79,81.05000305175781,503.54
2013-11-22,21080.0,12.26,94.53,2.75,80.70999908447266,505.64
2013-11-25,21080.0,12.79,93.86,2.74,80.91999816894531,506.46
2013-11-26,21080.0,12.81,93.41,2.71,80.61000061035156,509.16
2013-11-27,21117.094287825996,12.98,92.05,2.74,80.73999786376953,508.43
2013-11-29,21121.554546414616,13.7,92.55,2.75,80.68000030517578,507.78
2013-12-02,21103.724807428513,14.23,93.61,2.81,80.91000366210938,508.53
2013-12-03,21100.0,14.55,95.83,2.79,80.62000274658203,511.62
2013-12-04,21121.554546414616,14.7,96.97,2.84,80.62999725341797,510.88
2013-12-05,21120.0,15.08,97.14,2.88,80.2699966430664,510.03
2013-12-06,21120.0,13.79,97.48,2.88,80.2699966430664,510.12
2013-12-09,21100.0,13.49,97.1,2.86,80.12999725341797,511.23
2013-12-10,21100.0,13.91,98.32,2.81,79.97000122070312,511.6
2013-12-11,21090.0,15.42,97.25,2.86,79.88999938964844,505.31
2013-12-12,21085.0,15.54,97.21,2.89,80.19999694824219,506.92
2013-12-13,21110.407430863415,15.76,96.27,2.88,80.20999908447266,506.06
2013-12-16,21110.407430863415,16.03,97.18,2.89,80.06999969482422,502.04
2013-12-17,21100.0,16.21,96.99,2.85,80.05999755859375,505.67
2013-12-18,21085.0,13.8,97.59,2.89,80.11000061035156,505.25
2013-12-19,21085.0,14.15,98.4,2.94,80.62999725341797,506.28
2013-12-20,21117.094287825996,13.79,99.11,2.89,80.58000183105469,504.45
2013-12-23,21110.407430863415,13.04,98.62,2.94,80.44999694824219,508.68
2013-12-24,21103.724807428513,12.48,98.87,2.99,80.52999877929688,505.62
2013-12-26,21075.0,12.33,99.18,3.0,80.4800033569336,506.55
2013-12-27,21070.0,12.46,99.94,3.02,80.38999938964844,506.41
2013-12-30,21080.0,13.56,98.9,2.99,80.0,500.35
2013-12-31,21075.0,13.72,98.17,3.04,80.04000091552734,504.63
2014-01-02,21112.635912593687,14.23,95.14,3.0,80.62999725341797,504.51
2014-01-03,21099.27207511341,13.76,93.66,3.01,80.79000091552734,505.37
2014-01-06,21080.0,13.55,93.12,2.98,80.6500015258789,509.1
2014-01-07,21099.27207511341,12.92,93.31,2.96,80.83000183105469,510.12
2014-01-08,21103.724807428513,12.87,91.9,3.01,81.04000091552734,513.9
2014-01-09,21099.27207511341,12.89,91.36,2.97,81.01000213623047,516.98
2014-01-10,21072.0,12.14,92.39,2.88,80.66000366210938,518.94
2014-01-13,21060.0,13.28,91.45,2.84,80.51000213623047,521.11
2014-01-14,21092.59649862898,12.28,92.15,2.88,80.61000061035156,522.31
2014-01-15,21090.372245070124,12.28,93.78,2.9,81.0,526.68
2014-01-16,21103.724807428513,12.53,93.54,2.86,80.9000015258789,533.54
2014-01-17,21090.372245070124,12.44,93.96,2.84,81.26000213623047,543.59
2014-01-21,21099.27207511341,12.87,94.51,2.85,81.0999984741211,559.91
2014-01-22,21090.372245070124,12.84,96.35,2.87,81.16999816894531,551.92
2014-01-23,21065.0,13.77,97.23,2.79,80.44000244140625,553.55
2014-01-24,21060.0,18.14,96.66,2.75,80.45999908447266,560.19
2014-01-27,21035.0,17.42,95.82,2.78,80.5,556.52
2014-01-28,21063.7177461822,15.8,97.49,2.77,80.56999969482422,556.52
2014-01-29,21035.0,17.35,97.34,2.69,80.51000213623047,556.52
2014-01-30,21063.7177461822,17.29,98.25,2.72,81.08999633789062,556.52
2014-01-31,21035.0,18.41,97.55,2.67,81.2699966430664,556.52
2014-02-03,21035.0,21.44,96.44,2.61,81.01000213623047,556.52
2014-02-06,21080.0,17.23,97.84,2.73,80.88999938964844,554.68
2014-02-07,21108.179419525062,15.29,99.98,2.71,80.69000244140625,549.76
2014-02-10,21108.179419525062,15.26,100.12,2.7,80.66999816894531,555.9
2014-02-11,21108.179419525062,14.51,99.96,2.75,80.62999725341797,553.9
2014-02-12,21108.179419525062,14.3,100.38,2.8,80.68000030517578,564.25
2014-02-13,21110.407430863415,14.14,100.27,2.73,80.29000091552734,570.18
2014-02-14,21070.0,13.57,100.31,2.75,80.12999725341797,572.22
2014-02-18,21080.0,13.87,102.54,2.71,80.01000213623047,574.56
2014-02-19,21080.0,15.5,103.46,2.73,80.16999816894531,578.12
2014-02-20,21103.724807428513,14.79,103.2,2.76,80.29000091552734,571.04
2014-02-21,21085.0,14.68,102.53,2.73,80.23999786376953,570.57
2014-02-24,21108.179419525062,14.23,103.17,2.75,80.20999908447266,576.58
2014-02-25,21108.179419525062,13.67,102.2,2.7,80.1500015258789,586.2
2014-02-26,21103.724807428513,14.35,102.93,2.67,80.41000366210938,589.81
2014-02-27,21080.0,14.04,102.68,2.65,80.29000091552734,584.79
2014-02-28,21103.724807428513,14.0,102.88,2.66,79.77999877929688,586.48
2014-03-03,21105.95187842972,16.0,105.34,2.6,80.06999969482422,573.38
2014-03-04,21103.724807428513,14.1,103.64,2.7,80.16000366210938,569.97
2014-03-05,21080.0,13.89,101.75,2.7,80.11000061035156,574.94
2014-03-06,21080.0,14.21,101.82,2.74,79.68000030517578,578.56
2014-03-07,21103.724807428513,14.11,102.82,2.8,79.72000122070312,579.75
2014-03-10,21103.724807428513,14.2,101.39,2.79,79.75,583.69
2014-03-11,21080.0,14.8,100.29,2.77,79.7699966430664,588.5
2014-03-12,21103.724807428513,14.47,98.29,2.73,79.61000061035156,590.02
2014-03-13,21103.724807428513,16.22,98.57,2.66,79.62000274658203,595.22
2014-03-14,21103.724807428513,17.82,99.23,2.65,79.44000244140625,596.83
2014-03-17,21070.0,15.64,98.43,2.7,79.38999938964844,600.36
2014-03-18,21101.498206372653,14.52,100.08,2.68,79.41000366210938,599.85
2014-03-19,21101.498206372653,15.12,100.71,2.78,79.98999786376953,605.59
2014-03-20,21101.498206372653,14.52,99.68,2.79,80.20999908447266,600.26
2014-03-21,21101.498206372653,15.0,99.97,2.75,80.11000061035156,601.75
2014-03-24,21101.498206372653,15.09,100.05,2.74,79.93000030517578,607.55
2014-03-25,21099.27207511341,14.02,99.66,2.75,79.94000244140625,601.85
2014-03-26,21075.0,14.93,100.61,2.71,79.9800033569336,588.06
2014-03-27,21080.0,14.62,101.25,2.69,80.11000061035156,590.14
2014-03-28,21110.407430863415,14.41,101.73,2.73,80.18000030517578,594.29
2014-03-31,21101.498206372653,13.88,101.57,2.73,80.0999984741211,591.57
2014-04-01,21075.0,13.1,99.69,2.77,80.08000183105469,583.85
2014-04-02,21075.0,13.09,99.6,2.82,80.22000122070312,581.67
2014-04-03,21094.821221390142,13.37,100.29,2.8,80.47000122070312,589.44
2014-04-04,21094.821221390142,13.96,101.16,2.74,80.41999816894531,593.04
2014-04-07,21075.0,15.57,100.43,2.71,80.22000122070312,600.57
2014-04-08,21099.27207511341,14.89,102.57,2.69,79.75,603.25
2014-04-09,21075.0,13.82,103.55,2.71,79.4800033569336,603.25
2014-04-10,21075.0,15.89,103.37,2.65,79.37999725341797,601.33
2014-04-11,21094.5,17.03,103.68,2.63,79.44999694824219,600.57
2014-04-14,21075.0,16.11,104.05,2.65,79.7300033569336,596.11
2014-04-15,21099.27207511341,15.61,103.7,2.64,79.80000305175781,586.09
2014-04-16,21075.0,14.18,103.71,2.65,79.81999969482422,574.29
2014-04-17,21101.498206372653,13.36,104.33,2.73,79.83000183105469,580.31
2014-04-21,21075.0,13.25,104.35,2.73,79.94999694824219,558.14
2014-04-22,21075.0,13.19,101.69,2.73,79.91000366210938,569.87
2014-04-23,21114.864864864863,13.27,101.47,2.7,79.86000061035156,569.36
2014-04-24,21085.0,13.32,102.2,2.7,79.80000305175781,570.46
2014-04-25,21103.724807428513,14.06,100.85,2.68,79.7699966430664,578.92
2014-04-28,21094.821221390142,13.97,101.13,2.7,79.68000030517578,573.1
2014-04-29,21060.0,13.71,101.56,2.71,79.80999755859375,578.0
2014-04-30,21060.0,13.41,100.07,2.67,79.48999786376953,578.0
2014-05-01,21083.70229812355,13.25,99.69,2.63,79.52999877929688,578.0
2014-05-02,21060.0,12.91,100.09,2.6,79.5199966430664,578.0
2014-05-05,21070.0,13.29,99.74,2.63,79.48999786376953,564.85
2014-05-06,21075.0,13.8,99.81,2.61,79.13999938964844,555.11
2014-05-07,21094.821221390142,13.4,101.06,2.62,79.22000122070312,559.97
2014-05-08,21080.0,13.43,100.52,2.61,79.43000030517578,527.09
2014-05-09,21103.724807428513,12.92,100.32,2.62,79.9000015258789,542.46
2014-05-12,21101.498206372653,12.23,100.89,2.66,79.9000015258789,517.05
2014-05-13,21101.498206372653,12.13,102.01,2.61,80.13999938964844,513.91
2014-05-14,21110.407430863415,12.17,102.63,2.54,80.06999969482422,529.53
2014-05-15,21123.785382340517,13.17,101.74,2.5,80.0,524.05
2014-05-16,21166.260979997885,12.44,102.31,2.52,80.04000091552734,529.49
2014-05-19,21110.0,12.42,102.95,2.54,79.98999786376953,533.04
2014-05-20,21157.30455939913,12.96,102.8,2.52,80.04000091552734,537.52
2014-05-21,21130.0,11.91,104.31,2.54,80.0999984741211,543.88
2014-05-22,21110.0,12.03,104.03,2.56,80.25,541.73
2014-05-23,21125.0,11.36,105.01,2.54,80.38999938964844,541.49
2014-05-27,21120.0,11.51,104.78,2.52,80.3499984741211,552.75
2014-05-28,21166.260979997885,11.68,103.37,2.44,80.56999969482422,557.34
2014-05-29,21166.260979997885,11.57,104.26,2.45,80.48999786376953,558.45
2014-05-30,21159.542953872195,11.4,103.4,2.48,80.37000274658203,562.02
2014-06-02,21177.46717492588,11.58,103.07,2.54,80.63999938964844,556.8
2014-06-03,21215.657154980378,11.87,103.34,2.6,80.55000305175781,558.76
2014-06-04,21160.0,12.08,103.27,2.61,80.66999816894531,553.46
2014-06-05,21206.65889089174,11.68,103.17,2.59,80.37000274658203,551.1
2014-06-06,21160.0,10.73,103.32,2.6,80.41000366210938,559.04
2014-06-09,21215.657154980378,11.15,105.09,2.62,80.6500015258789,565.61
2014-06-10,21185.0,10.99,105.02,2.64,80.81999969482422,566.89
2014-06-11,21195.0,11.6,105.04,2.65,80.79000091552734,570.36
2014-06-12,21195.0,12.56,107.2,2.58,80.58000183105469,573.77
2014-06-13,21226.915729144555,12.18,107.49,2.6,80.58000183105469,574.48
2014-06-16,21185.0,12.65,107.52,2.61,80.47000122070312,572.37
2014-06-17,21200.0,12.06,106.95,2.66,80.62999725341797,572.25
2014-06-18,21222.410865874364,10.61,106.64,2.61,80.58000183105469,570.03
2014-06-19,21319.688732544502,10.62,107.08,2.64,80.31999969482422,567.35
2014-06-20,21310.602024507192,10.85,107.95,2.63,80.37000274658203,560.78
2014-06-23,21337.885415555316,10.98,106.83,2.63,80.26000213623047,565.92
2014-06-24,21280.0,12.13,106.64,2.59,80.33000183105469,569.74
2014-06-25,21300.0,11.59,107.04,2.57,80.22000122070312,572.27
2014-06-26,21333.333333333332,11.63,106.49,2.53,80.2300033569336,576.4
2014-06-27,21300.0,11.26,106.46,2.54,80.04000091552734,578.82
2014-06-30,21300.0,11.57,106.07,2.53,79.77999877929688,578.13
2014-07-01,21333.333333333332,11.15,106.06,2.58,79.81999969482422,578.07
2014-07-02,21290.0,10.82,105.18,2.64,79.95999908447266,578.8
2014-07-03,21301.52305889871,10.32,104.76,2.65,80.20999908447266,585.02
2014-07-07,21278.859453133315,11.33,104.19,2.63,80.22000122070312,590.69
2014-07-08,21235.0,11.98,104.06,2.58,80.18000030517578,591.47
2014-07-09,21245.0,11.65,102.93,2.57,79.98999786376953,591.6
2014-07-10,21204.410517387616,12.59,103.61,2.55,80.12999725341797,584.88
2014-07-11,21202.1626205873,12.08,101.48,2.53,80.19000244140625,582.77
2014-07-14,21160.0,11.82,101.73,2.55,80.19000244140625,586.23
2014-07-15,21170.0,11.96,100.56,2.56,80.38999938964844,589.31
2014-07-16,21170.0,11.0,101.88,2.55,80.55999755859375,589.68
2014-07-17,21199.915200339197,14.54,103.84,2.47,80.5199966430664,590.37
2014-07-18,21217.90791427965,12.06,103.83,2.5,80.5199966430664,596.26
2014-07-21,21190.0,12.81,105.34,2.49,80.55999755859375,601.04
2014-07-22,21190.0,12.24,104.59,2.48,80.77999877929688,597.98
2014-07-23,21233.676611105213,11.52,103.81,2.48,80.80999755859375,597.5
2014-07-24,21242.69782262347,11.84,102.76,2.52,80.87000274658203,602.06
2014-07-25,21231.422505307855,12.69,105.23,2.48,81.02999877929688,600.14
2014-07-28,21231.422505307855,12.56,105.68,2.5,81.02999877929688,589.45
2014-07-29,21220.0,13.28,104.91,2.47,81.20999908447266,592.24
2014-07-30,21231.422505307855,13.33,104.29,2.57,81.41999816894531,589.33
2014-07-31,21200.0,16.95,98.23,2.58,81.45999908447266,596.07
2014-08-01,21226.915729144555,17.03,97.86,2.52,81.30000305175781,593.9
2014-08-04,21200.0,15.12,98.26,2.51,81.33000183105469,599.04
2014-08-05,21210.0,16.87,97.34,2.49,81.5199966430664,607.73
2014-08-06,21215.657154980378,16.37,96.93,2.49,81.44000244140625,606.7
2014-08-07,21180.0,16.66,97.34,2.43,81.5199966430664,607.62
2014-08-08,21190.0,15.77,97.61,2.44,81.38999938964844,605.43
2014-08-11,21211.157068618093,14.23,98.09,2.44,81.47000122070312,602.13
2014-08-12,21170.0,14.13,97.36,2.46,81.5,601.78
2014-08-13,21175.0,12.9,97.57,2.43,81.5999984741211,602.76
2014-08-14,21180.0,12.42,95.54,2.4,81.58999633789062,605.25
2014-08-15,21202.1626205873,13.15,97.3,2.34,81.41999816894531,604.24
2014-08-18,21199.915200339197,12.32,96.44,2.39,81.58000183105469,605.08
2014-08-19,21199.915200339197,12.21,94.35,2.4,81.87999725341797,604.64
2014-08-20,21175.0,11.78,96.4,2.43,82.25,606.7
2014-08-21,21199.915200339197,11.76,93.97,2.41,82.1500015258789,612.94
2014-08-22,21175.0,11.47,93.61,2.4,82.33999633789062,620.14
2014-08-25,21180.0,11.7,95.39,2.39,82.55000305175781,625.88
2014-08-26,21211.157068618093,11.63,95.78,2.39,82.6500015258789,629.06
2014-08-27,21170.0,11.78,95.82,2.37,82.43000030517578,628.77
2014-08-28,21170.0,12.05,96.44,2.34,82.4800033569336,632.03
2014-08-29,21197.668256491783,11.98,97.86,2.35,82.75,636.65
2014-09-02,21197.668256491783,12.25,92.92,2.42,82.98999786376953,636.65
2014-09-03,21185.0,12.36,95.5,2.41,82.87000274658203,640.75
2014-09-04,21170.0,12.64,94.51,2.45,83.81999969482422,640.22
2014-09-05,21197.668256491783,12.09,93.32,2.46,83.76000213623047,638.65
2014-09-08,21170.0,12.66,92.64,2.48,84.2300033569336,639.85
2014-09-09,21206.65889089174,13.5,92.73,2.5,84.27999877929688,626.92
2014-09-10,21206.65889089174,12.88,91.71,2.54,84.25,628.8
2014-09-11,21180.0,12.8,92.89,2.54,84.30000305175781,628.99
2014-09-12,21170.0,13.31,92.18,2.62,84.23999786376953,632.5
2014-09-15,21202.1626205873,14.12,92.86,2.6,84.26000213623047,630.34
2014-09-16,21202.1626205873,12.73,94.91,2.6,84.06999969482422,627.66
2014-09-17,21202.1626205873,12.65,94.33,2.62,84.69999694824219,625.66
2014-09-18,21190.0,12.03,93.07,2.63,84.31999969482422,615.8
2014-09-19,21202.1626205873,12.11,92.43,2.59,84.80000305175781,613.29
2014-09-22,21190.0,13.69,91.46,2.57,84.66999816894531,611.93
2014-09-23,21200.0,14.93,91.55,2.54,84.66000366210938,610.39
2014-09-24,21190.0,13.27,93.6,2.57,85.05000305175781,603.59
2014-09-25,21202.1626205873,15.64,93.59,2.52,85.19999694824219,605.1
2014-09-26,21202.1626205873,14.85,95.55,2.54,85.63999938964844,604.98
2014-09-29,21202.1626205873,15.98,94.53,2.5,85.58999633789062,599.78
2014-09-30,21202.1626205873,16.31,91.17,2.52,85.94000244140625,598.8
2014-10-01,21202.1626205873,16.71,90.74,2.42,85.97000122070312,609.27
2014-10-02,21235.0,16.16,91.02,2.44,85.5999984741211,612.66
2014-10-03,21202.1626205873,14.55,89.76,2.45,86.69000244140625,611.55
2014-10-06,21260.0,15.46,90.33,2.43,85.70999908447266,614.42
2014-10-07,21202.1626205873,17.2,88.89,2.36,85.66999816894531,614.08
2014-10-08,21240.0,15.11,87.29,2.35,85.30000305175781,617.26
2014-10-09,21217.90791427965,18.76,85.76,2.34,85.5199966430664,624.34
2014-10-10,21220.0,21.24,85.87,2.31,85.91000366210938,617.72
2014-10-13,21190.0,24.64,85.73,2.31,85.43000030517578,614.22
2014-10-14,21222.410865874364,22.79,81.72,2.21,85.81999969482422,605.79
2014-10-15,21247.21130351641,26.25,81.82,2.15,85.1500015258789,604.29
2014-10-16,21242.69782262347,25.2,82.33,2.17,85.0,587.17
2014-10-17,21247.21130351641,21.99,82.8,2.22,85.19000244140625,585.28
2014-10-20,21220.0,18.57,82.76,2.2,84.94999694824219,589.24
2014-10-21,21265.28442317916,16.08,83.25,2.23,85.30999755859375,600.55
2014-10-22,21247.21130351641,17.87,80.52,2.25,85.73999786376953,601.59
2014-10-23,21265.28442317916,16.53,82.81,2.29,85.83999633789062,593.53
2014-10-24,21250.0,16.11,81.27,2.29,85.7300033569336,591.51
2014-10-27,21287.919105907396,16.04,81.26,2.27,85.5,580.8
2014-10-28,21281.12364332837,14.39,81.36,2.3,85.41000366210938,583.13
2014-10-29,21245.0,15.15,82.25,2.34,85.94999694824219,591.2
2014-10-30,21220.0,14.52,81.06,2.32,86.1500015258789,589.14
2014-10-31,21255.0,14.03,80.53,2.35,86.87999725341797,600.84
2014-11-03,21270.0,14.73,78.77,2.36,87.30999755859375,603.15
2014-11-04,21250.0,14.89,77.15,2.35,86.9800033569336,598.39
2014-11-05,21228.0,14.17,78.71,2.36,87.44000244140625,597.01
2014-11-06,21287.919105907396,13.67,77.87,2.39,88.01000213623047,597.85
2014-11-07,21296.986476413585,13.12,78.71,2.32,87.63999938964844,602.59
2014-11-10,21185.0,12.67,77.43,2.38,87.80999755859375,602.12
2014-11-11,21270.0,12.92,77.85,2.38,87.52999877929688,604.23
2014-11-12,21296.986476413585,13.02,77.16,2.37,87.81999969482422,604.01
2014-11-13,21326.508850501177,13.79,74.13,2.35,87.66999816894531,603.16
2014-11-14,21326.508850501177,13.31,75.91,2.32,87.52999877929688,600.36
2014-11-17,21346.995410395983,13.99,75.64,2.34,87.93000030517578,600.93
2014-11-18,21390.3743315508,13.86,74.55,2.32,87.58000183105469,594.25
2014-11-19,21280.0,13.96,74.55,2.36,87.6500015258789,588.35
2014-11-20,21295.0,13.58,75.63,2.34,87.58999633789062,593.32
2014-11-21,21345.0,12.9,76.52,2.31,88.30999755859375,588.03
2014-11-24,21356.113187399893,12.62,75.74,2.3,88.1500015258789,582.53
2014-11-25,21370.0,12.25,74.04,2.27,87.91999816894531,585.91
2014-11-26,21380.0,12.07,73.7,2.24,87.61000061035156,576.04
2014-11-28,21356.113187399893,13.33,65.94,2.18,88.36000061035156,566.58
2014-12-01,21390.0,14.29,68.98,2.22,87.94999694824219,568.01
2014-12-02,21370.0,12.85,66.99,2.28,88.6500015258789,569.43
2014-12-03,21365.2387565431,12.47,67.3,2.29,88.95999908447266,574.88
2014-12-04,21342.43944082809,12.38,66.73,2.25,88.69999694824219,578.38
2014-12-05,21310.0,11.82,65.89,2.31,89.33000183105469,578.76
2014-12-08,21300.0,14.21,63.13,2.26,89.04000091552734,571.68
2014-12-09,21340.0,14.89,63.74,2.22,88.69000244140625,555.31
2014-12-10,21365.2387565431,18.53,60.99,2.18,88.2699966430664,557.19
2014-12-11,21365.2387565431,20.08,60.01,2.19,88.66000366210938,550.11
2014-12-12,21390.3743315508,21.08,57.81,2.1,88.36000061035156,553.93
2014-12-15,21390.3743315508,20.42,55.96,2.12,88.45999908447266,547.93
2014-12-16,21360.0,23.57,55.97,2.07,88.12999725341797,535.14
2014-12-17,21370.0,19.44,56.43,2.14,89.12999725341797,518.22
2014-12-18,21370.0,16.81,54.18,2.22,89.23999786376953,528.45
2014-12-19,21390.3743315508,16.49,56.91,2.17,89.5999984741211,523.09
2014-12-22,21388.08683563255,15.25,55.25,2.17,89.7699966430664,537.54
2014-12-23,21365.0,14.8,56.78,2.26,90.05999755859375,537.88
2014-12-24,21390.3743315508,14.37,55.7,2.27,89.97000122070312,539.44
2014-12-26,21390.3743315508,14.5,54.59,2.25,90.02999877929688,533.37
2014-12-29,21356.113187399893,15.06,53.46,2.22,90.19000244140624,532.68
2014-12-30,21394.95079161318,15.92,54.14,2.2,89.98999786376953,537.57
2014-12-31,21370.0,19.2,53.45,2.17,90.2699966430664,545.63
2015-01-02,21390.3743315508,17.79,52.72,2.12,91.08000183105467,545.63
2015-01-05,21390.3743315508,19.92,50.05,2.04,91.37999725341795,544.45
2015-01-06,21420.0,21.12,47.98,1.97,91.5,549.66
2015-01-07,21420.0,19.31,48.69,1.96,91.88999938964844,552.05
2015-01-08,21390.3743315508,17.01,48.8,2.03,92.37000274658205,553.47
2015-01-09,21372.08805300278,17.55,48.35,1.98,91.94000244140624,569.73
2015-01-12,21346.995410395983,19.6,46.06,1.92,91.9800033569336,574.32
2015-01-13,21315.0,20.56,45.92,1.91,92.30999755859376,580.6
2015-01-14,21342.43944082809,21.48,48.49,1.86,92.16000366210938,577.01
2015-01-15,21346.995410395983,22.39,46.37,1.77,92.3499984741211,577.74
2015-01-16,21315.0,20.95,48.49,1.83,92.5199966430664,574.81
2015-01-20,21360.674997329916,19.89,46.79,1.82,93.0500030517578,572.22
2015-01-21,21383.513311237035,18.85,47.85,1.87,92.9000015258789,569.12
2015-01-22,21360.674997329916,16.4,45.93,1.9,94.23999786376952,574.54
2015-01-23,21320.0,16.66,45.26,1.81,95.0,582.38
2015-01-26,21346.995410395983,15.52,44.8,1.83,94.8000030517578,580.64
2015-01-27,21320.0,17.22,45.84,1.83,94.0199966430664,579.3
2015-01-28,21320.0,20.44,44.08,1.73,94.47000122070312,583.76
2015-01-29,21346.995410395983,18.76,44.12,1.77,94.77999877929688,583.28
2015-01-30,21342.43944082809,20.97,47.79,1.68,94.8000030517578,576.07
2015-02-02,21204.0,19.43,49.25,1.68,94.5,570.37
2015-02-03,21185.0,17.33,53.04,1.79,93.5999984741211,557.47
2015-02-04,21342.43944082809,18.33,48.45,1.81,93.98999786376952,561.45
2015-02-05,21234.0,16.85,50.48,1.83,94.6999969482422,567.17
2015-02-06,21232.0,17.29,51.66,1.95,94.6999969482422,574.13
2015-02-09,21331.058020477816,18.55,52.99,1.96,94.4499969482422,573.55
2015-02-10,21337.885415555316,17.23,50.06,2.01,94.76000213623048,574.52
2015-02-11,21342.43944082809,16.96,48.8,2.0,94.98999786376952,581.76
2015-02-12,21342.43944082809,15.34,51.17,1.99,94.08999633789062,584.67
2015-02-13,21300.0,14.69,52.66,2.02,94.1999969482422,587.24
2015-02-17,21300.0,15.8,53.56,2.14,94.05999755859376,587.24
2015-02-18,21333.333333333332,15.45,52.13,2.07,94.1999969482422,587.24
2015-02-19,21333.333333333332,15.29,51.12,2.11,94.4000015258789,587.24
2015-02-20,21333.333333333332,14.3,49.95,2.13,94.25,587.24
2015-02-24,21290.0,13.69,48.48,1.99,94.48999786376952,596.95
2015-02-25,21367.521367521367,13.84,50.25,1.96,94.20999908447266,592.66
2015-02-26,21335.0,13.91,47.65,2.03,95.29000091552734,596.72
2015-02-27,21349.274124679763,13.34,49.84,2.0,95.25,592.57
2015-03-02,21320.0,13.04,49.59,2.08,95.45999908447266,590.73
2015-03-03,21349.274124679763,13.86,50.43,2.12,95.37999725341795,596.72
2015-03-04,21335.0,14.23,51.53,2.12,95.97000122070312,600.39
2015-03-05,21350.0,14.04,50.76,2.11,96.37999725341795,596.91
2015-03-06,21320.0,15.2,49.61,2.24,97.62000274658205,593.97
2015-03-09,21356.113187399893,15.06,49.95,2.2,97.58999633789062,588.44
2015-03-10,21362.956633198035,16.69,48.42,2.14,98.62000274658205,589.66
2015-03-11,21356.113187399893,16.87,48.06,2.11,99.8000030517578,586.54
2015-03-12,21335.0,15.42,47.12,2.1,99.1500015258789,588.53
2015-03-13,21360.0,16.0,44.88,2.13,100.33000183105467,586.1
2015-03-16,21450.0,15.61,43.93,2.1,99.5999984741211,580.8
2015-03-17,21450.0,15.66,43.39,2.06,99.58999633789062,581.76
2015-03-18,21475.0,13.97,44.63,1.93,98.5500030517578,578.68
2015-03-19,21455.0,14.07,44.02,1.98,99.0999984741211,573.74
2015-03-20,21498.44136300118,13.02,46.0,1.93,97.91000366210938,575.44
2015-03-23,21526.20815843289,13.41,47.4,1.92,97.02999877929688,570.89
2015-03-24,21542.438604049978,13.62,47.03,1.88,97.19000244140624,567.43
2015-03-25,21475.0,15.44,48.75,1.93,96.9800033569336,560.93
2015-03-26,21485.0,15.8,51.41,2.01,97.44000244140624,556.16
2015-03-27,21535.479702810386,15.07,48.83,1.95,97.29000091552734,551.42
2015-03-30,21515.0,14.51,48.66,1.96,97.9800033569336,545.19
2015-03-31,21558.693543171285,15.29,47.72,1.94,98.36000061035156,551.13
2015-04-01,21530.0,15.11,50.12,1.87,98.19000244140624,538.91
2015-04-02,21591.277124041888,14.67,49.13,1.92,97.44000244140624,546.85
2015-04-06,21565.0,14.74,52.08,1.92,97.11000061035156,542.97
2015-04-07,21607.605877268797,14.78,53.95,1.89,97.83000183105467,548.11
2015-04-08,21607.605877268797,13.98,50.44,1.92,98.06999969482422,547.72
2015-04-09,21607.605877268797,13.09,50.79,1.97,99.16000366210938,550.52
2015-04-10,21580.0,12.58,51.63,1.96,99.38999938964844,554.03
2015-04-13,21580.0,13.94,51.95,1.94,99.48999786376952,559.54
2015-04-14,21575.0,13.67,53.3,1.9,98.76000213623048,558.67
2015-04-15,21612.27577263886,12.84,56.25,1.91,98.33000183105467,564.5
2015-04-16,21602.0,12.6,56.69,1.9,97.41999816894533,568.28
2015-04-17,21591.277124041888,13.89,55.71,1.87,97.5199966430664,568.32
2015-04-20,21584.286639326572,13.3,56.37,1.9,97.94000244140624,565.04
2015-04-21,21555.0,13.25,55.58,1.92,97.9800033569336,562.24
2015-04-22,21584.0,12.71,56.17,1.99,98.0199966430664,562.51
2015-04-23,21560.0,12.48,56.59,1.96,97.27999877929688,561.25
2015-04-24,21565.0,12.29,55.98,1.93,96.91999816894533,565.77
2015-04-27,21591.277124041888,13.12,55.56,1.94,96.7699966430664,562.4
2015-04-28,21550.0,12.41,57.05,2.0,96.08999633789062,562.4
2015-04-29,21591.277124041888,13.39,58.55,2.06,95.12000274658205,562.4
2015-04-30,21550.0,14.55,59.62,2.05,94.5999984741211,562.4
2015-05-01,21591.277124041888,12.7,59.1,2.12,95.3000030517578,562.4
2015-05-04,21600.0,12.85,58.92,2.16,95.4800033569336,545.08
2015-05-05,21647.364433380233,14.31,60.38,2.19,95.12999725341795,552.65
2015-05-06,21620.0,15.15,60.93,2.25,94.12999725341795,549.3
2015-05-07,21680.216802168023,15.13,58.99,2.18,94.62000274658205,552.98
2015-05-08,21682.56721595837,12.86,59.41,2.16,94.79000091552734,554.51
2015-05-11,21680.0,13.85,59.23,2.28,95.01000213623048,551.67
2015-05-12,21713.16903702095,13.86,60.72,2.28,94.52999877929688,544.41
2015-05-13,21705.0,13.76,60.5,2.27,93.62000274658205,542.82
2015-05-14,21775.0,12.74,59.89,2.23,93.36000061035156,543.69
2015-05-15,21767.522855899,12.38,59.73,2.14,93.13999938964844,537.44
2015-05-18,21765.0,12.73,59.44,2.23,94.19000244140624,528.95
2015-05-19,21780.0,12.85,57.3,2.27,95.2699966430664,536.82
2015-05-20,21812.62951248773,12.88,58.96,2.26,95.4499969482422,550.1
2015-05-21,21785.0,12.11,60.18,2.19,95.26000213623048,552.56
2015-05-22,21770.0,12.13,58.88,2.21,96.01000213623048,561.82
2015-05-26,21826.912583215104,14.06,57.29,2.14,97.3000030517578,567.2
2015-05-27,21812.62951248773,13.27,57.51,2.14,97.37000274658205,566.48
2015-05-28,21812.62951248773,13.31,57.69,2.13,96.97000122070312,572.97
2015-05-29,21785.0,13.84,60.25,2.12,96.91000366210938,569.56
2015-06-01,21819.76871045167,13.97,60.24,2.19,97.38999938964844,574.98
2015-06-02,21790.0,14.24,61.3,2.27,95.83999633789062,570.31
2015-06-03,21819.76871045167,13.66,59.67,2.38,95.47000122070312,567.9
2015-06-04,21790.0,14.71,58.0,2.31,95.45999908447266,568.99
2015-06-05,21815.008726003492,14.21,59.11,2.41,96.30999755859376,578.07
2015-06-08,21817.388458601505,15.29,58.15,2.39,95.3000030517578,579.83
2015-06-09,21807.87264202377,14.47,60.15,2.42,95.16999816894533,574.47
2015-06-10,21805.494984736153,13.22,61.36,2.5,94.6500015258789,574.1
2015-06-11,21750.0,12.85,60.74,2.39,94.9800033569336,581.05
2015-06-12,21803.117845851957,13.78,59.96,2.39,94.97000122070312,582.73
2015-06-15,21775.0,15.39,59.53,2.36,94.80999755859376,586.48
2015-06-16,21805.494984736153,14.81,60.01,2.32,95.0,580.35
2015-06-17,21805.494984736153,14.5,59.89,2.32,94.3000030517578,578.87
2015-06-18,21785.0,13.19,60.41,2.35,94.04000091552734,580.35
2015-06-19,21807.87264202377,13.96,59.62,2.26,94.08999633789062,584.7
2015-06-22,21780.0,12.74,60.01,2.37,94.33000183105467,594.08
2015-06-23,21807.87264202377,12.11,61.05,2.42,95.43000030517578,593.07
2015-06-24,21772.0,13.26,60.01,2.38,95.26000213623048,590.02
2015-06-25,21824.53077258839,14.01,59.59,2.4,95.19000244140624,587.99
2015-06-26,21817.388458601505,14.02,59.41,2.49,95.47000122070312,581.75
2015-06-29,21813.0,18.85,58.34,2.33,94.79000091552734,591.75
2015-06-30,21802.0,18.23,59.48,2.35,95.48999786376952,593.05
2015-07-01,21780.0,16.09,56.94,2.43,96.30999755859376,591.5
2015-07-02,21807.87264202377,16.79,56.93,2.4,96.11000061035156,605.7
2015-07-06,21796.0,17.01,52.48,2.3,96.3000030517578,625.22
2015-07-07,21790.0,16.09,52.33,2.27,96.87000274658205,630.27
2015-07-08,21815.008726003492,19.66,51.61,2.22,96.29000091552734,623.17
2015-07-09,21812.62951248773,19.97,52.76,2.32,96.61000061035156,622.1
2015-07-10,21812.62951248773,16.83,52.74,2.42,96.02999877929688,627.28
2015-07-13,21810.250817884404,13.9,52.19,2.44,96.86000061035156,634.06
2015-07-14,21807.0,13.37,53.05,2.41,96.63999938964844,638.69
2015-07-15,21812.62951248773,13.23,51.4,2.36,97.12999725341795,630.89
2015-07-16,21809.0,12.11,50.9,2.36,97.66000366210938,626.9
2015-07-17,21815.008726003492,11.95,50.88,2.34,97.86000061035156,628.63
2015-07-20,21816.0,12.25,50.11,2.38,98.02999877929688,620.54
2015-07-21,21819.76871045167,12.22,50.59,2.35,97.33000183105467,616.61
2015-07-22,21814.0,12.12,49.27,2.33,97.5999984741211,629.85
2015-07-23,21819.76871045167,12.64,48.11,2.28,97.12000274658205,632.01
2015-07-24,21808.0,13.74,47.98,2.27,97.23999786376952,631.26
2015-07-27,21822.14948172395,15.6,47.17,2.23,96.5,635.46
2015-07-28,21813.0,13.44,47.97,2.26,96.7699966430664,631.47
2015-07-29,21815.0,12.5,48.77,2.29,96.9800033569336,624.7
2015-07-30,21819.76871045167,12.13,48.53,2.28,97.55999755859376,626.57
2015-07-31,21813.0,12.12,47.11,2.2,97.37000274658205,621.06
2015-08-03,21807.0,12.56,45.25,2.16,97.48999786376952,609.47
2015-08-04,21809.0,13.0,45.75,2.23,97.93000030517578,600.76
2015-08-05,21812.0,12.51,45.13,2.28,97.95999908447266,607.08
2015-08-06,21803.0,13.77,44.69,2.23,97.83000183105467,601.04
2015-08-07,21817.388458601505,13.39,43.87,2.18,97.55999755859376,603.76
2015-08-10,21812.0,12.23,44.94,2.24,97.16000366210938,614.53
2015-08-11,21831.677764436197,13.71,43.11,2.15,97.29000091552734,613.05
2015-08-12,22018.0,13.61,43.22,2.14,96.26000213623048,604.24
2015-08-13,22082.0,13.49,42.27,2.19,96.4499969482422,594.26
2015-08-14,22096.0,12.83,42.45,2.2,96.56999969482422,589.03
2015-08-17,22097.005855706553,13.02,41.93,2.16,96.81999969482422,573.15
2015-08-18,22085.0,13.79,42.58,2.2,96.97000122070312,580.22
2015-08-19,22376.370552696353,15.25,40.75,2.12,96.45999908447266,577.82
2015-08-20,22396.416573348262,19.14,41.0,2.09,95.75,566.69
2015-08-21,22488.0,28.03,40.45,2.05,94.83000183105467,556.3
2015-08-24,22536.0,40.74,38.22,2.01,93.30999755859376,526.93
2015-08-25,22536.0,36.02,39.15,2.12,94.52999877929688,529.98
2015-08-26,22545.37256228159,30.32,38.5,2.18,95.0999984741211,545.89
2015-08-27,22534.0,26.1,42.47,2.18,95.61000061035156,555.81
2015-08-28,22460.0,26.05,45.29,2.19,96.11000061035156,570.87
2015-08-31,22480.0,28.43,49.2,2.21,95.9499969482422,564.75
2015-09-01,22475.0,31.4,45.38,2.17,95.4499969482422,562.31
2015-09-02,22475.0,26.09,46.3,2.2,95.83000183105467,562.31
2015-09-03,22460.0,25.61,46.75,2.18,96.41000366210938,554.3
2015-09-04,22474.43532981234,27.8,46.02,2.13,96.2300033569336,556.81
2015-09-08,22484.541877459247,24.9,45.92,2.2,95.87999725341795,566.72
2015-09-09,22470.0,26.23,44.13,2.21,96.01000213623048,572.34
2015-09-10,22474.43532981234,24.37,45.85,2.23,95.45999908447266,572.07
2015-09-11,22530.0,23.2,44.75,2.2,95.19000244140624,566.74
2015-09-14,22489.598560665698,24.25,44.07,2.18,95.25,562.17
2015-09-15,22503.0,22.54,44.58,2.28,95.61000061035156,563.27
2015-09-16,22478.0,21.35,47.12,2.3,95.41999816894533,564.13
2015-09-17,22509.848058525607,21.14,46.93,2.21,94.5500030517578,562.48
2015-09-18,22458.0,22.28,44.71,2.13,94.86000061035156,566.25
2015-09-21,22471.91011235955,20.14,46.67,2.2,95.88999938964844,572.12
2015-09-22,22479.487467685736,22.44,46.17,2.14,96.27999877929688,573.2
2015-09-23,22478.0,22.13,44.53,2.16,96.06999969482422,572.72
2015-09-24,22492.12775528565,23.47,44.94,2.13,95.98999786376952,570.25
2015-09-25,22492.12775528565,23.62,45.55,2.17,96.2699966430664,570.38
2015-09-28,22479.487467685736,27.63,44.4,2.1,96.02999877929688,564.88
2015-09-29,22487.069934787494,26.83,45.24,2.05,95.88999938964844,561.19
2015-09-30,22479.487467685736,24.5,45.06,2.06,96.3499984741211,562.64
2015-10-01,22471.0,22.55,44.75,2.05,96.19000244140624,563.54
2015-10-02,22470.0,20.94,45.54,1.99,95.83000183105467,562.31
2015-10-05,22479.487467685736,19.54,46.28,2.07,96.11000061035156,570.0
2015-10-06,22456.770716370986,19.4,48.53,2.05,95.45999908447266,581.29
2015-10-07,22467.0,18.4,47.86,2.08,95.5,579.57
2015-10-08,22413.98632746834,17.42,49.46,2.12,95.31999969482422,586.78
2015-10-09,22193.0,17.08,49.67,2.12,94.80999755859376,588.02
2015-10-12,22356.3603845294,16.17,47.09,2.12,94.83999633789062,592.1
2015-10-13,22384.0,17.67,46.7,2.06,94.76000213623048,590.84
2015-10-14,22396.416573348262,18.03,46.63,1.99,93.93000030517578,589.98
2015-10-15,22384.0,16.05,46.38,2.04,94.37000274658205,592.4
2015-10-16,22236.0,15.05,47.3,2.04,94.54000091552734,593.02
2015-10-19,22311.468094600627,14.98,45.91,2.04,94.95999908447266,594.61
2015-10-20,22336.38597274961,15.75,45.84,2.08,94.8499984741211,590.45
2015-10-21,22304.003568640568,16.7,45.22,2.04,95.0500030517578,590.24
2015-10-22,22276.0,14.45,44.9,2.04,96.33999633789062,595.08
2015-10-23,22313.9573803414,14.46,43.91,2.09,97.06999969482422,601.74
2015-10-26,22298.0,15.29,43.19,2.07,96.86000061035156,598.61
2015-10-27,22313.9573803414,15.43,43.21,2.05,96.91000366210938,598.44
2015-10-28,22304.0,14.33,45.93,2.1,97.77999877929688,596.24
2015-10-29,22313.0,14.61,46.02,2.19,97.27999877929688,605.2
2015-10-30,22309.0,15.07,46.6,2.16,96.9499969482422,607.37
2015-11-02,22311.468094600627,14.15,46.12,2.2,96.93000030517578,602.76
2015-11-03,22318.937618569355,14.54,47.88,2.23,97.16000366210938,611.71
2015-11-04,22312.0,15.51,46.32,2.25,97.9499969482422,610.6
2015-11-05,22313.0,15.05,45.27,2.26,97.94000244140624,615.18
2015-11-06,22356.0,14.33,44.32,2.34,99.16000366210938,612.36
2015-11-09,22420.0,16.52,43.87,2.36,98.9800033569336,610.66
2015-11-10,22390.0,15.29,44.23,2.32,99.29000091552734,605.27
2015-11-11,22391.40170174653,16.06,42.95,2.32,99.01000213623048,603.53
2015-11-12,22403.94309398454,18.37,41.74,2.32,98.6500015258789,605.58
2015-11-13,22419.011321600716,20.08,40.69,2.28,98.98999786376952,611.27
2015-11-16,22446.68911335578,18.16,41.68,2.27,99.44000244140624,609.21
2015-11-17,22479.487467685736,18.84,40.73,2.25,99.62999725341795,605.05
2015-11-18,22430.0,16.85,40.75,2.27,99.6500015258789,603.34
2015-11-19,22470.0,16.99,40.55,2.24,98.98999786376952,601.9
2015-11-20,22474.43532981234,15.47,39.39,2.26,99.56999969482422,604.46
2015-11-23,22485.0,15.62,39.27,2.25,99.8000030517578,599.99
2015-11-24,22468.0,15.93,40.89,2.24,99.52999877929688,593.83
2015-11-25,22468.0,15.19,41.22,2.23,99.8000030517578,595.7
2015-11-27,22475.0,15.12,40.57,2.22,100.0199966430664,582.86
2015-11-30,22468.0,16.13,40.43,2.21,100.16999816894533,573.2
2015-12-01,22492.12775528565,14.67,40.58,2.15,99.8000030517578,570.41
2015-12-02,22499.71875351558,15.91,39.93,2.18,99.98999786376952,574.42
2015-12-03,22489.598560665698,18.11,41.08,2.33,97.62000274658205,574.38
2015-12-04,22482.01438848921,14.81,40.0,2.28,98.3499984741211,571.62
2015-12-07,22475.0,15.84,37.64,2.23,98.66000366210938,563.62
2015-12-08,22460.0,17.6,37.46,2.24,98.47000122070312,574.15
2015-12-09,22482.01438848921,19.61,37.16,2.22,97.3499984741211,565.2
2015-12-10,22482.01438848921,19.34,36.76,2.24,97.94000244140624,561.04
2015-12-11,22490.0,24.39,35.65,2.13,97.56999969482422,563.43
2015-12-14,22525.059128280212,22.73,36.31,2.23,97.5999984741211,562.22
2015-12-15,22530.0,20.95,37.32,2.28,98.22000122070312,568.0
2015-12-16,22532.67237494367,17.86,35.55,2.3,97.87000274658205,572.55
2015-12-17,22547.91431792559,18.94,34.98,2.24,99.2699966430664,577.11
2015-12-18,22496.0,20.7,34.72,2.19,98.6999969482422,568.18
2015-12-21,22545.0,18.7,34.55,2.2,98.45999908447266,566.9
2015-12-22,22546.0,16.6,36.12,2.24,98.23999786376952,566.35
2015-12-23,22532.67237494367,15.57,36.76,2.27,98.33999633789062,564.27
2015-12-24,22517.0,15.74,37.62,2.25,97.9800033569336,566.17
2015-12-28,22479.487467685736,16.91,36.36,2.24,97.91999816894533,569.9
2015-12-29,22470.0,16.08,37.88,2.32,98.0999984741211,576.29
2015-12-30,22466.86137946529,17.29,36.59,2.31,98.2699966430664,579.45
2015-12-31,22480.0,18.21,37.13,2.27,98.62999725341795,579.03
2016-01-04,22424.0,20.7,36.81,2.24,98.87000274658205,574.41
2016-01-05,22458.0,19.34,35.97,2.25,99.4000015258789,569.94
2016-01-06,22465.0,20.59,33.97,2.18,99.18000030517578,574.57
2016-01-07,22499.71875351558,24.99,33.29,2.16,98.22000122070312,565.36
2016-01-08,22426.0,27.01,33.2,2.13,98.54000091552734,560.05
2016-01-11,22418.0,24.3,31.42,2.17,98.7300033569336,557.87
2016-01-12,22431.58366980709,22.47,30.42,2.12,98.97000122070312,564.26
2016-01-13,22393.0,25.22,30.42,2.08,98.93000030517578,560.37
2016-01-14,22436.0,23.95,31.22,2.1,99.08999633789062,553.03
2016-01-15,22419.011321600716,27.02,29.45,2.03,98.95999908447266,543.04
2016-01-18,22401.433691756272,27.02,29.45,2.03,99.12000274658205,526.37
2016-01-19,22392.0,26.05,28.47,2.06,98.98999786376952,535.77
2016-01-20,22396.0,27.59,26.68,2.01,99.08999633789062,529.44
2016-01-21,22336.0,26.69,29.55,2.02,99.05999755859376,521.88
2016-01-22,22392.0,22.34,32.07,2.07,99.56999969482422,522.24
2016-01-25,22383.88360380526,24.15,30.31,2.03,99.36000061035156,542.35
2016-01-26,22333.89168062535,22.5,29.54,2.01,99.36000061035156,537.73
2016-01-27,22268.0,23.11,32.32,2.02,98.9000015258789,542.69
2016-01-28,22171.0,22.42,33.21,2.0,98.51000213623048,539.47
2016-01-29,22232.10315695865,20.2,33.66,1.94,99.61000061035156,545.25
2016-02-01,22236.0,19.98,31.62,1.97,99.0,540.56
2016-02-02,22263.0,21.98,29.9,1.87,98.87000274658205,536.45
2016-02-03,22291.573785109227,21.65,32.29,1.88,97.29000091552734,539.07
2016-02-04,22288.0,21.84,31.63,1.87,96.47000122070312,542.15
2016-02-05,22236.0,23.38,30.86,1.86,97.02999877929688,544.75
2016-02-08,22214.0,26.0,29.71,1.75,96.56999969482422,544.75
2016-02-09,22306.491188935983,26.54,27.96,1.74,96.06999969482422,544.75
2016-02-10,22306.491188935983,26.29,27.54,1.71,95.88999938964844,544.75
2016-02-11,22306.491188935983,28.14,26.19,1.63,95.55999755859376,544.75
2016-02-12,22246.0,25.4,29.32,1.74,95.9800033569336,544.75
2016-02-16,22348.0,24.11,29.05,1.78,96.87000274658205,548.05
2016-02-17,22356.0,22.31,30.68,1.81,96.79000091552734,547.05
2016-02-18,22376.370552696353,21.64,30.77,1.75,96.9499969482422,552.49
2016-02-19,22333.0,20.53,29.59,1.76,96.5999984741211,554.03
2016-02-22,22383.88360380526,19.38,31.37,1.77,97.37999725341795,560.71
2016-02-23,22335.0,20.98,31.84,1.74,97.4800033569336,561.28
2016-02-24,22376.370552696353,20.72,30.35,1.75,97.45999908447266,568.04
2016-02-25,22313.9573803414,19.11,31.4,1.71,97.29000091552734,562.82
2016-02-26,22318.937618569355,19.81,31.65,1.76,98.1500015258789,566.11
2016-02-29,22301.51650312221,20.55,32.74,1.74,98.20999908447266,559.37
2016-03-01,22306.491188935983,17.7,34.39,1.83,98.3499984741211,561.56
2016-03-02,22316.44722160232,17.09,34.57,1.84,98.20999908447266,570.18
2016-03-03,22268.0,16.7,34.56,1.83,97.56999969482422,570.39
2016-03-04,22219.0,16.86,35.91,1.88,97.33999633789062,573.65
2016-03-07,22272.0,17.35,37.9,1.91,97.06999969482422,576.2
2016-03-08,22304.003568640568,18.67,36.67,1.83,97.20999908447266,574.71
2016-03-09,22273.0,18.34,37.62,1.9,97.16999816894533,571.71
2016-03-10,22219.0,18.05,37.77,1.93,96.06999969482422,575.91
2016-03-11,22238.0,16.5,38.51,1.98,96.16999816894533,577.26
2016-03-14,22296.54403567447,16.92,37.2,1.97,96.62000274658205,577.98
2016-03-15,22291.573785109227,16.84,36.32,1.97,96.62999725341795,574.04
2016-03-16,22290.0,14.99,38.43,1.94,95.88999938964844,577.07
2016-03-17,22294.058633374207,14.44,40.17,1.91,94.76000213623048,579.26
2016-03-18,22296.54403567447,14.02,39.47,1.88,94.98999786376952,575.82
2016-03-21,22296.54403567447,13.79,39.91,1.92,95.29000091552734,572.27
2016-03-22,22301.51650312221,14.17,41.45,1.94,95.6500015258789,570.91
2016-03-23,22345.0,14.94,38.28,1.88,96.0500030517578,574.71
2016-03-24,22323.0,14.74,38.14,1.91,96.13999938964844,570.66
2016-03-28,22301.0,15.24,37.99,1.89,95.94000244140624,575.72
2016-03-29,22311.468094600627,13.82,36.91,1.81,95.16000366210938,568.28
2016-03-30,22228.0,13.56,36.91,1.83,94.83999633789062,569.91
2016-03-31,22294.058633374207,13.95,36.94,1.78,94.58999633789062,561.22
2016-04-01,22272.0,13.1,35.36,1.79,94.62000274658205,558.43
2016-04-04,22299.029992195337,14.12,34.3,1.78,94.51000213623048,555.82
2016-04-05,22274.0,15.42,34.52,1.73,94.62999725341795,560.32
2016-04-06,22265.0,14.09,37.74,1.76,94.43000030517578,567.79
2016-04-07,22260.0,16.16,37.3,1.7,94.4800033569336,571.6
2016-04-08,22296.54403567447,15.36,39.74,1.72,94.23999786376952,572.34
2016-04-11,22285.0,16.26,40.46,1.73,93.9499969482422,579.27
2016-04-12,22296.54403567447,14.85,42.12,1.79,93.95999908447266,579.84
2016-04-13,22278.0,13.84,41.7,1.77,94.73999786376952,578.02
2016-04-14,22321.428571428572,13.72,41.45,1.8,94.9000015258789,579.49
2016-04-15,22306.491188935983,13.62,40.4,1.76,94.6999969482422,579.86
2016-04-18,22306.491188935983,13.35,39.74,1.78,94.48999786376952,579.86
2016-04-19,22299.029992195337,13.24,40.88,1.79,93.9800033569336,568.28
2016-04-20,22296.54403567447,13.28,42.72,1.85,94.48999786376952,568.03
2016-04-21,22291.573785109227,13.95,43.18,1.88,94.5999984741211,575.73
2016-04-22,22266.0,13.22,42.76,1.89,95.12000274658205,592.48
2016-04-25,22276.0,14.08,41.67,1.91,94.83999633789062,591.58
2016-04-26,22301.51650312221,13.96,42.52,1.94,94.56999969482422,598.48
2016-04-27,22244.0,13.77,45.29,1.87,94.38999938964844,593.96
2016-04-28,22304.003568640568,15.22,46.03,1.84,93.76000213623048,591.67
2016-04-29,22244.0,15.7,45.98,1.83,93.08000183105467,598.37
2016-05-02,22291.573785109227,14.68,44.75,1.88,92.62999725341795,598.37
2016-05-03,22228.0,15.6,43.65,1.81,92.94000244140624,598.37
2016-05-04,22291.573785109227,16.05,43.77,1.79,93.18000030517578,599.07
2016-05-05,22228.0,15.91,44.33,1.76,93.77999877929688,601.51
2016-05-06,22241.0,14.72,44.58,1.79,93.88999938964844,606.52
2016-05-09,22251.0,14.57,43.45,1.77,94.1500015258789,603.85
2016-05-10,22271.0,13.63,44.68,1.77,94.29000091552734,605.05
2016-05-11,22252.0,14.69,46.21,1.73,93.81999969482422,614.06
2016-05-12,22300.0,14.41,46.64,1.75,94.13999938964844,612.12
2016-05-13,22310.0,15.04,46.22,1.71,94.61000061035156,610.82
2016-05-16,22371.364653243847,14.68,47.72,1.75,94.56999969482422,615.78
2016-05-17,22278.0,15.57,48.29,1.76,94.5500030517578,624.75
2016-05-18,22234.0,15.95,48.12,1.87,95.08000183105467,622.45
2016-05-19,22316.44722160232,16.33,48.16,1.85,95.29000091552734,619.2
2016-05-20,22315.0,15.2,47.67,1.85,95.30999755859376,614.81
2016-05-23,22323.92008036611,15.82,48.12,1.84,95.2300033569336,611.03
2016-05-24,22309.0,14.42,48.04,1.86,95.56999969482422,611.62
2016-05-25,22353.86162959651,13.9,49.1,1.87,95.3499984741211,611.89
2016-05-26,22381.378692927487,13.43,49.0,1.83,95.16999816894533,604.34
2016-05-27,22370.0,13.12,49.36,1.85,95.5199966430664,608.11
2016-05-31,22366.0,14.19,49.1,1.84,95.88999938964844,618.44
2016-06-01,22409.0,14.2,49.07,1.85,95.45999908447266,619.86
2016-06-02,22364.0,13.63,49.14,1.81,95.55999755859376,623.37
2016-06-03,22413.98632746834,13.47,48.69,1.71,94.02999877929688,621.88
2016-06-06,22348.0,13.65,49.71,1.73,93.9000015258789,620.05
2016-06-07,22346.3687150838,14.05,50.37,1.72,93.83000183105467,624.65
2016-06-08,22288.0,14.08,51.23,1.71,93.58999633789062,627.87
2016-06-09,22351.363433169423,14.64,50.52,1.68,94.0999984741211,631.26
2016-06-10,22336.38597274961,17.03,49.09,1.64,94.5999984741211,629.84
2016-06-13,22328.904767221167,20.97,48.89,1.62,94.37000274658205,623.58
2016-06-14,22308.97936419409,20.5,48.49,1.62,94.93000030517578,625.43
2016-06-15,22322.0,20.14,47.92,1.6,94.61000061035156,627.02
2016-06-16,22262.0,19.37,46.14,1.57,94.56999969482422,625.11
2016-06-17,22301.51650312221,19.41,48.0,1.62,94.20999908447266,619.25
2016-06-20,22322.0,18.37,49.4,1.67,93.61000061035156,626.46
2016-06-21,22304.003568640568,18.48,48.95,1.71,94.0199966430664,628.0
2016-06-22,22257.0,21.17,49.16,1.69,93.72000122070312,626.41
2016-06-23,22308.97936419409,17.25,49.34,1.74,93.52999877929688,632.27
2016-06-24,22326.412145568207,25.76,46.7,1.57,95.4499969482422,620.77
2016-06-27,22313.0,23.85,45.8,1.46,96.54000091552734,621.27
2016-06-28,22265.0,18.75,47.93,1.46,96.25,622.2
2016-06-29,22316.44722160232,16.64,49.85,1.5,95.7699966430664,630.12
2016-06-30,22306.491188935983,15.63,48.27,1.49,96.13999938964844,632.26
2016-07-01,22304.003568640568,14.77,49.02,1.46,95.6500015258789,640.3
2016-07-05,22308.97936419409,15.58,46.73,1.37,96.16999816894533,650.88
2016-07-06,22306.491188935983,14.96,47.37,1.38,96.05999755859376,649.46
2016-07-07,22278.0,14.76,45.22,1.4,96.33000183105467,661.12
2016-07-08,22301.51650312221,13.2,45.37,1.37,96.3000030517578,658.68
2016-07-11,22304.003568640568,13.54,44.73,1.43,96.56999969482422,652.26
2016-07-12,22254.0,13.55,46.82,1.53,96.44000244140624,658.9
2016-07-13,22279.0,13.04,44.87,1.48,96.22000122070312,675.12
2016-07-14,22277.0,12.82,45.64,1.53,96.08000183105467,666.69
2016-07-15,22301.51650312221,12.67,45.93,1.6,96.58000183105467,664.56
2016-07-18,22278.0,12.44,45.23,1.59,96.55999755859376,673.5
2016-07-19,22270.0,11.97,44.64,1.56,97.0500030517578,667.76
2016-07-20,22248.0,11.77,44.96,1.59,97.1999969482422,660.26
2016-07-21,22306.491188935983,12.74,43.96,1.57,97.0,659.57
2016-07-22,22306.491188935983,12.02,43.41,1.57,97.47000122070312,649.87
2016-07-25,22278.0,12.87,42.4,1.58,97.29000091552734,649.3
2016-07-26,22278.0,13.05,42.16,1.57,97.16000366210938,648.59
2016-07-27,22306.491188935983,12.83,41.9,1.52,97.0500030517578,656.11
2016-07-28,22306.491188935983,12.72,41.13,1.52,96.73999786376952,657.14
2016-07-29,22273.0,11.87,41.54,1.46,95.52999877929688,652.23
2016-08-01,22301.51650312221,12.44,40.05,1.51,95.70999908447266,648.38
2016-08-02,22278.0,13.37,39.5,1.55,95.05999755859376,636.05
2016-08-03,22234.0,12.86,40.8,1.55,95.55999755859376,631.61
2016-08-04,22260.0,12.42,41.92,1.51,95.76000213623048,631.94
2016-08-05,22304.003568640568,11.39,41.83,1.59,96.19000244140624,627.39
2016-08-08,22238.0,11.5,43.06,1.59,96.4000015258789,629.46
2016-08-09,22304.003568640568,11.66,42.78,1.55,96.18000030517578,637.34
2016-08-10,22301.51650312221,12.05,41.75,1.5,95.6500015258789,648.33
2016-08-11,22306.491188935983,11.68,43.51,1.57,95.86000061035156,660.24
2016-08-12,22298.0,11.55,44.47,1.51,95.72000122070312,655.71
2016-08-15,22304.003568640568,11.81,45.72,1.55,95.62999725341795,659.47
2016-08-16,22278.0,12.64,46.57,1.57,94.79000091552734,658.11
2016-08-17,22279.0,12.19,46.81,1.56,94.72000122070312,660.51
2016-08-18,22296.54403567447,11.43,48.2,1.53,94.16000366210938,660.65
2016-08-19,22248.0,11.34,48.48,1.58,94.51000213623048,662.28
2016-08-22,22301.51650312221,12.27,46.8,1.55,94.5199966430664,657.68
2016-08-23,22306.491188935983,12.38,47.54,1.55,94.54000091552734,659.16
2016-08-24,22276.0,13.45,46.29,1.56,94.79000091552734,660.77
2016-08-25,22278.0,13.63,46.97,1.58,94.7699966430664,658.5
2016-08-26,22308.97936419409,13.65,47.64,1.62,95.56999969482422,667.75
2016-08-29,22311.468094600627,12.94,46.97,1.57,95.58000183105467,669.44
2016-08-30,22311.468094600627,13.12,46.32,1.57,96.0500030517578,672.67
2016-08-31,22300.0,13.42,44.68,1.58,96.0199966430664,674.63
2016-09-01,22273.0,13.48,43.17,1.57,95.6500015258789,669.19
2016-09-02,22251.0,11.98,44.39,1.6,95.87999725341795,669.19
2016-09-06,22276.0,12.02,44.85,1.55,94.81999969482422,663.9
2016-09-07,22301.51650312221,11.94,45.47,1.54,94.95999908447266,661.28
2016-09-08,22255.0,12.51,47.63,1.61,95.02999877929688,666.07
2016-09-09,22304.003568640568,17.5,45.88,1.67,95.33999633789062,666.88
2016-09-12,22226.0,15.16,46.28,1.68,95.0999984741211,659.76
2016-09-13,22304.003568640568,17.85,44.91,1.73,95.62999725341795,659.72
2016-09-14,22304.003568640568,18.14,43.62,1.7,95.33000183105467,656.64
2016-09-15,22308.97936419409,16.3,43.85,1.71,95.29000091552734,656.18
2016-09-16,22316.44722160232,15.37,43.04,1.7,96.11000061035156,651.31
2016-09-19,22261.0,15.53,43.34,1.7,95.83999633789062,657.89
2016-09-20,22276.0,15.92,43.85,1.69,96.0199966430664,663.37
2016-09-21,22298.0,13.3,45.33,1.66,95.66000366210938,668.48
2016-09-22,22308.97936419409,12.02,46.1,1.63,95.4499969482422,671.38
2016-09-23,22289.0,12.29,44.36,1.62,95.4800033569336,674.09
2016-09-26,22289.0,14.5,45.6,1.59,95.30999755859376,677.04
2016-09-27,22278.0,13.1,44.65,1.56,95.44000244140624,684.89
2016-09-28,22316.44722160232,12.39,47.07,1.57,95.43000030517578,686.72
2016-09-29,22280.0,14.02,47.72,1.56,95.54000091552734,688.55
2016-09-30,22281.0,13.29,47.72,1.6,95.45999908447266,685.73
2016-10-03,22306.491188935983,13.57,48.8,1.63,95.75,683.05
2016-10-04,22308.97936419409,13.63,48.67,1.69,96.12000274658205,684.2
2016-10-05,22306.491188935983,12.99,49.75,1.72,96.12999725341795,687.04
2016-10-06,22306.491188935983,12.84,50.44,1.75,96.66000366210938,687.32
2016-10-07,22253.0,13.48,49.76,1.73,96.5199966430664,683.95
2016-10-11,22258.0,15.36,50.72,1.77,97.6999969482422,682.36
2016-10-12,22248.0,15.91,50.14,1.79,97.97000122070312,682.45
2016-10-13,22308.97936419409,16.69,50.47,1.75,97.5199966430664,685.23
2016-10-14,22308.97936419409,16.12,50.35,1.8,98.0199966430664,687.0
2016-10-17,22311.468094600627,16.21,49.97,1.77,97.88999938964844,680.95
2016-10-18,22265.0,15.28,50.3,1.75,97.9000015258789,682.02
2016-10-19,22255.0,14.41,51.59,1.76,97.87000274658205,688.89
2016-10-20,22258.0,13.75,50.31,1.76,98.31999969482422,686.39
2016-10-21,22273.0,13.34,50.61,1.74,98.6999969482422,684.83
2016-10-24,22323.92008036611,13.02,50.18,1.77,98.66999816894533,678.02
2016-10-25,22338.880822070816,13.46,49.45,1.77,98.72000122070312,676.18
2016-10-26,22336.38597274961,14.24,48.75,1.79,98.62999725341795,673.61
2016-10-27,22325.0,15.36,49.71,1.85,98.88999938964844,676.9
2016-10-28,22331.39794551139,16.19,48.72,1.86,98.3499984741211,682.25
2016-10-31,22284.0,17.06,46.83,1.84,98.4499969482422,675.8
2016-11-01,22284.0,18.56,46.66,1.83,97.6999969482422,676.6
2016-11-02,22268.0,19.32,45.32,1.81,97.4000015258789,671.4
2016-11-03,22268.0,22.08,44.66,1.82,97.16000366210938,667.63
2016-11-04,22331.39794551139,22.51,44.07,1.79,97.06999969482422,666.73
2016-11-07,22295.0,18.71,44.88,1.83,97.77999877929688,674.14
2016-11-08,22336.38597274961,18.74,44.96,1.88,97.86000061035156,676.46
2016-11-09,22331.39794551139,14.38,45.2,2.07,98.5,670.26
2016-11-10,22275.0,14.74,44.62,2.15,98.79000091552734,678.17
2016-11-14,22304.0,14.48,43.29,2.23,100.11000061035156,673.05
2016-11-15,22351.363433169423,13.37,45.86,2.23,100.19000244140624,674.26
2016-11-16,22381.0,13.72,45.56,2.22,100.41000366210938,674.6
2016-11-17,22416.498542927595,13.35,45.37,2.29,100.88999938964844,674.57
2016-11-18,22512.3818099955,12.85,45.69,2.34,101.20999908447266,673.25
2016-11-21,22568.269013766643,12.42,47.48,2.33,101.0500030517578,674.29
2016-11-22,22478.0,12.41,48.07,2.31,101.04000091552734,681.91
2016-11-23,22642.363862787275,12.43,46.72,2.36,101.6999969482422,683.16
2016-11-25,22753.128555176336,12.34,46.72,2.36,101.48999786376952,675.87
2016-11-28,22700.0,13.15,45.66,2.32,101.33000183105467,665.29
2016-11-29,22675.736961451246,12.9,45.29,2.3,100.93000030517578,658.26
2016-11-30,22640.0,13.33,49.41,2.37,101.5,665.07
2016-12-01,22686.025408348454,14.07,51.08,2.45,101.04000091552734,666.54
2016-12-02,22696.323195642308,14.12,51.7,2.4,100.7699966430664,665.14
2016-12-05,22716.94684234439,12.14,51.72,2.39,100.13999938964844,660.21
2016-12-06,22720.0,11.79,50.95,2.39,100.48999786376952,651.49
2016-12-07,22680.0,12.22,49.85,2.34,100.2300033569336,653.53
2016-12-08,22630.0,12.64,50.84,2.4,101.06999969482422,658.89
2016-12-09,22585.0,11.75,51.51,2.47,101.56999969482422,663.07
2016-12-12,22620.0,12.64,52.74,2.49,100.95999908447266,659.7
2016-12-13,22660.321776569224,12.72,52.99,2.48,101.02999877929688,654.66
2016-12-14,22710.0,13.19,51.01,2.54,102.0,665.14
2016-12-15,22740.0,12.79,50.9,2.6,103.12999725341795,665.92
2016-12-16,22753.128555176336,12.2,51.93,2.6,102.9499969482422,675.16
2016-12-19,22755.0,11.71,52.13,2.54,103.13999938964844,674.33
2016-12-20,22766.078542970976,11.45,52.22,2.57,103.29000091552734,662.66
2016-12-21,22768.670309653917,11.27,51.44,2.55,103.0199966430664,666.94
2016-12-22,22763.48736626451,11.43,51.98,2.55,103.08999633789062,664.15
2016-12-23,22755.0,11.44,52.01,2.55,103.01000213623048,664.37
2016-12-27,22762.0,11.99,52.82,2.57,103.0199966430664,663.86
2016-12-28,22770.0,12.95,54.01,2.51,103.26000213623048,663.5
2016-12-29,22777.0,13.37,53.8,2.49,102.68000030517578,664.72
2016-12-30,22773.855613755408,14.04,53.75,2.45,102.38999938964844,664.87
2017-01-03,22745.0,12.85,52.36,2.45,103.20999908447266,672.01
2017-01-04,22729.85566541653,11.85,53.26,2.46,102.6999969482422,674.7
2017-01-05,22680.880018144704,11.67,53.77,2.37,101.5199966430664,675.81
2017-01-06,22565.72266726842,11.32,53.98,2.42,102.22000122070312,679.8
2017-01-09,22580.0,11.56,51.95,2.38,101.93000030517578,682.57
2017-01-10,22570.0,11.49,50.82,2.38,102.01000213623048,681.07
2017-01-11,22575.91150242691,11.26,52.19,2.38,101.77999877929688,687.16
2017-01-12,22570.0,11.54,53.01,2.36,101.3499984741211,686.96
2017-01-13,22560.0,11.23,52.36,2.4,101.18000030517578,685.06
2017-01-17,22573.36343115124,11.87,52.45,2.33,100.33000183105467,684.71
2017-01-18,22572.0,12.48,51.12,2.42,100.93000030517578,683.28
2017-01-19,22568.269013766643,12.78,51.39,2.47,101.1500015258789,682.31
2017-01-20,22573.36343115124,11.54,52.33,2.48,100.73999786376952,686.26
2017-01-23,22550.0,11.77,52.77,2.41,100.16000366210938,687.15
2017-01-24,22578.460149017836,11.07,52.38,2.47,100.3499984741211,691.36
2017-01-25,22596.316800361543,10.81,52.14,2.53,100.02999877929688,697.28
2017-01-26,22590.0,10.63,53.24,2.51,100.37999725341795,697.28
2017-01-27,22590.0,10.58,53.18,2.49,100.52999877929688,697.28
2017-01-30,22596.316800361543,11.88,52.63,2.49,100.43000030517578,697.28
2017-01-31,22590.0,11.99,52.75,2.45,99.51000213623048,697.28
2017-02-01,22596.316800361543,11.81,53.9,2.48,99.63999938964844,697.28
2017-02-02,22640.0,11.93,53.55,2.48,99.8499984741211,703.18
2017-02-03,22629.5541977823,10.97,53.81,2.49,99.87000274658205,700.35
2017-02-06,22593.764121102577,11.37,53.01,2.42,99.91000366210938,700.04
2017-02-07,22590.0,11.29,52.19,2.4,100.26000213623048,701.91
2017-02-08,22650.0,11.45,52.37,2.34,100.27999877929688,702.04
2017-02-09,22670.596236681024,10.88,52.99,2.4,100.6500015258789,700.65
2017-02-10,22640.0,10.85,53.84,2.41,100.8000030517578,703.78
2017-02-13,22675.736961451246,11.07,52.96,2.43,100.95999908447266,705.9
2017-02-14,22747.952684258416,10.74,53.21,2.47,101.25,706.26
2017-02-15,22784.233310549094,11.97,53.11,2.51,101.18000030517578,711.57
2017-02-16,22766.078542970976,11.76,53.41,2.45,100.44000244140624,709.35
2017-02-17,22760.0,11.49,53.41,2.42,100.9499969482422,707.83
2017-02-21,22833.65681013814,11.57,54.02,2.43,101.37000274658205,716.55
2017-02-22,22833.65681013814,11.74,53.61,2.42,101.33000183105467,717.24
2017-02-23,22790.0,11.71,54.48,2.38,101.0500030517578,716.87
2017-02-24,22818.026240730174,11.47,53.99,2.31,101.08999633789062,714.47
2017-02-27,22784.233310549094,12.09,54.04,2.36,101.12999725341795,717.44
2017-02-28,22758.30678197542,12.92,54.0,2.36,101.12000274658205,710.79
2017-03-01,22790.0,12.54,53.82,2.46,101.77999877929688,709.52
2017-03-02,22815.0,11.81,52.63,2.49,102.1999969482422,707.51
2017-03-03,22840.0,10.96,53.33,2.49,101.54000091552734,712.62
2017-03-06,22807.61774432661,11.24,53.19,2.49,101.63999938964844,716.29
2017-03-07,22807.61774432661,11.45,52.68,2.52,101.80999755859376,716.54
2017-03-08,22795.0,11.86,49.83,2.57,102.06999969482422,716.6
2017-03-09,22800.0,12.3,48.75,2.6,101.8499984741211,715.8
2017-03-10,22802.41705620796,11.66,48.05,2.58,101.25,712.21
2017-03-13,22807.61774432661,11.35,47.95,2.62,101.37999725341795,710.17
2017-03-14,22807.61774432661,12.3,47.24,2.6,101.6999969482422,714.71
2017-03-15,22828.44424152494,11.63,48.34,2.51,100.73999786376952,713.14
2017-03-16,22784.233310549094,11.21,48.3,2.53,100.2699966430664,714.92
2017-03-17,22786.82921271505,11.28,48.34,2.5,100.3000030517578,710.54
2017-03-20,22797.218739313805,11.34,47.79,2.47,100.41000366210938,715.07
2017-03-21,22780.0,12.47,47.02,2.43,99.80999755859376,716.18
2017-03-22,22773.0,12.81,47.29,2.4,99.68000030517578,712.94
2017-03-23,22790.0,13.12,47.0,2.41,99.76000213623048,719.56
2017-03-24,22792.02279202279,12.96,47.3,2.4,99.62999725341795,722.14
2017-03-27,22773.0,12.5,47.02,2.38,99.16999816894533,723.52
2017-03-28,22770.0,11.53,48.36,2.42,99.70999908447266,719.26
2017-03-29,22776.449151577268,11.42,49.47,2.39,100.0,720.47
2017-03-30,22765.0,11.54,50.3,2.42,100.41000366210938,723.86
2017-03-31,22758.30678197542,12.37,50.54,2.4,100.3499984741211,722.31
2017-04-03,22730.0,12.38,50.25,2.35,100.54000091552734,722.38
2017-04-04,22690.0,11.79,50.99,2.36,100.54000091552734,724.14
2017-04-05,22680.0,12.89,51.14,2.34,100.55999755859376,723.22
2017-04-06,22640.0,12.39,51.69,2.34,100.66999816894533,723.22
2017-04-07,22660.321776569224,12.87,52.25,2.38,101.18000030517578,727.95
2017-04-10,22660.321776569224,14.05,53.06,2.37,101.0199966430664,729.87
2017-04-11,22653.0,15.07,53.38,2.32,100.70999908447266,731.33
2017-04-12,22670.0,15.77,53.12,2.28,100.77999877929688,725.58
2017-04-13,22590.0,15.96,53.19,2.24,100.55999755859376,724.35
2017-04-17,22704.0526734022,14.66,52.62,2.26,100.3000030517578,710.83
2017-04-18,22747.952684258416,14.42,52.46,2.18,99.5,714.93
2017-04-19,22742.779167614284,14.93,50.49,2.21,99.73999786376952,716.77
2017-04-20,22690.0,14.15,50.26,2.24,99.77999877929688,712.66
2017-04-21,22719.52743382938,14.63,49.64,2.24,99.9800033569336,712.41
2017-04-24,22715.0,10.84,48.9,2.28,99.08999633789062,709.39
2017-04-25,22768.670309653917,10.76,49.22,2.35,98.81999969482422,707.58
2017-04-26,22710.0,10.85,49.22,2.32,98.95999908447266,710.04
2017-04-27,22735.023303398884,10.36,48.96,2.3,99.08000183105467,716.53
2017-04-28,22745.36563175253,10.82,49.31,2.29,99.0500030517578,717.73
2017-05-01,22700.0,10.11,48.83,2.33,99.13999938964844,717.73
2017-05-02,22700.0,10.59,47.65,2.29,98.9800033569336,717.73
2017-05-03,22740.0,10.68,47.79,2.33,99.20999908447266,719.54
2017-05-04,22753.128555176336,10.46,45.55,2.36,98.76000213623048,722.02
2017-05-05,22735.023303398884,10.57,46.23,2.36,98.6500015258789,720.0
2017-05-08,22732.439190725163,9.77,46.46,2.39,99.1500015258789,718.86
2017-05-09,22735.023303398884,9.96,45.84,2.42,99.58999633789062,722.11
2017-05-10,22738.0,10.21,47.28,2.41,99.66999816894533,724.31
2017-05-11,22722.0,10.6,47.81,2.39,99.62000274658205,724.99
2017-05-12,22690.0,10.4,47.83,2.33,99.25,725.37
2017-05-15,22683.452421458544,10.42,48.86,2.34,98.91000366210938,725.35
2017-05-16,22600.0,10.65,48.64,2.33,98.11000061035156,725.03
2017-05-17,22686.025408348454,15.59,49.04,2.22,97.41999816894533,727.2
2017-05-18,22680.0,14.66,49.36,2.23,97.87999725341795,726.99
2017-05-19,22600.0,12.04,50.32,2.23,97.1500015258789,733.82
2017-05-22,22625.0,10.93,50.81,2.25,96.9800033569336,744.1
2017-05-23,22688.598979013048,10.72,51.12,2.29,97.3499984741211,740.93
2017-05-24,22600.0,10.02,50.99,2.26,97.23999786376952,742.74
2017-05-25,22691.17313365101,9.99,48.57,2.25,97.25,741.91
2017-05-26,22729.85566541653,9.81,49.58,2.25,97.4000015258789,743.41
2017-05-30,22714.36683702442,10.38,49.63,2.21,97.27999877929688,738.21
2017-05-31,22716.94684234439,10.41,48.29,2.21,96.91999816894533,737.82
2017-06-01,22700.0,9.89,48.32,2.21,97.1999969482422,741.8
2017-06-02,22675.0,9.75,47.68,2.15,96.72000122070312,738.81
2017-06-05,22722.108611679163,10.07,47.4,2.18,96.8000030517578,743.49
2017-06-06,22722.108611679163,10.45,48.13,2.14,96.63999938964844,751.31
2017-06-07,22704.0526734022,10.39,45.8,2.18,96.75,753.46
2017-06-08,22685.0,10.16,45.68,2.19,96.91999816894533,750.13
2017-06-09,22675.0,10.7,45.82,2.21,97.2699966430664,749.72
2017-06-12,22693.74787246114,11.46,46.1,2.21,97.13999938964844,751.09
2017-06-13,22693.74787246114,10.42,46.41,2.21,96.9800033569336,756.89
2017-06-14,22700.0,10.64,44.79,2.15,96.94000244140624,760.77
2017-06-15,22696.323195642308,10.9,44.47,2.16,97.43000030517578,760.57
2017-06-16,22691.17313365101,10.38,44.73,2.16,97.16000366210938,761.24
2017-06-19,22724.690376093626,10.37,44.24,2.19,97.52999877929688,766.83
2017-06-20,22720.0,10.86,43.34,2.16,97.75,767.99
2017-06-21,22727.272727272728,10.75,42.48,2.16,97.55999755859376,767.41
2017-06-22,22670.0,10.48,42.53,2.15,97.54000091552734,766.3
2017-06-23,22727.272727272728,10.02,42.86,2.15,97.3000030517578,769.01
2017-06-26,22705.0,9.9,43.24,2.14,97.43000030517578,772.52
2017-06-27,22742.779167614284,11.06,44.25,2.21,96.47000122070312,767.51
2017-06-28,22747.952684258416,10.03,44.74,2.22,96.0500030517578,769.04
2017-06-29,22740.19329164298,11.44,44.88,2.27,95.62999725341795,771.75
2017-06-30,22732.439190725163,11.18,46.02,2.31,95.66000366210938,776.47
2017-07-03,22737.608003638015,11.22,46.02,2.35,96.1999969482422,778.88
2017-07-05,22742.779167614284,11.07,45.11,2.33,96.29000091552734,778.32
2017-07-06,22737.608003638015,12.54,45.52,2.37,95.81999969482422,782.65
2017-07-07,22747.952684258416,11.19,44.25,2.39,96.01000213623048,775.73
2017-07-10,22755.717373990217,11.11,44.4,2.38,96.0500030517578,766.56
2017-07-11,22735.023303398884,10.89,45.06,2.37,95.73999786376952,769.36
2017-07-12,22705.0,10.3,45.48,2.33,95.79000091552734,774.17
2017-07-13,22705.0,9.9,46.06,2.35,95.7300033569336,778.3
2017-07-14,22705.0,9.51,46.53,2.33,95.11000061035156,777.6
2017-07-17,22715.0,9.82,46.02,2.31,95.12999725341795,768.91
2017-07-18,22715.0,9.89,46.4,2.27,94.66000366210938,767.49
2017-07-19,22735.023303398884,9.79,47.1,2.27,94.8000030517578,771.3
2017-07-20,22725.0,9.58,46.73,2.27,94.2699966430664,768.41
2017-07-21,22700.0,9.36,45.78,2.24,93.94000244140624,761.86
2017-07-24,22732.439190725163,9.43,46.21,2.26,93.9800033569336,759.74
2017-07-25,22735.023303398884,9.43,47.77,2.33,94.0500030517578,767.27
2017-07-26,22705.0,9.6,48.58,2.29,93.66999816894533,773.88
2017-07-27,22732.439190725163,10.11,49.05,2.32,93.86000061035156,771.5
2017-07-28,22728.0,10.29,49.72,2.3,93.26000213623048,777.09
2017-07-31,22727.272727272728,10.26,50.21,2.3,92.86000061035156,783.55
2017-08-01,22720.0,10.09,49.19,2.26,93.02999877929688,786.81
2017-08-02,22720.0,10.28,49.6,2.27,92.83000183105467,786.23
2017-08-03,22725.0,10.44,49.03,2.24,92.80999755859376,788.49
2017-08-04,22737.608003638015,10.03,49.57,2.27,93.54000091552734,788.68
2017-08-07,22735.023303398884,9.93,49.37,2.26,93.43000030517578,792.98
2017-08-08,22732.439190725163,10.96,49.07,2.29,93.63999938964844,791.57
2017-08-09,22732.439190725163,11.11,49.59,2.24,93.5199966430664,773.66
2017-08-10,22730.0,16.04,48.54,2.2,93.4000015258789,773.43
2017-08-11,22727.0,15.51,48.81,2.19,93.06999969482422,772.08
2017-08-14,22727.0,12.33,47.59,2.22,93.45999908447266,776.17
2017-08-15,22727.0,12.04,47.57,2.27,93.8499984741211,771.06
2017-08-16,22729.85566541653,11.74,46.8,2.23,93.48999786376952,773.57
2017-08-17,22732.439190725163,15.55,47.07,2.19,93.62000274658205,767.59
2017-08-18,22728.0,14.26,48.59,2.19,93.43000030517578,768.97
2017-08-21,22729.85566541653,13.19,47.39,2.18,93.0999984741211,768.79
2017-08-22,22732.439190725163,11.35,47.65,2.22,93.5500030517578,761.26
2017-08-23,22730.0,12.25,48.45,2.17,93.1500015258789,765.98
2017-08-24,22738.0,12.23,47.24,2.19,93.27999877929688,769.77
2017-08-25,22732.0,11.28,47.65,2.17,92.73999786376952,771.63
2017-08-28,22725.0,11.32,46.4,2.16,92.20999908447266,777.26
2017-08-29,22732.439190725163,11.7,46.46,2.13,92.3499984741211,774.03
2017-08-30,22725.0,11.22,45.96,2.15,92.87999725341795,778.65
2017-08-31,22715.0,10.59,47.26,2.12,92.66999816894533,782.76
2017-09-01,22725.0,10.13,47.32,2.16,92.80999755859376,788.73
2017-09-05,22732.439190725163,12.23,48.63,2.07,92.30999755859376,792.31
2017-09-06,22729.85566541653,11.63,49.13,2.1,92.29000091552734,793.55
2017-09-07,22729.85566541653,11.55,49.1,2.05,91.52999877929688,796.72
2017-09-08,22727.272727272728,12.12,47.44,2.06,91.33000183105467,801.2
2017-09-11,22727.272727272728,10.73,48.06,2.14,91.86000061035156,797.47
2017-09-12,22720.0,10.58,48.21,2.17,91.91000366210938,799.94
2017-09-13,22727.272727272728,10.5,49.3,2.2,92.5199966430664,802.78
2017-09-14,22727.272727272728,10.44,49.86,2.2,92.12000274658205,806.32
2017-09-15,22727.272727272728,10.17,49.9,2.2,91.87000274658205,805.82
2017-09-18,22727.272727272728,10.15,49.88,2.23,92.0500030517578,807.87
2017-09-19,22732.439190725163,10.18,49.54,2.24,91.79000091552734,805.93
2017-09-20,22732.439190725163,9.78,50.29,2.28,92.51000213623048,805.86
2017-09-21,22732.439190725163,9.67,50.58,2.27,92.26000213623048,803.93
2017-09-22,22737.608003638015,9.59,50.33,2.26,92.16999816894533,807.13
2017-09-25,22730.0,10.21,51.85,2.22,92.6500015258789,805.58
2017-09-26,22732.439190725163,10.17,51.59,2.24,92.97000122070312,805.35
2017-09-27,22732.439190725163,9.87,52.14,2.31,93.36000061035156,803.77
2017-09-28,22729.85566541653,9.55,51.62,2.31,93.08999633789062,804.82
2017-09-29,22727.272727272728,9.51,51.67,2.33,93.08000183105467,804.42
2017-10-02,22715.0,9.45,50.59,2.34,93.55999755859376,802.23
2017-10-03,22715.0,9.51,50.44,2.33,93.56999969482422,798.0
2017-10-04,22732.439190725163,9.63,50.0,2.33,93.45999908447266,805.66
2017-10-05,22715.0,9.19,50.79,2.35,93.95999908447266,805.23
2017-10-06,22729.85566541653,9.65,49.34,2.37,93.8000030517578,807.8
2017-10-09,22725.0,10.33,49.58,2.37,93.73999786376952,808.96
2017-10-10,22724.690376093626,10.08,50.93,2.35,93.29000091552734,810.65
2017-10-11,22718.0,9.85,51.3,2.35,92.95999908447266,813.95
2017-10-12,22722.108611679163,9.91,50.61,2.33,93.12000274658205,815.87
2017-10-13,22722.108611679163,9.61,51.43,2.28,93.08999633789062,820.95
2017-10-16,22722.108611679163,9.91,51.86,2.3,93.27999877929688,819.43
2017-10-17,22718.0,10.31,51.87,2.3,93.48999786376952,828.29
2017-10-18,22719.0,10.07,52.05,2.34,93.36000061035156,827.72
2017-10-19,22722.108611679163,10.05,51.29,2.33,93.2699966430664,828.93
2017-10-20,22718.0,9.97,51.63,2.39,93.6999969482422,826.84
2017-10-23,22727.272727272728,11.07,51.91,2.38,93.94000244140624,820.04
2017-10-24,22722.108611679163,11.16,52.32,2.42,93.95999908447266,825.24
2017-10-25,22724.690376093626,11.23,51.97,2.44,93.70999908447266,830.69
2017-10-26,22720.0,11.3,52.41,2.46,94.61000061035156,830.11
2017-10-27,22719.52743382938,9.8,53.92,2.42,94.91999816894533,840.37
2017-10-30,22722.108611679163,10.5,54.11,2.37,94.48999786376952,845.2
2017-10-31,22716.94684234439,10.18,54.36,2.38,94.5500030517578,837.28
2017-11-01,22701.0,10.2,54.32,2.37,94.81999969482422,842.71
2017-11-02,22700.0,9.93,54.55,2.35,94.69000244140624,833.09
2017-11-03,22716.94684234439,9.14,55.63,2.34,94.94000244140624,843.73
2017-11-06,22716.94684234439,9.4,57.34,2.32,94.72000122070312,849.09
2017-11-07,22701.0,9.89,57.19,2.32,94.91000366210938,850.33
2017-11-08,22716.94684234439,9.78,56.82,2.32,94.87000274658205,859.7
2017-11-09,22700.0,10.5,57.16,2.33,94.44000244140624,860.4
2017-11-10,22716.94684234439,11.29,56.75,2.4,94.38999938964844,868.21
2017-11-13,22695.0,11.5,56.77,2.4,94.48999786376952,879.34
2017-11-14,22716.94684234439,11.59,55.67,2.38,93.83000183105467,880.9
2017-11-15,22701.0,13.13,55.28,2.33,93.80999755859376,882.59
2017-11-16,22701.0,11.76,55.14,2.37,93.93000030517578,892.8
2017-11-17,22716.94684234439,11.43,56.21,2.35,93.66000366210938,890.69
2017-11-20,22700.0,10.65,56.21,2.37,94.08000183105467,903.55
2017-11-21,22716.94684234439,9.73,56.84,2.36,93.9499969482422,918.3
2017-11-22,22715.0,9.88,57.88,2.32,93.22000122070312,932.66
2017-11-24,22727.272727272728,9.67,58.94,2.34,92.76000213623048,935.57
2017-11-27,22722.108611679163,9.87,58.1,2.32,92.9000015258789,938.61
2017-11-28,22719.52743382938,10.03,57.96,2.34,93.26000213623048,941.21
2017-11-29,22715.0,10.7,57.25,2.37,93.26000213623048,952.14
2017-11-30,22705.0,11.28,57.4,2.42,93.01000213623048,949.93
2017-12-01,22714.36683702442,11.43,58.35,2.37,92.9000015258789,960.33
2017-12-04,22716.94684234439,11.68,57.48,2.37,93.19000244140624,970.02
2017-12-05,22705.0,11.33,57.66,2.36,93.37999725341795,953.3
2017-12-06,22705.0,11.02,55.79,2.33,93.61000061035156,947.64
2017-12-07,22701.0,10.16,56.5,2.37,93.8000030517578,938.65
2017-12-08,22711.78741766977,9.58,57.15,2.38,93.9000015258789,940.16
2017-12-11,22700.0,9.34,57.84,2.39,93.87000274658205,917.45
2017-12-12,22701.0,9.92,57.12,2.4,94.0999984741211,927.25
2017-12-13,22701.0,10.18,56.59,2.36,93.43000030517578,924.4
2017-12-14,22719.52743382938,10.49,57.0,2.35,93.48999786376952,935.85
2017-12-15,22722.108611679163,9.42,57.29,2.35,93.93000030517578,935.16
2017-12-18,22716.94684234439,9.53,57.17,2.39,93.6999969482422,958.06
2017-12-19,22701.0,10.03,57.49,2.46,93.47000122070312,951.42
2017-12-20,22716.94684234439,9.72,58.09,2.49,93.3499984741211,953.51
2017-12-21,22714.36683702442,9.62,58.34,2.48,93.27999877929688,946.06
2017-12-22,22714.36683702442,9.9,58.25,2.48,93.3499984741211,952.32
2017-12-26,22690.0,10.25,59.55,2.47,93.26000213623048,965.93
2017-12-27,22710.0,10.47,59.67,2.42,93.02999877929688,968.46
2017-12-28,22711.78741766977,10.18,59.84,2.43,92.5999984741211,976.72
2017-12-29,22700.0,11.04,60.46,2.4,92.12000274658205,984.24
2018-01-02,22700.0,9.77,60.37,2.46,91.8499984741211,995.77
2018-01-03,22711.78741766977,9.15,61.61,2.44,92.16000366210938,1005.67
2018-01-04,22711.78741766977,9.22,61.98,2.46,91.8499984741211,1019.75
2018-01-05,22711.78741766977,9.22,61.49,2.47,91.9499969482422,1012.65
2018-01-08,22700.0,9.52,61.73,2.49,92.33000183105467,1022.9
2018-01-09,22711.78741766977,10.08,62.92,2.55,92.52999877929688,1033.56
2018-01-10,22711.78741766977,9.82,63.6,2.55,92.33000183105467,1038.11
2018-01-11,22695.0,9.88,63.81,2.54,91.8499984741211,1048.17
2018-01-12,22708.0,10.16,64.22,2.55,90.97000122070312,1050.11
2018-01-16,22711.78741766977,11.66,63.82,2.54,90.38999938964844,1062.96
2018-01-17,22714.36683702442,11.91,63.92,2.57,90.54000091552734,1034.69
2018-01-18,22701.0,12.22,63.96,2.62,90.5,1050.25
2018-01-19,22700.0,11.27,63.38,2.64,90.56999969482422,1062.07
2018-01-22,22711.78741766977,11.03,63.66,2.66,90.4000015258789,1087.42
2018-01-23,22711.78741766977,11.1,64.45,2.63,90.12000274658205,1087.42
2018-01-24,22711.78741766977,11.47,65.69,2.65,89.20999908447266,1087.42
2018-01-25,22701.0,11.58,65.62,2.63,89.38999938964844,1104.57
2018-01-26,22711.78741766977,11.08,66.27,2.66,89.06999969482422,1115.64
2018-01-29,22711.78741766977,13.84,65.71,2.7,89.30999755859375,1109.8
2018-01-30,22711.78741766977,14.79,64.64,2.73,89.19000244140625,1110.56
2018-01-31,22711.78741766977,13.54,64.82,2.72,89.12999725341797,1110.36
2018-02-01,22709.0,13.47,65.92,2.78,88.66999816894531,1099.67
2018-02-02,22711.78741766977,17.31,65.5,2.84,89.19999694824219,1105.04
2018-02-05,22695.0,37.32,64.18,2.77,89.55000305175781,1048.71
2018-02-06,22700.0,29.98,63.48,2.79,89.58999633789062,1011.6
2018-02-07,22691.0,27.73,61.91,2.84,90.26000213623048,1040.55
2018-02-08,22701.475595913733,33.46,61.3,2.85,90.2300033569336,1023.25
2018-02-09,22704.0526734022,29.06,59.2,2.83,90.44000244140624,1003.94
2018-02-12,22702.0,25.61,59.41,2.86,90.20999908447266,1041.79
2018-02-13,22719.52743382938,24.97,59.33,2.83,89.69999694824219,1059.73
2018-02-14,22695.0,19.26,60.7,2.91,89.12000274658203,1059.73
2018-02-15,22695.0,19.13,61.48,2.9,88.58999633789062,1059.73
2018-02-16,22695.0,19.46,61.89,2.87,89.0999984741211,1059.73
2018-02-20,22685.0,20.6,61.91,2.88,89.72000122070312,1059.73
2018-02-21,22719.52743382938,20.02,61.73,2.94,90.08000183105467,1087.15
2018-02-22,22727.272727272728,18.72,62.72,2.92,89.75,1076.03
2018-02-23,22740.0,16.49,63.52,2.88,89.87999725341797,1102.85
2018-02-26,22732.0,15.8,63.81,2.86,89.81999969482422,1114.53
2018-02-27,22753.128555176336,18.59,62.94,2.9,90.36000061035156,1119.61
2018-02-28,22758.30678197542,19.85,61.43,2.87,90.61000061035156,1121.54
2018-03-01,22753.128555176336,22.47,60.98,2.81,90.31999969482422,1115.79
2018-03-02,22763.48736626451,19.59,61.19,2.86,89.94000244140625,1121.21
2018-03-05,22765.0,18.73,62.49,2.88,90.08000183105467,1093.48
2018-03-06,22773.855613755408,18.36,62.54,2.88,89.62000274658203,1120.29
2018-03-07,22759.0,17.76,61.09,2.89,89.63999938964844,1112.26
2018-03-08,22756.0,16.54,60.13,2.86,90.12000274658205,1124.15
2018-03-09,22760.0,14.64,62.02,2.9,90.08999633789062,1123.41
2018-03-12,22758.0,15.78,61.35,2.87,89.9000015258789,1126.29
2018-03-13,22763.48736626451,16.35,60.69,2.84,89.66000366210938,1133.31
2018-03-14,22768.670309653917,17.23,60.89,2.81,89.69999694824219,1138.09
2018-03-15,22767.0,16.59,61.16,2.82,90.13999938964844,1138.76
2018-03-16,22768.670309653917,15.8,62.29,2.85,90.2300033569336,1150.19
2018-03-19,22765.0,19.02,62.01,2.85,89.9000015258789,1159.22
2018-03-20,22779.04328018223,18.2,63.37,2.89,90.37000274658205,1159.39
2018-03-21,22773.5,17.86,65.1,2.89,89.77999877929688,1169.36
2018-03-22,22797.218739313805,23.34,64.25,2.83,89.86000061035156,1172.36
2018-03-23,22805.017103762828,24.87,65.8,2.82,89.44000244140625,1153.59
2018-03-26,22810.0,21.03,65.49,2.85,89.02999877929688,1171.22
2018-03-27,22815.0,22.5,65.21,2.78,89.37000274658203,1171.73
2018-03-28,22820.629849383844,22.87,64.3,2.77,90.05999755859375,1172.24
2018-03-29,22809.0,19.97,64.87,2.74,90.1500015258789,1167.03
2018-04-02,22794.62046956918,23.62,63.05,2.73,90.05000305175781,1196.61
2018-04-03,22812.820805292573,21.1,63.41,2.79,90.1999969482422,1188.29
2018-04-04,22815.0,20.06,63.35,2.79,90.13999938964844,1191.54
2018-04-05,22815.423226100844,18.94,63.53,2.83,90.45999908447266,1193.17
2018-04-06,22805.017103762828,21.49,62.03,2.77,90.11000061035156,1199.96
2018-04-09,22797.218739313805,21.77,63.4,2.78,89.83999633789062,1204.33
2018-04-10,22790.0,20.47,65.48,2.8,89.58999633789062,1198.12
2018-04-11,22788.0,20.24,66.81,2.79,89.56999969482422,1167.11
2018-04-12,22792.02279202279,18.49,67.07,2.83,89.75,1173.02
2018-04-13,22786.82921271505,17.41,67.35,2.82,89.80000305175781,1157.14
2018-04-16,22775.0,16.56,66.23,2.83,89.43000030517578,1148.49
2018-04-17,22776.449151577268,15.25,66.5,2.82,89.5199966430664,1153.28
2018-04-18,22776.449151577268,15.6,68.44,2.87,89.62000274658203,1138.53
2018-04-19,22781.63799977218,15.96,68.3,2.92,89.94000244140625,1094.63
2018-04-20,22771.0,16.88,68.26,2.96,90.31999969482422,1119.86
2018-04-23,22769.0,16.34,67.61,2.98,90.94000244140624,1076.78
2018-04-24,22768.0,18.02,67.66,3.0,90.7699966430664,1080.74
2018-04-25,22768.0,17.84,68.0,3.03,91.16999816894533,1080.74
2018-04-26,22765.0,16.24,68.18,3.0,91.55999755859376,1044.86
2018-04-27,22763.0,15.41,68.11,2.96,91.54000091552734,1050.26
2018-04-30,22763.0,15.93,68.56,2.95,91.83999633789062,1050.26
2018-05-01,22766.078542970976,15.49,67.28,2.97,92.4499969482422,1050.26
2018-05-02,22760.0,15.97,67.91,2.97,92.51000213623048,1029.08
2018-05-03,22762.0,15.9,68.45,2.94,92.41000366210938,1026.46
2018-05-04,22767.0,14.77,69.71,2.95,92.56999969482422,1026.8
2018-05-07,22767.0,14.75,70.74,2.95,92.75,1062.26
2018-05-08,22772.0,14.71,68.83,2.97,93.12000274658205,1060.45
2018-05-09,22781.63799977218,13.42,71.16,3.0,93.04000091552734,1056.97
2018-05-10,22773.855613755408,13.23,71.36,2.97,92.6500015258789,1028.87
2018-05-11,22773.855613755408,12.65,70.69,2.97,92.54000091552734,1044.85
2018-05-14,22771.26266651486,12.93,71.01,3.0,92.58999633789062,1066.98
2018-05-15,22768.0,14.63,71.34,3.08,93.22000122070312,1073.5
2018-05-16,22770.0,13.42,71.43,3.09,93.38999938964844,1054.62
2018-05-17,22776.449151577268,13.43,71.47,3.11,93.47000122070312,1030.64
2018-05-18,22785.0,13.42,71.23,3.06,93.63999938964844,1040.54
2018-05-21,22770.0,13.08,72.26,3.06,93.68000030517578,1014.98
2018-05-22,22773.855613755408,13.22,72.09,3.06,93.61000061035156,985.91
2018-05-23,22773.0,12.58,71.85,3.01,94.01000213623048,988.94
2018-05-24,22777.0,12.53,70.77,2.98,93.77999877929688,985.92
2018-05-25,22773.855613755408,13.22,67.92,2.93,94.19000244140624,963.9
2018-05-29,22830.0,17.02,66.8,2.77,94.83000183105467,952.18
2018-05-30,22857.14285714286,14.94,68.24,2.84,94.1500015258789,948.5
2018-05-31,22807.61774432661,15.43,66.98,2.83,93.98999786376952,971.25
2018-06-01,22799.817601459188,13.46,65.81,2.89,94.19000244140624,992.87
2018-06-04,22826.0,12.74,64.76,2.94,94.0199966430664,1013.78
2018-06-05,22831.0502283105,12.4,65.51,2.92,93.88999938964844,1022.74
2018-06-06,22805.0,11.64,64.75,2.97,93.66000366210938,1034.5
2018-06-07,22801.0,12.13,65.96,2.93,93.4000015258789,1036.69
2018-06-08,22790.0,12.18,65.77,2.93,93.5500030517578,1039.01
2018-06-11,22814.0,12.35,66.1,2.96,93.58000183105467,1039.02
2018-06-12,22815.423226100844,12.34,66.38,2.96,93.8000030517578,1020.76
2018-06-13,22812.820805292573,12.94,66.63,2.98,93.70999908447266,1030.53
2018-06-14,22815.423226100844,12.12,66.91,2.94,94.7699966430664,1015.72
2018-06-15,22818.026240730174,11.98,65.01,2.93,94.79000091552734,1016.51
2018-06-18,22838.87175973507,12.31,65.91,2.92,94.75,987.34
2018-06-19,22852.0,13.35,65.09,2.89,95.08999633789062,962.16
2018-06-20,22866.0,12.79,65.92,2.93,95.05999755859376,980.95
2018-06-21,22878.059940517043,14.64,65.68,2.9,94.87000274658205,969.4
2018-06-22,22896.39381797367,13.77,69.02,2.9,94.5199966430664,983.17
2018-06-25,22895.0,17.33,69.91,2.87,94.27999877929688,990.52
2018-06-26,22922.63610315186,15.92,75.23,2.88,94.68000030517578,983.02
2018-06-27,22935.0,17.91,77.41,2.83,95.29000091552734,968.91
2018-06-28,22935.0,16.85,73.45,2.84,95.38999938964844,957.35
2018-06-29,22959.476523935256,16.09,74.13,2.85,94.62999725341795,960.78
2018-07-02,22959.476523935256,15.6,73.89,2.87,94.87000274658205,947.15
2018-07-03,23049.44105105451,16.14,74.19,2.83,94.58999633789062,906.01
2018-07-05,23044.12950800783,14.97,73.05,2.84,94.47000122070312,899.4
2018-07-06,23038.820412394885,13.37,73.78,2.82,94.04000091552734,917.51
2018-07-09,23041.47465437788,12.69,73.93,2.86,94.08000183105467,915.12
2018-07-10,23041.47465437788,12.64,74.11,2.87,94.11000061035156,911.12
2018-07-11,23046.784973496196,13.63,70.47,2.85,94.72000122070312,893.16
2018-07-12,23047.0,12.58,70.28,2.85,94.80999755859376,898.51
2018-07-13,23052.09774089442,12.18,71.03,2.83,94.75,909.72
2018-07-16,23052.09774089442,12.83,68.22,2.85,94.51000213623048,911.11
2018-07-17,23050.0,12.06,68.03,2.86,94.97000122070312,921.27
2018-07-18,23052.09774089442,12.1,68.78,2.88,95.08000183105467,942.39
2018-07-19,23054.755043227666,12.87,69.42,2.84,95.16999816894533,943.97
2018-07-20,23057.412958266083,12.86,70.31,2.89,94.45999908447266,933.39
2018-07-23,23220.0,12.62,67.9,2.96,94.66999816894533,936.74
2018-07-24,23253.11010347634,12.41,70.77,2.95,94.61000061035156,934.08
2018-07-25,23220.712875885292,12.29,71.13,2.94,94.36000061035156,927.58
2018-07-26,23175.0,12.14,71.59,2.98,94.75,930.16
2018-07-27,23230.0,13.03,68.66,2.96,94.68000030517578,935.52
2018-07-30,23258.51843237586,14.26,71.19,2.98,94.36000061035156,949.73
2018-07-31,23280.0,12.83,69.88,2.96,94.48999786376952,956.39
2018-08-01,23290.0,13.15,68.8,3.0,94.62000274658205,952.77
2018-08-02,23280.0,12.19,68.95,2.98,95.16999816894533,953.55
2018-08-03,23307.306840694557,11.64,68.49,2.95,95.13999938964844,959.6
2018-08-06,23306.0,11.27,69.01,2.94,95.36000061035156,960.23
2018-08-07,23302.0,10.93,69.17,2.98,95.22000122070312,956.79
2018-08-08,23282.0,10.85,66.92,2.96,95.0999984741211,966.27
2018-08-09,23275.0,11.27,66.81,2.93,95.5,963.5
2018-08-10,23275.0,13.16,67.61,2.87,96.36000061035156,968.47
2018-08-13,23310.0,14.78,67.25,2.88,96.38999938964844,978.04
2018-08-14,23318.176518596247,13.31,67.04,2.89,96.7300033569336,978.27
2018-08-15,23312.740412635507,14.64,65.07,2.86,96.6999969482422,961.37
2018-08-16,23312.0,13.45,65.44,2.87,96.6500015258789,964.28
2018-08-17,23296.447291788,12.64,65.93,2.87,96.0999984741211,968.88
2018-08-20,23274.75852438031,12.49,66.5,2.82,95.9000015258789,969.62
2018-08-21,23272.050267628576,12.86,67.32,2.85,95.26000213623048,979.21
2018-08-22,23277.467411545626,12.25,67.85,2.82,95.1500015258789,982.15
2018-08-23,23281.0,12.41,69.13,2.82,95.62000274658205,987.36
2018-08-24,23300.0,11.99,69.71,2.82,95.1500015258789,987.05
2018-08-27,23293.0,12.16,69.97,2.85,94.77999877929688,991.92
2018-08-28,23299.16123019571,12.5,68.54,2.88,94.72000122070312,995.19
2018-08-29,23304.59100442787,12.25,69.68,2.89,94.5999984741211,988.17
2018-08-30,23302.0,13.53,70.25,2.86,94.72000122070312,998.07
2018-08-31,23307.306840694557,12.86,69.84,2.86,95.13999938964844,989.54
2018-09-04,23312.0,13.16,69.82,2.9,95.41999816894533,975.94
2018-09-05,23315.458148752623,13.91,68.69,2.9,95.12999725341795,968.44
2018-09-06,23314.0,14.65,67.81,2.88,95.0199966430664,958.19
2018-09-07,23304.59100442787,14.88,67.73,2.94,95.37000274658205,968.9
2018-09-10,23304.59100442787,14.16,67.55,2.94,95.1500015258789,970.34
2018-09-11,23283.0,13.22,69.29,2.98,95.05999755859376,985.06
2018-09-12,23282.88707799767,13.14,70.37,2.97,94.8000030517578,987.01
2018-09-13,23276.0,12.37,68.6,2.97,94.54000091552734,987.95
2018-09-14,23250.40688212044,12.07,68.98,2.99,94.9800033569336,991.34
2018-09-17,23296.447291788,13.68,68.86,2.99,94.51000213623048,987.61
2018-09-18,23280.0,12.79,69.87,3.05,94.62000274658205,993.49
2018-09-19,23310.02331002331,11.75,71.08,3.08,94.5500030517578,995.54
2018-09-20,23323.615160349855,11.8,70.77,3.07,93.91000366210938,1004.74
2018-09-21,23332.0,11.68,70.8,3.07,94.22000122070312,1002.97
2018-09-24,23339.946318123468,12.2,73.23,3.08,94.26000213623048,1011.29
2018-09-25,23348.120476301658,12.42,73.4,3.1,94.12999725341795,1010.74
2018-09-26,23350.84646818447,12.89,72.22,3.06,94.19000244140624,1009.61
2018-09-27,23350.84646818447,12.41,72.18,3.06,95.0,1015.37
2018-09-28,23329.05633967106,12.12,73.16,3.05,95.19000244140624,1017.13
2018-10-01,23334.500058336253,12.0,75.37,3.09,95.3000030517578,1012.88
2018-10-02,23325.0,12.05,75.16,3.05,95.51000213623048,1018.79
2018-10-03,23340.0,11.61,76.4,3.15,95.76000213623048,1020.4
2018-10-04,23348.0,14.22,74.44,3.19,95.75,1023.62
2018-10-05,23330.0,14.82,74.26,3.23,95.62000274658205,1008.39
2018-10-08,23356.300362022655,15.69,74.27,3.23,95.7699966430664,996.12
2018-10-09,23355.0,15.95,74.95,3.21,95.68000030517578,996.19
2018-10-10,23353.57309668379,22.96,73.18,3.22,95.51000213623048,993.96
2018-10-11,23345.0,24.98,70.97,3.14,95.0199966430664,945.89
2018-10-12,23343.0,21.31,71.41,3.15,95.22000122070312,970.08
2018-10-15,23334.500058336253,21.3,71.84,3.16,95.06999969482422,951.64
2018-10-16,23342.67040149393,17.62,71.93,3.16,95.0500030517578,963.37
2018-10-17,23342.0,17.4,69.63,3.19,95.58000183105467,971.6
2018-10-18,23347.0,20.06,68.63,3.17,95.9000015258789,963.47
2018-10-19,23353.57309668379,19.89,69.16,3.2,95.70999908447266,958.36
2018-10-22,23350.84646818447,19.64,69.25,3.2,96.01000213623048,953.51
2018-10-23,23350.84646818447,20.71,66.49,3.17,95.95999908447266,939.68
2018-10-24,23348.0,25.23,66.56,3.1,96.43000030517578,922.73
2018-10-25,23353.57309668379,24.22,67.25,3.14,96.68000030517578,910.17
2018-10-26,23355.0,24.16,67.58,3.08,96.36000061035156,900.82
2018-10-29,23343.0,24.7,67.0,3.08,96.58000183105467,888.82
2018-10-30,23343.0,23.35,66.18,3.12,97.01000213623048,888.69
2018-10-31,23343.0,21.23,65.31,3.15,97.12999725341795,914.76
2018-11-01,23348.120476301658,19.34,63.67,3.14,96.27999877929688,907.96
2018-11-02,23334.500058336253,19.51,63.12,3.22,96.54000091552734,924.86
2018-11-05,23312.740412635507,19.96,63.12,3.2,96.3499984741211,925.53
2018-11-06,23325.0,19.91,62.16,3.22,96.31999969482422,922.05
2018-11-07,23326.0,16.36,61.69,3.22,96.0,922.16
2018-11-08,23320.89552238806,16.72,60.71,3.24,96.63999938964844,926.28
2018-11-09,23290.0,17.36,60.19,3.19,96.91000366210938,914.29
2018-11-12,23300.0,20.45,59.85,3.19,97.54000091552734,918.12
2018-11-13,23308.0,20.02,55.63,3.14,97.3000030517578,905.38
2018-11-14,23315.0,21.25,56.16,3.12,96.8000030517578,900.93
2018-11-15,23308.0,19.98,56.45,3.11,96.93000030517578,897.15
2018-11-16,23310.02331002331,18.14,56.49,3.08,96.47000122070312,898.19
2018-11-19,23312.740412635507,20.1,57.16,3.06,96.19000244140624,916.06
2018-11-20,23339.946318123468,22.48,53.39,3.06,96.80999755859376,919.02
2018-11-21,23352.0,20.8,54.41,3.06,96.70999908447266,922.56
2018-11-23,23360.0,21.52,54.41,3.05,96.91999816894533,917.97
2018-11-26,23342.67040149393,18.9,51.46,3.07,97.06999969482422,921.03
2018-11-27,23345.0,19.02,51.31,3.06,97.37000274658205,923.12
2018-11-28,23337.222870478417,18.49,50.06,3.06,96.79000091552734,930.2
2018-11-29,23331.77788147457,18.79,51.46,3.03,96.77999877929688,926.79
2018-11-30,23318.176518596247,18.07,50.78,3.01,97.2699966430664,926.54
2018-12-03,23304.59100442787,16.44,52.98,2.98,97.04000091552734,951.59
2018-12-04,23283.0,20.74,53.21,2.91,96.97000122070312,958.84
2018-12-06,23337.222870478417,21.19,51.54,2.87,96.80999755859376,954.82
2018-12-07,23310.0,23.23,52.76,2.85,96.51000213623048,958.59
2018-12-10,23305.0,22.64,51.07,2.85,97.22000122070312,955.89
2018-12-11,23304.59100442787,21.76,51.65,2.89,97.38999938964844,954.58
2018-12-12,23307.306840694557,21.46,51.04,2.91,97.04000091552734,961.28
2018-12-13,23291.021311284498,20.65,52.69,2.91,97.05999755859376,960.25
2018-12-14,23291.021311284498,21.63,51.26,2.89,97.44000244140624,952.04
2018-12-17,23318.0,24.52,49.8,2.86,97.0999984741211,933.65
2018-12-18,23318.0,25.58,46.12,2.82,97.13999938964844,927.25
2018-12-19,23310.02331002331,25.58,47.96,2.77,97.04000091552734,919.24
2018-12-20,23307.306840694557,28.38,45.64,2.79,96.27999877929688,918.24
2018-12-21,23282.0,30.11,45.38,2.79,96.95999908447266,912.26
2018-12-24,23282.88707799767,36.07,45.38,2.74,96.5500030517578,908.56
2018-12-26,23263.929277654996,30.41,46.04,2.81,97.0500030517578,891.75
2018-12-27,23236.900197513653,29.96,44.48,2.77,96.4800033569336,900.81
2018-12-28,23196.47413593134,28.34,45.15,2.72,96.38999938964844,892.54
2018-12-31,23196.47413593134,25.42,45.15,2.69,96.16999816894533,892.54
2019-01-02,23209.93385168852,23.22,46.31,2.66,96.81999969482422,891.75
2019-01-03,23204.54809142592,25.45,46.92,2.56,96.30999755859376,878.22
2019-01-04,23198.0,21.38,47.76,2.67,96.19000244140624,880.9
2019-01-07,23198.0,21.4,48.27,2.7,95.70999908447266,889.64
2019-01-08,23198.0,20.47,49.58,2.73,95.9000015258789,887.44
2019-01-09,23198.0,19.98,52.19,2.74,95.22000122070312,896.99
2019-01-10,23196.0,19.5,52.42,2.74,95.54000091552734,898.3
2019-01-11,23201.85614849188,18.19,51.44,2.71,95.66999816894533,902.71
2019-01-14,23199.0,19.07,50.31,2.71,95.58999633789062,901.8
2019-01-15,23207.240659085634,18.6,51.8,2.72,95.97000122070312,909.68
2019-01-16,23201.85614849188,19.04,52.08,2.73,96.05999755859376,908.7
2019-01-17,23201.85614849188,18.06,51.83,2.75,96.06999969482422,901.89
2019-01-18,23204.54809142592,17.8,53.6,2.79,96.33999633789062,902.3
2019-01-22,23198.0,20.8,52.59,2.74,96.3000030517578,906.55
2019-01-23,23199.16483006612,19.52,52.44,2.76,96.12000274658205,908.18
2019-01-24,23196.0,18.89,52.94,2.72,96.5999984741211,908.79
2019-01-25,23192.0,17.42,53.53,2.76,95.79000091552734,908.88
2019-01-28,23194.0,18.87,51.79,2.75,95.75,912.18
2019-01-29,23199.16483006612,19.13,53.07,2.72,95.81999969482422,915.93
2019-01-30,23207.240659085634,17.66,54.18,2.7,95.33999633789062,915.84
2019-01-31,23198.0,16.57,53.84,2.63,95.58000183105467,910.65
2019-02-01,23200.0,16.14,55.29,2.7,95.58000183105467,908.67
2019-02-04,23200.0,15.73,54.57,2.73,95.8499984741211,908.67
2019-02-05,23200.0,15.57,53.69,2.71,96.0999984741211,908.67
2019-02-06,23209.93385168852,15.38,53.94,2.7,96.41999816894533,908.67
2019-02-07,23200.0,16.37,52.68,2.65,96.51000213623048,908.67
2019-02-08,23209.93385168852,15.72,52.75,2.63,96.63999938964844,908.67
2019-02-11,23215.322112594313,15.97,52.43,2.65,97.05999755859376,926.1
2019-02-12,23212.62766945218,15.43,53.14,2.68,96.70999908447266,937.54
2019-02-13,23196.0,15.65,53.84,2.71,97.12999725341795,945.25
2019-02-14,23204.54809142592,16.22,54.4,2.66,96.9800033569336,952.34
2019-02-15,23204.54809142592,14.91,55.58,2.66,96.91999816894533,950.89
2019-02-19,23199.0,14.88,56.12,2.65,96.5199966430664,964.35
2019-02-20,23198.0,14.02,56.9,2.65,96.4499969482422,970.58
2019-02-21,23210.0,14.46,56.95,2.69,96.61000061035156,987.57
2019-02-22,23212.62766945218,13.51,57.01,2.65,96.51000213623048,988.91
2019-02-25,23216.0,14.85,55.32,2.67,96.41000366210938,994.43
2019-02-26,23200.0,15.17,55.4,2.64,96.0,987.06
2019-02-27,23201.85614849188,14.7,56.92,2.69,96.1500015258789,990.27
2019-02-28,23201.85614849188,14.78,57.21,2.73,96.16000366210938,965.47
2019-03-01,23202.0,13.57,55.76,2.76,96.52999877929688,979.63
2019-03-04,23200.0,14.63,56.6,2.72,96.68000030517578,993.99
2019-03-05,23201.85614849188,14.74,56.55,2.72,96.8499984741211,992.45
2019-03-06,23200.0,15.74,56.22,2.69,96.87000274658205,994.49
2019-03-07,23201.85614849188,16.59,56.6,2.64,97.66999816894533,994.03
2019-03-08,23201.85614849188,16.05,55.77,2.62,97.37000274658205,985.25
2019-03-11,23201.85614849188,14.33,56.79,2.64,97.22000122070312,984.6
2019-03-12,23201.85614849188,13.77,56.89,2.61,96.94000244140624,1001.32
2019-03-13,23201.85614849188,13.41,58.27,2.61,96.5500030517578,1005.41
2019-03-14,23201.85614849188,13.5,58.59,2.63,96.79000091552734,1008.44
2019-03-15,23201.85614849188,12.88,58.51,2.59,96.5999984741211,1004.12
2019-03-18,23207.240659085634,13.1,59.09,2.6,96.5199966430664,1011.86
2019-03-19,23212.62766945218,13.56,59.12,2.61,96.37999725341795,1006.59
2019-03-20,23212.62766945218,13.91,60.12,2.54,95.76000213623048,1002.3
2019-03-21,23201.85614849188,13.63,59.98,2.54,96.5,981.78
2019-03-22,23204.54809142592,16.48,58.87,2.44,96.6500015258789,988.71
2019-03-25,23201.85614849188,16.33,58.71,2.43,96.56999969482422,970.07
2019-03-26,23201.85614849188,14.68,59.87,2.41,96.73999786376952,969.79
2019-03-27,23201.85614849188,15.15,59.39,2.39,96.7699966430664,975.91
2019-03-28,23204.54809142592,14.43,59.29,2.39,97.1999969482422,982.98
2019-03-29,23207.240659085634,13.71,60.19,2.41,97.27999877929688,980.76
2019-04-01,23204.54809142592,13.4,61.59,2.49,97.25,988.53
2019-04-02,23201.85614849188,13.36,62.53,2.48,97.36000061035156,985.81
2019-04-03,23201.85614849188,13.74,62.46,2.52,97.08999633789062,984.46
2019-04-04,23201.85614849188,13.58,62.12,2.51,97.30999755859376,986.91
2019-04-05,23201.85614849188,12.82,63.1,2.5,97.4000015258789,989.26
2019-04-08,23201.85614849188,13.18,64.37,2.52,97.0500030517578,997.56
2019-04-09,23201.85614849188,14.28,64.05,2.51,97.01000213623048,988.48
2019-04-10,23201.85614849188,13.3,64.62,2.48,96.9499969482422,981.91
2019-04-11,23199.16483006612,13.02,63.61,2.51,97.18000030517578,985.95
2019-04-12,23201.85614849188,12.01,63.86,2.56,96.97000122070312,982.9
2019-04-15,23201.85614849188,12.32,63.43,2.55,96.94000244140624,982.9
2019-04-16,23201.85614849188,12.18,64.01,2.6,97.04000091552734,977.17
2019-04-17,23201.85614849188,12.6,63.74,2.59,97.01000213623048,972.1
2019-04-18,23207.240659085634,12.09,64.02,2.57,97.47000122070312,962.3
2019-04-22,23220.712875885292,12.42,65.66,2.59,97.27999877929688,965.86
2019-04-23,23220.712875885292,12.28,66.24,2.57,97.56999969482422,968.0
2019-04-24,23218.01718133271,13.14,65.96,2.53,98.0999984741211,976.92
2019-04-25,23223.40919647004,13.25,65.23,2.54,98.1999969482422,974.13
2019-04-26,23293.733985557883,12.73,63.29,2.51,98.01000213623048,979.64
2019-04-29,23293.733985557883,13.11,63.39,2.54,97.86000061035156,979.64
2019-04-30,23293.733985557883,13.12,63.83,2.51,97.4800033569336,979.64
2019-05-01,23293.733985557883,14.8,63.55,2.52,97.69000244140624,979.64
2019-05-02,23272.050267628576,14.42,61.75,2.55,97.83000183105467,978.5
2019-05-03,23255.813953488378,12.87,61.98,2.54,97.5199966430664,974.14
2019-05-06,23285.597857725,15.44,62.3,2.51,97.5199966430664,957.97
2019-05-07,23299.16123019571,19.32,61.41,2.45,97.62999725341795,957.56
2019-05-08,23372.67734018932,19.4,62.13,2.49,97.62000274658205,951.22
2019-05-09,23402.76152586005,19.1,61.58,2.45,97.37000274658205,947.01
2019-05-10,23350.84646818447,16.04,61.65,2.47,97.33000183105467,952.55
2019-05-13,23331.77788147457,20.55,60.97,2.4,97.31999969482422,958.54
2019-05-14,23380.87444470423,18.06,61.82,2.42,97.52999877929688,965.34
2019-05-15,23329.05633967106,16.44,62.03,2.37,97.56999969482422,975.64
2019-05-16,23312.740412635507,15.29,62.93,2.4,97.83999633789062,975.69
2019-05-17,23394.54907006667,15.96,62.77,2.39,98.0,976.48
2019-05-20,23410.97974950252,16.31,63.12,2.41,97.93000030517578,987.13
2019-05-21,23394.54907006667,14.95,63.02,2.43,98.05999755859376,986.29
2019-05-22,23378.141437755698,14.75,61.42,2.39,98.11000061035156,983.78
2019-05-23,23391.812865497075,16.92,57.65,2.31,97.8499984741211,982.71
2019-05-24,23391.812865497075,15.85,58.4,2.32,97.61000061035156,970.03
2019-05-28,23397.28591483388,17.5,58.91,2.26,97.95999908447266,972.0
2019-05-29,23408.239700374532,17.9,58.84,2.25,98.13999938964844,971.54
2019-05-30,23424.689622862497,17.3,56.47,2.22,98.13999938964844,969.34
2019-05-31,23416.461772626157,18.71,53.49,2.14,97.75,959.88
2019-06-03,23397.28591483388,18.86,53.25,2.07,97.13999938964844,946.47
2019-06-04,23402.76152586005,16.97,53.5,2.12,97.06999969482422,951.16
2019-06-05,23416.461772626157,16.09,51.57,2.12,97.37000274658205,951.41
2019-06-06,23405.50029256875,15.93,52.59,2.12,97.02999877929688,948.21
2019-06-07,23397.28591483388,16.3,53.95,2.09,96.61000061035156,958.28
2019-06-10,23369.946249123623,15.94,53.33,2.15,96.76000213623048,962.9
2019-06-11,23342.67040149393,15.99,53.3,2.15,96.69000244140624,962.07
2019-06-12,23320.89552238806,15.91,51.13,2.13,97.0,954.17
2019-06-13,23320.89552238806,15.82,52.38,2.1,97.01000213623048,950.08
2019-06-14,23337.222870478417,15.28,52.47,2.09,97.56999969482422,953.61
2019-06-17,23353.57309668379,15.35,51.94,2.09,97.55999755859376,946.95
2019-06-18,23337.222870478417,15.15,53.86,2.06,97.63999938964844,944.01
2019-06-19,23318.176518596247,14.33,53.74,2.03,97.12000274658205,949.69
2019-06-20,23304.59100442787,14.75,56.88,2.01,96.62999725341795,959.18
2019-06-21,23293.733985557883,15.4,57.35,2.07,96.22000122070312,959.2
2019-06-24,23293.733985557883,15.26,57.73,2.02,95.9800033569336,962.85
2019-06-25,23299.16123019571,16.28,57.63,2.0,96.16000366210938,960.13
2019-06-26,23307.306840694557,16.21,59.17,2.05,96.20999908447266,959.13
2019-06-27,23315.458148752623,15.82,59.18,2.01,96.19000244140624,943.11
2019-06-28,23307.306840694557,15.08,58.2,2.0,96.12999725341795,949.94
2019-07-01,23261.223540358224,14.06,58.91,2.03,96.83999633789062,965.61
2019-07-02,23242.30098779779,12.93,56.0,1.98,96.7300033569336,961.98
2019-07-03,23250.40688212044,12.57,57.06,1.96,96.7699966430664,960.39
2019-07-05,23242.30098779779,13.28,57.06,2.04,97.25,975.34
2019-07-08,23247.704289201443,13.96,57.35,2.05,97.37999725341795,966.35
2019-07-09,23234.200743494424,14.09,57.57,2.07,97.48999786376952,969.05
2019-07-10,23223.40919647004,13.03,60.28,2.07,97.0999984741211,973.65
2019-07-11,23204.54809142592,12.93,59.93,2.13,97.0500030517578,978.63
2019-07-12,23207.240659085634,12.39,59.99,2.12,96.80999755859376,975.4
2019-07-15,23204.54809142592,12.68,59.3,2.09,96.93000030517578,972.53
2019-07-16,23204.54809142592,12.86,57.44,2.13,97.4000015258789,982.11
2019-07-17,23204.54809142592,13.97,56.5,2.06,97.22000122070312,982.57
2019-07-18,23218.01718133271,13.53,55.08,2.04,96.79000091552734,976.05
2019-07-19,23247.704289201443,14.45,55.42,2.05,97.1500015258789,982.34
2019-07-22,23215.322112594313,13.53,55.87,2.05,97.26000213623048,982.04
2019-07-23,23212.62766945218,12.61,56.58,2.08,97.70999908447266,989.46
2019-07-24,23212.62766945218,12.07,55.9,2.05,97.7300033569336,988.41
2019-07-25,23212.62766945218,12.74,55.88,2.08,97.81999969482422,994.95
2019-07-26,23212.62766945218,12.16,56.04,2.08,98.01000213623048,993.35
2019-07-29,23212.62766945218,12.83,56.85,2.06,98.04000091552734,997.94
2019-07-30,23207.240659085634,13.94,58.04,2.06,98.0500030517578,986.02
2019-07-31,23236.900197513653,16.12,58.53,2.02,98.5199966430664,991.66
2019-08-01,23207.240659085634,17.87,53.64,1.9,98.38999938964844,997.39
2019-08-02,23223.40919647004,17.61,55.67,1.86,98.0999984741211,991.1
2019-08-05,23272.050267628576,24.59,54.63,1.75,97.5,973.15
2019-08-06,23255.813953488378,20.17,53.6,1.73,97.62999725341795,964.61
2019-08-07,23218.01718133271,19.49,51.14,1.71,97.54000091552734,965.93
2019-08-08,23228.803716608596,16.91,52.6,1.72,97.62000274658205,975.24
2019-08-09,23207.240659085634,17.97,54.41,1.74,97.48999786376952,974.34
2019-08-12,23201.85614849188,21.09,54.98,1.65,97.37999725341795,975.31
2019-08-13,23209.93385168852,17.52,57.05,1.68,97.80999755859376,966.83
2019-08-14,23207.240659085634,22.1,55.16,1.59,97.98999786376952,968.91
2019-08-15,23212.62766945218,21.18,54.51,1.52,98.13999938964844,979.38
2019-08-16,23215.322112594313,18.47,54.83,1.55,98.13999938964844,980.0
2019-08-19,23207.240659085634,16.88,56.24,1.6,98.3499984741211,981.03
2019-08-20,23207.240659085634,17.5,56.18,1.55,98.19000244140624,984.67
2019-08-21,23204.54809142592,15.8,55.65,1.59,98.3000030517578,994.38
2019-08-22,23207.240659085634,16.68,55.33,1.62,98.16999816894533,997.26
2019-08-23,23201.85614849188,19.87,54.08,1.52,97.63999938964844,992.45
2019-08-26,23201.85614849188,19.32,53.54,1.54,98.08000183105467,982.88
2019-08-27,23201.85614849188,20.31,54.99,1.49,98.0,976.79
2019-08-28,23209.93385168852,19.35,55.76,1.47,98.20999908447266,977.26
2019-08-29,23201.85614849188,17.88,56.67,1.5,98.51000213623048,978.59
2019-08-30,23188.405797101448,18.98,55.07,1.5,98.91999816894533,984.06
2019-09-03,23201.85614849188,19.66,53.91,1.47,98.9499969482422,979.36
2019-09-04,23201.85614849188,17.33,56.22,1.47,98.4499969482422,977.63
2019-09-05,23201.85614849188,16.27,56.33,1.57,98.41000366210938,976.79
2019-09-06,23201.85614849188,15.0,56.45,1.55,98.38999938964844,974.08
2019-09-09,23204.54809142592,15.27,57.88,1.63,98.27999877929688,974.12
2019-09-10,23201.85614849188,15.2,57.37,1.72,98.33000183105467,970.26
2019-09-11,23201.85614849188,14.61,55.66,1.75,98.6500015258789,969.31
2019-09-12,23209.93385168852,14.22,55.13,1.79,98.30999755859376,976.07
2019-09-13,23209.93385168852,13.74,54.76,1.9,98.26000213623048,987.22
2019-09-16,23220.712875885292,14.67,63.1,1.84,98.6500015258789,989.86
2019-09-17,23228.803716608596,14.44,59.26,1.81,98.26000213623048,996.74
2019-09-18,23215.322112594313,13.95,58.19,1.8,98.5999984741211,995.15
2019-09-19,23215.322112594313,14.05,58.19,1.79,98.2699966430664,997.1
2019-09-20,23207.240659085634,15.32,57.92,1.74,98.51000213623048,990.36
2019-09-23,23207.240659085634,14.91,58.69,1.72,98.5999984741211,985.75
2019-09-24,23207.240659085634,17.05,57.22,1.64,98.33999633789062,988.13
2019-09-25,23207.240659085634,15.96,56.38,1.73,99.04000091552734,987.3
2019-09-26,23204.54809142592,16.07,56.24,1.7,99.20999908447266,990.75
2019-09-27,23207.240659085634,17.22,55.95,1.69,99.11000061035156,997.84
2019-09-30,23204.54809142592,16.24,54.09,1.68,99.37999725341795,996.56
2019-10-01,23204.54809142592,18.56,53.6,1.65,99.12999725341795,999.59
2019-10-02,23207.240659085634,20.56,52.67,1.6,99.04000091552734,991.19
2019-10-03,23204.54809142592,19.12,52.41,1.54,98.86000061035156,989.67
2019-10-04,23204.54809142592,17.04,52.84,1.52,98.80999755859376,987.59
2019-10-07,23204.54809142592,17.86,52.76,1.56,98.98999786376952,983.09
2019-10-08,23201.85614849188,20.28,52.64,1.54,99.13999938964844,988.22
2019-10-09,23228.803716608596,18.64,52.63,1.59,99.12000274658205,987.83
2019-10-10,23204.54809142592,17.57,53.57,1.67,98.70999908447266,987.38
2019-10-11,23207.240659085634,15.58,54.76,1.76,98.3000030517578,991.84
2019-10-14,23207.240659085634,14.57,53.57,1.76,98.4499969482422,993.57
2019-10-15,23204.54809142592,13.54,52.81,1.77,98.29000091552734,993.05
2019-10-16,23207.240659085634,13.68,53.42,1.75,98.01000213623048,994.46
2019-10-17,23209.93385168852,13.79,53.89,1.76,97.61000061035156,989.82
2019-10-18,23207.240659085634,14.25,53.75,1.76,97.27999877929688,989.2
2019-10-21,23209.93385168852,14.0,53.28,1.8,97.33000183105467,983.56
2019-10-22,23204.54809142592,14.46,54.21,1.78,97.52999877929688,987.19
2019-10-23,23209.93385168852,14.01,55.9,1.77,97.47000122070312,987.79
2019-10-24,23207.240659085634,13.71,56.11,1.77,97.62999725341795,993.6
2019-10-25,23201.85614849188,12.65,56.52,1.8,97.83000183105467,996.57
2019-10-28,23204.54809142592,13.11,55.6,1.85,97.76000213623048,996.48
2019-10-29,23207.240659085634,13.2,55.34,1.84,97.69000244140624,995.87
2019-10-30,23204.54809142592,12.33,54.85,1.78,97.6500015258789,1000.89
2019-10-31,23207.240659085634,13.22,54.02,1.69,97.3499984741211,998.82
2019-11-01,23204.54809142592,12.3,56.04,1.73,97.23999786376952,1015.59
2019-11-04,23201.85614849188,12.83,56.33,1.79,97.51000213623048,1022.43
2019-11-05,23201.85614849188,13.1,57.04,1.86,97.9800033569336,1024.34
2019-11-06,23201.85614849188,12.62,56.15,1.81,97.9499969482422,1024.91
2019-11-07,23201.85614849188,12.73,56.91,1.92,98.13999938964844,1024.03
2019-11-08,23201.85614849188,12.07,57.02,1.94,98.3499984741211,1022.49
2019-11-11,23204.54809142592,12.69,57.02,1.94,98.1999969482422,1016.75
2019-11-12,23201.85614849188,12.68,56.67,1.92,98.30999755859376,1018.33
2019-11-13,23204.54809142592,13.0,56.88,1.88,98.37000274658205,1012.77
2019-11-14,23204.54809142592,13.05,56.57,1.82,98.16000366210938,1012.3
2019-11-15,23207.240659085634,12.05,57.54,1.84,98.0,1010.03
2019-11-18,23207.240659085634,12.46,56.82,1.81,97.79000091552734,1002.91
2019-11-19,23204.54809142592,12.86,54.93,1.79,97.86000061035156,1008.35
2019-11-20,23201.85614849188,12.78,56.71,1.73,97.93000030517578,1000.56
2019-11-21,23199.16483006612,13.13,58.36,1.77,97.98999786376952,987.89
2019-11-22,23199.16483006612,12.34,57.68,1.77,98.2699966430664,977.78
2019-11-25,23204.54809142592,11.87,57.79,1.76,98.31999969482422,976.35
2019-11-26,23191.094619666048,11.54,58.25,1.74,98.25,976.79
2019-11-27,23204.54809142592,11.75,58.12,1.77,98.41000366210938,978.17
2019-11-29,23183.03002202388,12.62,58.12,1.78,98.2699966430664,970.75
2019-12-02,23180.343069077426,14.91,55.97,1.83,97.86000061035156,959.31
2019-12-03,23174.97103128621,15.96,56.15,1.72,97.73999786376952,953.43
2019-12-04,23177.656738903697,14.8,58.46,1.77,97.6500015258789,965.9
2019-12-05,23169.601482854498,14.52,58.42,1.8,97.41000366210938,963.27
2019-12-06,23180.343069077426,13.62,59.2,1.84,97.6999969482422,963.56
2019-12-09,23174.97103128621,15.86,58.99,1.83,97.63999938964844,966.06
2019-12-10,23174.97103128621,15.68,59.22,1.85,97.41000366210938,960.3
2019-12-11,23180.343069077426,14.99,58.74,1.79,97.16000366210938,961.78
2019-12-12,23172.285946008575,13.94,59.18,1.9,97.4000015258789,968.17
2019-12-13,23177.656738903697,12.63,60.11,1.82,97.16999816894533,966.18
2019-12-16,23180.343069077426,12.14,60.21,1.89,97.06999969482422,961.47
2019-12-17,23180.343069077426,12.29,60.88,1.89,97.20999908447266,954.03
2019-12-18,23177.656738903697,12.58,60.93,1.92,97.41000366210938,951.13
2019-12-19,23172.285946008575,12.5,61.3,1.92,97.41999816894533,952.26
2019-12-20,23180.343069077426,12.51,60.43,1.92,97.70999908447266,956.41
2019-12-23,23177.656738903697,12.61,60.51,1.93,97.66000366210938,959.43
2019-12-24,23180.343069077426,12.67,61.17,1.9,97.6500015258789,958.88
2019-12-26,23177.656738903697,12.65,61.72,1.9,97.58999633789062,958.59
2019-12-27,23174.97103128621,13.43,61.76,1.88,96.91999816894533,963.51
2019-12-30,23177.656738903697,14.82,61.66,1.9,96.73999786376952,965.03
2019-12-31,23174.97103128621,13.78,61.14,1.92,96.38999938964844,960.99
2020-01-02,23172.285946008575,12.47,61.17,1.88,96.8499984741211,966.67
2020-01-03,23174.97103128621,14.02,63.0,1.8,96.83999633789062,965.14
2020-01-06,23180.343069077426,13.85,63.27,1.81,96.66999816894533,955.79
2020-01-07,23180.343069077426,13.79,62.7,1.83,96.9800033569336,958.88
2020-01-08,23180.343069077426,13.45,59.65,1.87,97.3000030517578,948.98
2020-01-09,23177.656738903697,12.54,59.56,1.85,97.4499969482422,960.15
2020-01-10,23180.343069077426,12.56,59.02,1.83,97.36000061035156,968.54
2020-01-13,23177.656738903697,12.32,58.17,1.85,97.3499984741211,965.84
2020-01-14,23180.343069077426,12.39,58.34,1.82,97.37000274658205,967.0
2020-01-15,23177.656738903697,12.42,57.86,1.79,97.2300033569336,967.56
2020-01-16,23174.97103128621,12.32,58.52,1.81,97.31999969482422,974.31
2020-01-17,23177.656738903697,12.1,58.55,1.84,97.61000061035156,978.96
2020-01-21,23174.97103128621,12.85,58.25,1.78,97.52999877929688,986.37
2020-01-22,23172.285946008575,12.91,56.76,1.77,97.52999877929688,991.46
2020-01-23,23172.285946008575,12.98,55.51,1.74,97.69000244140624,991.46
2020-01-24,23172.285946008575,14.56,54.09,1.7,97.8499984741211,991.46
2020-01-27,23172.285946008575,18.23,53.09,1.61,97.95999908447266,991.46
2020-01-28,23172.285946008575,16.28,53.33,1.65,98.0199966430664,991.46
2020-01-29,23172.285946008575,16.39,53.29,1.6,97.98999786376952,991.46
2020-01-30,23185.717597959658,15.49,52.19,1.57,97.87000274658205,959.58
2020-01-31,23226.106143305075,18.84,51.58,1.51,97.38999938964844,936.62
2020-02-03,23261.223540358224,17.97,50.06,1.54,97.8000030517578,928.14
2020-02-04,23242.30098779779,16.05,49.59,1.61,97.95999908447266,929.09
2020-02-05,23223.40919647004,15.15,50.87,1.66,98.2699966430664,925.91
2020-02-06,23223.40919647004,14.96,50.94,1.65,98.5,938.54
2020-02-07,23236.900197513653,15.47,50.34,1.59,98.68000030517578,940.75
2020-02-10,23263.929277654996,15.04,49.59,1.56,98.83000183105467,930.73
2020-02-11,23245.00232450023,15.18,50.0,1.59,98.72000122070312,934.67
2020-02-12,23255.813953488378,13.74,51.13,1.62,99.0500030517578,937.68
2020-02-13,23242.30098779779,14.15,51.41,1.61,99.06999969482422,938.24
2020-02-14,23247.704289201443,13.68,52.03,1.59,99.12000274658205,937.45
2020-02-18,23245.00232450023,14.83,52.1,1.55,99.45999908447266,927.93
2020-02-19,23231.501916598907,14.38,53.31,1.56,99.5999984741211,928.76
2020-02-20,23239.6002788752,15.56,53.77,1.52,99.87000274658205,938.13
2020-02-21,23245.00232450023,17.08,53.36,1.46,99.26000213623048,933.09
2020-02-24,23250.40688212044,25.03,51.36,1.38,99.29000091552734,903.34
2020-02-25,23272.050267628576,27.85,49.78,1.33,98.97000122070312,909.67
2020-02-26,23245.00232450023,27.56,48.67,1.33,99.0,895.97
2020-02-27,23245.00232450023,39.16,47.17,1.3,98.44000244140624,898.44
2020-02-28,23245.00232450023,40.11,44.83,1.13,98.12999725341795,882.19
2020-03-02,23245.00232450023,33.42,46.78,1.1,97.36000061035156,884.43
2020-03-03,23220.712875885292,36.82,47.27,1.02,97.1500015258789,890.61
2020-03-04,23209.93385168852,31.99,46.78,1.02,97.33999633789062,889.37
2020-03-05,23215.322112594313,39.62,45.9,0.92,96.81999969482422,893.31
2020-03-06,23209.93385168852,41.94,41.14,0.74,95.9499969482422,891.44
2020-03-09,23177.656738903697,54.46,31.05,0.54,94.9000015258789,835.49
2020-03-10,23177.656738903697,47.3,34.47,0.76,96.41000366210938,837.5
2020-03-11,23177.656738903697,53.9,33.13,0.82,96.51000213623048,811.35
2020-03-12,23199.16483006612,75.47,31.56,0.88,97.47000122070312,769.25
2020-03-13,23215.322112594313,57.83,31.72,0.94,98.75,761.78
2020-03-16,23228.803716608596,82.69,28.96,0.73,98.08999633789062,747.86
2020-03-17,23242.30098779779,75.91,26.96,1.02,99.58000183105467,745.78
2020-03-18,23285.597857725,76.45,20.48,1.18,101.16000366210938,747.66
2020-03-19,23405.50029256875,72.0,25.09,1.12,102.76000213623048,725.94
2020-03-20,23463.16283435007,66.04,19.48,0.92,102.81999969482422,709.73
2020-03-23,23546.03249352484,61.59,23.33,0.76,102.48999786376952,666.59
2020-03-24,23590.46945034206,61.67,21.03,0.84,101.73999786376952,659.21
2020-03-25,23607.176581680833,63.95,20.75,0.88,101.0500030517578,690.25
2020-03-26,23637.86786431864,61.0,16.6,0.83,99.41999816894533,694.21
2020-03-27,23626.698168930892,65.54,15.48,0.72,98.37000274658205,696.06
2020-03-30,23643.456673365647,57.08,14.1,0.7,99.18000030517578,662.26
2020-03-31,23618.327822390176,53.54,20.51,0.7,99.0500030517578,662.53
2020-04-01,23596.03586597451,57.06,20.28,0.62,99.66999816894533,680.23
2020-04-02,23596.03586597451,50.91,25.18,0.63,100.18000030517578,680.23
2020-04-03,23568.23002592505,46.8,28.36,0.62,100.58000183105467,701.8
2020-04-06,23452.157598499063,45.24,26.21,0.67,100.69000244140624,736.75
2020-04-07,23457.65892563922,46.7,23.54,0.75,99.9800033569336,746.69
2020-04-08,23568.23002592505,43.35,24.97,0.77,100.12000274658205,748.02
2020-04-09,23490.72116513977,41.67,22.9,0.73,99.5199966430664,760.33
2020-04-13,23435.66908835247,41.17,22.36,0.76,99.3499984741211,765.79
2020-04-14,23476.933912431035,37.76,20.15,0.76,98.88999938964844,767.41
2020-04-15,23443.910444262103,40.84,19.96,0.63,99.45999908447266,777.22
2020-04-16,23452.157598499063,40.11,19.82,0.61,100.02999877929688,780.7
2020-04-17,23427.433524657372,38.15,18.31,0.65,99.77999877929688,789.6
2020-04-20,23452.157598499063,43.83,-36.98,0.63,99.95999908447266,794.97
2020-04-21,23463.16283435007,45.41,8.91,0.58,100.26000213623048,766.84
2020-04-22,23482.446870963955,41.98,13.64,0.63,100.38999938964844,768.92
2020-04-23,23487.96241926013,41.38,15.06,0.61,100.43000030517578,773.91
2020-04-24,23512.81448389372,35.93,15.99,0.6,100.37999725341795,776.66
2020-04-27,23460.41055718475,33.29,12.17,0.67,100.04000091552734,770.77
2020-04-28,23449.407902450464,33.57,12.4,0.62,99.87000274658205,767.21
2020-04-29,23430.17806935333,31.23,15.04,0.63,99.56999969482422,769.11
2020-04-30,23430.17806935333,34.15,19.23,0.64,99.0199966430664,769.11
2020-05-01,23430.17806935333,37.19,19.72,0.64,98.8000030517578,769.11
2020-05-04,23449.407902450464,35.97,20.47,0.64,99.4800033569336,762.47
2020-05-05,23424.689622862497,33.61,24.56,0.66,99.70999908447266,764.16
2020-05-06,23427.433524657372,34.12,23.88,0.72,100.08999633789062,782.59
2020-05-07,23430.17806935333,31.44,23.68,0.63,99.88999938964844,796.54
2020-05-08,23380.87444470423,27.98,24.73,0.69,99.7300033569336,813.73
2020-05-11,23329.05633967106,27.57,24.02,0.73,100.23999786376952,828.33
2020-05-12,23337.222870478417,33.04,25.76,0.69,99.93000030517578,835.32
2020-05-13,23348.120476301658,35.28,25.37,0.64,100.23999786376952,834.21
2020-05-14,23378.141437755698,32.61,27.4,0.63,100.47000122070312,832.4
2020-05-15,23361.75680411167,31.89,29.44,0.64,100.4000015258789,827.03
2020-05-18,23342.67040149393,29.3,31.83,0.73,99.66999816894533,837.01
2020-05-19,23304.59100442787,30.53,32.3,0.7,99.37000274658205,845.92
2020-05-20,23274.75852438031,27.99,33.56,0.68,99.12000274658205,852.91
2020-05-21,23280.176929344663,29.53,34.3,0.68,99.37000274658205,862.73
2020-05-22,23272.050267628576,28.16,33.49,0.66,99.86000061035156,852.74
2020-05-26,23339.946318123468,28.01,34.7,0.69,98.91000366210938,869.13
2020-05-27,23329.05633967106,27.62,32.8,0.68,99.05999755859376,857.48
2020-05-28,23312.740412635507,28.59,33.67,0.7,98.37999725341795,861.39
2020-05-29,23285.597857725,27.51,35.57,0.65,98.33999633789062,864.47
2020-06-01,23266.635644485807,28.23,35.49,0.66,97.83000183105467,878.67
2020-06-02,23258.51843237586,26.84,36.88,0.68,97.66999816894533,874.8
2020-06-03,23263.929277654996,25.66,37.33,0.77,97.27999877929688,881.17
2020-06-04,23269.342641070387,25.81,37.42,0.82,96.68000030517578,883.9
2020-06-05,23261.223540358224,24.52,39.49,0.91,96.94000244140624,886.22
2020-06-08,23258.51843237586,25.81,38.17,0.88,96.62000274658205,899.92
2020-06-09,23209.93385168852,27.57,38.98,0.84,96.31999969482422,899.43
2020-06-10,23201.85614849188,27.57,39.54,0.75,95.95999908447266,900.0
2020-06-11,23218.01718133271,40.79,36.43,0.66,96.7300033569336,867.37
2020-06-12,23209.93385168852,36.09,36.24,0.71,97.31999969482422,863.52
2020-06-15,23226.106143305075,34.4,37.07,0.71,96.68000030517578,832.47
2020-06-16,23218.01718133271,33.67,38.26,0.75,96.95999908447266,856.13
2020-06-17,23199.16483006612,33.47,37.91,0.74,97.16000366210938,854.44
2020-06-18,23215.322112594313,32.94,38.79,0.71,97.41999816894533,855.27
2020-06-19,23223.40919647004,35.12,39.72,0.7,97.62000274658205,868.56
2020-06-22,23215.322112594313,31.77,40.6,0.71,97.04000091552734,871.28
2020-06-23,23218.01718133271,31.37,40.4,0.72,96.69000244140624,868.2
2020-06-24,23207.240659085634,33.84,37.91,0.69,97.1500015258789,859.71
2020-06-25,23212.62766945218,32.22,38.66,0.68,97.43000030517578,854.59
2020-06-26,23212.62766945218,34.73,38.53,0.64,97.5,851.98
2020-06-29,23204.54809142592,31.78,39.67,0.64,97.54000091552734,829.36
2020-06-30,23207.240659085634,30.43,39.27,0.66,97.38999938964844,825.11
2020-07-01,23207.240659085634,28.62,39.88,0.69,97.1999969482422,843.49
2020-07-02,23207.240659085634,27.68,40.57,0.68,97.31999969482422,842.38
2020-07-06,23204.54809142592,27.94,40.51,0.69,96.79000091552734,861.16
2020-07-07,23201.85614849188,29.43,40.59,0.65,96.87999725341795,863.42
2020-07-08,23191.094619666048,28.08,40.91,0.67,96.43000030517578,864.5
2020-07-09,23188.405797101448,29.26,39.64,0.62,96.6999969482422,876.46
2020-07-10,23183.03002202388,27.29,40.56,0.65,96.6500015258789,871.21
2020-07-13,23183.03002202388,32.19,40.06,0.64,96.45999908447266,868.72
2020-07-14,23185.717597959658,29.52,40.3,0.63,96.26000213623048,868.11
2020-07-15,23185.717597959658,27.76,41.2,0.64,96.08000183105467,869.91
2020-07-16,23188.405797101448,28.0,40.74,0.62,96.3499984741211,876.83
2020-07-17,23193.784065870343,25.68,40.55,0.64,95.94000244140624,872.02
2020-07-20,23191.094619666048,24.46,40.83,0.62,95.83000183105467,861.4
2020-07-21,23183.03002202388,24.84,41.76,0.61,95.12000274658205,861.69
2020-07-22,23188.405797101448,24.32,41.88,0.6,94.97000122070312,855.08
2020-07-23,23183.03002202388,26.08,40.99,0.59,94.69000244140624,856.75
2020-07-24,23183.03002202388,25.84,41.23,0.59,94.44000244140624,829.16
2020-07-27,23185.717597959658,24.74,41.46,0.62,93.66999816894533,785.17
2020-07-28,23183.03002202388,25.44,40.89,0.59,93.76000213623048,813.36
2020-07-29,23183.03002202388,24.1,41.13,0.58,93.26000213623048,790.84
2020-07-30,23180.343069077426,24.76,39.85,0.55,93.0199966430664,801.13
2020-07-31,23183.03002202388,24.46,40.1,0.55,93.48999786376952,798.39
2020-08-03,23180.343069077426,24.28,40.83,0.56,93.5,814.65
2020-08-04,23180.343069077426,23.76,41.67,0.52,93.37999725341795,827.57
2020-08-05,23177.656738903697,22.99,42.25,0.55,92.83000183105467,837.8
2020-08-06,23177.656738903697,22.65,41.93,0.55,92.79000091552734,840.04
2020-08-07,23177.656738903697,22.21,41.16,0.57,93.44000244140624,841.46
2020-08-10,23180.343069077426,22.13,41.94,0.59,93.58000183105467,843.2
2020-08-11,23177.656738903697,24.03,41.53,0.64,93.62999725341795,843.08
2020-08-12,23180.343069077426,22.28,42.6,0.69,93.44000244140624,846.92
2020-08-13,23177.656738903697,22.13,42.26,0.71,93.33999633789062,855.05
2020-08-14,23177.656738903697,22.05,42.05,0.71,93.0999984741211,850.74
2020-08-17,23177.656738903697,21.35,42.89,0.69,92.8499984741211,850.15
2020-08-18,23177.656738903697,21.51,42.89,0.67,92.2699966430664,846.43
2020-08-19,23177.656738903697,22.54,42.91,0.68,92.88999938964844,851.21
2020-08-20,23177.656738903697,22.72,42.62,0.65,92.79000091552734,848.21
2020-08-21,23180.343069077426,22.54,42.32,0.64,93.25,854.78
2020-08-24,23180.343069077426,22.37,42.44,0.65,93.3000030517578,868.68
2020-08-25,23174.97103128621,22.03,43.17,0.69,93.0199966430664,874.12
2020-08-26,23177.656738903697,23.27,43.21,0.69,93.01000213623048,873.47
2020-08-27,23177.656738903697,24.47,42.88,0.74,93.01000213623048,874.71
2020-08-28,23177.656738903697,22.96,42.96,0.74,92.37000274658205,878.98
2020-08-31,23177.656738903697,26.41,42.61,0.72,92.13999938964844,881.65
2020-09-01,23177.656738903697,26.12,42.76,0.68,92.33999633789062,891.73
2020-09-02,23177.656738903697,26.57,42.76,0.66,92.8499984741211,891.73
2020-09-03,23177.656738903697,33.6,41.39,0.63,92.73999786376952,903.97
2020-09-04,23183.03002202388,30.75,39.69,0.72,92.72000122070312,901.54
2020-09-08,23180.343069077426,31.46,36.87,0.69,93.4800033569336,890.14
2020-09-09,23180.343069077426,28.81,38.05,0.71,93.26000213623048,889.32
2020-09-10,23180.343069077426,29.71,37.25,0.68,93.33999633789062,888.82
2020-09-11,23177.656738903697,26.87,37.33,0.67,93.33000183105467,888.97
2020-09-14,23180.343069077426,25.85,37.23,0.68,93.06999969482422,894.57
2020-09-15,23180.343069077426,25.59,38.29,0.68,93.0500030517578,896.26
2020-09-16,23183.03002202388,26.04,40.17,0.69,93.20999908447266,897.47
2020-09-17,23183.03002202388,26.46,40.99,0.69,92.97000122070312,894.04
2020-09-18,23183.03002202388,25.83,41.09,0.7,92.93000030517578,900.95
2020-09-21,23180.343069077426,27.78,39.26,0.68,93.54000091552734,907.94
2020-09-22,23183.03002202388,26.86,39.55,0.68,93.98999786376952,906.19
2020-09-23,23188.405797101448,28.58,39.92,0.68,94.38999938964844,912.5
2020-09-24,23188.405797101448,28.51,40.11,0.67,94.3499984741211,908.58
2020-09-25,23193.784065870343,26.38,40.06,0.66,94.58000183105467,908.27
2020-09-28,23191.094619666048,26.19,40.47,0.67,94.26000213623048,912.5
2020-09-29,23193.784065870343,26.27,39.03,0.66,93.88999938964844,903.98
2020-09-30,23185.717597959658,26.37,40.05,0.69,93.88999938964844,905.21
2020-10-01,23191.094619666048,26.7,38.51,0.68,93.70999908447266,914.09
2020-10-02,23193.784065870343,27.63,36.9,0.7,93.83999633789062,909.91
2020-10-05,23207.240659085634,27.96,39.12,0.78,93.51000213623048,914.68
2020-10-06,23209.93385168852,29.48,40.52,0.76,93.83000183105467,915.67
2020-10-07,23207.240659085634,28.06,39.82,0.81,93.62999725341795,919.72
2020-10-08,23193.784065870343,26.36,41.04,0.78,93.61000061035156,918.84
2020-10-09,23185.717597959658,25.0,40.44,0.79,93.05999755859376,924.0
2020-10-12,23180.343069077426,25.07,39.22,0.79,93.06999969482422,925.83
2020-10-13,23180.343069077426,26.07,40.03,0.74,93.52999877929688,929.86
2020-10-14,23180.343069077426,26.4,40.86,0.73,93.37999725341795,940.18
2020-10-15,23183.03002202388,26.97,40.84,0.74,93.86000061035156,942.76
2020-10-16,23180.343069077426,27.41,40.7,0.76,93.68000030517578,943.3
2020-10-19,23180.343069077426,29.18,40.69,0.78,93.43000030517578,943.69
2020-10-20,23180.343069077426,29.35,41.37,0.81,93.06999969482422,944.42
2020-10-21,23180.343069077426,28.65,39.88,0.83,92.61000061035156,939.03
2020-10-22,23180.343069077426,28.11,40.46,0.87,92.9499969482422,949.9
2020-10-23,23180.343069077426,27.55,39.73,0.85,92.7699966430664,961.26
2020-10-26,23180.343069077426,32.46,38.39,0.81,93.0500030517578,950.8
2020-10-27,23180.343069077426,33.35,39.34,0.79,92.94000244140624,946.47
2020-10-28,23180.343069077426,40.28,37.27,0.79,93.41000366210938,921.05
2020-10-29,23183.03002202388,37.59,35.94,0.85,93.95999908447266,919.08
2020-10-30,23183.03002202388,38.02,35.64,0.88,94.04000091552734,925.47
2020-11-02,23180.343069077426,37.13,36.6,0.87,94.0500030517578,933.68
2020-11-03,23180.343069077426,35.55,37.44,0.9,93.5500030517578,935.41
2020-11-04,23180.343069077426,29.57,38.97,0.78,93.41000366210938,939.76
2020-11-05,23180.343069077426,27.58,38.56,0.79,92.52999877929688,937.75
2020-11-06,23180.343069077426,24.86,36.97,0.83,92.2300033569336,938.29
2020-11-09,23183.03002202388,25.75,40.05,0.96,92.7300033569336,951.99
2020-11-10,23177.656738903697,24.8,41.18,0.98,92.75,951.9
2020-11-11,23180.343069077426,23.45,41.23,0.98,93.04000091552734,952.22
2020-11-12,23180.343069077426,25.35,40.9,0.88,92.95999908447266,959.28
2020-11-13,23180.343069077426,23.1,39.93,0.89,92.76000213623048,966.29
2020-11-16,23180.343069077426,22.45,41.14,0.91,92.56999969482422,950.79
2020-11-17,23166.917641607783,22.71,41.24,0.87,92.41999816894533,968.9
2020-11-18,23169.601482854498,23.84,41.64,0.88,92.31999969482422,973.53
2020-11-19,23180.343069077426,23.11,41.57,0.86,92.29000091552734,983.26
2020-11-20,23180.343069077426,23.7,41.99,0.83,92.38999938964844,990.0
2020-11-23,23180.343069077426,22.66,42.91,0.86,92.51000213623048,994.19
2020-11-24,23153.507756425097,21.64,44.71,0.88,92.2300033569336,995.76
2020-11-25,23169.601482854498,21.25,45.58,0.88,91.98999786376952,999.94
2020-11-27,23164.234422052352,20.84,45.58,0.84,91.79000091552734,1010.22
2020-11-30,23145.46927438954,20.57,45.2,0.84,91.87000274658205,1003.08
2020-12-01,23132.08420078649,20.77,44.54,0.92,91.30999755859376,1008.87
2020-12-02,23132.08420078649,21.17,45.23,0.95,91.12000274658205,1014.32
2020-12-03,23137.43637204998,21.28,45.65,0.92,90.70999908447266,1019.8
2020-12-04,23132.08420078649,20.79,46.23,0.97,90.6999969482422,1021.49
2020-12-07,23132.08420078649,21.3,45.72,0.94,90.79000091552734,1029.98
2020-12-08,23132.08420078649,20.68,45.64,0.92,90.97000122070312,1029.26
2020-12-09,23132.08420078649,22.27,45.48,0.95,91.08999633789062,1039.13
2020-12-10,23132.08420078649,22.52,46.76,0.92,90.79000091552734,1030.91
2020-12-11,23132.08420078649,23.31,46.59,0.9,90.9800033569336,1045.96
2020-12-14,23129.409043598935,24.72,47.02,0.9,90.70999908447266,1064.09
2020-12-15,23129.409043598935,22.89,47.58,0.92,90.47000122070312,1055.27
2020-12-16,23129.409043598935,22.5,47.86,0.92,90.4499969482422,1066.99
2020-12-17,23132.08420078649,21.93,48.34,0.94,89.81999969482422,1051.77
2020-12-18,23126.734505087883,21.57,49.04,0.95,90.0199966430664,1067.46
2020-12-21,23132.08420078649,25.16,47.79,0.95,90.04000091552734,1081.08
2020-12-22,23132.08420078649,24.23,47.02,0.93,90.6500015258789,1083.45
2020-12-23,23137.43637204998,23.31,47.94,0.96,90.41000366210938,1078.9
2020-12-24,23137.43637204998,21.53,48.18,0.94,90.33000183105467,1067.52
2020-12-28,23137.43637204998,21.7,47.5,0.94,90.33999633789062,1091.33
2020-12-29,23126.734505087883,23.08,47.85,0.94,90.01000213623047,1099.49
2020-12-30,23092.021706500404,22.77,48.24,0.93,89.62999725341797,1097.54
2020-12-31,23084.025854108957,22.75,48.35,0.93,89.94000244140625,1103.87
2021-01-04,23084.025854108957,26.97,47.47,0.93,89.87999725341797,1120.47
2021-01-05,23092.021706500404,25.34,49.78,0.96,89.44000244140625,1132.55
2021-01-06,23097.355352812105,25.07,50.45,1.04,89.52999877929688,1143.21
2021-01-07,23081.361800346214,22.37,50.63,1.08,89.83000183105469,1156.49
2021-01-08,23070.711731456915,21.56,52.14,1.13,90.0999984741211,1167.69
2021-01-11,23062.730627306275,24.08,52.15,1.15,90.54000091552734,1184.89
2021-01-12,23068.05074971165,23.33,53.08,1.15,90.05000305175781,1192.28
2021-01-13,23068.05074971165,22.21,52.81,1.1,90.31999969482422,1186.05
2021-01-14,23068.05074971165,23.25,53.47,1.15,90.23999786376952,1187.4
2021-01-15,23068.05074971165,24.34,52.25,1.11,90.77999877929688,1194.2
2021-01-19,23073.37332718043,23.24,52.87,1.1,90.5,1131.0
2021-01-20,23076.035537094725,21.58,53.16,1.1,90.47000122070312,1134.68
2021-01-21,23073.37332718043,21.32,53.0,1.12,90.12999725341795,1164.21
2021-01-22,23073.37332718043,21.91,52.28,1.1,90.23999786376952,1166.78
2021-01-25,23073.37332718043,23.19,52.78,1.05,90.38999938964844,1166.05
2021-01-26,23073.37332718043,23.02,52.61,1.05,90.16999816894533,1136.12
2021-01-27,23073.37332718043,37.21,52.81,1.04,90.6500015258789,1097.17
2021-01-28,23062.730627306275,30.21,52.26,1.07,90.45999908447266,1023.94
2021-01-29,23052.09774089442,33.09,52.16,1.11,90.58000183105467,1056.61
2021-02-01,23049.44105105451,30.24,53.55,1.09,91.0199966430664,1035.51
2021-02-02,23030.86135421465,25.56,54.77,1.12,91.1999969482422,1075.53
2021-02-03,23022.90779325429,22.91,55.67,1.15,91.12000274658205,1111.29
2021-02-04,23028.209556706966,21.77,56.19,1.15,91.52999877929688,1112.19
2021-02-05,23012.311586698885,20.87,56.8,1.19,91.04000091552734,1126.91
2021-02-08,22991.148407862973,21.24,57.95,1.19,90.93000030517578,1083.18
2021-02-09,23017.60847047992,21.63,58.34,1.18,90.44000244140624,1114.93
2021-02-10,23017.60847047992,21.99,58.69,1.15,90.37000274658205,1114.93
2021-02-11,23017.60847047992,21.25,58.22,1.16,90.41999816894533,1114.93
2021-02-12,23017.60847047992,19.97,59.5,1.2,90.4800033569336,1114.93
2021-02-16,23017.60847047992,21.46,60.07,1.3,90.51000213623048,1114.93
2021-02-17,23017.60847047992,21.5,61.09,1.29,90.9499969482422,1155.78
2021-02-18,23020.25782688766,22.49,60.4,1.29,90.58999633789062,1174.38
2021-02-19,23022.90779325429,22.05,59.12,1.34,90.36000061035156,1173.5
2021-02-22,23025.558369790466,23.45,61.67,1.37,90.01000213623047,1175.04
2021-02-23,23030.86135421465,23.11,61.66,1.37,90.16999816894533,1177.64
2021-02-24,23022.90779325429,21.34,63.21,1.38,90.18000030517578,1162.01
2021-02-25,23030.86135421465,28.89,63.43,1.54,90.12999725341795,1165.43
2021-02-26,23020.25782688766,27.95,61.55,1.44,90.93000030517578,1168.47
2021-03-01,23030.86135421465,23.35,60.54,1.45,91.04000091552734,1186.17
2021-03-02,23025.558369790466,24.1,59.7,1.42,90.79000091552734,1186.61
2021-03-03,23025.558369790466,26.67,61.33,1.47,90.9499969482422,1186.95
2021-03-04,23022.90779325429,28.57,63.81,1.54,91.62999725341795,1168.52
2021-03-05,23036.1667818475,24.66,66.08,1.56,91.9800033569336,1168.69
2021-03-08,23036.1667818475,25.47,65.03,1.59,92.30999755859376,1168.27
2021-03-09,23062.730627306275,24.03,64.02,1.55,91.95999908447266,1161.97
2021-03-10,23054.755043227666,22.56,64.45,1.53,91.79000091552734,1170.08
2021-03-11,23054.755043227666,21.91,66.02,1.54,91.41999816894533,1181.73
2021-03-12,23060.07148622161,20.69,65.59,1.64,91.68000030517578,1181.56
2021-03-15,23084.025854108957,20.03,65.36,1.62,91.83000183105467,1184.56
2021-03-16,23084.025854108957,19.79,64.82,1.62,91.87000274658205,1179.9
2021-03-17,23057.412958266083,19.23,64.55,1.63,91.4000015258789,1186.09
2021-03-18,23070.711731456915,21.58,59.95,1.71,91.8499984741211,1200.94
2021-03-19,23076.035537094725,20.95,61.43,1.74,91.91999816894533,1194.05
2021-03-22,23078.698361412415,18.88,61.48,1.69,91.8000030517578,1194.43
2021-03-23,23084.025854108957,20.3,57.75,1.63,92.33999633789062,1183.45
2021-03-24,23086.69052291354,21.2,61.12,1.62,92.52999877929688,1161.81
2021-03-25,23086.69052291354,19.81,58.47,1.63,92.87999725341795,1163.1
2021-03-26,23086.69052291354,18.86,60.93,1.67,92.7699966430664,1162.21
2021-03-29,23076.035537094725,20.74,61.49,1.73,92.94000244140624,1175.68
2021-03-30,23078.698361412415,19.61,60.55,1.73,93.3000030517578,1186.36
2021-03-31,23078.698361412415,19.4,59.19,1.74,93.2300033569336,1191.44
2021-04-01,23073.37332718043,17.33,61.41,1.69,92.93000030517578,1216.1
2021-04-05,23084.025854108957,17.91,58.73,1.73,92.5999984741211,1236.05
2021-04-06,23094.68822170901,18.12,59.34,1.67,92.33999633789062,1239.96
2021-04-07,23097.355352812105,17.16,59.77,1.68,92.45999908447266,1242.38
2021-04-08,23089.355806972988,16.95,59.61,1.64,92.05999755859376,1234.89
2021-04-09,23068.05074971165,16.69,59.29,1.67,92.16000366210938,1231.66
2021-04-12,23070.711731456915,16.91,59.7,1.69,92.13999938964844,1252.45
2021-04-13,23073.37332718043,16.65,60.2,1.64,91.8499984741211,1248.33
2021-04-14,23081.361800346214,16.99,63.15,1.64,91.69000244140624,1255.87
2021-04-15,23076.035537094725,16.57,63.42,1.56,91.66999816894533,1247.25
2021-04-16,23070.711731456915,16.25,63.16,1.59,91.55999755859376,1238.71
2021-04-19,23076.035537094725,17.29,63.33,1.61,91.06999969482422,1260.58
2021-04-20,23078.698361412415,18.68,62.61,1.58,91.23999786376952,1268.28
2021-04-21,23078.698361412415,17.5,61.34,1.57,91.16000366210938,1268.28
2021-04-22,23076.035537094725,18.71,61.45,1.57,91.33000183105467,1227.82
2021-04-23,23073.37332718043,17.33,62.18,1.58,90.86000061035156,1248.53
2021-04-26,23044.12950800783,17.64,62.02,1.58,90.80999755859376,1215.77
2021-04-27,23046.784973496196,17.56,63.03,1.63,90.91000366210938,1219.75
2021-04-28,23052.09774089442,17.28,63.81,1.63,90.61000061035156,1229.55
2021-04-29,23057.412958266083,17.61,65.0,1.65,90.61000061035156,1239.39
2021-04-30,23057.412958266083,18.61,63.5,1.65,91.27999877929688,1239.39
2021-05-03,23057.412958266083,18.31,64.46,1.63,90.9499969482422,1239.39
2021-05-04,23062.730627306275,19.48,65.72,1.61,91.29000091552734,1242.2
2021-05-05,23065.39038173221,19.15,65.63,1.59,91.30999755859376,1256.43
2021-05-06,23070.711731456915,18.39,64.73,1.58,90.9499969482422,1250.57
2021-05-07,23068.05074971165,16.69,64.96,1.6,90.2300033569336,1241.81
2021-05-10,23065.39038173221,19.66,64.92,1.63,90.20999908447266,1259.58
2021-05-11,23062.730627306275,21.84,65.31,1.64,90.13999938964844,1256.04
2021-05-12,23057.412958266083,27.59,65.96,1.69,90.70999908447266,1269.09
2021-05-13,23052.09774089442,23.13,63.82,1.66,90.75,1261.99
2021-05-14,23052.09774089442,18.81,65.32,1.63,90.31999969482422,1266.36
2021-05-17,23049.44105105451,19.72,66.24,1.64,90.22000122070312,1258.7
2021-05-18,23044.12950800783,21.34,65.49,1.64,89.75,1252.68
2021-05-19,23049.44105105451,22.18,63.28,1.68,90.19000244140624,1262.49
2021-05-20,23052.09774089442,20.67,61.95,1.63,89.80999755859375,1278.22
2021-05-21,23060.07148622161,20.15,63.61,1.63,90.0199966430664,1283.93
2021-05-24,23060.07148622161,18.4,66.13,1.61,89.83000183105469,1297.98
2021-05-25,23065.39038173221,18.84,66.27,1.56,89.63999938964844,1308.58
2021-05-26,23060.07148622161,17.36,66.41,1.58,90.04000091552734,1316.7
2021-05-27,23057.412958266083,16.74,66.87,1.61,89.97000122070312,1303.57
2021-05-28,23049.44105105451,16.76,66.31,1.58,90.02999877929688,1320.46
2021-06-01,23049.44105105451,17.9,67.8,1.62,89.83000183105469,1337.78
2021-06-02,23044.12950800783,17.48,68.79,1.59,89.9000015258789,1340.78
2021-06-03,23044.12950800783,18.04,68.81,1.63,90.5,1364.28
2021-06-04,23049.44105105451,16.42,69.57,1.56,90.13999938964844,1374.05
2021-06-07,23009.664058904746,16.42,69.21,1.57,89.94999694824219,1358.78
2021-06-08,22956.84113865932,17.07,70.11,1.53,90.08000183105467,1319.88
2021-06-09,22962.11251435132,17.89,69.9,1.5,90.12000274658205,1332.9
2021-06-10,22954.20635831516,16.1,70.34,1.45,90.08000183105467,1323.58
2021-06-11,22948.938611589212,15.65,71.0,1.47,90.55999755859376,1351.74
2021-06-14,22948.938611589212,16.39,70.94,1.51,90.5199966430664,1361.72
2021-06-15,22951.572182694516,17.02,72.06,1.51,90.54000091552734,1367.36
2021-06-16,22948.938611589212,18.15,72.03,1.57,91.12999725341795,1356.52
2021-06-17,22967.386311437756,17.75,71.06,1.52,91.88999938964844,1359.92
2021-06-18,23004.37083045779,20.7,71.64,1.45,92.2300033569336,1377.77
2021-06-21,23017.60847047992,17.89,73.64,1.5,91.86000061035156,1372.63
2021-06-22,23028.209556706966,16.66,73.15,1.48,91.7300033569336,1379.97
2021-06-23,23025.558369790466,16.32,73.11,1.5,91.8000030517578,1376.87
2021-06-24,23007.01714022777,15.97,73.31,1.49,91.81999969482422,1379.72
2021-06-25,23025.558369790466,15.62,74.21,1.54,91.80999755859376,1390.12
2021-06-28,23025.558369790466,15.76,72.98,1.49,91.87999725341795,1405.81
2021-06-29,23022.90779325429,16.02,73.14,1.49,92.0500030517578,1410.04
2021-06-30,23017.60847047992,15.83,73.52,1.45,92.44000244140624,1408.55
2021-07-01,23017.60847047992,15.48,75.33,1.48,92.5999984741211,1417.08
2021-07-02,23001.725129384704,15.07,75.37,1.44,92.2300033569336,1420.27
2021-07-06,23012.311586698885,16.44,73.62,1.37,92.5500030517578,1354.79
2021-07-07,23020.25782688766,16.2,72.22,1.33,92.63999938964844,1388.55
2021-07-08,23012.311586698885,19.0,72.98,1.3,92.36000061035156,1374.68
2021-07-09,23007.01714022777,16.18,74.56,1.37,92.12999725341795,1347.14
2021-07-12,23022.90779325429,16.17,74.21,1.38,92.2300033569336,1296.3
2021-07-13,23017.60847047992,17.12,75.24,1.42,92.75,1297.54
2021-07-14,23014.959723820484,16.33,73.06,1.37,92.41000366210938,1279.91
2021-07-15,23012.311586698885,17.01,71.67,1.31,92.62000274658205,1293.92
2021-07-16,23014.959723820484,18.45,71.76,1.31,92.69000244140624,1299.31
2021-07-19,23022.90779325429,22.5,66.45,1.19,92.88999938964844,1243.51
2021-07-20,23033.513762524475,19.73,67.32,1.23,92.97000122070312,1273.29
2021-07-21,23028.209556706966,17.91,70.26,1.3,92.75,1270.79
2021-07-22,23014.959723820484,17.69,72.15,1.27,92.81999969482422,1293.67
2021-07-23,23009.664058904746,17.2,72.24,1.3,92.91000366210938,1268.83
2021-07-26,23012.311586698885,17.58,72.15,1.29,92.6500015258789,1272.71
2021-07-27,23009.664058904746,19.36,71.68,1.25,92.43000030517578,1276.93
2021-07-28,23001.725129384704,18.31,72.37,1.26,92.31999969482422,1277.07
2021-07-29,22970.024118525325,17.7,73.62,1.28,91.86000061035156,1293.6
2021-07-30,22956.84113865932,18.24,73.93,1.24,92.16999816894533,1310.05
2021-08-02,22954.20635831516,19.46,71.31,1.2,92.0500030517578,1314.22
2021-08-03,22956.84113865932,18.04,70.64,1.19,92.08000183105467,1332.44
2021-08-04,22948.938611589212,17.97,68.19,1.19,92.2699966430664,1334.74
2021-08-05,22941.041523285156,17.28,69.1,1.23,92.23999786376952,1345.55
2021-08-06,22933.149868134387,16.15,68.26,1.31,92.8000030517578,1341.45
2021-08-09,22927.891780350797,16.72,66.56,1.33,92.9499969482422,1359.86
2021-08-10,22891.15256953187,16.79,68.33,1.36,93.05999755859376,1362.43
2021-08-11,22812.820805292573,16.06,69.3,1.35,92.91000366210938,1357.79
2021-08-12,22810.218978102188,15.59,69.12,1.36,93.04000091552734,1353.05
2021-08-13,22833.65681013814,15.45,68.36,1.29,92.5199966430664,1357.05
2021-08-16,22836.263987211692,16.12,67.44,1.26,92.62999725341795,1370.96
2021-08-17,22833.65681013814,17.91,66.5,1.26,93.12999725341795,1363.09
2021-08-18,22810.218978102188,21.57,65.36,1.27,93.13999938964844,1360.94
2021-08-19,22820.629849383844,21.67,63.69,1.24,93.56999969482422,1374.85
2021-08-20,22825.83884957772,18.56,62.25,1.26,93.5,1329.43
2021-08-23,22828.44424152494,17.15,65.65,1.25,92.95999908447266,1298.86
2021-08-24,22823.23405226521,17.22,67.5,1.29,92.88999938964844,1298.74
2021-08-25,22797.218739313805,16.79,68.54,1.35,92.83000183105467,1309.55
2021-08-26,22789.425706472197,18.84,67.42,1.34,93.05999755859376,1301.12
2021-08-27,22792.02279202279,16.39,68.84,1.31,92.69000244140624,1313.2
2021-08-30,22781.63799977218,16.19,69.28,1.29,92.6500015258789,1328.14
2021-08-31,22786.82921271505,16.48,68.43,1.3,92.62999725341795,1331.47
2021-09-01,22768.670309653917,16.11,68.63,1.31,92.4499969482422,1334.65
2021-09-02,22768.670309653917,16.41,70.07,1.29,92.2300033569336,1334.65
2021-09-03,22768.670309653917,16.41,69.34,1.33,92.04000091552734,1334.65
2021-09-07,22760.896779333103,18.14,68.49,1.38,92.5199966430664,1341.9
2021-09-08,22760.896779333103,17.96,69.36,1.35,92.6500015258789,1333.61
2021-09-09,22768.670309653917,18.8,68.26,1.3,92.4800033569336,1343.98
2021-09-10,22760.896779333103,20.95,69.82,1.35,92.58000183105467,1345.31
2021-09-13,22763.48736626451,19.37,70.54,1.33,92.62000274658205,1341.43
2021-09-14,22763.48736626451,19.46,70.53,1.28,92.6500015258789,1339.7
2021-09-15,22760.896779333103,18.18,72.59,1.31,92.48999786376952,1345.83
2021-09-16,22755.717373990217,18.69,72.69,1.34,92.86000061035156,1345.87
2021-09-17,22773.855613755408,20.81,72.09,1.37,93.1999969482422,1352.64
2021-09-20,22773.855613755408,25.71,70.41,1.31,93.23999786376952,1350.48
2021-09-21,22763.48736626451,24.36,70.51,1.33,93.1999969482422,1339.84
2021-09-22,22763.48736626451,20.87,72.37,1.32,93.45999908447266,1350.68
2021-09-23,22768.670309653917,18.63,73.43,1.41,93.0999984741211,1352.76
2021-09-24,22768.670309653917,17.75,74.18,1.47,93.33000183105467,1351.17
2021-09-27,22771.26266651486,18.76,75.54,1.48,93.37999725341795,1324.99
2021-09-28,22763.48736626451,23.25,75.44,1.54,93.7699966430664,1339.31
2021-09-29,22755.717373990217,22.56,75.06,1.55,94.33999633789062,1339.21
2021-09-30,22763.48736626451,23.14,75.22,1.52,94.25,1342.06
2021-10-01,22760.896779333103,21.15,76.01,1.48,94.04000091552734,1334.89
2021-10-04,22760.896779333103,22.96,77.68,1.49,93.80999755859376,1339.54
2021-10-05,22758.30678197542,21.3,79.17,1.54,93.9800033569336,1354.63
2021-10-06,22763.48736626451,21.0,77.66,1.53,94.2699966430664,1362.82
2021-10-07,22763.48736626451,19.54,78.46,1.58,94.22000122070312,1365.99
2021-10-08,22760.896779333103,18.77,79.55,1.61,94.06999969482422,1372.73
2021-10-11,22763.48736626451,20.0,80.64,1.61,94.31999969482422,1394.09
2021-10-12,22760.896779333103,19.85,80.75,1.59,94.5199966430664,1394.8
2021-10-13,22760.896779333103,18.64,80.67,1.56,94.08000183105467,1391.91
2021-10-14,22760.896779333103,16.86,81.43,1.52,93.95999908447266,1391.85
2021-10-15,22760.896779333103,16.3,82.39,1.59,93.94000244140624,1392.7
2021-10-18,22760.896779333103,16.31,82.62,1.59,93.9499969482422,1395.53
2021-10-19,22760.896779333103,15.7,83.19,1.65,93.79000091552734,1395.33
2021-10-20,22758.30678197542,15.49,84.4,1.65,93.55999755859376,1393.8
2021-10-21,22753.128555176336,15.01,82.64,1.68,93.7699966430664,1384.77
2021-10-22,22758.30678197542,15.43,84.53,1.66,93.61000061035156,1389.24
2021-10-25,22758.30678197542,15.24,84.64,1.64,93.80999755859376,1385.4
2021-10-26,22760.896779333103,15.98,85.64,1.63,93.9499969482422,1391.63
2021-10-27,22760.896779333103,16.98,82.66,1.54,93.86000061035156,1423.02
2021-10-28,22758.30678197542,16.53,82.78,1.57,93.3499984741211,1438.01
2021-10-29,22753.128555176336,16.26,83.5,1.55,94.12000274658205,1444.27
2021-11-01,22758.30678197542,16.41,84.08,1.58,93.87999725341795,1438.97
2021-11-02,22753.128555176336,16.03,83.91,1.56,94.08999633789062,1452.46
2021-11-03,22750.540325332728,15.1,80.82,1.6,93.86000061035156,1444.3
2021-11-04,22686.025408348454,15.44,78.88,1.53,94.3499984741211,1448.34
2021-11-05,22683.452421458544,16.48,81.25,1.45,94.31999969482422,1456.51
2021-11-08,22662.8895184136,17.22,81.96,1.51,94.0500030517578,1467.57
2021-11-09,22665.457842248416,17.78,84.12,1.46,93.95999908447266,1461.5
2021-11-10,22662.8895184136,18.73,81.23,1.56,94.8499984741211,1465.02
2021-11-11,22650.05662514156,17.66,81.47,1.56,95.18000030517578,1462.35
2021-11-12,22647.491790284224,16.29,80.87,1.58,95.12999725341795,1473.37
2021-11-15,22650.05662514156,16.49,80.85,1.63,95.41000366210938,1476.57
2021-11-16,22652.622041001247,16.37,80.76,1.63,95.91999816894533,1466.45
2021-11-17,22655.18803806071,17.11,78.32,1.6,95.83000183105467,1475.85
2021-11-18,22655.18803806071,17.59,78.92,1.59,95.54000091552734,1469.83
2021-11-19,22665.457842248416,17.91,76.11,1.54,96.06999969482422,1452.35
2021-11-22,22675.736961451246,19.17,76.74,1.63,96.5,1447.25
2021-11-23,22680.880018144704,19.38,78.32,1.67,96.48999786376952,1463.63
2021-11-24,22691.17313365101,18.58,78.32,1.64,96.83999633789062,1488.87
2021-11-26,22680.880018144704,28.62,78.32,1.48,96.08999633789062,1493.03
2021-11-29,22696.323195642308,22.96,69.88,1.52,96.33999633789062,1484.84
2021-11-30,22696.323195642308,27.19,66.14,1.43,95.98999786376952,1478.44
2021-12-01,22716.94684234439,31.12,65.44,1.43,96.0500030517578,1485.19
2021-12-02,22737.608003638015,27.95,66.6,1.44,96.12999725341795,1482.05
2021-12-03,22841.480127912288,30.67,66.39,1.35,96.12000274658205,1443.32
2021-12-06,23025.558369790466,27.18,69.62,1.43,96.29000091552734,1413.58
2021-12-07,23078.698361412415,21.89,71.94,1.48,96.37000274658205,1446.77
2021-12-08,22930.52052281587,19.9,72.43,1.52,95.88999938964844,1452.87
2021-12-09,22993.791676247412,21.58,70.87,1.49,96.2699966430664,1467.98
2021-12-10,23030.86135421465,18.69,71.71,1.48,96.0500030517578,1463.54
2021-12-13,22983.222247759135,20.31,71.19,1.42,96.31999969482422,1476.21
2021-12-14,23012.311586698885,21.89,70.57,1.44,96.56999969482422,1476.02
2021-12-15,23036.1667818475,19.29,70.89,1.47,96.51000213623048,1475.5
2021-12-16,22996.43555248936,20.57,72.34,1.44,96.04000091552734,1476.61
2021-12-17,22985.863693828294,21.57,70.93,1.41,96.56999969482422,1479.79
2021-12-20,22933.149868134387,22.87,68.69,1.43,96.5500030517578,1477.33
2021-12-21,22938.410368161487,21.01,71.1,1.48,96.48999786376952,1478.74
2021-12-22,22962.11251435132,18.63,72.82,1.46,96.08000183105467,1477.67
2021-12-23,22954.20635831516,17.96,73.89,1.5,96.0199966430664,1456.96
2021-12-27,22820.629849383844,17.68,75.49,1.48,96.08999633789062,1488.88
2021-12-28,22841.480127912288,17.54,76.01,1.49,96.1999969482422,1494.39
2021-12-29,22823.23405226521,16.95,76.58,1.55,95.93000030517578,1485.82
2021-12-30,22773.855613755408,17.33,76.83,1.52,95.97000122070312,1485.97
2021-12-31,22857.14285714286,17.22,75.33,1.52,95.66999816894533,1498.28
2022-01-03,22857.14285714286,16.6,75.99,1.63,96.23999786376952,1498.28
2022-01-04,22755.717373990217,16.91,77.0,1.66,96.29000091552734,1525.58
2022-01-05,22763.48736626451,19.73,77.83,1.71,96.19000244140624,1522.5
2022-01-06,22753.128555176336,19.61,79.47,1.73,96.25,1528.57
2022-01-07,22691.17313365101,18.76,79.0,1.76,95.73999786376952,1528.48
2022-01-10,22701.475595913733,19.4,78.11,1.78,95.98999786376952,1503.71
2022-01-11,22704.0526734022,18.41,81.17,1.75,95.62000274658205,1492.31
2022-01-12,22704.0526734022,17.62,82.51,1.74,95.0,1510.51
2022-01-13,22716.94684234439,20.31,81.97,1.7,94.79000091552734,1496.05
2022-01-14,22716.94684234439,19.19,83.82,1.78,95.16999816894533,1496.02
2022-01-18,22763.48736626451,22.79,85.42,1.87,95.7300033569336,1438.94
2022-01-19,22706.63033605813,23.85,86.84,1.83,95.51000213623048,1442.79
2022-01-20,22652.622041001247,25.59,86.29,1.83,95.73999786376952,1465.3
2022-01-21,22634.676324128563,28.85,85.16,1.75,95.63999938964844,1472.89
2022-01-24,22686.025408348454,29.9,84.48,1.75,95.91999816894533,1439.71
2022-01-25,22639.800769753227,31.16,86.61,1.78,95.9499969482422,1479.58
2022-01-26,22639.800769753227,31.96,88.33,1.85,96.48999786376952,1481.58
2022-01-27,22642.363862787275,30.49,87.61,1.81,97.26000213623048,1470.76
2022-01-28,22652.622041001247,27.66,87.67,1.78,97.2699966430664,1478.96
2022-01-31,22652.622041001247,24.83,89.16,1.79,96.54000091552734,1478.96
2022-02-01,22652.622041001247,21.96,88.22,1.81,96.38999938964844,1478.96
2022-02-02,22652.622041001247,22.09,88.16,1.78,95.94000244140624,1478.96
2022-02-03,22652.622041001247,24.35,90.17,1.82,95.37999725341795,1478.96
2022-02-04,22652.622041001247,23.22,92.27,1.93,95.4800033569336,1478.96
2022-02-07,22668.026748271564,22.86,91.25,1.92,95.4000015258789,1497.66
2022-02-08,22722.108611679163,21.44,89.32,1.96,95.63999938964844,1500.99
2022-02-09,22691.17313365101,19.96,89.57,1.94,95.48999786376952,1505.38
2022-02-10,22683.452421458544,23.91,89.83,2.03,95.5500030517578,1506.79
2022-02-11,22688.598979013048,27.36,93.1,1.92,96.08000183105467,1501.71
2022-02-14,22732.439190725163,28.33,95.52,1.98,96.37000274658205,1471.96
2022-02-15,22758.30678197542,25.7,92.07,2.05,95.98999786376952,1492.75
2022-02-16,22758.30678197542,24.29,93.83,2.03,95.6999969482422,1492.1
2022-02-17,22794.62046956918,28.11,91.78,1.97,95.8000030517578,1507.99
2022-02-18,22831.0502283105,27.75,91.26,1.92,96.04000091552734,1504.84
2022-02-22,22820.629849383844,28.81,92.11,1.94,96.02999877929688,1503.47
2022-02-23,22828.44424152494,31.02,92.14,1.99,96.19000244140624,1512.3
2022-02-24,22844.08909194746,30.32,92.77,1.96,97.13999938964844,1494.85
2022-02-25,22831.0502283105,27.59,91.68,1.97,96.62000274658205,1498.89
2022-02-28,22810.218978102188,30.15,96.13,1.83,96.70999908447266,1490.13
2022-03-01,22818.026240730174,33.32,103.66,1.72,97.41000366210938,1498.78
2022-03-02,22846.69865204478,30.74,110.74,1.86,97.38999938964844,1485.52
2022-03-03,22838.87175973507,30.48,107.69,1.86,97.79000091552734,1505.0
2022-03-04,22841.480127912288,31.98,115.77,1.74,98.6500015258789,1505.33
2022-03-07,22851.919561243147,36.45,119.26,1.78,99.29000091552734,1499.05
2022-03-08,22849.308808408547,35.13,123.64,1.86,99.05999755859376,1473.71
2022-03-09,22838.87175973507,32.45,108.81,1.94,97.97000122070312,1473.74
2022-03-10,22841.480127912288,30.23,105.93,1.98,98.51000213623048,1479.08
2022-03-11,22880.677268047133,30.75,109.31,2.0,99.12000274658205,1466.54
2022-03-14,22904.260192395785,31.77,103.22,2.14,99.05999755859376,1446.25
2022-03-15,22888.532845044632,29.83,96.42,2.15,99.06999969482422,1452.74
2022-03-16,22883.29519450801,26.67,94.85,2.19,98.37999725341795,1459.33
2022-03-17,22870.21154945683,25.67,102.97,2.2,98.01000213623048,1461.34
2022-03-18,22867.5966155957,23.87,104.69,2.14,98.2300033569336,1469.1
2022-03-21,22864.98227963873,23.53,112.14,2.32,98.5,1494.95
2022-03-22,22875.443211712227,22.94,111.03,2.38,98.48999786376952,1503.78
2022-03-23,22875.443211712227,23.57,114.89,2.32,98.62000274658205,1502.34
2022-03-24,22875.443211712227,21.67,114.2,2.34,98.79000091552734,1498.26
2022-03-25,22864.98227963873,20.81,116.2,2.48,98.80999755859376,1498.5
2022-03-28,22872.827081427266,19.63,107.55,2.46,99.08999633789062,1483.18
2022-03-29,22870.21154945683,18.9,104.25,2.41,98.4000015258789,1497.76
2022-03-30,22859.755400617218,19.33,107.81,2.35,97.79000091552734,1490.51
2022-03-31,22844.08909194746,20.56,100.53,2.32,98.30999755859376,1492.15
2022-04-01,22841.480127912288,19.63,99.32,2.39,98.62999725341795,1516.44
2022-04-04,22849.308808408547,18.57,103.29,2.42,98.98999786376952,1524.7
2022-04-05,22878.059940517043,21.03,101.98,2.54,99.47000122070312,1520.03
2022-04-06,22870.21154945683,22.1,96.39,2.61,99.5999984741211,1522.9
2022-04-07,22864.98227963873,21.55,96.05,2.66,99.75,1502.35
2022-04-08,22864.98227963873,21.16,98.35,2.72,99.8000030517578,1482.0
2022-04-11,22864.98227963873,24.37,94.22,2.79,99.93000030517578,1482.0
2022-04-12,22891.15256953187,24.26,100.52,2.72,100.29000091552734,1455.25
2022-04-13,22891.15256953187,21.82,104.26,2.7,99.87999725341795,1477.2
2022-04-14,22904.260192395785,22.7,106.84,2.83,100.31999969482422,1472.12
2022-04-18,22904.260192395785,22.17,108.24,2.85,100.77999877929688,1432.6
2022-04-19,22959.476523935256,21.37,102.54,2.93,100.95999908447266,1406.45
2022-04-20,22964.749110115972,20.32,102.56,2.85,100.38999938964844,1384.72
2022-04-21,22964.749110115972,22.68,103.89,2.9,100.58000183105467,1370.21
2022-04-22,22970.024118525325,28.21,102.86,2.9,101.22000122070312,1379.23
2022-04-25,22985.863693828294,27.02,99.6,2.81,101.75,1310.92
2022-04-26,22975.301550832857,33.52,102.62,2.77,102.3000030517578,1341.34
2022-04-27,22970.024118525325,31.6,101.96,2.82,102.9499969482422,1353.77
2022-04-28,22959.476523935256,29.99,105.47,2.85,103.62000274658205,1350.99
2022-04-29,22964.749110115972,33.4,104.59,2.89,102.95999908447266,1366.8
2022-05-02,22964.749110115972,32.34,105.18,2.99,103.73999786376952,1366.8
2022-05-03,22964.749110115972,29.25,102.53,2.97,103.47000122070312,1366.8
2022-05-04,22970.024118525325,25.42,107.84,2.93,102.58999633789062,1348.68
2022-05-05,22959.476523935256,31.2,108.17,3.05,103.75,1360.68
2022-05-06,22959.476523935256,30.19,109.72,3.12,103.66000366210938,1329.26
2022-05-09,22954.20635831516,34.75,103.08,3.05,103.6500015258789,1269.62
2022-05-10,22943.673282092463,32.99,99.74,2.99,103.91999816894533,1293.56
2022-05-11,23057.412958266083,32.56,105.5,2.91,103.8499984741211,1301.53
2022-05-12,23102.691463555504,31.77,106.15,2.84,104.8499984741211,1238.84
2022-05-13,23089.355806972988,28.87,110.52,2.93,104.55999755859376,1182.77
2022-05-16,23100.0231000231,27.47,114.07,2.88,104.19000244140624,1171.95
2022-05-17,23126.734505087883,26.1,112.31,2.98,103.36000061035156,1228.37
2022-05-18,23145.46927438954,30.96,109.67,2.89,103.80999755859376,1240.76
2022-05-19,23153.507756425097,29.35,112.21,2.84,102.72000122070312,1241.64
2022-05-20,23172.285946008575,29.43,112.63,2.78,103.1500015258789,1240.71
2022-05-23,23177.656738903697,28.48,110.32,2.86,102.08000183105467,1218.81
2022-05-24,23223.40919647004,29.45,112.55,2.76,101.86000061035156,1233.38
2022-05-25,23199.16483006612,28.37,112.88,2.75,102.05999755859376,1268.43
2022-05-26,23212.62766945218,27.5,116.19,2.75,101.83000183105467,1268.57
2022-05-27,23199.16483006612,25.72,114.96,2.74,101.66999816894533,1285.45
2022-05-31,23191.094619666048,26.19,114.38,2.85,101.75,1292.68
2022-06-01,23201.85614849188,25.69,115.26,2.94,102.5500030517578,1299.52
2022-06-02,23201.85614849188,24.72,116.88,2.92,101.7699966430664,1288.62
2022-06-03,23196.47413593134,24.79,118.97,2.96,102.13999938964844,1287.98
2022-06-06,23185.717597959658,25.07,118.41,3.04,102.44000244140624,1290.01
2022-06-07,23191.094619666048,24.02,119.55,2.98,102.31999969482422,1291.35
2022-06-08,23196.47413593134,23.96,121.94,3.03,102.54000091552734,1307.91
2022-06-09,23164.234422052352,26.09,121.52,3.04,103.22000122070312,1307.8
2022-06-10,23185.717597959658,27.75,120.73,3.15,104.1500015258789,1284.08
2022-06-13,23201.85614849188,34.02,120.92,3.43,105.08000183105467,1227.04
2022-06-14,23218.01718133271,32.69,118.92,3.49,105.5199966430664,1230.31
2022-06-15,23239.6002788752,29.62,115.32,3.33,105.16000366210938,1213.93
2022-06-16,23239.6002788752,32.95,117.56,3.28,103.62999725341795,1236.63
2022-06-17,23234.200743494424,31.13,109.56,3.25,104.6999969482422,1217.3
2022-06-21,23234.200743494424,30.19,110.49,3.31,104.44000244140624,1172.47
2022-06-22,23242.30098779779,28.95,106.22,3.16,104.1999969482422,1169.27
2022-06-23,23250.40688212044,29.05,105.75,3.09,104.43000030517578,1188.88
2022-06-24,23255.813953488378,27.23,109.07,3.13,104.19000244140624,1185.48
2022-06-27,23247.704289201443,26.95,111.44,3.2,103.94000244140624,1202.82
2022-06-28,23261.223540358224,28.36,113.66,3.2,104.51000213623048,1218.1
2022-06-29,23272.050267628576,28.16,111.65,3.1,105.11000061035156,1218.09
2022-06-30,23266.635644485807,28.71,107.76,2.98,104.69000244140624,1197.6
2022-07-01,23318.176518596247,26.7,110.3,2.88,105.13999938964844,1198.9
2022-07-05,23369.946249123623,27.54,101.55,2.82,106.5,1181.29
2022-07-06,23380.87444470423,26.73,100.31,2.93,107.0999984741211,1149.61
2022-07-07,23359.0282644242,26.08,104.62,3.01,107.12999725341795,1166.48
2022-07-08,23361.75680411167,24.64,106.78,3.09,107.01000213623048,1171.31
2022-07-11,23353.57309668379,26.17,106.09,2.99,108.0199966430664,1155.29
2022-07-12,23397.28591483388,27.29,97.69,2.96,108.06999969482422,1174.82
2022-07-13,23397.28591483388,26.82,98.44,2.91,107.95999908447266,1173.92
2022-07-14,23424.689622862497,26.4,97.79,2.96,108.54000091552734,1182.17
2022-07-15,23457.65892563922,24.23,99.59,2.93,108.05999755859376,1179.25
2022-07-18,23449.407902450464,25.3,104.48,2.96,107.37000274658205,1176.49
2022-07-19,23419.2037470726,24.5,106.12,3.01,106.68000030517578,1178.33
2022-07-20,23421.946363742827,23.88,104.45,3.04,107.08000183105467,1194.14
2022-07-21,23419.2037470726,23.11,98.44,2.91,106.91000366210938,1198.47
2022-07-22,23408.239700374532,23.03,97.71,2.77,106.7300033569336,1194.76
2022-07-25,23391.812865497075,23.36,99.83,2.81,106.4800033569336,1188.5
2022-07-26,23378.141437755698,24.69,97.74,2.81,107.19000244140624,1185.07
2022-07-27,23380.87444470423,23.24,100.03,2.78,106.4499969482422,1191.04
2022-07-28,23364.48598130841,22.33,99.11,2.68,106.3499984741211,1208.12
2022-07-29,23342.67040149393,21.33,101.31,2.67,105.9000015258789,1206.33
2022-08-01,23364.48598130841,22.84,96.59,2.6,105.4499969482422,1231.35
2022-08-02,23359.0282644242,23.93,97.14,2.75,106.23999786376952,1241.62
2022-08-03,23402.76152586005,21.95,93.25,2.73,106.51000213623048,1249.76
2022-08-04,23402.76152586005,21.44,91.29,2.68,105.69000244140624,1254.15
2022-08-05,23391.812865497075,21.15,91.77,2.83,106.62000274658205,1252.74
2022-08-08,23394.54907006667,21.29,93.52,2.77,106.44000244140624,1256.75
2022-08-09,23391.812865497075,21.77,93.18,2.8,106.37000274658205,1258.85
2022-08-10,23391.812865497075,19.74,94.68,2.78,105.1999969482422,1256.5
2022-08-11,23397.28591483388,20.2,97.02,2.87,105.08999633789062,1252.07
2022-08-12,23400.0234000234,19.53,94.86,2.84,105.62999725341795,1262.33
2022-08-15,23408.239700374532,19.95,92.24,2.79,106.5500030517578,1274.2
2022-08-16,23410.97974950252,19.69,89.23,2.82,106.5,1274.69
2022-08-17,23405.50029256875,19.9,90.85,2.89,106.56999969482422,1275.28
2022-08-18,23408.239700374532,19.56,93.2,2.88,107.4800033569336,1273.66
2022-08-19,23408.239700374532,20.6,93.55,2.98,108.16999816894533,1269.18
2022-08-22,23419.2037470726,23.8,93.42,3.03,109.0500030517578,1260.43
2022-08-23,23435.66908835247,24.11,96.46,3.05,108.62000274658205,1270.81
2022-08-24,23443.910444262103,22.82,95.52,3.11,108.68000030517578,1277.16
2022-08-25,23430.17806935333,21.78,93.33,3.03,108.47000122070312,1288.88
2022-08-26,23419.2037470726,25.56,93.63,3.04,108.8000030517578,1282.57
2022-08-29,23435.66908835247,26.21,97.4,3.12,108.83999633789062,1270.8
2022-08-30,23424.689622862497,26.21,92.08,3.11,108.7699966430664,1279.39
2022-08-31,23465.915757362432,25.87,90.09,3.15,108.6999969482422,1280.51
2022-09-01,23465.915757362432,25.56,87.09,3.26,109.69000244140624,1280.51
2022-09-02,23465.915757362432,25.47,87.29,3.2,109.52999877929688,1280.51
2022-09-06,23532.180256500764,26.91,87.35,3.33,110.20999908447266,1277.4
2022-09-07,23593.252329833667,24.64,82.5,3.27,109.83999633789062,1243.17
2022-09-08,23554.351666470386,23.61,84.04,3.29,109.70999908447266,1234.6
2022-09-09,23529.411764705885,22.79,87.27,3.33,109.0,1248.78
2022-09-12,23529.411764705885,23.87,88.18,3.37,108.33000183105467,1249.62
2022-09-13,23562.6767200754,27.27,87.84,3.42,109.81999969482422,1248.4
2022-09-14,23601.60490913382,26.16,88.88,3.41,109.66000366210938,1240.77
2022-09-15,23632.281696797825,26.27,85.72,3.45,109.73999786376952,1245.66
2022-09-16,23663.038334122102,26.3,85.57,3.45,109.76000213623048,1234.03
2022-09-19,23679.84844896993,25.76,86.15,3.49,109.73999786376952,1205.43
2022-09-20,23679.84844896993,27.16,84.69,3.57,110.22000122070312,1218.93
2022-09-21,23696.682464454974,27.99,83.38,3.51,110.63999938964844,1210.55
2022-09-22,23713.540431586436,27.35,84.02,3.7,111.3499984741211,1214.7
2022-09-23,23713.540431586436,29.92,79.07,3.69,113.19000244140624,1203.28
2022-09-26,23727.607070826907,32.26,77.17,3.88,114.0999984741211,1174.35
2022-09-27,23741.690408357073,32.6,78.91,3.97,114.11000061035156,1166.54
2022-09-28,23741.690408357073,30.18,82.61,3.72,112.5999984741211,1143.62
2022-09-29,23837.90226460071,31.84,81.78,3.76,112.25,1126.07
2022-09-30,23869.19680152763,31.62,79.91,3.83,112.12000274658205,1132.11
2022-10-03,23892.00812328276,30.1,84.05,3.67,111.75,1086.44
2022-10-04,23889.15432393693,29.07,86.87,3.62,110.06999969482422,1078.14
2022-10-05,23877.74594078319,28.55,88.22,3.76,111.06999969482422,1104.26
2022-10-06,23883.44877000239,30.52,88.9,3.83,112.26000213623048,1074.52
2022-10-07,23889.15432393693,31.36,93.07,3.89,112.8000030517578,1035.91
2022-10-10,23883.44877000239,32.45,91.6,3.89,113.13999938964844,1042.48
2022-10-11,23937.761819269897,33.63,89.75,3.93,113.22000122070312,1006.2
2022-10-12,23960.704444710675,33.57,87.83,3.91,113.31999969482422,1034.81
2022-10-13,24148.756339048537,31.94,89.59,3.97,112.36000061035156,1050.99
2022-10-14,24137.098720733768,32.02,86.1,4.0,113.30999755859376,1061.85
2022-10-17,24336.82161109759,31.37,86.0,4.02,112.04000091552734,1051.58
2022-10-18,24443.90124663896,30.5,83.29,4.01,112.12999725341795,1063.66
2022-10-19,24479.80416156671,30.76,86.0,4.14,112.9800033569336,1060.07
2022-10-20,24551.927326295114,29.98,86.02,4.24,112.87999725341795,1058.45
2022-10-21,24847.807181016276,29.69,85.47,4.21,112.01000213623048,1019.82
2022-10-24,24857.071836937608,29.85,86.12,4.25,111.98999786376952,986.15
2022-10-25,24860.161591050342,28.46,86.93,4.1,110.9499969482422,997.7
2022-10-26,24847.807181016276,27.28,89.39,4.04,109.6999969482422,993.36
2022-10-27,24841.634579555335,27.39,89.06,3.96,110.58999633789062,1028.01
2022-10-28,24835.46504408295,25.75,87.85,4.02,110.66999816894533,1027.36
2022-10-31,24853.982850751832,25.88,86.54,4.1,111.52999877929688,1027.94
2022-11-01,24866.343404202413,25.81,88.36,4.07,111.4800033569336,1033.75
2022-11-02,24847.807181016276,25.86,90.06,4.1,111.3499984741211,1023.19
2022-11-03,24869.43546381497,25.3,88.14,4.14,112.93000030517578,1019.81
2022-11-04,24878.716258241075,24.55,92.58,4.17,110.87999725341795,997.15
2022-11-07,24875.621890547263,24.35,91.8,4.22,110.12000274658205,975.19
2022-11-08,24875.621890547263,25.54,88.8,4.14,109.62000274658205,981.65
2022-11-09,24869.43546381497,26.09,85.79,4.12,110.5500030517578,985.59
2022-11-10,24872.52829250093,23.53,86.52,3.82,108.20999908447266,947.24
2022-11-11,24816.974810770567,22.52,89.14,3.82,106.29000091552734,954.53
2022-11-14,24749.412201460214,23.73,85.85,3.88,106.66000366210938,941.04
2022-11-15,24780.076818238136,24.54,86.87,3.8,106.4000015258789,911.9
2022-11-16,24786.218862312555,24.11,85.62,3.67,106.27999877929688,942.9
2022-11-17,24816.974810770567,23.93,81.69,3.77,106.69000244140624,969.26
2022-11-18,24810.817516437164,23.12,80.07,3.82,106.93000030517578,969.33
2022-11-21,24844.72049689441,22.36,79.74,3.83,107.83999633789062,960.65
2022-11-22,24853.982850751832,21.29,80.83,3.76,107.22000122070312,952.12
2022-11-23,24850.89463220676,20.35,77.93,3.71,106.08000183105467,946.0
2022-11-25,24773.937817416077,20.5,76.45,3.68,105.95999908447266,971.46
2022-11-28,24783.147459727385,22.21,77.1,3.69,106.68000030517578,1005.69
2022-11-29,24761.66893648632,21.89,77.96,3.75,106.81999969482422,1032.16
2022-11-30,24645.717806531116,20.58,80.48,3.68,105.9499969482422,1048.42
2022-12-01,24512.807942149775,19.84,81.06,3.53,104.7300033569336,1036.28
2022-12-02,24369.44072133545,19.06,79.86,3.51,104.5500030517578,1080.01
2022-12-05,23998.08015358771,20.75,76.83,3.6,105.29000091552734,1093.67
2022-12-06,24000.960038401536,22.17,74.21,3.51,105.58000183105467,1048.69
2022-12-07,23926.306974518484,22.68,71.93,3.42,105.0999984741211,1041.02
2022-12-08,23806.689679800023,22.29,71.3,3.48,104.7699966430664,1050.53
2022-12-09,23576.56489449487,22.83,71.05,3.57,104.80999755859376,1051.81
2022-12-12,23707.91844476055,25.0,72.96,3.61,105.12999725341795,1032.07
2022-12-13,23626.698168930892,22.55,75.44,3.51,103.9800033569336,1047.45
2022-12-14,23548.80489815142,21.14,77.14,3.49,103.7699966430664,1050.43
2022-12-15,23526.643924244207,22.83,75.89,3.44,104.55999755859376,1055.32
2022-12-16,23609.963404556725,22.62,74.19,3.48,104.6999969482422,1052.48
2022-12-19,23716.352424997032,22.42,75.05,3.57,104.72000122070312,1038.4
2022-12-20,23755.79047392802,21.48,75.92,3.69,103.97000122070312,1023.13
2022-12-21,23727.607070826907,20.07,78.17,3.68,104.16000366210938,1018.88
2022-12-22,23654.642223536368,21.97,77.68,3.67,104.43000030517578,1022.61
2022-12-23,23587.687227267368,20.87,79.57,3.75,104.30999755859376,1020.34
2022-12-27,23604.39041661749,21.65,79.45,3.84,104.18000030517578,1004.57
2022-12-28,23637.86786431864,22.14,78.89,3.88,104.45999908447266,1015.66
2022-12-29,23621.11727884729,21.44,78.43,3.83,103.83999633789062,1009.29
2022-12-30,23637.86786431864,21.67,80.16,3.88,103.5199966430664,1007.09
2023-01-03,23537.71919501,22.9,76.87,3.79,104.5199966430664,1043.9
2023-01-04,23526.643924244207,22.01,72.82,3.69,104.25,1046.35
2023-01-05,23487.96241926013,22.46,73.61,3.71,105.04000091552734,1055.82
2023-01-06,23474.17840375587,21.13,73.77,3.55,103.87999725341795,1051.44
2023-01-09,23454.907939486337,21.97,74.69,3.53,103.0,1054.21
2023-01-10,23452.157598499063,20.58,75.11,3.61,103.23999786376952,1053.35
2023-01-11,23446.658851113716,21.09,77.46,3.54,103.19000244140624,1055.76
2023-01-12,23446.658851113716,18.83,78.32,3.43,102.25,1056.39
2023-01-13,23441.16268166901,18.35,79.9,3.49,102.1999969482422,1060.17
2023-01-17,23435.66908835247,19.36,80.25,3.53,102.38999938964844,1088.29
2023-01-18,23446.658851113716,20.34,79.53,3.37,102.36000061035156,1098.28
2023-01-19,23452.157598499063,20.52,80.31,3.39,102.05999755859376,1108.08
2023-01-20,23452.157598499063,19.85,81.27,3.48,102.01000213623048,1108.08
2023-01-23,23452.157598499063,19.81,81.62,3.52,102.13999938964844,1108.08
2023-01-24,23452.157598499063,19.2,79.86,3.46,101.91999816894533,1108.08
2023-01-25,23452.157598499063,19.08,79.78,3.46,101.63999938964844,1108.08
2023-01-26,23452.157598499063,18.73,80.64,3.49,101.83999633789062,1108.08
2023-01-27,23471.423541837812,18.51,79.73,3.52,101.93000030517578,1117.1
2023-01-30,23476.933912431035,19.94,77.97,3.55,102.27999877929688,1102.57
2023-01-31,23449.407902450464,19.4,78.95,3.52,102.0999984741211,1111.18
2023-02-01,23452.157598499063,17.87,76.34,3.39,101.22000122070312,1075.97
2023-02-02,23452.157598499063,18.73,75.87,3.4,101.75,1077.59
2023-02-03,23452.157598499063,18.33,73.4,3.53,102.91999816894533,1077.15
2023-02-06,23485.204321277593,19.43,74.11,3.63,103.62000274658205,1089.29
2023-02-07,23612.75088547816,18.66,77.17,3.67,103.43000030517578,1065.84
2023-02-08,23596.03586597451,19.63,78.47,3.63,103.41000366210938,1072.22
2023-02-09,23573.78595002357,20.71,78.04,3.67,103.22000122070312,1064.03
2023-02-10,23579.344494223064,20.53,79.74,3.74,103.62999725341795,1055.3
2023-02-13,23607.176581680833,20.34,80.14,3.72,103.3499984741211,1043.7
2023-02-14,23612.75088547816,18.91,79.08,3.77,103.2300033569336,1038.64
2023-02-15,23626.698168930892,18.23,78.57,3.81,103.91999816894533,1048.2
2023-02-16,23707.91844476055,20.17,78.45,3.86,103.86000061035156,1058.29
2023-02-17,23823.704586063133,20.02,76.31,3.82,103.86000061035156,1059.31
2023-02-21,23721.978412999644,22.87,76.28,3.95,104.18000030517578,1082.23
2023-02-22,23801.02344400809,22.29,73.95,3.93,104.58999633789062,1054.28
2023-02-23,23832.221163012393,21.14,75.26,3.88,104.5999984741211,1053.66
2023-02-24,23798.191337458353,21.67,76.19,3.95,105.20999908447266,1039.56
2023-02-27,23823.704586063133,20.95,75.57,3.92,104.66999816894533,1021.25
2023-02-28,23761.43519068552,20.7,76.88,3.92,104.87000274658205,1024.68
2023-03-01,23727.607070826907,20.58,77.57,4.01,104.4800033569336,1040.55
2023-03-02,23721.978412999644,19.59,78.05,4.08,105.02999877929688,1037.61
2023-03-03,23727.607070826907,18.49,79.62,3.97,104.5199966430664,1024.77
2023-03-06,23668.63905325444,18.61,80.39,3.98,104.3499984741211,1027.18
2023-03-07,23651.844843897823,19.59,77.45,3.97,105.62000274658205,1037.84
2023-03-08,23721.978412999644,19.11,76.56,3.98,105.66000366210938,1049.18
2023-03-09,23699.49046095509,22.61,75.6,3.93,105.30999755859376,1055.95
2023-03-10,23677.045104770925,24.8,76.55,3.7,104.58000183105467,1053.0
2023-03-13,23590.46945034206,26.52,74.68,3.55,103.5999984741211,1052.8
2023-03-14,23587.687227267368,23.73,71.18,3.64,103.5999984741211,1040.13
2023-03-15,23579.344494223064,26.14,67.38,3.51,104.6500015258789,1062.19
2023-03-16,23576.56489449487,22.99,68.15,3.56,104.41999816894533,1047.4
2023-03-17,23593.252329833667,25.51,66.61,3.39,103.70999908447266,1045.14
2023-03-20,23587.687227267368,24.15,67.56,3.47,103.27999877929688,1023.1
2023-03-21,23587.687227267368,21.38,69.4,3.59,103.26000213623048,1032.43
2023-03-22,23526.643924244207,22.26,70.71,3.48,102.3499984741211,1040.54
2023-03-23,23501.762632197417,22.61,69.77,3.38,102.52999877929688,1045.1
2023-03-24,23526.643924244207,21.74,69.22,3.38,103.12000274658205,1046.79
2023-03-27,23518.34430856068,20.6,72.87,3.53,102.86000061035156,1052.25
2023-03-28,23499.00129244507,19.97,73.12,3.55,102.43000030517578,1054.29
2023-03-29,23493.48055914484,19.12,72.95,3.57,102.63999938964844,1056.33
2023-03-30,23482.446870963955,19.02,74.32,3.55,102.13999938964844,1059.44
2023-03-31,23468.66932644919,18.7,75.68,3.48,102.51000213623048,1064.64
2023-04-03,23487.96241926013,18.55,80.4,3.43,102.08999633789062,1079.28
2023-04-04,23471.423541837812,19.0,80.7,3.35,101.58999633789062,1078.45
2023-04-05,23471.423541837812,19.08,80.69,3.3,101.8499984741211,1080.86
2023-04-06,23454.907939486337,18.4,80.7,3.3,101.81999969482422,1070.91
2023-04-10,23449.407902450464,18.97,79.79,3.41,102.58000183105467,1065.35
2023-04-11,23452.157598499063,19.1,81.54,3.43,102.1999969482422,1069.46
2023-04-12,23449.407902450464,19.09,83.26,3.41,101.5,1069.45
2023-04-13,23446.658851113716,17.8,82.16,3.45,101.01000213623048,1064.3
2023-04-14,23449.407902450464,17.07,82.58,3.52,101.5500030517578,1052.89
2023-04-17,23490.72116513977,16.95,80.93,3.6,102.0999984741211,1053.81
2023-04-18,23518.34430856068,16.83,80.85,3.58,101.75,1055.02
2023-04-19,23515.579071134627,16.46,79.18,3.6,101.97000122070312,1048.98
2023-04-20,23493.48055914484,17.17,77.27,3.54,101.83999633789062,1049.25
2023-04-21,23496.24060150376,16.77,77.86,3.57,101.81999969482422,1042.91
2023-04-24,23499.00129244507,16.89,78.64,3.52,101.3499984741211,1041.36
2023-04-25,23476.933912431035,18.76,77.05,3.4,101.86000061035156,1034.85
2023-04-26,23476.933912431035,18.84,74.33,3.43,101.47000122070312,1040.8
2023-04-27,23457.65892563922,17.03,74.77,3.53,101.5,1039.63
2023-04-28,23468.66932644919,15.78,76.78,3.44,101.66999816894533,1049.12
2023-05-01,23468.66932644919,16.08,75.65,3.59,102.1500015258789,1049.12
2023-05-02,23468.66932644919,17.78,71.71,3.44,101.95999908447266,1049.12
2023-05-03,23468.66932644919,18.34,68.62,3.38,101.33999633789062,1049.12
2023-05-04,23454.907939486337,20.09,68.52,3.37,101.4000015258789,1040.61
2023-05-05,23449.407902450464,17.19,71.32,3.44,101.20999908447266,1040.31
2023-05-08,23452.157598499063,16.98,73.13,3.52,101.37000274658205,1053.44
2023-05-09,23471.423541837812,17.71,73.68,3.53,101.63999938964844,1053.77
2023-05-10,23476.933912431035,16.94,72.53,3.43,101.4800033569336,1058.26
2023-05-11,23471.423541837812,16.93,70.81,3.39,102.05999755859376,1057.12
2023-05-12,23463.16283435007,17.03,70.02,3.46,102.68000030517578,1066.9
2023-05-15,23463.16283435007,17.12,71.07,3.5,102.43000030517578,1065.71
2023-05-16,23454.907939486337,17.99,70.85,3.54,102.55999755859376,1065.91
2023-05-17,23457.65892563922,16.87,72.78,3.57,102.87999725341795,1060.44
2023-05-18,23460.41055718475,16.05,71.82,3.65,103.58000183105467,1068.31
2023-05-19,23474.17840375587,16.81,71.57,3.7,103.1999969482422,1067.07
2023-05-22,23446.658851113716,17.21,71.81,3.72,103.1999969482422,1070.64
2023-05-23,23482.446870963955,18.53,72.87,3.7,103.48999786376952,1065.85
2023-05-24,23479.690068091106,20.03,74.37,3.73,103.88999938964844,1061.79
2023-05-25,23479.690068091106,19.14,71.68,3.83,104.20999908447266,1064.63
2023-05-26,23485.204321277593,17.95,72.35,3.8,104.20999908447266,1063.76
2023-05-30,23487.96241926013,17.46,69.45,3.69,104.16999816894533,1078.05
2023-05-31,23493.48055914484,17.94,68.11,3.64,104.31999969482422,1075.17
2023-06-01,23487.96241926013,15.65,70.09,3.61,103.55999755859376,1078.39
2023-06-02,23485.204321277593,14.6,71.76,3.69,104.0199966430664,1090.84
2023-06-05,23501.762632197417,14.73,72.14,3.69,104.0,1097.82
2023-06-06,23490.72116513977,13.96,71.71,3.7,104.12999725341795,1108.31
2023-06-07,23487.96241926013,13.94,72.52,3.79,104.0999984741211,1109.54
2023-06-08,23496.24060150376,13.65,71.28,3.73,103.33999633789062,1101.32
2023-06-09,23482.446870963955,13.83,70.16,3.75,103.55999755859376,1107.53
2023-06-12,23490.72116513977,15.01,67.08,3.73,103.62999725341795,1116.02
2023-06-13,23504.52462098954,14.61,69.39,3.84,103.33999633789062,1122.46
2023-06-14,23510.050546608676,13.88,68.22,3.83,103.01000213623048,1117.42
2023-06-15,23537.71919501,14.5,70.61,3.72,102.12000274658205,1116.97
2023-06-16,23532.180256500764,13.54,71.81,3.77,102.3000030517578,1115.22
2023-06-20,23532.180256500764,13.88,70.94,3.74,102.54000091552734,1111.72
2023-06-21,23512.81448389372,13.2,72.55,3.72,102.06999969482422,1118.46
2023-06-22,23529.411764705885,12.91,69.22,3.8,102.38999938964844,1125.3
2023-06-23,23529.411764705885,13.44,68.91,3.74,102.9000015258789,1129.38
2023-06-26,23543.26074161271,14.25,69.09,3.72,102.69000244140624,1132.03
2023-06-27,23532.180256500764,13.74,67.68,3.77,102.48999786376952,1134.33
2023-06-28,23565.453045834805,13.43,69.54,3.71,102.91000366210938,1138.35
2023-06-29,23576.56489449487,13.54,69.85,3.85,103.33999633789062,1125.39
2023-06-30,23587.687227267368,13.59,70.66,3.81,102.91000366210938,1120.18
2023-07-03,23713.540431586436,13.57,69.71,3.86,102.98999786376952,1125.5
2023-07-05,23758.612497030175,14.18,71.78,3.95,103.37000274658205,1134.62
2023-07-06,23721.978412999644,15.44,71.76,4.05,103.16999816894533,1126.22
2023-07-07,23651.844843897823,14.83,73.91,4.06,102.2699966430664,1138.07
2023-07-10,23654.642223536368,15.07,73.05,4.01,101.97000122070312,1149.02
2023-07-11,23702.29912301493,14.84,74.87,3.99,101.7300033569336,1151.77
2023-07-12,23674.242424242424,13.54,75.77,3.86,100.5199966430664,1154.2
2023-07-13,23677.045104770925,13.61,76.86,3.76,99.7699966430664,1165.42
2023-07-14,23646.252069047056,13.34,75.44,3.83,99.91000366210938,1168.4
2023-07-17,23643.456673365647,13.48,74.17,3.81,99.83999633789062,1173.13
2023-07-18,23643.456673365647,13.3,75.76,3.8,99.94000244140624,1174.09
2023-07-19,23643.456673365647,13.76,75.4,3.75,100.27999877929688,1172.98
2023-07-20,23657.44026496333,13.99,75.65,3.85,100.87999725341795,1172.81
2023-07-21,23660.238968413574,13.6,77.06,3.84,101.06999969482422,1185.9
2023-07-24,23677.045104770925,13.91,78.81,3.86,101.3499984741211,1190.72
2023-07-25,23668.63905325444,13.86,79.76,3.91,101.3499984741211,1195.9
2023-07-26,23677.045104770925,13.19,79.11,3.86,100.88999938964844,1200.84
2023-07-27,23668.63905325444,14.41,80.17,4.01,101.7699966430664,1197.33
2023-07-28,23696.682464454974,13.33,80.55,3.96,101.62000274658205,1207.67
2023-07-31,23691.06846718787,13.63,81.8,3.97,101.86000061035156,1222.9
2023-08-01,23693.87513327805,13.93,81.37,4.05,102.3000030517578,1217.56
2023-08-02,23738.87240356083,16.09,79.5,4.08,102.58999633789062,1220.43
2023-08-03,23764.25855513308,15.92,81.56,4.2,102.54000091552734,1210.95
2023-08-04,23738.87240356083,17.1,82.76,4.05,102.0199966430664,1225.98
2023-08-07,23733.23840037973,15.77,81.94,4.09,102.0500030517578,1241.42
2023-08-08,23741.690408357073,15.99,82.94,4.02,102.52999877929688,1242.23
2023-08-09,23747.32842555213,15.96,84.35,4.0,102.48999786376952,1233.99
2023-08-10,23750.148438427743,15.85,82.81,4.09,102.5199966430664,1220.61
2023-08-11,23764.25855513308,14.84,83.17,4.16,102.83999633789062,1232.21
2023-08-14,23826.542768644267,14.82,82.5,4.19,103.19000244140624,1236.84
2023-08-15,23977.940294928667,16.46,81.06,4.21,103.20999908447266,1234.05
2023-08-16,23949.227637408698,16.78,79.4,4.28,103.41999816894533,1243.26
2023-08-17,23869.19680152763,17.89,80.43,4.3,103.44000244140624,1233.48
2023-08-18,23823.704586063133,17.3,81.25,4.26,103.37999725341795,1177.99
2023-08-21,23820.867079561696,17.13,80.71,4.34,103.33000183105467,1179.76
2023-08-22,23937.761819269897,16.97,80.25,4.34,103.55999755859376,1180.49
2023-08-23,23998.08015358771,15.98,78.91,4.19,103.36000061035156,1172.56
2023-08-24,24012.48649297635,17.2,79.52,4.23,103.9800033569336,1189.39
2023-08-25,24035.57264751833,15.68,80.47,4.25,104.08000183105467,1183.37
2023-08-28,24099.28907097241,15.08,80.65,4.2,104.05999755859376,1201.72
2023-08-29,24192.5728801258,14.45,81.14,4.12,103.5500030517578,1204.43
2023-08-30,24134.18607457463,13.88,81.64,4.12,103.16000366210938,1213.16
2023-08-31,24087.67915211369,13.57,83.55,4.09,103.62000274658205,1224.05
2023-09-01,24087.67915211369,13.09,85.52,4.18,104.23999786376952,1224.05
2023-09-05,24067.38868832732,14.01,86.74,4.27,104.80999755859376,1234.98
2023-09-06,24061.59769008662,14.45,87.55,4.3,104.86000061035156,1245.5
2023-09-07,24073.18247472316,14.4,86.87,4.27,105.05999755859376,1243.14
2023-09-08,24058.703235895584,13.84,87.51,4.26,105.08999633789062,1241.48
2023-09-11,24087.67915211369,13.8,87.3,4.29,104.56999969482422,1223.63
2023-09-12,24116.72494875196,14.23,88.87,4.27,104.70999908447266,1245.44
2023-09-13,24169.18429003021,13.48,88.59,4.25,104.7699966430664,1238.39
2023-09-14,24233.61201987156,12.82,90.13,4.29,105.41000366210938,1223.81
2023-09-15,24268.89940541196,13.79,90.83,4.33,105.31999969482422,1227.36
2023-09-18,24387.269845140836,14.0,91.47,4.32,105.1999969482422,1211.81
2023-09-19,24387.269845140836,14.11,91.16,4.37,105.1999969482422,1211.5
2023-09-20,24292.481476982874,15.14,89.2,4.35,105.16000366210938,1226.11
2023-09-21,24327.940639824836,17.54,89.56,4.49,105.36000061035156,1212.74
2023-09-22,24375.38086532602,17.2,90.0,4.44,105.58000183105467,1193.05
2023-09-25,24399.17042820544,16.9,89.68,4.55,106.0,1153.2
2023-09-26,24387.269845140836,18.94,91.43,4.56,106.2300033569336,1137.96
2023-09-27,24405.125076266017,18.22,93.67,4.61,106.66999816894533,1153.85
2023-09-28,24405.125076266017,17.34,91.65,4.59,106.22000122070312,1152.43
2023-09-29,24307.243558580456,17.52,90.77,4.59,106.16999816894533,1154.15
2023-10-02,24357.56911460236,17.61,88.81,4.69,106.9000015258789,1155.25
2023-10-03,24399.17042820544,19.78,89.26,4.81,107.0,1118.1
2023-10-04,24437.927663734114,18.58,84.32,4.73,106.8000030517578,1128.67
2023-10-05,24402.14738897023,18.49,82.3,4.72,106.33000183105467,1113.89
2023-10-06,24387.269845140836,17.45,82.83,4.78,106.04000091552734,1128.54
2023-10-09,24387.269845140836,17.7,82.83,4.78,106.08000183105467,1137.36
2023-10-10,24405.125076266017,17.03,85.89,4.66,105.83000183105467,1143.69
2023-10-11,24452.86709866732,16.09,83.7,4.58,105.81999969482422,1150.81
2023-10-12,24446.889133357778,16.69,82.87,4.7,106.56999969482422,1151.61
2023-10-13,24458.847988259753,19.32,87.67,4.63,106.6500015258789,1154.73
2023-10-16,24476.80822420756,17.21,86.65,4.71,106.23999786376952,1141.42
2023-10-17,24503.79808870375,17.88,86.66,4.83,106.25,1121.65
2023-10-18,24573.04337142155,19.22,88.35,4.91,106.56999969482422,1103.4
2023-10-19,24567.006510256724,21.4,89.35,4.98,106.25,1087.85
2023-10-20,24542.888697999755,21.71,89.12,4.93,106.16000366210938,1108.03
2023-10-23,24603.272235207285,20.37,85.49,4.86,105.54000091552734,1093.53
2023-10-24,24560.972614515533,18.97,84.58,4.83,106.2699966430664,1105.9
2023-10-25,24579.083200196634,20.19,86.07,4.95,106.52999877929688,1101.66
2023-10-26,24609.32693490833,20.68,83.8,4.86,106.5999984741211,1055.45
2023-10-27,24582.104228121927,21.27,86.04,4.84,106.55999755859376,1060.62
2023-10-30,24573.04337142155,19.75,83.03,4.88,106.12000274658205,1042.4
2023-10-31,24570.024570024572,18.14,81.64,4.88,106.66000366210938,1028.19
2023-11-01,24594.195769798327,16.87,81.05,4.77,106.87999725341795,1039.66
2023-11-02,24579.083200196634,15.66,83.04,4.67,106.12000274658205,1075.47
2023-11-03,24536.8666421298,14.91,81.19,4.57,105.0199966430664,1076.78
2023-11-06,24348.67299732165,14.89,81.54,4.67,105.22000122070312,1089.66
2023-11-07,24327.940639824836,14.81,77.96,4.58,105.54000091552734,1080.29
2023-11-08,24381.32390588809,14.45,75.85,4.49,105.58999633789062,1113.43
2023-11-09,24351.637647631804,15.29,76.34,4.62,105.91000366210938,1113.89
2023-11-10,24327.940639824836,14.17,76.34,4.61,105.86000061035156,1101.68
2023-11-13,24387.269845140836,14.76,78.86,4.63,105.66000366210938,1100.07
2023-11-14,24375.38086532602,14.16,78.9,4.44,104.11000061035156,1109.73
2023-11-15,24301.336573511544,14.18,77.15,4.53,104.38999938964844,1122.5
2023-11-16,24292.481476982874,14.32,73.5,4.45,104.37000274658205,1125.53
2023-11-17,24268.89940541196,13.8,76.47,4.44,103.81999969482422,1101.19
2023-11-20,24183.79685610641,13.41,78.1,4.42,103.47000122070312,1103.66
2023-11-21,24142.926122646066,13.35,78.35,4.41,103.58999633789062,1110.46
2023-11-22,24218.939210462584,12.85,76.8,4.42,103.91999816894533,1113.82
2023-11-24,24277.737314882255,12.46,74.83,4.47,103.4000015258789,1095.61
2023-11-27,24242.424242424244,12.69,74.46,4.39,103.1999969482422,1088.06
2023-11-28,24242.424242424244,12.69,76.09,4.34,102.75,1095.43
2023-11-29,24271.844660194176,12.98,77.56,4.27,102.7699966430664,1102.8
2023-11-30,24263.011039670026,12.92,75.66,4.37,103.5,1094.13
2023-12-01,24304.28970713331,12.63,73.7,4.22,103.2699966430664,1102.16
2023-12-04,24257.12553062462,13.08,72.73,4.28,103.63999938964844,1120.49
2023-12-05,24274.790629930816,12.85,71.95,4.18,104.0500030517578,1115.97
2023-12-06,24283.632831471587,12.97,68.98,4.12,104.1500015258789,1126.43
2023-12-07,24286.581663630845,13.06,69.0,4.14,103.54000091552734,1121.49
2023-12-08,24233.61201987156,12.35,70.87,4.23,104.01000213623048,1124.44
2023-12-11,24260.0679281902,12.63,70.95,4.23,104.0999984741211,1125.5
2023-12-12,24271.844660194176,12.07,68.27,4.2,103.87000274658205,1127.63
2023-12-13,24283.632831471587,12.19,69.09,4.04,102.87000274658205,1114.2
2023-12-14,24254.183846713557,12.48,71.21,3.92,101.95999908447266,1110.13
2023-12-15,24277.737314882255,12.28,71.05,3.91,102.5500030517578,1102.3
2023-12-18,24363.50347179925,12.56,72.16,3.95,102.51000213623048,1091.88
2023-12-19,24360.535931790502,12.53,73.23,3.93,102.16999816894533,1096.3
2023-12-20,24348.67299732165,13.67,73.87,3.86,102.41000366210938,1100.76
2023-12-21,24333.86056697895,13.65,73.59,3.89,101.83999633789062,1102.43
2023-12-22,24251.242876197404,13.03,73.29,3.9,101.6999969482422,1103.06
2023-12-26,24339.783375927953,12.99,75.84,3.89,101.47000122070312,1122.25
2023-12-27,24363.50347179925,12.43,74.31,3.79,100.98999786376952,1121.99
2023-12-28,24251.242876197404,12.47,72.02,3.84,101.2300033569336,1128.93
2023-12-29,24271.844660194176,12.45,71.89,3.88,101.33000183105467,1129.93
2024-01-02,24339.783375927953,13.2,70.62,3.95,102.1999969482422,1131.72
2024-01-03,24387.269845140836,14.04,72.97,3.91,102.45999908447266,1144.17
2024-01-04,24372.410431391665,14.13,72.38,3.99,102.41999816894533,1150.72
2024-01-05,24381.32390588809,13.35,74.0,4.05,102.41000366210938,1154.68
2024-01-08,24345.70906877663,13.08,71.06,4.01,102.20999908447266,1160.19
2024-01-09,24372.410431391665,12.76,72.43,4.02,102.56999969482422,1158.59
2024-01-10,24423.006472096717,12.69,71.57,4.04,102.36000061035156,1161.54
2024-01-11,24494.79485609308,12.44,72.15,3.98,102.29000091552734,1162.22
2024-01-12,24506.800637176813,12.7,72.94,3.96,102.4000015258789,1154.7
2024-01-16,24524.83139178418,13.84,72.63,4.07,103.36000061035156,1163.12
2024-01-17,24542.888697999755,14.79,72.79,4.1,103.4499969482422,1162.53
2024-01-18,24560.972614515533,14.13,74.32,4.14,103.54000091552734,1169.06
2024-01-19,24554.941682013505,13.3,73.69,4.15,103.29000091552734,1181.5
2024-01-22,24567.006510256724,13.19,75.26,4.11,103.33000183105467,1182.86
2024-01-23,24579.083200196634,12.55,74.72,4.14,103.62000274658205,1177.5
2024-01-24,24612.35540241201,13.14,75.48,4.18,103.23999786376952,1172.97
2024-01-25,24615.384615384617,13.45,77.91,4.14,103.56999969482422,1170.37
2024-01-26,24609.32693490833,13.26,78.45,4.15,103.47000122070312,1175.67
2024-01-29,24542.888697999755,13.6,77.25,4.08,103.61000061035156,1175.69
2024-01-30,24411.082631514702,13.31,78.3,4.06,103.4000015258789,1179.65
2024-01-31,24428.97276169537,14.35,76.28,3.99,103.2699966430664,1164.31
2024-02-01,24411.082631514702,13.88,74.36,3.87,103.0500030517578,1173.02
2024-02-02,24351.637647631804,13.85,72.72,4.03,103.91999816894533,1172.55
2024-02-05,24384.296513045596,13.67,73.21,4.17,104.4499969482422,1186.06
2024-02-06,24375.38086532602,13.06,73.83,4.09,104.18000030517578,1188.48
2024-02-07,24428.97276169537,12.83,74.26,4.09,104.04000091552734,1198.53
2024-02-08,24428.97276169537,12.79,76.67,4.15,104.1500015258789,1198.53
2024-02-09,24428.97276169537,12.93,77.26,4.17,104.08000183105467,1198.53
2024-02-12,24428.97276169537,13.93,77.34,4.17,104.16999816894533,1198.53
2024-02-13,24428.97276169537,15.85,78.28,4.31,104.95999908447266,1198.53
2024-02-14,24428.97276169537,14.38,77.09,4.27,104.72000122070312,1198.53
2024-02-15,24467.824810374357,14.01,78.47,4.24,104.3000030517578,1202.5
2024-02-16,24533.85672227674,14.24,79.65,4.3,104.27999877929688,1209.7
2024-02-20,24536.8666421298,15.42,78.72,4.27,104.08000183105467,1230.06
2024-02-21,24536.8666421298,15.34,78.89,4.32,104.01000213623048,1230.04
2024-02-22,24606.299212598427,14.54,79.64,4.33,103.95999908447266,1227.31
2024-02-23,24642.68112370626,13.75,77.6,4.26,103.94000244140624,1212.0
2024-02-26,24673.08166790032,13.74,78.53,4.28,103.83000183105467,1224.17
2024-02-27,24639.645189109277,13.43,79.8,4.31,103.83000183105467,1237.46
2024-02-28,24633.575563493043,13.84,79.44,4.27,103.9800033569336,1254.55
2024-02-29,24651.793417971156,13.4,79.22,4.25,104.16000366210938,1252.73
2024-03-01,24657.872025644185,13.11,80.9,4.19,103.86000061035156,1258.28
2024-03-04,24688.310085174668,13.49,79.67,4.22,103.83000183105467,1261.41
2024-03-05,24703.557312252964,14.46,79.11,4.13,103.8000030517578,1269.98
2024-03-06,24682.21646303838,14.5,80.08,4.11,103.37000274658205,1262.73
2024-03-07,24694.406716878628,14.44,79.81,4.09,102.81999969482422,1268.46
2024-03-08,24657.872025644185,14.74,78.96,4.09,102.73999786376952,1247.35
2024-03-11,24648.75523786049,15.22,78.87,4.1,102.87000274658205,1235.49
2024-03-12,24654.83234714004,13.84,78.51,4.16,102.95999908447266,1245.0
2024-03-13,24682.21646303838,13.75,80.67,4.19,102.79000091552734,1270.51
2024-03-14,24703.557312252964,14.4,82.16,4.29,103.36000061035156,1264.26
2024-03-15,24724.93509704537,14.41,81.94,4.31,103.43000030517578,1263.78
2024-03-18,24727.992087042538,14.33,83.68,4.34,103.58000183105467,1243.56
2024-03-19,24752.47524752475,13.82,84.39,4.3,103.80999755859376,1242.46
2024-03-20,24792.363951902815,13.04,82.79,4.27,103.41000366210938,1260.08
2024-03-21,24792.363951902815,12.92,81.99,4.27,104.0,1276.42
2024-03-22,24773.937817416077,13.06,81.1,4.22,104.43000030517578,1281.8
2024-03-25,24752.47524752475,13.19,82.41,4.25,104.2300033569336,1267.86
2024-03-26,24783.147459727385,13.24,82.41,4.24,104.29000091552734,1282.21
2024-03-27,24798.512089274645,12.78,82.15,4.2,104.3499984741211,1283.09
2024-03-28,24798.512089274645,13.01,83.96,4.2,104.5500030517578,1290.18
2024-04-01,24807.740014884643,13.65,84.54,4.33,105.0199966430664,1281.52
2024-04-02,24915.908807773765,14.61,85.95,4.36,104.81999969482422,1287.04
2024-04-03,25012.506253126565,14.33,86.22,4.36,104.25,1271.47
2024-04-04,24953.212726138492,16.35,87.37,4.31,104.12000274658205,1268.25
2024-04-05,24965.672200724,16.03,87.69,4.39,104.3000030517578,1255.11
2024-04-08,24965.672200724,15.19,87.24,4.42,104.13999938964844,1250.35
2024-04-09,24959.440908523648,14.98,86.04,4.36,104.1500015258789,1262.82
2024-04-10,24946.987651241114,15.8,86.98,4.55,105.25,1258.56
2024-04-11,24990.628514307133,14.91,85.79,4.56,105.27999877929688,1258.2
2024-04-12,25028.15667626079,17.31,86.46,4.5,106.04000091552734,1276.6
2024-04-15,25198.437696862795,19.23,86.21,4.63,106.20999908447266,1216.61
2024-04-16,25294.043252813965,18.4,86.15,4.67,106.26000213623048,1215.68
2024-04-17,25406.50406504065,18.21,83.58,4.59,105.9499969482422,1193.01
2024-04-18,25406.50406504065,18.0,83.5,4.64,106.1500015258789,1193.01
2024-04-19,25448.53034737244,18.71,83.79,4.62,106.1500015258789,1174.85
2024-04-22,25464.73134708429,16.94,83.82,4.62,106.08000183105467,1190.22
2024-04-23,25448.53034737244,15.69,84.17,4.61,105.69000244140624,1177.4
2024-04-24,25422.65158256006,15.97,84.09,4.65,105.86000061035156,1205.61
2024-04-25,25364.61636017755,15.37,84.92,4.7,105.5999984741211,1204.97
2024-04-26,25348.542458808617,15.03,85.38,4.67,105.94000244140624,1209.52
2024-04-29,25348.542458808617,14.67,84.26,4.63,105.58000183105467,1209.52
2024-04-30,25348.542458808617,15.65,83.49,4.69,106.22000122070312,1209.52
2024-05-01,25348.542458808617,15.39,80.7,4.63,105.76000213623048,1209.52
2024-05-02,25409.731927328165,14.68,80.59,4.58,105.3000030517578,1216.36
2024-05-03,25416.19011310205,13.49,79.65,4.5,105.02999877929688,1221.03
2024-05-06,25383.931971062317,13.49,80.1,4.49,105.0500030517578,1241.58
2024-05-07,25412.960609911053,13.23,79.97,4.47,105.41000366210938,1248.63
2024-05-08,25435.584382551187,13.0,80.57,4.48,105.5500030517578,1250.46
2024-05-09,25451.768897938404,12.69,80.86,4.45,105.2300033569336,1248.64
2024-05-10,25458.248472505093,12.55,79.81,4.5,105.30999755859376,1244.7
2024-05-13,25458.248472505093,13.6,80.71,4.48,105.22000122070312,1240.18
2024-05-14,25461.489497135582,13.42,79.62,4.45,105.01000213623048,1243.28
2024-05-15,25455.00827287769,12.45,80.23,4.36,104.3499984741211,1254.39
2024-05-16,25445.29262086514,12.42,80.85,4.38,104.45999908447266,1268.78
2024-05-17,25451.768897938404,11.99,81.66,4.42,104.4499969482422,1273.11
2024-05-20,25458.248472505093,12.15,81.39,4.44,104.56999969482422,1277.58
2024-05-21,25464.73134708429,11.86,80.66,4.41,104.66000366210938,1277.14
2024-05-22,25467.974022666494,12.29,79.15,4.43,104.94000244140624,1266.91
2024-05-23,25471.217524197655,12.77,77.47,4.47,105.11000061035156,1281.03
2024-05-24,25474.461851993376,11.93,78.48,4.46,104.72000122070312,1261.93
2024-05-28,25455.00827287769,12.92,80.9,4.54,104.61000061035156,1281.73
2024-05-29,25461.489497135582,14.28,80.24,4.61,105.0999984741211,1272.64
2024-05-30,25461.489497135582,14.47,78.96,4.55,104.72000122070312,1266.32
2024-05-31,25455.00827287769,12.92,77.97,4.51,104.66999816894533,1261.72
2024-06-03,25438.81963876876,13.11,75.26,4.41,104.13999938964844,1280.0
2024-06-04,25419.42043721403,13.16,74.27,4.33,104.11000061035156,1283.52
2024-06-05,25425.883549453345,12.63,75.08,4.29,104.2699966430664,1284.35
2024-06-06,25432.3499491353,12.58,76.52,4.28,104.0999984741211,1283.56
2024-06-07,25412.960609911053,12.22,76.53,4.43,104.88999938964844,1287.58
2024-06-10,25425.883549453345,12.74,78.75,4.47,105.1500015258789,1290.67
2024-06-11,25445.29262086514,12.85,78.88,4.39,105.2300033569336,1284.41
2024-06-12,25445.29262086514,12.04,79.56,4.31,104.6500015258789,1300.19
2024-06-13,25445.29262086514,11.94,79.61,4.24,105.1999969482422,1301.51
2024-06-14,25458.248472505093,12.66,79.41,4.2,105.5500030517578,1279.91
2024-06-17,25458.248472505093,12.75,81.33,4.28,105.31999969482422,1274.77
2024-06-18,25455.00827287769,12.3,82.67,4.22,105.26000213623048,1279.5
2024-06-20,25458.248472505093,13.28,83.34,4.25,105.58999633789062,1282.3
2024-06-21,25461.489497135582,13.2,81.71,4.25,105.8000030517578,1282.02
2024-06-24,25461.489497135582,13.33,82.63,4.25,105.47000122070312,1254.12
2024-06-25,25464.73134708429,12.84,81.97,4.23,105.61000061035156,1256.56
2024-06-26,25471.217524197655,12.55,82.19,4.32,106.0500030517578,1261.24
2024-06-27,25461.489497135582,12.24,83.04,4.29,105.91000366210938,1259.09
2024-06-28,25458.248472505093,12.44,82.83,4.36,105.87000274658205,1245.32
2024-07-01,25458.248472505093,12.22,84.7,4.48,105.9000015258789,1254.56
2024-07-02,25458.248472505093,12.03,84.09,4.43,105.72000122070312,1269.79
2024-07-03,25458.248472505093,12.09,85.19,4.36,105.4000015258789,1276.85
2024-07-05,25419.42043721403,12.48,84.44,4.28,104.87999725341795,1283.04
2024-07-08,25422.65158256006,12.37,83.63,4.28,105.01000213623048,1283.56
2024-07-09,25422.65158256006,12.51,82.78,4.3,105.12000274658205,1293.71
2024-07-10,25422.65158256006,12.85,83.39,4.28,105.0500030517578,1285.94
2024-07-11,25432.3499491353,12.92,83.92,4.2,104.44000244140624,1283.8
2024-07-12,25419.42043721403,12.46,83.49,4.18,104.08999633789062,1280.75
2024-07-15,25371.051630090067,13.12,83.22,4.23,104.19000244140624,1279.82
2024-07-16,25383.931971062317,13.19,81.92,4.17,104.2699966430664,1281.18
2024-07-17,25326.073192351527,14.48,84.16,4.16,103.75,1268.66
2024-07-18,25319.660716546397,15.93,84.17,4.2,104.16999816894533,1274.44
2024-07-19,25326.073192351527,16.52,81.43,4.25,104.4000015258789,1264.78
2024-07-22,25338.90789306981,14.91,81.25,4.26,104.30999755859376,1254.64
2024-07-23,25371.051630090067,14.72,78.24,4.25,104.4499969482422,1231.81
2024-07-24,25364.61636017755,18.04,78.78,4.28,104.38999938964844,1238.47
2024-07-25,25300.44275774826,18.46,79.43,4.27,104.36000061035156,1233.19
2024-07-26,25319.660716546397,16.39,78.58,4.2,104.31999969482422,1242.11
2024-07-29,25287.646984448096,16.6,77.27,4.17,104.55999755859376,1246.6
2024-07-30,25287.646984448096,17.69,76.17,4.15,104.5500030517578,1245.06
2024-07-31,25252.52525252525,16.36,79.36,4.09,104.0999984741211,1251.51
2024-08-01,25230.22581052101,18.59,77.74,3.99,104.41999816894533,1226.96
2024-08-02,25220.68095838587,23.39,74.99,3.8,103.20999908447266,1236.6
2024-08-05,25100.401606425705,38.57,74.46,3.78,102.69000244140624,1188.07
2024-08-06,25141.4204902577,27.71,74.6,3.9,102.97000122070312,1210.28
2024-08-07,25166.729583490625,27.85,76.68,3.96,103.1999969482422,1215.88
2024-08-08,25147.742990066643,23.79,77.64,3.99,103.20999908447266,1208.32
2024-08-09,25109.855618330195,20.37,78.28,3.94,103.13999938964844,1223.64
2024-08-12,25135.101168782207,20.71,81.45,3.9,103.13999938964844,1230.28
2024-08-13,25128.785023244123,18.12,79.81,3.85,102.55999755859376,1230.42
2024-08-14,25037.55633450175,16.19,78.47,3.83,102.56999969482422,1230.36
2024-08-15,25046.963055729495,15.23,79.66,3.92,102.9800033569336,1223.56
2024-08-16,25062.656641604008,14.8,78.05,3.89,102.45999908447266,1252.23
2024-08-19,24975.024975024975,14.65,75.82,3.86,101.88999938964844,1261.62
2024-08-20,24928.33104823632,15.88,75.27,3.82,101.44000244140624,1272.55
2024-08-21,24940.765681506426,16.27,72.76,3.79,101.04000091552734,1284.05
2024-08-22,24975.024975024975,17.55,73.72,3.86,101.51000213623048,1282.78
2024-08-23,24981.26405196103,15.86,75.82,3.81,100.72000122070312,1285.32
2024-08-26,24875.621890547263,16.15,78.4,3.82,100.8499984741211,1280.02
2024-08-27,24832.381425378695,15.43,76.5,3.83,100.5500030517578,1280.56
2024-08-28,24866.343404202413,17.11,75.49,3.84,101.08999633789062,1281.44
2024-08-29,24884.907303720294,15.65,76.9,3.87,101.33999633789062,1281.47
2024-08-30,24878.716258241075,15.0,74.52,3.91,101.6999969482422,1283.87
2024-09-03,24878.716258241075,20.72,71.28,3.84,101.83000183105467,1283.87
2024-09-04,24866.343404202413,21.32,70.11,3.77,101.36000061035156,1275.8
2024-09-05,24743.288383026105,19.9,70.09,3.73,101.11000061035156,1268.21
2024-09-06,24615.384615384617,22.38,68.58,3.72,101.18000030517578,1273.96
2024-09-09,24700.50636038039,19.45,69.65,3.7,101.5500030517578,1267.73
2024-09-10,24673.08166790032,19.08,66.73,3.65,101.62999725341795,1255.23
2024-09-11,24567.006510256724,17.69,68.25,3.65,101.68000030517578,1253.27
2024-09-12,24588.148512417018,17.07,69.89,3.68,101.37000274658205,1256.35
2024-09-13,24548.913710568308,16.56,69.59,3.66,101.11000061035156,1251.71
2024-09-16,24548.913710568308,17.14,71.1,3.63,100.76000213623048,1239.26
2024-09-17,24639.645189109277,17.61,72.16,3.65,100.88999938964844,1258.95
2024-09-18,24627.508927471987,18.23,71.87,3.7,100.5999984741211,1264.9
2024-09-19,24585.125998770745,16.33,72.86,3.73,100.61000061035156,1271.27
2024-09-20,24609.32693490833,16.15,72.72,3.73,100.72000122070312,1272.04
2024-09-23,24624.47672986949,15.89,71.33,3.75,100.91999816894533,1268.48
2024-09-24,24609.32693490833,15.39,72.34,3.74,100.37000274658205,1276.99
2024-09-25,24597.220514081902,15.41,70.42,3.79,100.91999816894533,1287.48
2024-09-26,24627.508927471987,15.37,68.28,3.79,100.55999755859376,1291.49
2024-09-27,24612.35540241201,16.96,68.72,3.75,100.41999816894533,1290.92
2024-09-30,24567.006510256724,16.73,68.75,3.81,100.77999877929688,1287.94
2024-10-01,24615.384615384617,19.26,70.41,3.74,101.19000244140624,1292.2
2024-10-02,24666.9955599408,18.9,70.74,3.79,101.68000030517578,1287.84
2024-10-03,24758.603614756128,20.49,74.33,3.85,101.98999786376952,1278.1
2024-10-04,24773.937817416077,19.21,74.93,3.98,102.5199966430664,1270.6
2024-10-07,24860.161591050342,22.64,77.76,4.03,102.54000091552734,1269.93
2024-10-08,24847.807181016276,21.42,74.26,4.04,102.5500030517578,1271.98
2024-10-09,24838.54942871336,20.86,73.85,4.06,102.93000030517578,1281.85
2024-10-10,24847.807181016276,20.93,76.46,4.09,102.98999786376952,1286.36
2024-10-11,24823.135161970957,20.46,76.11,4.08,102.88999938964844,1288.39
2024-10-14,24853.982850751832,19.7,76.11,4.08,103.3000030517578,1286.34
2024-10-15,24940.765681506426,20.64,71.22,4.03,103.26000213623048,1281.08
2024-10-16,24993.75156210947,19.58,70.97,4.02,103.58999633789062,1279.48
2024-10-17,25198.437696862795,19.11,71.26,4.09,103.83000183105467,1286.52
2024-10-18,25166.729583490625,18.03,69.78,4.08,103.48999786376952,1285.46
2024-10-21,25310.048089091368,18.37,71.16,4.19,104.01000213623048,1279.77
2024-10-22,25409.731927328165,18.2,72.84,4.2,104.08000183105467,1269.89
2024-10-23,25412.960609911053,19.24,71.37,4.24,104.43000030517578,1270.9
2024-10-24,25403.277022735932,19.08,70.58,4.21,104.05999755859376,1257.41
2024-10-25,25374.27048972342,20.33,72.02,4.25,104.26000213623048,1252.72
2024-10-28,25358.184354000256,19.8,67.65,4.28,104.31999969482422,1254.77
2024-10-29,25313.251487153524,19.34,67.48,4.28,104.27999877929688,1261.78
2024-10-30,25297.24260055654,20.35,68.91,4.29,103.98999786376952,1258.63
2024-10-31,25281.25395019593,23.16,69.58,4.28,103.9800033569336,1264.48
2024-11-01,25303.64372469636,21.88,69.81,4.37,104.27999877929688,1254.89
2024-11-04,25322.86654849329,21.98,71.83,4.31,103.88999938964844,1244.71
2024-11-05,25348.542458808617,20.49,72.26,4.26,103.41999816894533,1245.76
2024-11-06,25387.15410002539,16.27,71.98,4.42,105.08999633789062,1261.28
2024-11-07,25367.833587011668,15.2,72.69,4.31,104.51000213623048,1259.75
2024-11-08,25278.058645096055,14.94,70.69,4.3,105.0,1252.56
2024-11-11,25332.4889170361,14.97,70.69,4.3,105.54000091552734,1250.32
2024-11-12,25351.755609075928,14.71,68.43,4.43,106.0199966430664,1244.82
2024-11-13,25348.542458808617,14.02,68.76,4.44,106.4800033569336,1246.04
2024-11-14,25403.277022735932,14.31,68.99,4.43,106.66999816894533,1231.89
2024-11-15,25390.37704709915,16.14,67.33,4.43,106.69000244140624,1218.57
2024-11-18,25416.19011310205,15.58,69.46,4.42,106.27999877929688,1217.12
2024-11-19,25409.731927328165,16.35,69.75,4.39,106.20999908447266,1205.15
2024-11-20,25429.11633820725,17.16,69.25,4.41,106.68000030517578,1216.54
2024-11-21,25425.883549453345,16.87,70.39,4.43,106.97000122070312,1228.33
2024-11-22,25422.65158256006,15.24,71.68,4.41,107.48999786376952,1228.1
2024-11-25,25422.65158256006,14.6,69.41,4.27,106.81999969482422,1234.7
2024-11-26,25416.19011310205,14.1,69.05,4.3,107.01000213623048,1242.13
2024-11-27,25390.37704709915,14.1,69.03,4.25,106.08000183105467,1241.97
2024-11-29,25351.755609075928,13.51,68.26,4.18,105.73999786376952,1250.46
2024-12-02,25377.49016622256,13.34,68.35,4.19,106.4499969482422,1251.21
2024-12-03,25409.731927328165,13.3,70.15,4.23,106.37000274658205,1249.83
2024-12-04,25412.960609911053,13.45,68.81,4.19,106.33999633789062,1240.41
2024-12-05,25390.37704709915,13.54,68.58,4.17,105.70999908447266,1267.53
2024-12-06,25390.37704709915,12.77,68.58,4.15,105.97000122070312,1270.14
2024-12-09,25383.931971062317,14.19,68.65,4.2,106.1500015258789,1273.84
2024-12-10,25367.833587011668,14.18,68.85,4.22,106.4000015258789,1272.07
2024-12-11,25390.37704709915,13.58,70.57,4.26,106.70999908447266,1268.86
2024-12-12,25400.0508001016,13.92,70.25,4.32,106.95999908447266,1267.35
2024-12-13,25406.50406504065,13.81,71.54,4.4,107.0,1262.57
2024-12-16,25396.825396825396,14.69,71.03,4.39,106.86000061035156,1263.79
2024-12-17,25442.055718102023,15.87,70.31,4.4,106.95999908447266,1261.72
2024-12-18,25458.248472505093,27.62,70.8,4.5,108.02999877929688,1266.0
2024-12-19,25464.73134708429,24.09,70.1,4.57,108.41000366210938,1254.67
2024-12-20,25458.248472505093,18.36,69.71,4.52,107.62000274658205,1257.5
2024-12-23,25455.00827287769,16.78,69.5,4.59,108.04000091552734,1262.76
2024-12-24,25442.055718102023,14.27,70.87,4.59,108.26000213623048,1260.36
2024-12-26,25435.584382551187,14.73,70.38,4.58,108.12999725341795,1272.87
2024-12-27,25458.248472505093,15.95,71.28,4.62,108.0,1275.14
2024-12-30,25487.447432139674,17.4,71.73,4.55,108.12999725341795,1272.02
2024-12-31,25487.447432139674,17.35,72.44,4.58,108.48999786376952,1266.78
2025-01-02,25461.489497135582,17.93,73.79,4.57,109.38999938964844,1269.71
2025-01-03,25425.883549453345,16.13,74.64,4.6,108.9499969482422,1254.59
2025-01-06,25383.931971062317,16.04,74.31,4.62,108.26000213623048,1246.35
2025-01-07,25371.051630090067,17.82,74.99,4.67,108.54000091552734,1246.95
2025-01-08,25387.15410002539,17.7,73.99,4.67,109.08999633789062,1251.02
2025-01-09,25387.15410002539,18.07,73.99,4.68,109.18000030517578,1245.77
2025-01-10,25371.051630090067,19.54,77.27,4.77,109.6500015258789,1230.48
2025-01-13,25403.277022735932,19.19,79.57,4.79,109.95999908447266,1235.65
2025-01-14,25390.37704709915,18.71,78.2,4.78,109.2699966430664,1229.07
2025-01-15,25390.37704709915,16.12,80.73,4.66,109.08999633789062,1236.18
2025-01-16,25380.710659898476,16.6,79.35,4.61,108.95999908447266,1242.36
2025-01-17,25329.280648429587,15.97,78.56,4.61,109.3499984741211,1249.11
2025-01-21,25274.864147605207,15.06,76.79,4.57,108.05999755859376,1246.09
2025-01-22,25090.954710826747,15.1,76.12,4.6,108.16999816894533,1242.53
2025-01-23,25131.94269917065,15.02,75.03,4.65,108.0500030517578,1259.63
2025-01-24,25081.514923501378,14.85,74.97,4.63,107.44000244140624,1265.05
2025-01-27,25081.514923501378,17.9,73.51,4.53,107.33999633789062,1265.05
2025-01-28,25081.514923501378,16.41,74.15,4.55,107.87000274658205,1265.05
2025-01-29,25081.514923501378,16.56,72.94,4.55,108.0,1265.05
2025-01-30,25081.514923501378,15.84,73.1,4.52,107.8000030517578,1265.05
2025-01-31,25081.514923501378,16.43,72.84,4.58,108.37000274658205,1265.05
2025-02-03,25303.64372469636,18.62,73.52,4.54,108.98999786376952,1253.03
2025-02-04,25182.573659027952,17.21,73.04,4.52,107.95999908447266,1264.68
2025-02-05,25176.233635448138,15.77,71.39,4.43,107.58000183105467,1269.61
2025-02-06,25274.864147605207,15.5,70.97,4.45,107.69000244140624,1271.48
2025-02-07,25313.251487153524,16.54,71.32,4.49,108.04000091552734,1275.2
2025-02-10,25390.37704709915,15.81,72.73,4.51,108.31999969482422,1263.26
2025-02-11,25546.04674926555,16.02,73.67,4.54,107.95999908447266,1268.45
2025-02-12,25568.908207619537,15.89,71.72,4.62,107.94000244140624,1266.91
2025-02-13,25467.974022666494,15.1,71.66,4.52,107.30999755859376,1270.35
2025-02-14,25393.60081259523,14.77,71.05,4.47,106.56999969482422,1276.08
2025-02-18,25523.226135783563,15.35,72.21,4.55,107.0500030517578,1278.14
2025-02-19,25523.226135783563,15.27,72.58,4.53,107.16999816894533,1288.56
2025-02-20,25523.226135783563,15.66,72.88,4.5,106.33999633789062,1292.98
2025-02-21,25526.483726866623,18.21,70.72,4.42,106.61000061035156,1296.75
2025-02-24,25474.461851993376,18.98,71.06,4.4,106.5999984741211,1304.56
2025-02-25,25539.522410930917,19.43,69.15,4.3,106.30999755859376,1303.16
2025-02-26,25546.04674926555,19.1,68.87,4.25,106.41999816894533,1302.96
2025-02-27,25539.522410930917,21.13,70.62,4.29,107.23999786376952,1307.8
2025-02-28,25559.105431309905,19.63,69.97,4.24,107.61000061035156,1305.36
2025-03-03,25598.36170485089,22.78,68.63,4.16,106.75,1309.37
2025-03-04,25562.37218813906,23.51,68.47,4.22,105.73999786376952,1311.91
2025-03-05,25506.950644050503,21.93,66.58,4.28,105.73999786376952,1304.71
2025-03-06,25513.458349279244,24.87,66.62,4.29,104.05999755859376,1318.22
2025-03-07,25510.20408163265,23.37,67.29,4.32,103.83999633789062,1326.05
2025-03-10,25533.001404315077,27.86,66.31,4.22,103.91000366210938,1330.28
2025-03-11,25471.217524197655,26.92,66.52,4.28,103.44000244140624,1332.54
2025-03-12,25461.489497135582,24.23,67.65,4.32,103.61000061035156,1334.41
2025-03-13,25513.458349279244,24.66,66.82,4.27,103.83000183105467,1326.27
2025-03-14,25519.96937603675,21.77,67.43,4.31,103.72000122070312,1326.15
2025-03-17,25533.001404315077,20.51,67.84,4.31,103.37000274658205,1336.26
2025-03-18,25526.483726866623,21.7,67.49,4.29,103.23999786376952,1330.97
2025-03-19,25546.04674926555,19.9,67.4,4.25,103.43000030517578,1324.63
2025-03-20,25562.37218813906,19.8,68.55,4.24,103.8499984741211,1323.93
2025-03-21,25608.194622279127,19.28,68.52,4.25,104.08999633789062,1321.88
2025-03-24,25641.02564102564,17.48,69.46,4.34,104.26000213623048,1330.32
2025-03-25,25621.316935690495,17.15,69.48,4.31,104.18000030517578,1331.92
2025-03-26,25572.177470911647,18.33,70.05,4.35,104.5500030517578,1326.09
2025-03-27,25578.718506202837,18.69,70.3,4.38,104.06999969482422,1323.81
2025-03-28,25578.718506202837,21.65,69.74,4.27,104.04000091552734,1317.46
2025-03-31,25588.536335721597,22.28,71.87,4.23,104.20999908447266,1306.86
2025-04-01,25637.73875144212,21.77,71.61,4.17,104.26000213623048,1317.33
2025-04-02,25631.16749967961,21.51,72.12,4.2,103.80999755859376,1317.83
2025-04-03,25809.781907342884,30.02,67.43,4.06,102.06999969482422,1229.84
2025-04-04,25806.451612903224,45.31,62.42,4.01,103.0199966430664,1210.67
2025-04-07,25806.451612903224,46.98,61.05,4.15,103.26000213623048,1210.67
2025-04-08,26028.110359187925,52.33,60.04,4.26,102.95999908447266,1132.79
2025-04-09,25990.903183885643,33.62,62.63,4.34,102.9000015258789,1094.3
2025-04-10,25766.555011594948,40.72,60.57,4.4,100.87000274658205,1168.34
2025-04-11,25763.23586242432,37.56,61.91,4.48,99.77999877929688,1222.46
2025-04-14,25833.11805734952,30.89,61.99,4.38,99.63999938964844,1241.44
2025-04-15,25823.11168495804,30.12,61.74,4.35,100.22000122070312,1227.79
2025-04-16,25849.812588858727,32.64,62.88,4.29,99.37999725341795,1210.3
2025-04-17,25873.221216041395,29.65,65.07,4.34,99.37999725341795,1217.25
2025-04-21,25896.672277612328,33.82,63.48,4.42,98.27999877929688,1207.07
2025-04-22,25967.281225655675,30.57,64.6,4.41,98.91999816894533,1197.13
2025-04-23,25997.66021058105,28.45,62.64,4.4,99.83999633789062,1211.0
2025-04-24,26031.49811271639,26.47,63.55,4.32,99.29000091552734,1223.35
2025-04-25,26024.72348731295,24.84,63.85,4.29,99.47000122070312,1229.23
2025-04-28,26001.040041601664,25.15,63.3,4.23,99.01000213623048,1226.8
2025-04-29,26007.80234070221,24.17,61.84,4.19,99.23999786376952,1226.3
2025-04-30,26007.80234070221,24.7,59.55,4.17,99.47000122070312,1226.3
2025-05-01,26007.80234070221,24.6,60.59,4.25,100.25,1226.3
2025-05-02,26007.80234070221,22.68,59.67,4.33,100.0,1226.3
2025-05-05,25960.53997923157,23.64,58.5,4.36,99.83000183105467,1240.05
2025-05-06,25967.281225655675,24.76,60.42,4.3,99.23999786376952,1241.95
2025-05-07,25963.91016487083,23.55,59.42,4.26,99.61000061035156,1250.37
2025-05-08,25967.281225655675,22.48,61.25,4.37,100.63999938964844,1269.8
2025-05-09,25980.774227071965,21.9,62.37,4.37,100.33999633789062,1267.3
2025-05-12,25974.02597402597,18.39,63.32,4.45,101.79000091552734,1283.26
2025-05-13,25963.91016487083,18.22,65.04,4.49,101.0,1293.43
2025-05-14,25933.609958506226,18.62,64.48,4.53,101.04000091552734,1309.73
2025-05-15,25950.434669780716,17.83,63.03,4.45,100.87999725341795,1313.2
2025-05-16,25923.52559948153,17.24,63.84,4.43,101.08999633789062,1301.39
2025-05-19,25950.434669780716,18.14,63.98,4.46,100.43000030517578,1296.29
2025-05-20,25974.02597402597,18.09,63.97,4.48,100.12000274658205,1315.15
2025-05-21,25977.399662293803,20.87,62.93,4.58,99.55999755859376,1323.05
2025-05-22,25977.399662293803,20.28,62.55,4.54,99.95999908447266,1313.84
2025-05-23,25957.170668397142,22.29,62.89,4.51,99.11000061035156,1314.46
2025-05-26,25916.807049371517,20.57,62.89,4.51,98.93000030517578,1332.51
2025-05-27,25920.165889061693,18.96,61.61,4.43,99.5199966430664,1339.81
2025-05-28,25974.02597402597,19.31,62.54,4.47,99.87999725341795,1341.87
2025-05-29,26028.110359187925,19.18,61.66,4.43,99.27999877929688,1341.86
2025-05-30,26024.72348731295,18.57,61.46,4.41,99.33000183105467,1332.6
2025-06-02,26034.886748242647,18.36,63.27,4.46,98.6999969482422,1336.3
2025-06-03,26058.631921824104,17.69,64.1,4.46,99.25,1347.25
2025-06-04,26089.225150013048,17.61,63.57,4.37,98.79000091552734,1345.74
2025-06-05,26085.822355549757,18.48,64.06,4.4,98.73999786376952,1342.09
2025-06-06,26055.237102657637,16.77,65.3,4.51,99.19000244140624,1329.89
2025-06-09,26045.057950253937,17.16,65.99,4.49,98.94000244140624,1310.57
2025-06-10,26017.95238714713,16.95,65.66,4.47,99.0500030517578,1316.23
2025-06-11,26034.886748242647,17.26,68.91,4.41,98.62999725341795,1315.2
2025-06-12,26038.276266111185,18.02,68.73,4.36,97.91999816894533,1322.99
2025-06-13,26079.019428869473,20.82,73.84,4.41,98.18000030517578,1315.49
2025-06-16,26065.424214779097,19.11,72.53,4.46,98.0,1338.11
2025-06-17,26085.822355549757,21.6,75.62,4.39,98.81999969482422,1347.69
2025-06-18,26106.252447461167,20.14,75.89,4.38,98.91000366210938,1346.83
2025-06-20,26133.54240167255,20.62,75.72,4.38,98.70999908447266,1349.35
2025-06-23,26219.192448872574,19.83,69.36,4.34,98.41999816894533,1358.18
2025-06-24,26171.15938236064,17.48,65.45,4.3,97.86000061035156,1366.77
2025-06-25,26157.467957101755,16.76,65.98,4.29,97.68000030517578,1366.75
2025-06-26,26123.301985370952,16.59,66.44,4.26,97.1500015258789,1365.67
2025-06-27,26099.438862064468,16.32,66.66,4.29,97.4000015258789,1371.44
2025-06-30,26123.301985370952,16.73,66.3,4.24,96.87999725341795,1376.07
2025-07-01,26133.54240167255,16.83,66.64,4.26,96.81999969482422,1377.84
2025-07-02,26171.15938236064,16.64,68.66,4.3,96.77999877929688,1384.59
2025-07-03,26202.01755535176,16.38,68.13,4.35,97.18000030517578,1381.96
2025-07-07,26147.20878546215,17.79,69.16,4.4,97.4800033569336,1402.06
2025-07-08,26140.373807345444,16.81,69.55,4.42,97.51000213623048,1415.46
2025-07-09,26143.7908496732,15.94,69.61,4.34,97.47000122070312,1431.32
2025-07-10,26116.479498563593,15.78,67.78,4.35,97.6500015258789,1445.64
2025-07-11,26116.479498563593,16.4,69.63,4.43,97.8499984741211,1457.76
2025-07-14,26126.71456564337,17.2,68.19,4.43,98.08000183105467,1470.42
2025-07-15,26140.373807345444,17.38,67.76,4.5,98.62000274658205,1460.65
2025-07-16,26164.311878597593,17.16,67.13,4.46,98.38999938964844,1475.47
2025-07-17,26164.311878597593,16.52,68.76,4.47,98.7300033569336,1490.01
2025-07-18,26164.311878597593,16.41,68.53,4.44,98.4800033569336,1497.28
2025-07-21,26157.467957101755,16.65,68.39,4.38,97.8499984741211,1485.05
2025-07-22,26147.20878546215,16.5,67.56,4.35,97.38999938964844,1509.54
2025-07-23,26154.047338825683,15.37,66.05,4.4,97.20999908447266,1512.31
2025-07-24,26140.373807345444,15.39,67.16,4.43,97.37999725341795,1521.02
2025-07-25,26147.20878546215,14.93,66.38,4.4,97.6500015258789,1531.13
2025-07-28,26205.45073375262,15.03,67.81,4.42,98.66000366210938,1557.42
2025-07-29,26229.508196721312,15.98,70.27,4.34,98.91000366210938,1493.41
2025-07-30,26205.45073375262,15.48,71.09,4.38,99.94000244140624,1507.63
2025-07-31,26202.01755535176,16.72,70.36,4.37,100.02999877929688,1502.52
2025-08-01,26222.63012980202,20.38,68.39,4.23,98.69000244140624,1495.21
2025-08-04,26181.437360911114,17.52,67.33,4.22,98.77999877929688,1528.19
2025-08-05,26253.609871357312,17.85,66.2,4.22,98.77999877929688,1547.15
2025-08-06,26229.508196721312,16.77,65.38,4.22,98.18000030517578,1573.71
2025-08-07,26219.192448872574,16.57,64.9,4.23,98.4000015258789,1581.81
2025-08-08,26229.508196721312,15.15,64.94,4.27,98.18000030517578,1584.95
2025-08-11,26236.38987275351,16.25,65.03,4.27,98.5199966430664,1596.86
2025-08-12,26270.852489163273,14.73,64.22,4.29,98.0999984741211,1608.22
2025-08-13,26291.573550677007,14.49,63.68,4.24,97.83999633789062,1611.6
2025-08-14,26267.402153926974,14.83,64.99,4.29,98.25,1640.69
2025-08-15,26274.30373095113,15.09,63.78,4.33,97.8499984741211,1630.0
2025-08-18,26305.405760883863,14.99,64.51,4.34,98.16999816894533,1636.37
2025-08-19,26322.716504343247,15.57,63.38,4.3,98.2699966430664,1654.2
2025-08-20,26392.187912377936,15.69,64.19,4.29,98.22000122070312,1664.36
2025-08-21,26434.047052603753,16.6,64.56,4.33,98.62000274658205,1688.0
2025-08-22,26353.93332454869,14.22,64.08,4.26,97.72000122070312,1645.47
2025-08-25,26308.866087871615,14.79,65.18,4.28,98.43000030517578,1614.03
2025-08-26,26367.83124588003,14.62,63.6,4.26,98.2300033569336,1667.63
2025-08-27,26385.224274406333,14.85,64.49,4.24,98.2300033569336,1672.78
2025-08-28,26378.26431020839,14.43,64.96,4.22,97.80999755859376,1680.86
2025-08-29,26346.989856408905,15.36,64.36,4.23,97.7699966430664,1682.21
2025-09-02,26346.989856408905,17.17,65.95,4.28,98.4000015258789,1682.21
2025-09-03,26392.187912377936,16.35,64.36,4.22,98.13999938964844,1681.3
2025-09-04,26392.187912377936,15.3,63.81,4.17,98.3499984741211,1696.29
2025-09-05,26402.64026402641,15.18,62.22,4.1,97.7699966430664,1666.97
2025-09-08,26416.58961828028,15.11,62.6,4.05,97.4499969482422,1624.53
2025-09-09,26392.187912377936,15.04,62.97,4.08,97.79000091552734,1637.32
2025-09-10,26395.671109937968,15.35,64.01,4.04,97.77999877929688,1643.26
2025-09-11,26406.12622128334,14.71,62.71,4.01,97.54000091552734,1657.75
2025-09-12,26388.70563398865,14.76,63.02,4.06,97.5500030517578,1667.26
2025-09-15,26388.70563398865,15.69,63.66,4.05,97.3000030517578,1684.9
2025-09-16,26385.224274406333,16.36,64.89,4.04,96.62999725341795,1680.9
2025-09-17,26378.26431020839,15.72,64.41,4.06,96.87000274658205,1670.97
2025-09-18,26388.70563398865,15.7,63.91,4.11,97.3499984741211,1665.18
2025-09-19,26385.224274406333,15.45,63.02,4.14,97.63999938964844,1658.62
2025-09-22,26420.07926023778,16.1,62.99,4.15,97.33000183105467,1634.45
2025-09-23,26423.56982428326,16.64,63.76,4.12,97.26000213623048,1635.26
2025-09-24,26423.56982428326,16.18,65.4,4.16,97.87000274658205,1657.46
2025-09-25,26409.6130991681,16.74,65.51,4.18,98.5500030517578,1666.09
2025-09-26,26413.10089804543,15.29,66.5,4.2,98.1500015258789,1660.7
2025-09-29,26427.06131078224,16.12,64.27,4.15,97.91000366210938,1666.48
2025-09-30,26430.553720100434,16.28,63.17,4.16,97.7699966430664,1661.7
2025-10-01,26413.10089804543,16.29,62.59,4.12,97.70999908447266,1665.05
2025-10-02,26399.155227032737,16.63,61.28,4.1,97.8499984741211,1652.71
2025-10-03,26385.224274406333,16.65,61.65,4.13,97.72000122070312,1645.82
2025-10-06,26367.83124588003,16.37,62.49,4.18,98.11000061035156,1695.5
2025-10-07,26367.83124588003,17.24,62.52,4.14,98.58000183105467,1685.3
2025-10-08,26360.880453407142,16.3,63.37,4.13,98.8499984741211,1697.83
2025-10-09,26350.461133069828,16.43,62.36,4.14,99.54000091552734,1716.47
2025-10-10,26343.519494204425,21.66,59.75,4.05,98.9800033569336,1747.55
2025-10-13,26350.461133069828,19.03,59.75,4.05,99.2699966430664,1765.12
2025-10-14,26357.406431207168,20.81,59.52,4.03,99.0500030517578,1761.06
2025-10-15,26343.519494204425,20.64,59.08,4.05,98.79000091552734,1757.95
2025-10-16,26340.05004609509,25.31,58.29,3.99,98.38999938964844,1766.85
2025-10-17,26346.989856408905,20.78,58.3,4.02,98.43000030517578,1731.19
2025-10-20,26346.989856408905,18.23,58.34,4.0,98.58999633789062,1636.43
2025-10-21,26346.989856408905,17.87,58.66,3.98,98.93000030517578,1663.43
2025-10-22,26350.461133069828,18.6,59.3,3.97,98.9000015258789,1678.5
2025-10-23,26336.58151171978,17.3,62.44,4.01,98.94000244140624,1687.06
2025-10-24,26308.866087871615,16.37,62.27,4.02,98.9499969482422,1683.18
2025-10-27,26308.866087871615,15.79,62.13,4.01,98.77999877929688,1652.54
2025-10-28,26329.64718272775,16.42,60.97,3.99,98.69000244140624,1680.5
2025-10-29,26340.05004609509,16.92,61.26,4.08,99.22000122070312,1685.83
2025-10-30,26333.113890717577,16.91,61.36,4.11,99.52999877929688,1669.57
2025-10-31,26319.252533228057,17.44,61.75,4.11,99.8000030517578,1639.65
2025-11-03,26315.78947368421,17.17,61.79,4.13,99.87000274658205,1617.0
2025-11-04,26322.716504343247,19.0,61.38,4.1,100.22000122070312,1651.98
2025-11-05,26326.18138738976,18.01,60.4,4.17,100.1999969482422,1654.89
2025-11-06,26319.252533228057,19.5,60.24,4.11,99.7300033569336,1642.64
2025-11-07,26312.32732535193,19.08,60.54,4.11,99.5999984741211,1599.1
2025-11-10,26305.405760883863,17.6,60.94,4.13,99.62000274658205,1580.54
2025-11-11,26315.78947368421,17.28,60.94,4.13,99.45999908447266,1593.61
2025-11-12,26357.406431207168,17.51,59.3,4.08,99.4800033569336,1631.86
2025-11-13,26357.406431207168,20.0,59.54,4.11,99.18000030517578,1631.44
2025-11-14,26353.93332454869,19.83,60.87,4.14,99.2699966430664,1635.46
2025-11-17,26357.406431207168,22.38,60.66,4.13,99.58999633789062,1654.42
2025-11-18,26385.224274406333,24.69,61.51,4.12,99.5500030517578,1659.92
2025-11-19,26378.26431020839,23.66,60.27,4.13,100.2300033569336,1649.0
2025-11-20,26381.743833267377,26.42,60.07,4.1,100.16000366210938,1655.99
2025-11-21,26353.93332454869,23.43,58.86,4.06,100.18000030517578,1654.93
2025-11-24,26378.26431020839,20.52,59.11,4.04,100.13999938964844,1667.98
2025-11-25,26374.78570486615,18.56,58.25,4.01,99.66000366210938,1660.36
2025-11-26,26378.26431020839,17.19,58.81,4.0,99.5999984741211,1680.36
2025-11-28,26371.30801687764,16.35,58.58,4.02,99.45999908447266,1690.99
2025-12-01,26374.78570486615,17.24,59.47,4.09,99.41000366210938,1701.67
2025-12-02,26378.26431020839,16.59,58.81,4.09,99.36000061035156,1717.06
2025-12-03,26378.26431020839,16.08,59.09,4.06,98.8499984741211,1731.77
2025-12-04,26378.26431020839,15.78,59.82,4.11,98.98999786376952,1737.24
2025-12-05,26364.355391510675,15.41,60.23,4.14,98.98999786376952,1741.32
2025-12-08,26364.355391510675,16.66,59.04,4.17,99.08999633789062,1753.74
2025-12-09,26374.78570486615,16.93,58.4,4.18,99.22000122070312,1747.17
2025-12-10,26360.880453407142,15.77,58.67,4.13,98.79000091552734,1718.98
2025-12-11,26329.64718272775,14.85,57.76,4.14,98.3499984741211,1698.9
2025-12-12,26312.32732535193,15.74,57.61,4.19,98.4000015258789,1646.89
2025-12-15,26322.716504343247,16.5,56.97,4.18,98.1500015258789,1646.01
2025-12-16,26350.461133069828,16.48,55.44,4.15,98.1500015258789,1679.18
2025-12-17,26336.58151171978,17.62,56.07,4.16,98.37000274658205,1673.66
2025-12-18,26329.64718272775,16.87,56.22,4.12,98.43000030517578,1676.98
2025-12-19,26315.78947368421,14.91,56.8,4.16,98.5999984741211,1704.31
2025-12-22,26343.519494204425,14.08,58.18,4.17,98.29000091552734,1751.03
2025-12-23,26333.113890717577,14.0,58.55,4.18,97.94000244140624,1772.15
2025-12-24,26322.716504343247,13.47,58.72,4.15,97.9800033569336,1782.82
2025-12-26,26295.030239284773,13.6,56.6,4.14,98.0199966430664,1729.8
2025-12-29,26288.11777076761,14.2,57.89,4.12,98.04000091552734,1754.84
2025-12-30,26267.402153926974,14.33,57.79,4.14,98.23999786376952,1766.9
2025-12-31,26301.94634402946,14.95,57.26,4.18,98.27999877929688,1784.49
