"Ngày","Lần cuối","Mở","Cao","Thấp","KL","% Thay đổi"
"07/03/2019","23,197.0","23,202.5","23,202.5","23,197.0","0.02K","-0.01%"
"06/03/2019","23,200.0","23,200.0","23,202.0","23,197.0","0.02K","0.01%"
"05/03/2019","23,198.0","23,200.5","23,202.0","23,197.0","0.01K","-0.01%"
"04/03/2019","23,200.0","23,199.0","23,202.5","23,196.0","0.02K","-0.01%"
"01/03/2019","23,202.0","23,198.5","23,204.0","23,180.0","0.06K","0.01%"
"28/02/2019","23,199.0","23,197.5","23,216.0","23,170.0","0.20K","0.00%"
"27/02/2019","23,199.0","23,197.5","23,202.5","23,195.5","0.02K","0.00%"
"26/02/2019","23,200.0","23,209.0","23,218.5","23,197.5","0.02K","-0.07%"
"25/02/2019","23,216.0","23,223.0","23,223.5","23,170.0","0.07K","0.03%"
"22/02/2019","23,209.0","23,211.0","23,257.0","23,180.0","0.20K","0.00%"
"21/02/2019","23,210.0","23,199.0","23,213.5","23,199.0","0.02K","0.05%"
"20/02/2019","23,198.0","23,198.0","23,202.5","23,193.5","0.02K","0.00%"
"19/02/2019","23,199.0","23,200.0","23,202.5","23,196.0","0.02K","0.00%"
"18/02/2019","23,199.0","23,199.5","23,225.0","23,179.5","0.02K","-0.01%"
"15/02/2019","23,201.0","23,199.0","23,206.5","23,196.0","0.02K","0.00%"
"14/02/2019","23,201.0","23,202.5","23,204.0","23,196.5","0.01K","0.02%"
"13/02/2019","23,196.0","23,201.5","23,212.5","23,197.5","0.02K","-0.05%"
"12/02/2019","23,208.0","23,202.5","23,212.5","23,202.5","0.02K","-0.01%"
"11/02/2019","23,210.0","23,200.0","23,220.0","23,199.0","0.01K","0.04%"
"08/02/2019","23,200.0","23,200.0","23,200.0","23,200.0","","0.00%"
"07/02/2019","23,200.0","23,200.0","23,200.0","23,200.0","","0.00%"
"06/02/2019","23,200.0","23,200.0","23,200.0","23,200.0","","0.00%"
"05/02/2019","23,200.0","23,200.0","23,200.0","23,200.0","","0.00%"
"04/02/2019","23,200.0","23,200.0","23,200.0","23,200.0","","0.00%"
"01/02/2019","23,200.0","23,196.5","23,215.0","23,187.5","0.01K","0.01%"
"31/01/2019","23,198.0","23,201.5","23,202.5","23,197.0","0.01K","-0.02%"
"30/01/2019","23,203.0","23,203.0","23,208.0","23,194.0","0.01K","0.03%"
"29/01/2019","23,196.0","23,198.5","23,199.5","23,192.0","0.02K","0.01%"
"28/01/2019","23,194.0","23,191.0","23,214.0","23,171.0","0.02K","0.01%"
"25/01/2019","23,192.0","23,198.5","23,200.0","23,190.0","0.01K","-0.02%"
"24/01/2019","23,196.0","23,201.0","23,201.0","23,195.0","0.02K","0.00%"
"23/01/2019","23,196.0","23,198.0","23,200.5","23,196.0","0.01K","-0.01%"
"22/01/2019","23,198.0","23,199.0","23,202.3","23,196.5","0.02K","0.00%"
"21/01/2019","23,198.0","23,197.0","23,202.5","23,196.0","0.02K","0.00%"
"18/01/2019","23,197.0","23,202.5","23,203.3","23,196.5","0.01K","0.00%"
"17/01/2019","23,198.0","23,199.5","23,203.5","23,196.5","0.02K","0.00%"
"16/01/2019","23,198.0","23,202.5","23,203.5","23,196.0","0.02K","-0.02%"
"15/01/2019","23,203.0","23,202.0","23,204.0","23,197.0","0.00K","0.02%"
"14/01/2019","23,199.0","23,197.0","23,202.5","23,196.0","0.00K","0.00%"
"11/01/2019","23,198.0","23,199.0","23,201.0","23,193.5","0.02K","0.01%"
"10/01/2019","23,196.0","23,198.5","23,201.0","23,193.0","0.01K","-0.01%"
"09/01/2019","23,198.0","23,199.5","23,201.0","23,194.5","0.02K","0.00%"
"08/01/2019","23,198.0","23,200.5","23,200.5","23,193.5","0.02K","0.00%"
"07/01/2019","23,198.0","23,198.5","23,204.0","23,192.5","0.02K","0.00%"
"04/01/2019","23,198.0","23,199.0","23,202.5","23,194.0","0.02K","-0.01%"
"03/01/2019","23,200.0","23,202.5","23,206.5","23,192.5","0.02K","-0.02%"
"02/01/2019","23,205.0","23,193.5","23,210.0","23,192.5","0.02K","0.06%"
"01/01/2019","23,190.0","23,190.0","23,190.0","23,190.0","","0.00%"
"31/12/2018","23,190.0","23,190.0","23,190.0","23,190.0","","0.00%"
"28/12/2018","23,190.0","23,190.0","23,232.5","23,185.0","","-0.17%"
"27/12/2018","23,230.0","23,287.5","23,287.5","23,220.0","","-0.13%"
"26/12/2018","23,260.0","23,287.5","23,287.5","23,262.5","","-0.07%"
"25/12/2018","23,277.0","23,281.0","23,282.5","23,275.0","","0.00%"
"24/12/2018","23,278.0","23,281.0","23,290.0","23,279.0","","-0.02%"
"21/12/2018","23,282.0","23,297.5","23,297.5","23,278.0","","-0.08%"
"20/12/2018","23,300.0","23,305.0","23,326.5","23,291.0","","-0.03%"
"19/12/2018","23,307.0","23,308.0","23,316.5","23,303.5","","-0.05%"
"18/12/2018","23,318.0","23,327.5","23,334.0","23,294.0","","0.00%"
"17/12/2018","23,318.0","23,285.0","23,328.0","23,285.0","","0.13%"
"14/12/2018","23,287.0","23,294.0","23,294.0","23,282.0","","0.01%"
"13/12/2018","23,285.0","23,290.0","23,303.5","23,282.5","","-0.06%"
"12/12/2018","23,300.0","23,304.0","23,320.0","23,290.5","","0.00%"
"11/12/2018","23,300.0","23,304.0","23,328.0","23,297.5","","-0.02%"
"10/12/2018","23,305.0","23,317.0","23,347.5","23,297.5","","-0.02%"
"07/12/2018","23,310.0","23,327.5","23,328.0","23,312.5","","-0.09%"
"06/12/2018","23,332.0","23,322.5","23,344.5","23,302.5","","0.11%"
"05/12/2018","23,306.0","23,301.5","23,308.0","23,293.5","","0.10%"
"04/12/2018","23,283.0","23,347.5","23,347.5","23,284.0","","-0.07%"
"03/12/2018","23,300.0","23,313.5","23,317.0","23,296.0","","-0.06%"
"30/11/2018","23,315.0","23,347.5","23,347.5","23,312.5","","-0.05%"
"29/11/2018","23,327.0","23,347.5","23,347.5","23,326.5","","-0.03%"
"28/11/2018","23,335.0","23,347.5","23,347.5","23,332.0","","-0.04%"
"27/11/2018","23,345.0","23,347.5","23,348.5","23,332.5","","0.02%"
"26/11/2018","23,340.0","23,346.0","23,360.0","23,312.5","","-0.09%"
"23/11/2018","23,360.0","23,317.5","23,362.5","23,317.5","","0.06%"
"22/11/2018","23,345.0","23,352.5","23,354.0","23,347.5","","-0.03%"
"21/11/2018","23,352.0","23,317.5","23,353.5","23,317.5","","0.07%"
"20/11/2018","23,336.0","23,324.0","23,347.5","23,324.0","","0.11%"
"19/11/2018","23,310.0","23,311.5","23,347.5","23,304.5","","0.02%"
"16/11/2018","23,306.0","23,311.5","23,312.5","23,301.5","","-0.01%"
"15/11/2018","23,308.0","23,315.5","23,347.5","23,302.5","","-0.03%"
"14/11/2018","23,315.0","23,305.5","23,317.5","23,302.5","","0.03%"
"13/11/2018","23,308.0","23,310.5","23,313.0","23,302.5","","0.03%"
"12/11/2018","23,300.0","23,314.0","23,325.0","23,280.0","","0.04%"
"09/11/2018","23,290.0","23,312.5","23,326.0","23,295.0","","-0.12%"
"08/11/2018","23,318.0","23,317.5","23,328.0","23,312.5","","-0.03%"
"07/11/2018","23,326.0","23,322.5","23,333.0","23,311.5","","0.00%"
"06/11/2018","23,325.0","23,312.5","23,328.5","23,312.5","","0.06%"
"05/11/2018","23,310.0","23,325.5","23,332.5","23,306.0","","-0.09%"
"02/11/2018","23,330.0","23,332.5","23,347.5","23,317.5","","-0.06%"
"01/11/2018","23,345.0","23,345.5","23,349.0","23,334.5","","0.01%"
"31/10/2018","23,343.0","23,347.5","23,348.5","23,342.5","","0.00%"
"30/10/2018","23,343.0","23,342.5","23,348.5","23,331.5","","0.00%"
"29/10/2018","23,343.0","23,350.0","23,353.0","23,345.5","","-0.05%"
"26/10/2018","23,355.0","23,352.5","23,357.0","23,348.5","","0.02%"
"25/10/2018","23,350.0","23,351.5","23,355.0","23,347.0","","0.01%"
"24/10/2018","23,348.0","23,350.5","23,352.5","23,345.0","","0.00%"
"23/10/2018","23,348.0","23,347.5","23,352.5","23,346.0","","0.00%"
"22/10/2018","23,348.0","23,351.5","23,352.0","23,345.0","","-0.01%"
"19/10/2018","23,351.0","23,349.5","23,353.0","23,345.5","","0.02%"
"18/10/2018","23,347.0","23,347.5","23,349.0","23,343.0","","0.02%"
"17/10/2018","23,342.0","23,342.5","23,346.5","23,311.5","","0.02%"
"16/10/2018","23,338.0","23,337.5","23,342.5","23,333.0","","0.03%"
"15/10/2018","23,330.0","23,353.0","23,353.0","23,332.5","","-0.06%"
"12/10/2018","23,343.0","23,345.5","23,348.0","23,342.5","","-0.01%"
"11/10/2018","23,345.0","23,342.5","23,357.5","23,342.5","","-0.02%"
"10/10/2018","23,350.0","23,355.5","23,356.5","23,348.0","","-0.02%"
"09/10/2018","23,355.0","23,357.5","23,358.5","23,347.5","","0.02%"
"08/10/2018","23,350.0","23,347.5","23,354.0","23,311.5","","0.09%"
"05/10/2018","23,330.0","23,352.5","23,352.5","23,331.5","","-0.08%"
"04/10/2018","23,348.0","23,347.5","23,351.5","23,343.5","","0.03%"
"03/10/2018","23,340.0","23,342.5","23,342.5","23,311.5","","0.06%"
"02/10/2018","23,325.0","23,332.5","23,335.5","23,322.0","","-0.02%"
"01/10/2018","23,330.0","23,324.0","23,345.5","23,323.0","","0.02%"
"28/09/2018","23,325.0","23,335.0","23,345.5","23,322.5","","-0.09%"
"27/09/2018","23,345.0","23,346.0","23,348.0","23,342.5","","-0.01%"
"26/09/2018","23,348.0","23,350.5","23,350.5","23,341.0","","0.01%"
"25/09/2018","23,345.0","23,342.5","23,346.5","23,342.5","","0.03%"
"24/09/2018","23,337.0","23,337.5","23,341.0","23,334.0","","0.02%"
"21/09/2018","23,332.0","23,327.5","23,341.5","23,327.5","","0.05%"
"20/09/2018","23,320.0","23,305.0","23,330.5","23,296.5","","0.06%"
"19/09/2018","23,305.0","23,296.5","23,314.0","23,282.5","","0.11%"
"18/09/2018","23,280.0","23,302.5","23,317.5","23,278.5","","-0.04%"
"17/09/2018","23,289.0","23,247.5","23,291.5","23,247.5","","0.18%"
"14/09/2018","23,247.0","23,260.5","23,277.5","23,238.5","","-0.12%"
"13/09/2018","23,276.0","23,276.0","23,280.5","23,272.5","","-0.02%"
"12/09/2018","23,280.0","23,282.5","23,287.5","23,281.0","","-0.01%"
"11/09/2018","23,283.0","23,287.5","23,312.5","23,273.5","","-0.08%"
"10/09/2018","23,302.0","23,310.5","23,312.5","23,295.5","","0.00%"
"07/09/2018","23,302.0","23,311.5","23,313.0","23,302.0","","-0.05%"
"06/09/2018","23,314.0","23,312.5","23,317.0","23,307.5","","0.00%"
"05/09/2018","23,313.0","23,316.5","23,332.5","23,285.0","","0.00%"
"04/09/2018","23,312.0","23,302.5","23,317.0","23,296.5","","0.04%"
"03/09/2018","23,303.0","23,303.0","23,303.0","23,303.0","","0.00%"
"31/08/2018","23,303.0","23,304.0","23,306.5","23,293.5","","0.00%"
"30/08/2018","23,302.0","23,302.5","23,307.5","23,296.5","","0.01%"
"29/08/2018","23,300.0","23,295.0","23,312.5","23,292.0","","0.02%"
"28/08/2018","23,295.0","23,285.0","23,297.5","23,270.0","","0.01%"
"27/08/2018","23,293.0","23,305.0","23,305.0","23,287.5","","-0.03%"
"24/08/2018","23,300.0","23,305.0","23,307.0","23,282.5","","0.08%"
"23/08/2018","23,281.0","23,279.0","23,283.0","23,270.0","","0.03%"
"22/08/2018","23,274.0","23,277.5","23,283.5","23,263.5","","0.03%"
"21/08/2018","23,268.0","23,267.5","23,275.0","23,259.0","","-0.02%"
"20/08/2018","23,272.0","23,274.0","23,320.0","23,250.0","","-0.09%"
"17/08/2018","23,293.0","23,315.5","23,315.5","23,286.5","","-0.08%"
"16/08/2018","23,312.0","23,315.5","23,317.5","23,311.5","","0.01%"
"15/08/2018","23,310.0","23,313.0","23,317.5","23,311.5","","-0.02%"
"14/08/2018","23,314.0","23,317.0","23,320.5","23,311.0","","0.02%"
"13/08/2018","23,310.0","23,315.0","23,315.0","23,312.5","","0.15%"
"10/08/2018","23,275.0","23,278.0","23,281.0","23,271.0","","0.00%"
"09/08/2018","23,275.0","23,280.0","23,286.5","23,277.0","","-0.03%"
"08/08/2018","23,282.0","23,301.0","23,302.5","23,281.5","","-0.09%"
"07/08/2018","23,302.0","23,310.0","23,312.5","23,302.0","","-0.02%"
"06/08/2018","23,306.0","23,310.5","23,312.5","23,307.0","","0.01%"
"03/08/2018","23,304.0","23,280.5","23,307.5","23,280.5","","0.10%"
"02/08/2018","23,280.0","23,274.0","23,285.0","23,272.5","","-0.04%"
"01/08/2018","23,290.0","23,291.5","23,293.0","23,282.0","","0.04%"
"31/07/2018","23,280.0","23,285.0","23,285.0","23,277.5","","0.11%"
"30/07/2018","23,255.0","23,259.5","23,262.5","23,250.0","","0.11%"
"27/07/2018","23,230.0","23,217.5","23,232.5","23,217.5","","0.24%"
"26/07/2018","23,175.0","23,180.0","23,185.0","23,175.0","","-0.17%"
"25/07/2018","23,215.0","23,251.0","23,251.0","23,215.0","","-0.14%"
"24/07/2018","23,248.0","23,250.0","23,255.0","23,249.5","","0.12%"
"23/07/2018","23,220.0","23,205.0","23,225.0","23,205.0","","0.72%"
"20/07/2018","23,053.0","23,056.5","23,057.5","23,049.5","","0.01%"
"19/07/2018","23,050.0","23,050.5","23,053.5","23,049.0","","0.00%"
"18/07/2018","23,049.0","23,050.0","23,052.5","23,048.5","","0.00%"
"17/07/2018","23,050.0","23,049.5","23,052.5","23,046.5","","0.00%"
"16/07/2018","23,050.0","23,050.0","23,052.5","23,047.5","","0.00%"
"13/07/2018","23,050.0","23,048.5","23,051.0","23,045.5","","0.01%"
"12/07/2018","23,047.0","23,044.0","23,048.5","23,041.0","","0.02%"
"11/07/2018","23,043.0","23,044.5","23,045.0","23,038.5","","0.02%"
"10/07/2018","23,039.0","23,040.0","23,043.5","23,039.0","","0.00%"
"09/07/2018","23,038.0","23,040.5","23,043.0","23,039.0","","0.01%"
"06/07/2018","23,035.0","23,042.5","23,043.5","23,036.5","","-0.02%"
"05/07/2018","23,040.0","23,038.5","23,045.5","23,034.0","","0.01%"
"04/07/2018","23,038.0","23,042.0","23,045.0","23,032.5","","-0.03%"
"03/07/2018","23,045.0","23,042.5","23,046.0","23,042.5","","0.41%"
"02/07/2018","22,952.0","22,965.0","22,965.0","22,954.5","","-0.02%"
"29/06/2018","22,956.0","22,967.5","22,967.5","22,957.5","","0.09%"
"28/06/2018","22,935.0","22,939.5","22,948.5","22,937.5","","0.00%"
"27/06/2018","22,935.0","22,938.5","22,939.5","22,937.5","","0.07%"
"26/06/2018","22,920.0","22,897.5","22,924.0","22,897.5","","0.11%"
"25/06/2018","22,895.0","22,892.5","22,898.0","22,887.5","","0.02%"
"22/06/2018","22,891.0","22,896.5","22,896.5","22,892.5","","0.07%"
"21/06/2018","22,876.0","22,872.5","22,883.0","22,872.5","","0.04%"
"20/06/2018","22,866.0","22,866.5","22,867.5","22,857.0","","0.06%"
"19/06/2018","22,852.0","22,837.0","22,853.5","22,837.0","","0.07%"
"18/06/2018","22,835.0","22,816.5","22,836.0","22,816.5","","0.09%"
"15/06/2018","22,815.0","22,814.0","22,817.5","22,814.0","","0.01%"
"14/06/2018","22,812.0","22,814.5","22,814.5","22,808.0","","0.01%"
"13/06/2018","22,810.0","22,814.5","22,819.5","22,812.0","","-0.01%"
"12/06/2018","22,812.0","22,812.0","22,818.5","22,805.5","","-0.01%"
"11/06/2018","22,814.0","22,815.5","22,816.5","22,814.5","","0.11%"
"08/06/2018","22,790.0","22,795.0","22,797.5","22,793.0","","-0.05%"
"07/06/2018","22,801.0","22,806.0","22,807.5","22,801.5","","-0.02%"
"06/06/2018","22,805.0","22,829.5","22,829.5","22,806.0","","-0.11%"
"05/06/2018","22,829.0","22,824.5","22,829.5","22,813.5","","0.01%"
"04/06/2018","22,826.0","22,792.0","22,828.0","22,792.0","","0.13%"
"01/06/2018","22,796.0","22,792.0","22,802.0","22,789.5","","-0.04%"
"31/05/2018","22,804.0","22,813.5","22,817.5","22,775.0","","-0.20%"
"30/05/2018","22,850.0","22,868.5","22,875.5","22,840.0","","0.09%"
"29/05/2018","22,830.0","22,840.0","22,845.5","22,832.5","","0.07%"
"28/05/2018","22,814.0","22,812.0","22,817.0","22,770.0","","0.20%"
"25/05/2018","22,769.0","22,780.0","22,783.0","22,770.0","","-0.04%"
"24/05/2018","22,777.0","22,778.0","22,780.0","22,775.0","","0.02%"
"23/05/2018","22,773.0","22,774.0","22,775.0","22,767.0","","0.02%"
"22/05/2018","22,769.0","22,770.0","22,771.0","22,765.0","","0.00%"
"21/05/2018","22,770.0","22,767.0","22,777.0","22,767.0","","-0.07%"
"18/05/2018","22,785.0","22,784.0","22,786.0","22,775.0","","0.05%"
"17/05/2018","22,773.0","22,775.0","22,776.5","22,773.5","","0.01%"
"16/05/2018","22,770.0","22,773.8","22,775.0","22,772.0","","0.01%"
"15/05/2018","22,768.0","22,770.0","22,773.0","22,768.5","","0.01%"
"14/05/2018","22,765.0","22,767.0","22,770.5","22,766.0","","-0.02%"
"11/05/2018","22,769.0","22,770.0","22,775.0","22,768.5","","0.00%"
"10/05/2018","22,769.0","22,771.0","22,775.0","22,770.0","","-0.02%"
"09/05/2018","22,774.0","22,770.0","22,777.0","22,770.0","","0.01%"
"08/05/2018","22,772.0","22,771.5","22,773.5","22,770.0","","0.02%"
"07/05/2018","22,767.0","22,762.5","22,790.5","22,762.5","","0.00%"
"04/05/2018","22,767.0","22,767.0","22,772.0","22,764.5","","0.02%"
"03/05/2018","22,762.0","22,761.0","22,767.0","22,760.0","","0.01%"
"02/05/2018","22,760.0","22,763.5","22,765.0","22,761.0","","-0.01%"
"01/05/2018","22,763.0","22,763.0","22,763.0","22,763.0","","0.00%"
"30/04/2018","22,763.0","22,763.0","22,763.0","22,763.0","","0.00%"
"27/04/2018","22,763.0","22,765.0","22,767.5","22,760.5","","-0.01%"
"26/04/2018","22,765.0","22,766.5","22,769.0","22,766.0","","-0.01%"
"25/04/2018","22,768.0","22,768.0","22,768.0","22,768.0","","0.00%"
"24/04/2018","22,768.0","22,769.0","22,771.5","22,766.5","","0.00%"
"23/04/2018","22,769.0","22,771.0","22,773.0","22,770.0","","-0.01%"
"20/04/2018","22,771.0","22,770.0","22,776.0","22,770.0","","-0.03%"
"19/04/2018","22,778.0","22,776.0","22,781.5","22,773.0","","0.02%"
"18/04/2018","22,773.0","22,771.0","22,774.5","22,770.0","","0.01%"
"17/04/2018","22,770.0","22,768.0","22,777.0","22,767.0","","-0.02%"
"16/04/2018","22,775.0","22,786.5","22,788.0","22,774.0","","-0.04%"
"13/04/2018","22,784.0","22,785.5","22,806.0","22,783.5","","-0.01%"
"12/04/2018","22,786.0","22,786.5","22,790.5","22,786.0","","-0.01%"
"11/04/2018","22,788.0","22,789.0","22,792.5","22,787.0","","-0.01%"
"10/04/2018","22,790.0","22,806.0","22,811.0","22,789.5","","0.00%"
"09/04/2018","22,790.0","22,789.5","22,812.5","22,788.5","","-0.04%"
"06/04/2018","22,800.0","22,803.0","22,812.5","22,801.0","","-0.06%"
"05/04/2018","22,813.0","22,809.0","22,814.0","22,806.0","","-0.01%"
"04/04/2018","22,815.0","22,817.5","22,817.5","22,810.0","","0.03%"
"03/04/2018","22,809.0","22,790.5","22,814.0","22,787.0","","0.07%"
"02/04/2018","22,792.0","22,788.5","22,793.5","22,782.0","","0.00%"
"30/03/2018","22,793.0","22,789.5","22,810.0","22,787.5","","-0.07%"
"29/03/2018","22,809.0","22,807.5","22,819.0","22,807.0","","-0.04%"
"28/03/2018","22,818.0","22,817.5","22,822.0","22,813.0","","0.01%"
"27/03/2018","22,815.0","22,813.5","22,815.5","22,809.0","","0.02%"
"26/03/2018","22,810.0","22,797.5","22,815.0","22,797.5","","0.04%"
"23/03/2018","22,802.0","22,799.0","22,803.5","22,785.0","","0.04%"
"22/03/2018","22,794.0","22,785.0","22,795.0","22,774.5","","0.09%"
"21/03/2018","22,773.5","22,777.0","22,777.5","22,772.3","","0.00%"
"20/03/2018","22,774.0","22,777.0","22,779.0","22,763.5","","0.04%"
"19/03/2018","22,765.0","22,766.0","22,771.5","22,765.5","","0.00%"
"16/03/2018","22,764.0","22,764.5","22,766.5","22,762.5","","-0.01%"
"15/03/2018","22,767.0","22,768.0","22,769.0","22,761.0","","0.01%"
"14/03/2018","22,765.0","22,766.5","22,769.5","22,762.0","","0.01%"
"13/03/2018","22,762.0","22,762.0","22,769.0","22,755.0","","0.02%"
"12/03/2018","22,758.0","22,761.5","22,762.5","22,757.0","","-0.01%"
"09/03/2018","22,760.0","22,760.0","22,763.5","22,757.0","","0.02%"
"08/03/2018","22,756.0","22,760.5","22,761.5","22,755.5","","-0.01%"
"07/03/2018","22,759.0","22,761.0","22,770.5","22,757.5","","-0.04%"
"06/03/2018","22,769.0","22,770.0","22,773.0","22,766.0","","0.02%"
"05/03/2018","22,765.0","22,764.0","22,769.0","22,761.0","","0.02%"
"02/03/2018","22,760.0","22,761.0","22,764.5","22,759.0","","0.04%"
"01/03/2018","22,750.0","22,757.5","22,758.0","22,749.0","","-0.03%"
"28/02/2018","22,756.0","22,758.0","22,759.5","22,749.0","","0.03%"
"27/02/2018","22,750.0","22,745.5","22,751.5","22,742.5","","0.08%"
"26/02/2018","22,732.0","22,740.5","22,747.5","22,736.5","","-0.04%"
"23/02/2018","22,740.0","22,738.5","22,742.5","22,736.0","","0.13%"
"22/02/2018","22,710.0","22,720.0","22,729.0","22,712.5","","-0.02%"
"21/02/2018","22,715.0","22,700.0","22,722.0","22,697.5","","0.13%"
"20/02/2018","22,685.0","22,698.0","22,700.5","22,692.5","","-0.04%"
"19/02/2018","22,695.0","22,695.0","22,695.0","22,695.0","","0.00%"
"16/02/2018","22,695.0","22,710.0","22,712.5","22,705.0","","0.00%"
"15/02/2018","22,695.0","22,695.0","22,695.0","22,695.0","","0.00%"
"14/02/2018","22,695.0","22,710.0","22,710.0","22,707.5","","-0.02%"
"13/02/2018","22,700.0","22,700.0","22,720.0","22,692.5","","-0.01%"
"12/02/2018","22,702.0","22,692.0","22,708.5","22,689.5","","0.05%"
"09/02/2018","22,690.0","22,703.0","22,709.5","22,685.5","","-0.04%"
"08/02/2018","22,698.0","22,691.0","22,708.5","22,683.5","","0.03%"
"07/02/2018","22,691.0","22,703.5","22,712.0","22,694.0","","-0.04%"
"06/02/2018","22,700.0","22,709.5","22,715.0","22,705.0","","0.02%"
"05/02/2018","22,695.0","22,709.5","22,729.0","22,702.5","","-0.06%"
"02/02/2018","22,709.0","22,708.5","22,710.5","22,708.0","","0.00%"
"01/02/2018","22,709.0","22,710.5","22,711.0","22,702.5","","0.04%"
"31/01/2018","22,700.0","22,709.5","22,715.0","22,704.5","","0.00%"
"30/01/2018","22,700.0","22,709.5","22,715.5","22,705.0","","0.00%"
"29/01/2018","22,701.0","22,709.4","22,715.5","22,705.3","","-0.04%"
"26/01/2018","22,710.0","22,709.5","22,711.0","22,708.5","","0.04%"
"25/01/2018","22,701.0","22,709.5","22,718.0","22,705.5","","0.02%"
"24/01/2018","22,696.0","22,709.5","22,718.0","22,703.0","","-0.06%"
"23/01/2018","22,710.0","22,709.5","22,711.0","22,708.0","","0.04%"
"22/01/2018","22,701.0","22,709.0","22,715.5","22,705.0","","0.00%"
"19/01/2018","22,700.0","22,709.5","22,718.0","22,705.0","","0.00%"
"18/01/2018","22,701.0","22,711.0","22,719.5","22,706.0","","0.00%"
"17/01/2018","22,700.0","22,710.8","22,718.0","22,704.5","","-0.04%"
"16/01/2018","22,710.0","22,708.5","22,729.0","22,707.0","","0.00%"
"15/01/2018","22,709.0","22,708.5","22,710.5","22,706.9","","0.00%"
"12/01/2018","22,708.0","22,708.5","22,710.5","22,707.0","","0.06%"
"11/01/2018","22,695.0","22,709.0","22,714.5","22,702.0","","-0.03%"
"10/01/2018","22,701.0","22,709.0","22,718.5","22,705.4","","-0.04%"
"09/01/2018","22,709.0","22,710.5","22,710.5","22,707.4","","0.04%"
"08/01/2018","22,700.0","22,709.0","22,717.5","22,704.5","","-0.04%"
"05/01/2018","22,709.0","22,710.5","22,711.0","22,707.0","","0.00%"
"04/01/2018","22,710.0","22,713.5","22,718.0","22,705.5","","0.01%"
"03/01/2018","22,708.0","22,709.5","22,711.0","22,708.0","","0.04%"
"02/01/2018","22,700.0","22,709.5","22,715.5","22,705.0","","0.00%"
"01/01/2018","22,700.0","22,700.0","22,700.0","22,700.0","","0.00%"
"29/12/2017","22,700.0","22,708.5","22,714.5","22,701.5","","-0.04%"
"28/12/2017","22,710.0","22,709.3","22,712.5","22,708.0","","0.00%"
"27/12/2017","22,710.0","22,710.5","22,712.5","22,709.0","","0.09%"
"26/12/2017","22,690.0","22,712.5","22,713.5","22,700.0","","-0.09%"
"25/12/2017","22,710.5","22,710.5","22,713.0","22,710.0","","0.04%"
"22/12/2017","22,701.0","22,712.0","22,719.0","22,706.5","","-0.02%"
"21/12/2017","22,705.0","22,712.5","22,719.5","22,706.0","","0.02%"
"20/12/2017","22,700.0","22,715.0","22,719.8","22,707.0","","0.00%"
"19/12/2017","22,701.0","22,712.5","22,721.0","22,707.0","","-0.06%"
"18/12/2017","22,714.0","22,717.5","22,717.8","22,711.0","","0.06%"
"15/12/2017","22,700.0","22,717.0","22,721.5","22,708.0","","-0.02%"
"14/12/2017","22,705.0","22,711.5","22,720.0","22,708.5","","0.02%"
"13/12/2017","22,701.0","22,712.5","22,719.0","22,706.0","","0.00%"
"12/12/2017","22,701.0","22,714.0","22,729.0","22,706.0","","0.00%"
"11/12/2017","22,700.0","22,711.5","22,717.0","22,705.5","","-0.04%"
"08/12/2017","22,710.0","22,711.0","22,717.5","22,710.0","","0.04%"
"07/12/2017","22,701.0","22,713.0","22,720.5","22,707.0","","-0.02%"
"06/12/2017","22,705.0","22,715.5","22,720.0","22,710.0","","0.00%"
"05/12/2017","22,705.0","22,713.5","22,722.0","22,708.0","","0.01%"
"04/12/2017","22,702.0","22,715.5","22,727.5","22,708.5","","0.01%"
"01/12/2017","22,700.0","22,717.5","22,727.5","22,707.5","","-0.02%"
"30/11/2017","22,705.0","22,717.5","22,727.5","22,711.5","","-0.04%"
"29/11/2017","22,715.0","22,712.5","22,725.0","22,708.0","","0.04%"
"28/11/2017","22,705.0","22,716.0","22,726.5","22,710.0","","-0.04%"
"27/11/2017","22,715.0","22,725.5","22,729.0","22,717.5","","0.00%"
"24/11/2017","22,715.0","22,729.0","22,731.5","22,719.0","","-0.05%"
"23/11/2017","22,727.0","22,720.0","22,731.0","22,716.5","","0.05%"
"22/11/2017","22,715.0","22,723.0","22,729.0","22,714.5","","0.07%"
"21/11/2017","22,700.0","22,715.0","22,718.0","22,706.5","","0.00%"
"20/11/2017","22,700.0","22,729.0","22,729.0","22,705.0","","-0.05%"
"17/11/2017","22,712.0","22,711.5","22,714.0","22,709.5","","0.05%"
"16/11/2017","22,701.0","22,711.5","22,716.0","22,705.0","","0.00%"
"15/11/2017","22,701.0","22,711.5","22,717.0","22,706.0","","-0.04%"
"14/11/2017","22,710.0","22,711.5","22,716.5","22,710.0","","0.07%"
"13/11/2017","22,695.0","22,713.5","22,716.5","22,698.0","","-0.03%"
"10/11/2017","22,701.0","22,712.5","22,720.0","22,707.5","","0.00%"
"09/11/2017","22,700.0","22,707.5","22,719.5","22,704.0","","0.00%"
"08/11/2017","22,700.0","22,715.0","22,716.5","22,706.5","","0.00%"
"07/11/2017","22,701.0","22,712.5","22,719.3","22,706.5","","-0.02%"
"06/11/2017","22,705.0","22,713.0","22,719.0","22,708.5","","0.02%"
"03/11/2017","22,700.0","22,713.5","22,719.0","22,706.0","","0.00%"
"02/11/2017","22,700.0","22,712.5","22,719.5","22,706.0","","0.00%"
"01/11/2017","22,701.0","22,711.5","22,723.0","22,706.5","","0.00%"
"31/10/2017","22,700.0","22,716.3","22,721.5","22,706.5","","0.00%"
"30/10/2017","22,700.0","22,716.5","22,719.0","22,708.5","","0.00%"
"27/10/2017","22,700.0","22,719.0","22,722.0","22,708.5","","-0.09%"
"26/10/2017","22,720.0","22,720.5","22,725.5","22,718.0","","0.00%"
"25/10/2017","22,720.0","22,720.0","22,733.5","22,719.0","","0.00%"
"24/10/2017","22,719.0","22,722.0","22,730.0","22,719.0","","-0.02%"
"23/10/2017","22,723.0","22,718.0","22,723.5","22,716.5","","0.02%"
"20/10/2017","22,718.0","22,718.3","22,719.5","22,716.5","","0.04%"
"19/10/2017","22,710.0","22,717.5","22,727.5","22,714.5","","-0.04%"
"18/10/2017","22,719.0","22,719.0","22,720.5","22,717.0","","0.00%"
"17/10/2017","22,718.0","22,719.5","22,720.5","22,716.0","","0.06%"
"16/10/2017","22,705.0","22,719.0","22,725.0","22,708.5","","-0.02%"
"13/10/2017","22,710.0","22,720.0","22,725.5","22,715.0","","-0.04%"
"12/10/2017","22,719.0","22,717.5","22,722.0","22,716.5","","0.00%"
"11/10/2017","22,718.0","22,718.0","22,723.5","22,715.5","","-0.01%"
"10/10/2017","22,720.0","22,723.0","22,733.5","22,721.5","","-0.02%"
"09/10/2017","22,725.0","22,728.5","22,729.5","22,725.5","","0.04%"
"06/10/2017","22,715.0","22,728.5","22,731.5","22,721.5","","0.00%"
"05/10/2017","22,715.0","22,729.5","22,732.0","22,721.5","","-0.02%"
"04/10/2017","22,720.0","22,729.5","22,737.0","22,723.8","","0.02%"
"03/10/2017","22,715.0","22,727.5","22,733.5","22,721.0","","0.00%"
"02/10/2017","22,715.0","22,726.0","22,733.5","22,720.5","","-0.02%"
"29/09/2017","22,720.0","22,726.0","22,736.0","22,723.0","","0.02%"
"28/09/2017","22,715.0","22,729.5","22,734.5","22,721.5","","-0.02%"
"27/09/2017","22,720.0","22,732.5","22,739.0","22,725.0","","0.00%"
"26/09/2017","22,720.0","22,733.5","22,737.5","22,726.0","","-0.04%"
"25/09/2017","22,730.0","22,736.0","22,738.0","22,726.0","","0.07%"
"22/09/2017","22,715.0","22,722.5","22,739.5","22,721.0","","-0.02%"
"21/09/2017","22,720.0","22,725.0","22,733.5","22,724.5","","-0.02%"
"20/09/2017","22,725.0","22,728.5","22,730.0","22,726.0","","0.02%"
"19/09/2017","22,720.0","22,729.5","22,730.5","22,723.5","","0.00%"
"18/09/2017","22,721.0","22,725.0","22,730.5","22,723.0","","0.03%"
"15/09/2017","22,715.0","22,725.0","22,730.0","22,720.5","","-0.02%"
"14/09/2017","22,720.0","22,725.5","22,728.0","22,723.0","","0.00%"
"13/09/2017","22,720.0","22,725.5","22,729.0","22,723.0","","0.00%"
"12/09/2017","22,720.0","22,725.0","22,734.0","22,723.0","","0.04%"
"11/09/2017","22,710.0","22,725.5","22,730.0","22,718.0","","-0.07%"
"08/09/2017","22,725.0","22,726.5","22,728.0","22,725.0","","0.02%"
"07/09/2017","22,720.0","22,727.5","22,732.0","22,724.0","","0.00%"
"06/09/2017","22,720.0","22,727.0","22,733.0","22,724.0","","-0.04%"
"05/09/2017","22,728.0","22,728.0","22,733.0","22,727.5","","0.01%"
"04/09/2017","22,725.0","22,725.0","22,725.0","22,725.0","","0.00%"
"01/09/2017","22,725.0","22,729.0","22,735.5","22,727.5","","0.04%"
"31/08/2017","22,715.0","22,731.0","22,735.5","22,723.0","","-0.04%"
"30/08/2017","22,725.0","22,730.0","22,740.5","22,728.0","","0.00%"
"29/08/2017","22,725.0","22,731.0","22,740.5","22,727.5","","0.00%"
"28/08/2017","22,725.0","22,732.5","22,738.5","22,727.5","","-0.03%"
"25/08/2017","22,732.0","22,735.0","22,738.0","22,729.5","","-0.03%"
"24/08/2017","22,738.0","22,730.0","22,739.0","22,725.0","","0.04%"
"23/08/2017","22,730.0","22,729.0","22,738.5","22,726.5","","0.01%"
"22/08/2017","22,728.0","22,727.5","22,729.0","22,726.5","","0.00%"
"21/08/2017","22,727.0","22,728.0","22,729.0","22,726.5","","0.00%"
"18/08/2017","22,728.0","22,726.5","22,731.5","22,726.5","","0.00%"
"17/08/2017","22,728.0","22,728.0","22,729.0","22,726.0","","0.00%"
"16/08/2017","22,727.0","22,726.0","22,728.5","22,725.5","","0.00%"
"15/08/2017","22,727.0","22,726.0","22,728.5","22,726.0","","0.00%"
"14/08/2017","22,727.0","22,731.0","22,731.0","22,725.5","","0.00%"
"11/08/2017","22,727.0","22,727.0","22,730.0","22,726.5","","-0.01%"
"10/08/2017","22,730.0","22,728.0","22,735.0","22,728.0","","0.00%"
"09/08/2017","22,729.0","22,729.5","22,732.5","22,728.0","","0.02%"
"08/08/2017","22,725.0","22,728.0","22,738.5","22,727.5","","-0.02%"
"07/08/2017","22,730.0","22,735.0","22,740.0","22,729.0","","0.02%"
"04/08/2017","22,725.0","22,735.0","22,753.0","22,717.5","","0.00%"
"03/08/2017","22,725.0","22,720.0","22,752.0","22,712.5","","0.02%"
"02/08/2017","22,720.0","22,725.0","22,745.0","22,709.0","","0.00%"
"01/08/2017","22,720.0","22,727.0","22,747.0","22,711.0","","-0.03%"
"31/07/2017","22,726.0","22,732.0","22,761.0","22,711.5","","-0.01%"
"28/07/2017","22,728.0","22,729.0","22,748.5","22,714.5","","0.12%"
"27/07/2017","22,700.0","22,735.0","22,751.0","22,715.5","","-0.02%"
"26/07/2017","22,705.0","22,730.0","22,748.5","22,716.0","","-0.09%"
"25/07/2017","22,725.0","22,725.0","22,752.5","22,716.0","","0.07%"
"24/07/2017","22,710.0","22,735.0","22,752.5","22,715.0","","0.04%"
"21/07/2017","22,700.0","22,735.0","22,752.5","22,711.5","","-0.11%"
"20/07/2017","22,725.0","22,734.5","22,749.5","22,717.0","","-0.02%"
"19/07/2017","22,730.0","22,732.5","22,739.5","22,727.5","","0.07%"
"18/07/2017","22,715.0","22,728.0","22,744.0","22,709.5","","0.00%"
"17/07/2017","22,715.0","22,732.5","22,762.0","22,707.5","","0.04%"
"14/07/2017","22,705.0","22,730.5","22,751.0","22,714.0","","0.00%"
"13/07/2017","22,705.0","22,725.0","22,748.0","22,716.0","","0.00%"
"12/07/2017","22,705.0","22,732.0","22,755.0","22,711.0","","0.02%"
"11/07/2017","22,700.0","22,737.5","22,768.5","22,716.5","","-0.02%"
"10/07/2017","22,705.0","22,743.0","22,773.5","22,721.5","","0.00%"
"07/07/2017","22,705.0","22,745.0","22,762.0","22,721.5","","-0.11%"
"06/07/2017","22,730.0","22,742.5","22,757.0","22,724.5","","-0.02%"
"05/07/2017","22,735.0","22,741.0","22,759.0","22,719.5","","0.00%"
"04/07/2017","22,736.0","22,738.0","22,753.5","22,718.0","","0.00%"
"03/07/2017","22,735.0","22,735.0","22,752.5","22,717.0","","0.15%"
"30/06/2017","22,700.0","22,732.0","22,752.0","22,713.0","","-0.11%"
"29/06/2017","22,725.0","22,743.5","22,756.5","22,720.0","","0.00%"
"28/06/2017","22,725.0","22,737.5","22,761.0","22,718.5","","0.11%"
"27/06/2017","22,700.0","22,743.5","22,759.0","22,713.0","","-0.02%"
"26/06/2017","22,705.0","22,730.0","22,752.5","22,710.0","","-0.02%"
"23/06/2017","22,710.0","22,724.0","22,740.0","22,708.0","","0.18%"
"22/06/2017","22,670.0","22,697.5","22,741.0","22,687.5","","-0.02%"
"21/06/2017","22,675.0","22,725.0","22,743.0","22,696.5","","-0.20%"
"20/06/2017","22,720.0","22,685.0","22,740.5","22,685.0","","0.09%"
"19/06/2017","22,700.0","22,705.0","22,761.0","22,671.0","","0.07%"
"16/06/2017","22,685.0","22,684.0","22,700.0","22,668.0","","0.07%"
"15/06/2017","22,670.0","22,705.0","22,728.0","22,670.5","","-0.13%"
"14/06/2017","22,700.0","22,695.0","22,720.0","22,683.5","","0.04%"
"13/06/2017","22,690.0","22,695.0","22,716.5","22,675.0","","0.02%"
"12/06/2017","22,685.0","22,690.0","22,710.5","22,671.0","","0.04%"
"09/06/2017","22,675.0","22,690.0","22,709.0","22,670.0","","-0.04%"
"08/06/2017","22,685.0","22,695.0","22,767.5","22,673.0","","-0.07%"
"07/06/2017","22,700.0","22,715.0","22,740.5","22,686.0","","0.00%"
"06/06/2017","22,700.0","22,725.0","22,740.5","22,700.0","","0.00%"
"05/06/2017","22,700.0","22,705.0","22,728.5","22,695.0","","0.11%"
"02/06/2017","22,675.0","22,714.0","22,733.0","22,688.0","","-0.11%"
"01/06/2017","22,700.0","22,700.0","22,728.0","22,679.0","","-0.04%"
"31/05/2017","22,710.0","22,715.0","22,730.5","22,687.5","","0.04%"
"30/05/2017","22,700.0","22,725.0","22,776.5","22,691.0","","-0.18%"
"29/05/2017","22,740.0","22,735.0","22,762.0","22,637.5","","0.29%"
"26/05/2017","22,675.0","22,715.0","22,750.0","22,685.0","","0.22%"
"25/05/2017","22,625.0","22,685.0","22,706.5","22,654.0","","0.11%"
"24/05/2017","22,600.0","22,683.5","22,706.5","22,642.0","","-0.33%"
"23/05/2017","22,675.0","22,684.5","22,730.0","22,670.5","","0.22%"
"22/05/2017","22,625.0","22,697.0","22,748.0","22,660.5","","0.11%"
"19/05/2017","22,600.0","22,712.5","22,725.0","22,650.0","","-0.35%"
"18/05/2017","22,680.0","22,695.0","22,713.0","22,670.5","","0.22%"
"17/05/2017","22,630.0","22,681.5","22,702.0","22,656.5","","0.13%"
"16/05/2017","22,600.0","22,684.5","22,697.5","22,640.0","","-0.34%"
"15/05/2017","22,678.0","22,695.0","22,736.5","22,664.0","","-0.05%"
"12/05/2017","22,690.0","22,726.0","22,765.5","22,672.0","","-0.14%"
"11/05/2017","22,722.0","22,726.0","22,763.0","22,707.5","","-0.07%"
"10/05/2017","22,738.0","22,737.5","22,754.0","22,713.5","","0.04%"
"09/05/2017","22,730.0","22,735.5","22,752.5","22,716.5","","0.18%"
"08/05/2017","22,690.0","22,742.0","22,755.0","22,710.0","","-0.18%"
"05/05/2017","22,730.0","22,737.5","22,755.5","22,713.0","","-0.04%"
"04/05/2017","22,740.0","22,750.0","22,769.0","22,718.0","","0.00%"
"03/05/2017","22,740.0","22,743.5","22,762.0","22,718.0","","0.18%"
"02/05/2017","22,700.0","22,700.0","22,700.0","22,700.0","","0.00%"
"01/05/2017","22,700.0","22,750.0","22,762.5","22,740.0","","-0.18%"
"28/04/2017","22,740.0","22,727.5","22,755.0","22,709.5","","0.04%"
"27/04/2017","22,730.0","22,741.0","22,766.0","22,717.0","","0.09%"
"26/04/2017","22,710.0","22,751.0","22,769.5","22,697.5","","-0.22%"
"25/04/2017","22,760.0","22,740.0","22,770.0","22,707.5","","0.20%"
"24/04/2017","22,715.0","22,717.5","22,735.0","22,690.0","","0.29%"
"21/04/2017","22,650.0","22,730.0","22,767.5","22,682.0","","-0.18%"
"20/04/2017","22,690.0","22,734.0","22,763.5","22,712.0","","-0.19%"
"19/04/2017","22,734.0","22,776.5","22,787.5","22,705.0","","0.37%"
"18/04/2017","22,650.0","22,737.0","22,803.0","22,680.0","","-0.09%"
"17/04/2017","22,670.0","22,700.0","22,745.0","22,681.0","","-0.35%"
"14/04/2017","22,750.0","22,682.5","22,787.5","22,652.0","","0.71%"
"13/04/2017","22,590.0","22,665.0","22,725.0","22,634.0","","-0.35%"
"12/04/2017","22,670.0","22,672.5","22,687.0","22,646.0","","0.08%"
"11/04/2017","22,653.0","22,657.5","22,693.0","22,630.0","","0.26%"
"10/04/2017","22,595.0","22,673.0","22,722.5","22,632.5","","-0.04%"
"07/04/2017","22,605.0","22,713.5","22,733.5","22,632.5","","-0.15%"
"06/04/2017","22,640.0","22,707.5","22,707.5","22,690.0","","-0.18%"
"05/04/2017","22,680.0","22,691.5","22,735.0","22,676.5","","-0.04%"
"04/04/2017","22,690.0","22,775.0","22,780.5","22,681.0","","-0.18%"
"03/04/2017","22,730.0","22,761.0","22,797.0","22,720.0","","-0.09%"
"31/03/2017","22,750.0","22,769.0","22,784.0","22,737.5","","-0.07%"
"30/03/2017","22,765.0","22,774.0","22,786.5","22,738.5","","-0.04%"
"29/03/2017","22,773.0","22,774.0","22,805.0","22,751.0","","0.01%"
"28/03/2017","22,770.0","22,774.0","22,792.5","22,751.0","","-0.01%"
"27/03/2017","22,773.0","22,774.0","22,797.5","22,761.0","","-0.05%"
"24/03/2017","22,785.0","22,775.0","22,805.0","22,760.0","","-0.02%"
"23/03/2017","22,790.0","22,774.0","22,810.0","22,757.5","","0.07%"
"22/03/2017","22,773.0","22,772.0","22,789.0","22,760.5","","-0.03%"
"21/03/2017","22,780.0","22,783.0","22,812.0","22,766.0","","-0.04%"
"20/03/2017","22,790.0","22,792.5","22,830.0","22,772.0","","0.04%"
"17/03/2017","22,782.0","22,782.5","22,821.5","22,755.0","","0.05%"
"16/03/2017","22,770.0","22,770.0","22,821.5","22,752.5","","-0.24%"
"15/03/2017","22,825.0","22,820.0","22,837.5","22,792.5","","0.11%"
"14/03/2017","22,800.0","22,795.0","22,822.0","22,785.0","","0.00%"
"13/03/2017","22,800.0","22,800.0","22,836.0","22,780.0","","0.18%"
"10/03/2017","22,760.0","22,805.0","22,826.0","22,713.5","","-0.18%"
"09/03/2017","22,800.0","22,817.5","22,837.5","22,784.5","","0.02%"
"08/03/2017","22,795.0","22,798.0","22,810.0","22,774.5","","-0.02%"
"07/03/2017","22,800.0","22,807.5","22,822.5","22,781.0","","0.00%"
"06/03/2017","22,800.0","22,843.0","22,850.0","22,790.0","","-0.18%"
"03/03/2017","22,840.0","22,839.5","22,860.0","22,812.5","","0.11%"
"02/03/2017","22,815.0","22,820.0","22,840.0","22,765.5","","0.11%"
"01/03/2017","22,790.0","22,785.0","22,820.0","22,758.5","","0.18%"
"28/02/2017","22,750.0","22,760.0","22,817.5","22,740.0","","-0.12%"
"27/02/2017","22,777.0","22,830.0","22,842.5","22,767.5","","-0.17%"
"24/02/2017","22,815.0","22,830.0","22,850.0","22,802.0","","0.11%"
"23/02/2017","22,790.0","22,830.0","22,852.0","22,755.0","","-0.18%"
"22/02/2017","22,830.0","22,835.0","22,862.5","22,805.0","","0.00%"
"21/02/2017","22,830.0","22,830.5","22,845.0","22,797.5","","0.07%"
"20/02/2017","22,814.0","22,795.0","22,837.5","22,765.0","","0.24%"
"17/02/2017","22,760.0","22,755.0","22,805.0","22,710.0","","0.00%"
"16/02/2017","22,760.0","22,760.0","22,792.5","22,742.5","","-0.07%"
"15/02/2017","22,775.0","22,750.0","22,782.5","22,732.5","","0.15%"
"14/02/2017","22,740.0","22,720.0","22,750.0","22,662.0","","0.31%"
"13/02/2017","22,670.0","22,660.0","22,685.0","22,582.5","","0.13%"
"10/02/2017","22,640.0","22,645.0","22,672.5","22,582.5","","-0.11%"
"09/02/2017","22,665.0","22,675.0","22,695.0","22,657.5","","0.07%"
"08/02/2017","22,650.0","22,655.0","22,672.5","22,572.5","","0.27%"
"07/02/2017","22,590.0","22,585.0","22,615.0","22,567.5","","0.04%"
"06/02/2017","22,580.0","22,625.0","22,637.5","22,576.5","","-0.15%"
"03/02/2017","22,615.0","22,640.0","22,660.0","22,614.0","","-0.11%"
"02/02/2017","22,640.0","22,572.5","22,645.0","22,552.5","","0.22%"
"01/02/2017","22,590.0","22,590.0","22,590.0","22,590.0","","0.00%"
"31/01/2017","22,590.0","22,590.0","22,590.0","22,590.0","","0.00%"
"30/01/2017","22,590.0","22,590.0","22,590.0","22,590.0","","0.00%"
"27/01/2017","22,590.0","22,590.0","22,590.0","22,590.0","","0.00%"
"26/01/2017","22,590.0","22,590.0","22,590.0","22,590.0","","0.00%"
"25/01/2017","22,590.0","22,567.5","22,605.0","22,562.5","","0.09%"
"24/01/2017","22,570.0","22,567.5","22,585.0","22,545.0","","0.09%"
"23/01/2017","22,550.0","22,570.0","22,585.0","22,542.5","","-0.09%"
"20/01/2017","22,570.0","22,566.0","22,586.5","22,547.5","","0.03%"
"19/01/2017","22,564.0","22,569.0","22,574.0","22,562.5","","-0.04%"
"18/01/2017","22,572.0","22,575.0","22,586.0","22,555.0","","0.01%"
"17/01/2017","22,570.0","22,570.0","22,586.0","22,555.0","","0.00%"
"16/01/2017","22,570.0","22,560.0","22,585.0","22,544.5","","0.04%"
"13/01/2017","22,560.0","22,568.0","22,587.5","22,549.5","","-0.04%"
"12/01/2017","22,570.0","22,640.0","22,640.0","22,549.5","","0.00%"
"11/01/2017","22,570.0","22,572.5","22,591.0","22,551.5","","0.00%"
"10/01/2017","22,570.0","22,580.0","22,595.0","22,555.0","","-0.04%"
"09/01/2017","22,580.0","22,538.5","22,582.5","22,520.0","","0.09%"
"06/01/2017","22,560.0","22,572.5","22,595.0","22,547.5","","-0.51%"
"05/01/2017","22,675.0","22,775.0","22,777.5","22,637.5","","-0.22%"
"04/01/2017","22,725.0","22,734.0","22,748.0","22,700.0","","-0.09%"
"03/01/2017","22,745.0","22,760.0","22,775.0","22,725.0","","-0.11%"
"02/01/2017","22,770.0","22,770.0","22,770.0","22,770.0","","0.00%"
"30/12/2016","22,770.0","22,765.0","22,790.0","22,742.5","","-0.03%"
"29/12/2016","22,777.0","22,770.0","22,794.0","22,751.0","","0.03%"
"28/12/2016","22,770.0","22,766.5","22,785.0","22,749.0","","0.04%"
"27/12/2016","22,762.0","22,763.0","22,781.0","22,740.5","","0.00%"
"26/12/2016","22,762.0","22,760.0","22,782.5","22,730.5","","0.03%"
"23/12/2016","22,755.0","22,762.0","22,779.0","22,735.0","","-0.02%"
"22/12/2016","22,759.0","22,758.5","22,763.0","22,757.0","","-0.03%"
"21/12/2016","22,766.0","22,767.0","22,783.5","22,754.0","","0.03%"
"20/12/2016","22,760.0","22,750.0","22,779.0","22,737.0","","0.02%"
"19/12/2016","22,755.0","22,760.0","22,766.0","22,755.0","","0.04%"
"16/12/2016","22,745.0","22,755.0","22,757.5","22,750.0","","0.02%"
"15/12/2016","22,740.0","22,747.5","22,765.0","22,719.0","","0.13%"
"14/12/2016","22,710.0","22,732.5","22,745.0","22,626.5","","0.24%"
"13/12/2016","22,655.0","22,665.0","22,678.0","22,595.0","","0.15%"
"12/12/2016","22,620.0","22,650.0","22,667.5","22,612.5","","0.15%"
"09/12/2016","22,585.0","22,615.0","22,620.0","22,570.0","","-0.20%"
"08/12/2016","22,630.0","22,643.0","22,700.0","22,627.0","","-0.22%"
"07/12/2016","22,680.0","22,720.0","22,747.5","22,692.5","","-0.18%"
"06/12/2016","22,720.0","22,730.0","22,750.0","22,709.0","","0.04%"
"05/12/2016","22,710.0","22,710.0","22,735.0","22,660.0","","0.22%"
"02/12/2016","22,660.0","22,685.0","22,730.0","22,669.0","","-0.09%"
"01/12/2016","22,680.0","22,692.5","22,715.0","22,675.0","","0.18%"
"30/11/2016","22,640.0","22,680.0","22,692.5","22,645.0","","-0.13%"
"29/11/2016","22,670.0","22,715.0","22,735.0","22,660.0","","-0.13%"
"28/11/2016","22,700.0","22,717.5","22,750.0","22,690.0","","-0.11%"
"25/11/2016","22,725.0","22,752.5","22,780.0","22,660.0","","-0.15%"
"24/11/2016","22,760.0","22,757.5","22,777.5","22,666.0","","0.91%"
"23/11/2016","22,554.0","22,625.0","22,667.5","22,594.5","","0.34%"
"22/11/2016","22,478.0","22,520.0","22,563.0","22,508.0","","-0.36%"
"21/11/2016","22,560.0","22,550.0","22,575.0","22,522.5","","0.46%"
"18/11/2016","22,456.0","22,550.0","22,590.0","22,470.0","","0.40%"
"17/11/2016","22,366.0","22,362.5","22,437.0","22,362.5","","-0.07%"
"16/11/2016","22,381.0","22,362.5","22,406.5","22,354.5","","0.33%"
"15/11/2016","22,307.0","22,300.0","22,372.0","22,300.0","","0.01%"
"14/11/2016","22,304.0","22,335.0","22,365.0","22,290.0","","-0.07%"
"11/11/2016","22,320.0","22,331.5","22,340.0","22,304.0","","0.20%"
"10/11/2016","22,275.0","22,325.5","22,355.0","22,295.0","","0.03%"
"09/11/2016","22,268.0","22,335.5","22,361.0","22,301.5","","-0.20%"
"08/11/2016","22,312.0","22,334.0","22,358.5","22,322.0","","0.08%"
"07/11/2016","22,295.0","22,308.5","22,352.5","22,290.0","","0.12%"
"04/11/2016","22,268.0","22,322.5","22,346.5","22,296.0","","0.00%"
"03/11/2016","22,268.0","22,326.0","22,345.5","22,293.8","","0.00%"
"02/11/2016","22,268.0","22,319.0","22,342.5","22,293.8","","-0.07%"
"01/11/2016","22,284.0","22,323.0","22,346.5","22,303.5","","0.00%"
"31/10/2016","22,284.0","22,322.0","22,341.5","22,303.5","","0.00%"
"28/10/2016","22,283.0","22,325.0","22,344.0","22,304.0","","-0.19%"
"27/10/2016","22,325.0","22,333.0","22,352.0","22,317.0","","0.05%"
"26/10/2016","22,313.0","22,337.0","22,356.0","22,309.5","","0.13%"
"25/10/2016","22,283.0","22,337.5","22,354.0","22,299.0","","0.08%"
"24/10/2016","22,265.0","22,315.0","22,339.5","22,287.5","","-0.04%"
"21/10/2016","22,273.0","22,310.0","22,337.5","22,283.0","","0.07%"
"20/10/2016","22,258.0","22,306.5","22,330.0","22,281.0","","0.01%"
"19/10/2016","22,255.0","22,307.3","22,329.0","22,281.3","","-0.04%"
"18/10/2016","22,265.0","22,307.5","22,328.3","22,280.5","","-0.19%"
"17/10/2016","22,308.0","22,305.0","22,324.5","22,291.8","","0.23%"
"14/10/2016","22,256.0","22,307.5","22,327.0","22,280.0","","0.01%"
"13/10/2016","22,253.0","22,307.5","22,326.0","22,277.0","","0.02%"
"12/10/2016","22,248.0","22,303.5","22,323.0","22,275.0","","-0.04%"
"11/10/2016","22,258.0","22,303.5","22,322.0","22,277.0","","-0.17%"
"10/10/2016","22,295.0","22,303.5","22,319.0","22,285.5","","0.19%"
"07/10/2016","22,253.0","22,307.0","22,322.5","22,278.0","","0.00%"
"06/10/2016","22,253.0","22,305.0","22,323.5","22,279.0","","-0.10%"
"05/10/2016","22,275.0","22,307.0","22,325.5","22,290.3","","-0.04%"
"04/10/2016","22,283.0","22,305.0","22,326.0","22,291.0","","-0.09%"
"03/10/2016","22,304.0","22,304.5","22,324.5","22,281.5","","0.10%"
"30/09/2016","22,281.0","22,304.5","22,324.5","22,282.5","","0.00%"
"29/09/2016","22,280.0","22,311.5","22,328.0","22,281.8","","-0.05%"
"28/09/2016","22,291.0","22,311.5","22,332.5","22,286.0","","0.06%"
"27/09/2016","22,278.0","22,311.5","22,339.0","22,286.0","","-0.05%"
"26/09/2016","22,289.0","22,323.0","22,340.0","22,296.0","","0.00%"
"23/09/2016","22,289.0","22,311.5","22,330.0","22,281.0","","0.03%"
"22/09/2016","22,283.0","22,316.0","22,336.5","22,291.5","","-0.07%"
"21/09/2016","22,298.0","22,316.0","22,351.0","22,296.5","","0.10%"
"20/09/2016","22,276.0","22,310.0","22,336.5","22,288.5","","0.07%"
"19/09/2016","22,261.0","22,301.5","22,333.0","22,281.0","","-0.12%"
"16/09/2016","22,288.0","22,310.0","22,330.5","22,285.0","","0.02%"
"15/09/2016","22,283.0","22,309.5","22,329.5","22,279.5","","0.11%"
"14/09/2016","22,258.0","22,309.5","22,326.5","22,267.0","","-0.09%"
"13/09/2016","22,278.0","22,300.0","22,318.5","22,285.5","","0.23%"
"12/09/2016","22,226.0","22,301.5","22,318.0","22,263.5","","-0.23%"
"09/09/2016","22,277.0","22,300.0","22,315.5","22,285.3","","0.10%"
"08/09/2016","22,255.0","22,295.0","22,317.5","22,274.0","","-0.10%"
"07/09/2016","22,277.0","22,300.0","22,312.5","22,288.0","","0.00%"
"06/09/2016","22,276.0","22,295.0","22,315.5","22,275.5","","-0.11%"
"05/09/2016","22,301.0","22,307.5","22,320.0","22,281.0","","0.22%"
"02/09/2016","22,251.0","22,292.5","22,294.5","22,281.5","","-0.10%"
"01/09/2016","22,273.0","22,302.0","22,320.0","22,285.5","","-0.12%"
"31/08/2016","22,300.0","22,300.0","22,323.5","22,281.0","","0.23%"
"30/08/2016","22,248.0","22,307.5","22,335.5","22,278.5","","0.00%"
"29/08/2016","22,248.0","22,301.0","22,335.5","22,275.0","","-0.16%"
"26/08/2016","22,283.0","22,304.5","22,331.5","22,281.0","","0.02%"
"25/08/2016","22,278.0","22,295.0","22,328.3","22,280.0","","0.01%"
"24/08/2016","22,276.0","22,295.0","22,324.5","22,274.0","","0.00%"
"23/08/2016","22,275.0","22,299.5","22,323.5","22,274.0","","0.12%"
"22/08/2016","22,248.0","22,300.0","22,321.8","22,263.0","","0.00%"
"19/08/2016","22,248.0","22,305.0","22,319.8","22,274.0","","-0.04%"
"18/08/2016","22,257.0","22,300.5","22,316.3","22,278.5","","-0.10%"
"17/08/2016","22,279.0","22,302.0","22,315.8","22,285.0","","0.00%"
"16/08/2016","22,278.0","22,299.5","22,315.0","22,280.0","","0.00%"
"15/08/2016","22,278.0","22,300.0","22,332.5","22,280.0","","-0.09%"
"12/08/2016","22,298.0","22,319.0","22,330.0","22,289.0","","0.09%"
"11/08/2016","22,278.0","22,299.5","22,329.0","22,288.0","","0.01%"
"10/08/2016","22,276.0","22,295.0","22,326.0","22,280.0","","0.01%"
"09/08/2016","22,273.0","22,295.0","22,324.0","22,269.0","","0.16%"
"08/08/2016","22,238.0","22,301.5","22,322.5","22,267.0","","-0.26%"
"05/08/2016","22,295.0","22,295.0","22,315.0","22,280.0","","0.16%"
"04/08/2016","22,260.0","22,299.5","22,315.0","22,280.0","","0.12%"
"03/08/2016","22,234.0","22,295.0","22,318.5","22,267.5","","-0.20%"
"02/08/2016","22,278.0","22,300.5","22,319.0","22,255.0","","0.11%"
"01/08/2016","22,253.0","22,295.0","22,315.0","22,275.5","","-0.09%"
"29/07/2016","22,273.0","22,300.5","22,313.0","22,285.5","","-0.02%"
"28/07/2016","22,278.0","22,298.5","22,315.0","22,284.5","","-0.10%"
"27/07/2016","22,300.0","22,305.0","22,316.0","22,285.5","","0.10%"
"26/07/2016","22,278.0","22,301.5","22,313.5","22,290.0","","0.00%"
"25/07/2016","22,278.0","22,304.5","22,310.5","22,291.5","","-0.02%"
"22/07/2016","22,282.0","22,301.5","22,306.5","22,290.5","","0.01%"
"21/07/2016","22,280.0","22,305.0","22,317.3","22,286.5","","0.14%"
"20/07/2016","22,248.0","22,302.5","22,319.5","22,275.5","","-0.10%"
"19/07/2016","22,270.0","22,302.0","22,316.0","22,285.5","","-0.04%"
"18/07/2016","22,278.0","22,302.5","22,316.0","22,285.5","","0.00%"
"15/07/2016","22,278.0","22,300.5","22,326.0","22,269.5","","0.00%"
"14/07/2016","22,277.0","22,301.5","22,309.5","22,289.5","","-0.01%"
"13/07/2016","22,279.0","22,300.5","22,323.0","22,290.5","","0.11%"
"12/07/2016","22,254.0","22,300.5","22,318.5","22,277.5","","-0.09%"
"11/07/2016","22,273.0","22,304.0","22,308.5","22,286.5","","-0.01%"
"08/07/2016","22,275.0","22,300.0","22,305.0","22,287.5","","-0.01%"
"07/07/2016","22,278.0","22,302.5","22,336.0","22,290.5","","0.00%"
"06/07/2016","22,278.0","22,322.5","22,337.5","22,292.0","","-0.12%"
"05/07/2016","22,305.0","22,307.5","22,310.5","22,303.0","","0.00%"
"04/07/2016","22,305.0","22,306.0","22,310.5","22,303.0","","0.11%"
"01/07/2016","22,281.0","22,304.0","22,335.5","22,292.0","","0.00%"
"30/06/2016","22,281.0","22,304.5","22,337.0","22,281.5","","0.10%"
"29/06/2016","22,258.0","22,311.5","22,335.0","22,285.5","","-0.03%"
"28/06/2016","22,265.0","22,317.5","22,350.5","22,285.5","","-0.22%"
"27/06/2016","22,313.0","22,301.5","22,362.0","22,280.5","","0.11%"
"24/06/2016","22,288.0","22,301.5","22,352.5","22,280.5","","0.03%"
"23/06/2016","22,281.0","22,302.5","22,318.5","22,287.5","","0.11%"
"22/06/2016","22,257.0","22,303.0","22,317.5","22,278.5","","-0.29%"
"21/06/2016","22,322.0","22,300.0","22,415.0","22,285.0","","0.00%"
"20/06/2016","22,322.0","22,300.0","22,428.0","22,295.0","","0.00%"
"17/06/2016","22,322.0","22,302.5","22,415.0","22,285.5","","0.27%"
"16/06/2016","22,262.0","22,320.0","22,332.5","22,285.0","","-0.27%"
"15/06/2016","22,322.0","22,317.5","22,415.0","22,299.0","","-0.10%"
"14/06/2016","22,344.0","22,352.5","22,436.0","22,288.0","","0.00%"
"13/06/2016","22,344.0","22,325.0","22,436.0","22,307.5","","0.11%"
"10/06/2016","22,320.0","22,335.0","22,357.5","22,317.5","","0.11%"
"09/06/2016","22,296.0","22,357.5","22,372.5","22,320.0","","0.04%"
"08/06/2016","22,288.0","22,340.0","22,367.5","22,310.5","","-0.13%"
"07/06/2016","22,318.0","22,397.5","22,397.5","22,329.5","","-0.13%"
"06/06/2016","22,348.0","22,370.0","22,474.5","22,340.0","","-0.18%"
"03/06/2016","22,388.0","22,439.5","22,458.5","22,389.5","","0.11%"
"02/06/2016","22,364.0","22,455.0","22,470.5","22,400.5","","-0.20%"
"01/06/2016","22,409.0","22,428.0","22,461.0","22,410.0","","0.19%"
"31/05/2016","22,366.0","22,395.0","22,412.5","22,376.0","","-0.22%"
"30/05/2016","22,415.0","22,415.0","22,437.5","22,390.5","","0.20%"
"27/05/2016","22,370.0","22,380.0","22,401.0","22,367.5","","0.06%"
"26/05/2016","22,356.0","22,357.5","22,382.5","22,315.5","","0.22%"
"25/05/2016","22,306.0","22,342.5","22,357.0","22,313.5","","-0.01%"
"24/05/2016","22,309.0","22,321.5","22,333.5","22,293.0","","0.15%"
"23/05/2016","22,276.0","22,317.5","22,323.0","22,295.0","","-0.17%"
"20/05/2016","22,315.0","22,316.0","22,320.0","22,315.0","","0.01%"
"19/05/2016","22,313.0","22,307.5","22,317.5","22,307.5","","0.36%"
"18/05/2016","22,234.0","22,307.5","22,316.0","22,269.0","","-0.20%"
"17/05/2016","22,278.0","22,307.5","22,323.5","22,287.0","","0.20%"
"16/05/2016","22,234.0","22,317.5","22,370.0","22,267.5","","-0.34%"
"13/05/2016","22,310.0","22,276.5","22,321.5","22,276.0","","0.04%"
"12/05/2016","22,300.0","22,295.0","22,322.0","22,278.5","","0.22%"
"11/05/2016","22,252.0","22,300.0","22,301.5","22,271.5","","-0.09%"
"10/05/2016","22,271.0","22,294.5","22,314.0","22,268.0","","0.09%"
"09/05/2016","22,251.0","22,287.5","22,302.5","22,265.5","","0.04%"
"06/05/2016","22,241.0","22,294.5","22,311.5","22,266.5","","0.06%"
"05/05/2016","22,228.0","22,290.0","22,320.5","22,259.0","","0.00%"
"04/05/2016","22,228.0","22,287.5","22,322.5","22,259.0","","0.00%"
"03/05/2016","22,228.0","22,279.0","22,297.0","22,279.0","","0.03%"
"02/05/2016","22,222.0","22,295.0","22,310.5","22,257.0","","-0.10%"
"29/04/2016","22,244.0","22,292.5","22,316.0","22,266.0","","-0.15%"
"28/04/2016","22,278.0","22,293.5","22,303.5","22,279.0","","0.15%"
"27/04/2016","22,244.0","22,297.5","22,306.0","22,267.5","","-0.04%"
"26/04/2016","22,254.0","22,304.0","22,305.0","22,272.0","","-0.10%"
"25/04/2016","22,276.0","22,300.0","22,305.0","22,277.5","","0.04%"
"22/04/2016","22,266.0","22,288.5","22,342.5","22,274.5","","0.00%"
"21/04/2016","22,266.0","22,288.5","22,341.0","22,277.5","","-0.02%"
"20/04/2016","22,271.0","22,294.5","22,345.5","22,277.0","","0.00%"
"19/04/2016","22,272.0","22,305.0","22,352.5","22,277.5","","-0.04%"
"18/04/2016","22,282.0","22,339.0","22,342.0","22,337.0","","0.00%"
"15/04/2016","22,282.0","22,325.0","22,361.0","22,287.5","","-0.03%"
"14/04/2016","22,288.0","22,325.0","22,359.0","22,275.0","","0.04%"
"13/04/2016","22,278.0","22,295.0","22,349.0","22,276.5","","0.18%"
"12/04/2016","22,238.0","22,290.0","22,348.5","22,260.5","","-0.21%"
"11/04/2016","22,285.0","22,347.5","22,348.0","22,288.0","","-0.02%"
"08/04/2016","22,289.0","22,289.0","22,295.0","22,287.3","","0.13%"
"07/04/2016","22,260.0","22,300.0","22,320.0","22,274.8","","-0.02%"
"06/04/2016","22,265.0","22,295.0","22,314.8","22,280.0","","-0.04%"
"05/04/2016","22,274.0","22,295.0","22,346.5","22,278.5","","0.00%"
"04/04/2016","22,273.0","22,295.0","22,346.5","22,276.5","","0.00%"
"01/04/2016","22,272.0","22,291.5","22,343.5","22,282.0","","0.04%"
"31/03/2016","22,264.0","22,289.5","22,343.5","22,277.0","","0.16%"
"30/03/2016","22,228.0","22,297.0","22,341.5","22,261.5","","-0.33%"
"29/03/2016","22,301.0","22,309.0","22,363.5","22,301.5","","0.00%"
"28/03/2016","22,301.0","22,302.0","22,363.5","22,295.0","","0.00%"
"25/03/2016","22,300.0","22,325.0","22,345.0","22,301.5","","-0.10%"
"24/03/2016","22,323.0","22,347.5","22,376.0","22,288.5","","-0.10%"
"23/03/2016","22,345.0","22,363.0","22,380.0","22,287.5","","0.25%"
"22/03/2016","22,290.0","22,295.0","22,307.5","22,290.0","","0.10%"
"21/03/2016","22,268.0","22,292.0","22,300.5","22,280.0","","-0.01%"
"18/03/2016","22,270.0","22,290.0","22,314.0","22,264.5","","0.10%"
"17/03/2016","22,247.0","22,291.0","22,296.5","22,269.5","","-0.19%"
"16/03/2016","22,290.0","22,295.0","22,298.5","22,292.5","","0.04%"
"15/03/2016","22,282.0","22,295.5","22,297.0","22,287.0","","0.06%"
"14/03/2016","22,268.0","22,290.0","22,309.5","22,254.5","","0.13%"
"11/03/2016","22,238.0","22,290.0","22,307.5","22,254.5","","0.09%"
"10/03/2016","22,219.0","22,296.0","22,308.0","22,254.5","","-0.24%"
"09/03/2016","22,273.0","22,375.0","22,375.0","22,284.5","","-0.01%"
"08/03/2016","22,276.0","22,302.5","22,303.5","22,285.0","","0.02%"
"07/03/2016","22,272.0","22,294.0","22,368.5","22,281.0","","0.24%"
"04/03/2016","22,219.0","22,294.5","22,325.5","22,254.5","","-0.22%"
"03/03/2016","22,268.0","22,297.5","22,317.0","22,273.5","","-0.19%"
"02/03/2016","22,310.0","22,315.0","22,332.0","22,292.0","","0.06%"
"01/03/2016","22,297.0","22,302.5","22,317.0","22,284.0","","0.09%"
"29/02/2016","22,277.0","22,375.0","22,400.0","22,282.0","","-0.07%"
"26/02/2016","22,293.0","22,322.5","22,369.0","22,265.5","","-0.04%"
"25/02/2016","22,301.0","22,315.0","22,366.5","22,307.5","","-0.21%"
"24/02/2016","22,348.0","22,377.5","22,398.5","22,344.5","","0.06%"
"23/02/2016","22,335.0","22,371.5","22,397.5","22,344.0","","-0.10%"
"22/02/2016","22,358.0","22,358.0","22,402.0","22,337.5","","0.11%"
"19/02/2016","22,333.0","22,357.5","22,392.5","22,323.5","","0.08%"
"18/02/2016","22,316.0","22,365.0","22,397.5","22,343.0","","-0.18%"
"17/02/2016","22,356.0","22,371.5","22,421.5","22,364.5","","0.04%"
"16/02/2016","22,348.0","22,371.5","22,403.5","22,360.5","","0.08%"
"15/02/2016","22,330.0","22,320.0","22,385.0","22,320.0","","0.38%"
"12/02/2016","22,246.0","22,286.0","22,319.0","22,286.0","","0.14%"
"11/02/2016","22,214.0","22,286.0","22,287.0","22,275.0","","0.00%"
"10/02/2016","22,214.0","22,286.0","22,288.0","22,275.0","","0.10%"
"09/02/2016","22,192.0","22,286.0","22,288.0","22,264.0","","-0.10%"
"08/02/2016","22,214.0","22,286.0","22,287.0","22,275.0","","-0.10%"
"05/02/2016","22,236.0","22,288.5","22,325.5","22,262.5","","-0.23%"
"04/02/2016","22,288.0","22,289.5","22,300.0","22,284.5","","0.31%"
"03/02/2016","22,219.0","22,294.0","22,314.5","22,257.0","","-0.20%"
"02/02/2016","22,263.0","22,215.0","22,310.0","22,213.5","","0.12%"
"01/02/2016","22,236.0","22,230.0","22,293.0","22,206.0","","0.17%"
"29/01/2016","22,198.0","22,233.5","22,257.5","22,214.0","","0.12%"
"28/01/2016","22,171.0","22,257.5","22,300.0","22,213.0","","-0.44%"
"27/01/2016","22,268.0","22,305.0","22,330.0","22,284.0","","-0.16%"
"26/01/2016","22,303.0","22,358.0","22,387.5","22,296.5","","-0.05%"
"25/01/2016","22,314.0","22,430.5","22,476.0","22,348.5","","-0.35%"
"22/01/2016","22,392.0","22,410.0","22,477.0","22,381.0","","0.25%"
"21/01/2016","22,336.0","22,423.0","22,475.0","22,376.5","","-0.27%"
"20/01/2016","22,396.0","22,425.0","22,477.0","22,408.0","","0.02%"
"19/01/2016","22,392.0","22,422.5","22,477.0","22,401.0","","0.12%"
"18/01/2016","22,365.0","22,430.5","22,467.5","22,376.5","","-0.22%"
"15/01/2016","22,415.0","22,437.5","22,479.5","22,409.0","","-0.09%"
"14/01/2016","22,436.0","22,416.5","22,493.5","22,409.0","","0.19%"
"13/01/2016","22,393.0","22,429.5","22,475.0","22,392.5","","-0.16%"
"12/01/2016","22,428.0","22,467.5","22,482.0","22,390.0","","0.04%"
"11/01/2016","22,418.0","22,475.0","22,505.0","22,419.5","","-0.04%"
"08/01/2016","22,426.0","22,475.5","22,489.0","22,450.5","","-0.01%"
"07/01/2016","22,428.0","22,495.0","22,510.0","22,445.0","","-0.16%"
"06/01/2016","22,465.0","22,472.5","22,507.5","22,465.0","","0.03%"
"05/01/2016","22,458.0","22,505.0","22,507.0","22,445.0","","0.15%"
"04/01/2016","22,424.0","22,490.0","22,524.5","22,438.0","","-0.25%"
"01/01/2016","22,480.0","22,480.0","22,480.0","22,480.0","","0.00%"
"31/12/2015","22,480.0","22,462.0","22,505.0","22,461.5","","0.33%"
"30/12/2015","22,406.0","22,465.0","22,546.0","22,434.5","","-0.28%"
"29/12/2015","22,470.0","22,482.5","22,493.5","22,467.5","","-0.21%"
"28/12/2015","22,517.0","22,480.0","22,532.0","22,463.5","","-0.10%"
"25/12/2015","22,540.0","22,543.5","22,546.0","22,537.0","","0.10%"
"24/12/2015","22,517.0","22,470.0","22,546.5","22,470.0","","0.00%"
"23/12/2015","22,517.0","22,546.0","22,546.5","22,532.0","","-0.13%"
"22/12/2015","22,546.0","22,546.0","22,546.5","22,543.5","","0.00%"
"21/12/2015","22,545.0","22,543.5","22,546.5","22,532.0","","0.22%"
"18/12/2015","22,496.0","22,538.5","22,548.0","22,521.5","","-0.01%"
"17/12/2015","22,499.0","22,544.5","22,548.5","22,523.0","","-0.08%"
"16/12/2015","22,517.0","22,543.5","22,546.5","22,532.0","","-0.06%"
"15/12/2015","22,530.0","22,543.5","22,580.0","22,537.5","","0.13%"
"14/12/2015","22,500.0","22,484.0","22,546.0","22,484.0","","0.04%"
"11/12/2015","22,490.0","22,486.0","22,500.0","22,477.5","","0.09%"
"10/12/2015","22,470.0","22,482.5","22,488.5","22,475.0","","0.00%"
"09/12/2015","22,470.0","22,475.0","22,494.5","22,457.5","","0.04%"
"08/12/2015","22,460.0","22,471.0","22,476.5","22,460.0","","-0.07%"
"07/12/2015","22,475.0","22,478.5","22,486.0","22,453.5","","0.02%"
"04/12/2015","22,470.0","22,488.0","22,503.5","22,462.5","","-0.04%"
"03/12/2015","22,480.0","22,492.5","22,498.0","22,472.5","","-0.07%"
"02/12/2015","22,495.0","22,500.0","22,505.0","22,487.5","","0.03%"
"01/12/2015","22,488.0","22,502.5","22,522.5","22,482.5","","0.09%"
"30/11/2015","22,468.0","22,488.5","22,522.5","22,470.0","","-0.03%"
"27/11/2015","22,475.0","22,487.5","22,492.5","22,477.5","","-0.02%"
"26/11/2015","22,480.0","22,483.0","22,515.0","22,465.0","","0.05%"
"25/11/2015","22,468.0","22,514.5","22,528.5","22,468.5","","0.00%"
"24/11/2015","22,468.0","22,490.5","22,517.5","22,471.5","","-0.08%"
"23/11/2015","22,485.0","22,417.0","22,500.0","22,417.0","","0.09%"
"20/11/2015","22,465.0","22,473.0","22,492.0","22,452.5","","-0.02%"
"19/11/2015","22,470.0","22,475.0","22,486.0","22,450.0","","0.18%"
"18/11/2015","22,430.0","22,470.0","22,486.0","22,450.0","","-0.18%"
"17/11/2015","22,470.0","22,477.5","22,478.5","22,442.5","","0.18%"
"16/11/2015","22,430.0","22,417.0","22,452.0","22,416.5","","0.07%"
"13/11/2015","22,415.0","22,417.5","22,428.0","22,387.5","","0.09%"
"12/11/2015","22,395.0","22,402.5","22,421.0","22,377.5","","0.07%"
"11/11/2015","22,380.0","22,402.5","22,410.5","22,377.5","","-0.04%"
"10/11/2015","22,390.0","22,417.5","22,420.0","22,400.5","","-0.13%"
"09/11/2015","22,420.0","22,341.0","22,427.5","22,341.0","","0.29%"
"06/11/2015","22,356.0","22,343.5","22,364.0","22,322.5","","0.19%"
"05/11/2015","22,313.0","22,325.5","22,357.0","22,318.5","","0.00%"
"04/11/2015","22,312.0","22,327.5","22,357.5","22,308.5","","-0.02%"
"03/11/2015","22,316.0","22,350.0","22,363.0","22,294.0","","0.08%"
"02/11/2015","22,298.0","22,316.5","22,349.5","22,287.5","","-0.05%"
"30/10/2015","22,309.0","22,317.5","22,341.0","22,299.0","","-0.02%"
"29/10/2015","22,313.0","22,335.0","22,350.0","22,305.0","","0.04%"
"28/10/2015","22,304.0","22,297.5","22,337.5","22,292.5","","-0.01%"
"27/10/2015","22,306.0","22,312.5","22,347.5","22,302.5","","0.04%"
"26/10/2015","22,298.0","22,315.0","22,395.0","22,302.5","","-0.38%"
"23/10/2015","22,384.0","22,303.5","22,397.0","22,275.0","","0.48%"
"22/10/2015","22,276.0","22,300.0","22,320.0","22,279.0","","-0.48%"
"21/10/2015","22,384.0","22,298.0","22,397.0","22,287.5","","0.01%"
"20/10/2015","22,382.0","22,325.0","22,398.0","22,302.5","","-0.02%"
"19/10/2015","22,386.0","22,277.5","22,396.0","22,275.0","","0.67%"
"16/10/2015","22,236.0","22,330.0","22,340.0","22,258.0","","-0.66%"
"15/10/2015","22,384.0","22,395.0","22,400.5","22,325.0","","-0.03%"
"14/10/2015","22,390.0","22,405.0","22,425.0","22,385.0","","0.03%"
"13/10/2015","22,384.0","22,400.0","22,418.0","22,390.0","","0.24%"
"12/10/2015","22,330.0","22,175.0","22,422.5","22,165.0","","0.62%"
"09/10/2015","22,193.0","22,170.0","22,244.5","22,140.0","","0.09%"
"08/10/2015","22,174.0","22,277.5","22,334.0","22,162.0","","-1.30%"
"07/10/2015","22,467.0","22,419.5","22,521.0","22,404.0","","-0.01%"
"06/10/2015","22,469.0","22,519.0","22,520.5","22,443.0","","-0.03%"
"05/10/2015","22,476.0","22,477.5","22,496.0","22,464.0","","0.03%"
"02/10/2015","22,470.0","22,519.0","22,522.5","22,464.0","","0.00%"
"01/10/2015","22,471.0","22,477.5","22,521.5","22,460.0","","0.00%"
"30/09/2015","22,471.0","22,483.0","22,524.5","22,465.0","","0.03%"
"29/09/2015","22,464.0","22,496.5","22,533.0","22,462.0","","-0.04%"
"28/09/2015","22,473.0","22,490.0","22,532.0","22,457.5","","0.01%"
"25/09/2015","22,471.0","22,495.0","22,530.5","22,467.5","","-0.05%"
"24/09/2015","22,483.0","22,480.0","22,498.5","22,467.5","","0.02%"
"23/09/2015","22,478.0","22,474.0","22,525.5","22,462.5","","0.02%"
"22/09/2015","22,473.0","22,471.0","22,521.0","22,456.0","","0.07%"
"21/09/2015","22,458.0","22,474.0","22,526.5","22,454.0","","0.00%"
"18/09/2015","22,458.0","22,472.5","22,520.5","22,446.0","","-0.16%"
"17/09/2015","22,493.0","22,507.5","22,522.5","22,487.5","","0.07%"
"16/09/2015","22,478.0","22,498.5","22,528.0","22,449.5","","-0.11%"
"15/09/2015","22,503.0","22,487.0","22,533.0","22,456.5","","0.37%"
"14/09/2015","22,419.0","22,477.0","22,544.5","22,448.5","","-0.49%"
"11/09/2015","22,530.0","22,544.5","22,546.5","22,460.0","","0.00%"
"10/09/2015","22,530.0","22,544.5","22,545.5","22,466.0","","0.27%"
"09/09/2015","22,470.0","22,484.5","22,497.0","22,462.5","","-0.28%"
"08/09/2015","22,532.0","22,468.0","22,546.5","22,459.5","","0.29%"
"07/09/2015","22,467.0","22,468.0","22,496.0","22,459.5","","-0.01%"
"04/09/2015","22,470.0","22,480.0","22,493.0","22,464.5","","0.04%"
"03/09/2015","22,460.0","22,497.5","22,507.5","22,467.0","","-0.07%"
"02/09/2015","22,475.0","22,475.0","22,475.0","22,475.0","","0.00%"
"01/09/2015","22,475.0","22,478.5","22,502.5","22,460.0","","-0.02%"
"31/08/2015","22,480.0","22,468.0","22,490.0","22,454.5","","0.09%"
"28/08/2015","22,460.0","22,544.5","22,548.5","22,452.5","","-0.33%"
"27/08/2015","22,534.0","22,544.5","22,546.5","22,468.5","","0.00%"
"26/08/2015","22,534.0","22,546.0","22,550.5","22,520.0","","-0.01%"
"25/08/2015","22,536.0","22,546.0","22,572.5","22,502.5","","0.00%"
"24/08/2015","22,536.0","22,475.0","22,549.0","22,455.0","","0.21%"
"21/08/2015","22,488.0","22,375.0","22,519.5","22,355.0","","0.56%"
"20/08/2015","22,363.0","22,400.0","22,412.0","22,365.0","","0.00%"
"19/08/2015","22,364.0","22,095.0","22,422.0","22,091.5","","1.26%"
"18/08/2015","22,085.0","22,095.5","22,102.5","22,091.0","","-0.02%"
"17/08/2015","22,090.0","22,095.5","22,100.5","22,087.5","","-0.03%"
"14/08/2015","22,096.0","22,065.0","22,107.0","22,065.0","","0.06%"
"13/08/2015","22,082.0","22,042.5","22,125.0","22,042.5","","0.29%"
"12/08/2015","22,018.0","21,823.0","22,070.0","21,818.5","","0.91%"
"11/08/2015","21,819.0","21,815.0","21,862.5","21,808.5","","0.03%"
"10/08/2015","21,812.0","21,815.5","21,824.5","21,808.0","","0.03%"
"07/08/2015","21,806.0","21,817.0","21,820.0","21,810.0","","0.01%"
"06/08/2015","21,803.0","21,817.5","21,829.0","21,797.5","","-0.04%"
"05/08/2015","21,812.0","21,815.0","21,830.5","21,812.0","","0.01%"
"04/08/2015","21,809.0","21,815.5","21,827.5","21,792.5","","0.01%"
"03/08/2015","21,807.0","21,816.5","21,823.0","21,809.5","","-0.03%"
"31/07/2015","21,813.0","21,819.0","21,821.5","21,811.5","","0.01%"
"30/07/2015","21,811.0","21,819.0","21,827.5","21,801.5","","-0.02%"
"29/07/2015","21,815.0","21,819.0","21,822.5","21,817.5","","0.01%"
"28/07/2015","21,813.0","21,820.0","21,823.5","21,813.0","","0.00%"
"27/07/2015","21,814.0","21,815.0","21,834.0","21,812.0","","0.03%"
"24/07/2015","21,808.0","21,817.0","21,829.0","21,806.5","","0.00%"
"23/07/2015","21,808.0","21,822.0","21,828.0","21,810.5","","-0.03%"
"22/07/2015","21,814.0","21,820.5","21,825.0","21,814.5","","0.01%"
"21/07/2015","21,811.0","21,821.0","21,823.5","21,814.5","","-0.02%"
"20/07/2015","21,816.0","21,816.5","21,826.0","21,808.5","","0.03%"
"17/07/2015","21,809.0","21,814.5","21,820.0","21,806.5","","0.00%"
"16/07/2015","21,809.0","21,810.0","21,826.5","21,796.5","","0.01%"
"15/07/2015","21,807.0","21,812.5","21,823.0","21,796.0","","0.00%"
"14/07/2015","21,807.0","21,808.5","21,828.5","21,795.5","","0.00%"
"13/07/2015","21,807.0","21,811.0","21,825.0","21,796.5","","0.11%"
"10/07/2015","21,783.0","21,813.5","21,826.0","21,796.8","","-0.11%"
"09/07/2015","21,807.0","21,814.0","21,825.0","21,797.5","","-0.03%"
"08/07/2015","21,813.0","21,815.5","21,852.0","21,799.5","","0.11%"
"07/07/2015","21,790.0","21,814.0","21,851.5","21,797.5","","-0.03%"
"06/07/2015","21,796.0","21,810.5","21,847.0","21,760.0","","0.07%"
"03/07/2015","21,780.0","21,806.5","21,820.5","21,793.5","","0.00%"
"02/07/2015","21,780.0","21,805.0","21,824.5","21,788.0","","0.00%"
"01/07/2015","21,780.0","21,812.0","21,829.0","21,793.5","","-0.10%"
"30/06/2015","21,802.0","21,817.0","21,847.5","21,776.0","","-0.05%"
"29/06/2015","21,813.0","21,817.5","21,845.0","21,784.0","","0.01%"
"26/06/2015","21,810.0","21,819.0","21,844.0","21,778.5","","-0.04%"
"25/06/2015","21,818.0","21,816.0","21,838.5","21,778.0","","0.21%"
"24/06/2015","21,772.0","21,815.5","21,834.5","21,775.0","","-0.03%"
"23/06/2015","21,778.0","21,805.0","21,826.5","21,770.0","","-0.01%"
"22/06/2015","21,780.0","21,805.0","21,821.0","21,782.5","","0.00%"
"19/06/2015","21,780.0","21,800.0","21,822.5","21,780.0","","-0.02%"
"18/06/2015","21,785.0","21,805.0","21,822.5","21,777.5","","0.09%"
"17/06/2015","21,765.0","21,802.5","21,822.5","21,776.0","","-0.05%"
"16/06/2015","21,775.0","21,800.0","21,821.5","21,776.0","","0.00%"
"15/06/2015","21,775.0","21,785.0","21,815.0","21,780.0","","0.07%"
"12/06/2015","21,760.0","21,800.0","21,817.5","21,765.0","","0.05%"
"11/06/2015","21,750.0","21,787.5","21,838.5","21,766.0","","-0.11%"
"10/06/2015","21,775.0","21,800.0","21,815.0","21,770.0","","-0.02%"
"09/06/2015","21,780.0","21,810.0","21,827.5","21,760.0","","-0.05%"
"08/06/2015","21,790.0","21,810.0","21,835.0","21,765.0","","0.02%"
"05/06/2015","21,785.0","21,810.0","21,825.0","21,767.5","","-0.02%"
"04/06/2015","21,790.0","21,810.0","21,827.5","21,769.0","","0.00%"
"03/06/2015","21,790.0","21,815.0","21,833.5","21,765.0","","0.00%"
"02/06/2015","21,790.0","21,780.0","21,833.5","21,765.0","","0.00%"
"01/06/2015","21,790.0","21,810.0","21,831.0","21,730.0","","0.02%"
"29/05/2015","21,785.0","21,800.0","21,830.0","21,730.0","","0.00%"
"28/05/2015","21,785.0","21,810.0","21,835.0","21,770.0","","0.02%"
"27/05/2015","21,780.0","21,835.0","21,838.5","21,762.5","","-0.07%"
"26/05/2015","21,795.0","21,815.0","21,845.0","21,780.0","","-0.16%"
"25/05/2015","21,830.0","21,815.0","21,852.5","21,765.0","","0.28%"
"22/05/2015","21,770.0","21,810.0","21,830.0","21,775.0","","-0.07%"
"21/05/2015","21,785.0","21,810.0","21,825.0","21,787.5","","-0.02%"
"20/05/2015","21,790.0","21,802.5","21,832.5","21,782.5","","0.05%"
"19/05/2015","21,780.0","21,795.0","21,822.5","21,770.0","","0.07%"
"18/05/2015","21,765.0","21,680.0","21,810.0","21,680.0","","0.14%"
"15/05/2015","21,735.0","21,800.0","21,810.0","21,750.0","","-0.18%"
"14/05/2015","21,775.0","21,740.0","21,805.0","21,675.0","","0.32%"
"13/05/2015","21,705.0","21,710.0","21,745.0","21,645.0","","0.12%"
"12/05/2015","21,680.0","21,702.5","21,727.5","21,657.5","","0.00%"
"11/05/2015","21,680.0","21,660.0","21,720.0","21,645.0","","0.14%"
"08/05/2015","21,650.0","21,685.0","21,710.0","21,636.5","","0.02%"
"07/05/2015","21,645.0","21,645.0","21,722.5","21,630.0","","0.12%"
"06/05/2015","21,620.0","21,656.5","21,685.0","21,611.5","","0.00%"
"05/05/2015","21,620.0","21,615.0","21,673.5","21,585.0","","0.09%"
"04/05/2015","21,600.0","21,590.0","21,645.0","21,570.0","","0.23%"
"01/05/2015","21,550.0","21,590.0","21,590.0","21,590.0","","0.00%"
"30/04/2015","21,550.0","21,590.0","21,590.0","21,590.0","","0.00%"
"29/04/2015","21,550.0","21,590.0","21,590.0","21,590.0","","0.00%"
"28/04/2015","21,550.0","21,590.0","21,590.0","21,590.0","","0.00%"
"27/04/2015","21,550.0","21,602.5","21,615.0","21,575.0","","-0.07%"
"24/04/2015","21,565.0","21,585.0","21,620.0","21,546.5","","0.02%"
"23/04/2015","21,560.0","21,585.0","21,605.0","21,569.0","","-0.11%"
"22/04/2015","21,584.0","21,585.0","21,612.5","21,559.0","","0.13%"
"21/04/2015","21,555.0","21,600.0","21,616.0","21,557.5","","0.00%"
"20/04/2015","21,555.0","21,595.0","21,616.0","21,546.0","","-0.02%"
"17/04/2015","21,560.0","21,605.0","21,621.5","21,547.5","","-0.19%"
"16/04/2015","21,602.0","21,610.0","21,625.0","21,550.0","","0.10%"
"15/04/2015","21,580.0","21,600.0","21,625.0","21,550.0","","0.02%"
"14/04/2015","21,575.0","21,605.0","21,625.0","21,555.0","","-0.02%"
"13/04/2015","21,580.0","21,600.0","21,620.0","21,555.0","","0.00%"
"10/04/2015","21,580.0","21,605.0","21,630.0","21,553.5","","0.00%"
"09/04/2015","21,580.0","21,610.0","21,635.0","21,555.0","","0.00%"
"08/04/2015","21,580.0","21,600.0","21,640.0","21,552.5","","0.02%"
"07/04/2015","21,575.0","21,590.0","21,615.0","21,535.0","","0.05%"
"06/04/2015","21,565.0","21,590.0","21,614.0","21,522.5","","0.00%"
"03/04/2015","21,565.0","21,590.0","21,615.0","21,535.0","","0.02%"
"02/04/2015","21,560.0","21,565.0","21,610.0","21,532.5","","0.14%"
"01/04/2015","21,530.0","21,555.0","21,587.5","21,530.0","","0.05%"
"31/03/2015","21,520.0","21,545.0","21,567.5","21,515.0","","0.02%"
"30/03/2015","21,515.0","21,530.0","21,565.0","21,522.5","","0.07%"
"27/03/2015","21,500.0","21,515.0","21,540.0","21,475.0","","0.07%"
"26/03/2015","21,485.0","21,505.0","21,530.0","21,465.0","","0.05%"
"25/03/2015","21,475.0","21,540.0","21,547.5","21,462.0","","-0.12%"
"24/03/2015","21,500.0","21,540.0","21,560.0","21,495.0","","0.05%"
"23/03/2015","21,490.0","21,480.0","21,547.5","21,435.0","","0.12%"
"20/03/2015","21,465.0","21,465.0","21,510.0","21,455.0","","0.05%"
"19/03/2015","21,455.0","21,505.0","21,510.0","21,440.0","","-0.09%"
"18/03/2015","21,475.0","21,475.0","21,527.5","21,457.5","","0.12%"
"17/03/2015","21,450.0","21,445.0","21,510.0","21,410.0","","0.00%"
"16/03/2015","21,450.0","21,385.0","21,500.0","21,365.0","","0.42%"
"13/03/2015","21,360.0","21,365.0","21,410.0","21,355.0","","0.12%"
"12/03/2015","21,335.0","21,365.0","21,395.0","21,347.5","","0.05%"
"11/03/2015","21,325.0","21,350.0","21,377.5","21,347.5","","0.02%"
"10/03/2015","21,320.0","21,350.0","21,390.0","21,342.5","","-0.02%"
"09/03/2015","21,325.0","21,350.0","21,377.5","21,342.5","","0.02%"
"06/03/2015","21,320.0","21,350.0","21,400.0","21,327.5","","-0.14%"
"05/03/2015","21,350.0","21,350.0","21,372.5","21,340.0","","0.07%"
"04/03/2015","21,335.0","21,367.5","21,385.0","21,345.0","","0.07%"
"03/03/2015","21,320.0","21,355.0","21,382.5","21,336.0","","0.00%"
"02/03/2015","21,320.0","21,355.0","21,379.5","21,332.0","","0.00%"
"27/02/2015","21,320.0","21,360.0","21,377.0","21,337.5","","-0.07%"
"26/02/2015","21,335.0","21,360.0","21,387.0","21,350.0","","0.00%"
"25/02/2015","21,335.0","21,340.0","21,372.5","21,327.5","","0.21%"
"24/02/2015","21,290.0","21,350.0","21,372.5","21,325.0","","-0.05%"
"23/02/2015","21,300.0","21,300.0","21,300.0","21,300.0","","0.00%"
"20/02/2015","21,300.0","21,300.0","21,300.0","21,300.0","","0.00%"
"19/02/2015","21,300.0","21,330.0","21,330.0","21,330.0","","0.00%"
"18/02/2015","21,300.0","21,330.0","21,330.0","21,330.0","","0.00%"
"17/02/2015","21,300.0","21,330.0","21,330.0","21,330.0","","0.00%"
"16/02/2015","21,300.0","21,300.0","21,300.0","21,300.0","","0.00%"
"13/02/2015","21,300.0","21,330.0","21,345.0","21,325.0","","0.29%"
"12/02/2015","21,237.5","21,276.0","21,365.0","21,276.0","","-0.14%"
"11/02/2015","21,268.0","21,340.0","21,367.5","21,276.0","","0.72%"
"10/02/2015","21,115.0","21,313.3","21,363.8","21,164.0","","-0.90%"
"09/02/2015","21,307.5","21,340.0","21,363.8","21,269.0","","0.36%"
"06/02/2015","21,232.0","21,350.0","21,355.0","21,255.5","","-0.01%"
"05/02/2015","21,234.0","21,320.0","21,408.0","21,284.0","","-0.58%"
"04/02/2015","21,358.0","21,235.0","21,408.0","21,235.0","","0.82%"
"03/02/2015","21,185.0","21,350.0","21,365.0","21,235.0","","-0.09%"
"02/02/2015","21,204.0","21,340.0","21,405.0","21,253.0","","-0.30%"
"30/01/2015","21,267.0","21,281.0","21,365.0","21,279.0","","0.17%"
"29/01/2015","21,230.0","21,350.0","21,372.5","21,280.0","","-0.42%"
"28/01/2015","21,320.0","21,350.0","21,357.5","21,342.5","","0.00%"
"27/01/2015","21,320.0","21,345.0","21,360.0","21,345.0","","0.00%"
"26/01/2015","21,320.0","21,350.0","21,357.5","21,342.5","","0.00%"
"23/01/2015","21,320.0","21,360.0","21,370.0","21,342.5","","-0.05%"
"22/01/2015","21,330.0","21,380.0","21,380.0","21,345.0","","-0.09%"
"21/01/2015","21,350.0","21,360.0","21,380.0","21,345.0","","0.09%"
"20/01/2015","21,330.0","21,355.0","21,370.0","21,337.5","","0.00%"
"19/01/2015","21,330.0","21,345.0","21,355.0","21,340.0","","0.07%"
"16/01/2015","21,315.0","21,345.0","21,355.0","21,335.0","","-0.02%"
"15/01/2015","21,320.0","21,335.0","21,402.5","21,335.0","","0.05%"
"14/01/2015","21,310.0","21,345.0","21,397.5","21,335.0","","-0.02%"
"13/01/2015","21,315.0","21,345.0","21,402.5","21,335.0","","0.00%"
"12/01/2015","21,315.0","21,370.0","21,390.0","21,345.0","","-0.12%"
"09/01/2015","21,340.0","21,385.0","21,400.0","21,350.0","","-0.09%"
"08/01/2015","21,360.0","21,440.0","21,485.0","21,382.5","","-0.28%"
"07/01/2015","21,420.0","21,436.5","21,525.0","21,411.5","","0.00%"
"06/01/2015","21,420.0","21,387.5","21,439.0","21,385.0","","0.23%"
"05/01/2015","21,370.0","21,405.0","21,420.0","21,387.5","","0.00%"
"02/01/2015","21,370.0","21,387.5","21,387.5","21,387.5","","0.00%"
"01/01/2015","21,370.0","21,370.0","21,370.0","21,370.0","","0.00%"
"31/12/2014","21,370.0","21,387.5","21,417.5","21,355.0","","-0.05%"
"30/12/2014","21,380.0","21,387.5","21,415.0","21,387.5","","0.38%"
"29/12/2014","21,300.0","21,387.5","21,415.0","21,352.5","","-0.33%"
"26/12/2014","21,370.0","21,387.5","21,415.0","21,387.5","","0.00%"
"25/12/2014","21,370.0","21,387.5","21,415.0","21,377.5","","0.00%"
"24/12/2014","21,370.0","21,387.5","21,405.0","21,377.5","","0.02%"
"23/12/2014","21,365.0","21,362.5","21,412.5","21,362.5","","0.00%"
"22/12/2014","21,365.0","21,375.0","21,410.0","21,350.0","","-0.02%"
"19/12/2014","21,370.0","21,387.5","21,422.5","21,357.5","","0.00%"
"18/12/2014","21,370.0","21,387.5","21,415.0","21,370.0","","0.00%"
"17/12/2014","21,370.0","21,382.5","21,410.0","21,372.5","","0.05%"
"16/12/2014","21,360.0","21,387.5","21,415.0","21,377.5","","-0.05%"
"15/12/2014","21,370.0","21,385.0","21,410.0","21,355.0","","0.00%"
"12/12/2014","21,370.0","21,365.0","21,397.5","21,365.0","","0.14%"
"11/12/2014","21,340.0","21,365.0","21,380.5","21,352.5","","0.00%"
"10/12/2014","21,340.0","21,365.0","21,392.5","21,338.5","","0.00%"
"09/12/2014","21,340.0","21,340.0","21,377.0","21,330.0","","0.19%"
"08/12/2014","21,300.0","21,335.0","21,365.0","21,318.0","","-0.05%"
"05/12/2014","21,310.0","21,340.0","21,365.0","21,319.5","","0.05%"
"04/12/2014","21,300.0","21,365.0","21,379.0","21,332.5","","-0.19%"
"03/12/2014","21,340.0","21,385.0","21,387.5","21,356.0","","-0.14%"
"02/12/2014","21,370.0","21,397.5","21,415.0","21,380.0","","-0.09%"
"01/12/2014","21,390.0","21,397.5","21,427.5","21,335.0","","0.42%"
"28/11/2014","21,300.0","21,395.0","21,412.5","21,327.5","","-0.42%"
"27/11/2014","21,390.0","21,395.0","21,397.5","21,374.0","","0.05%"
"26/11/2014","21,380.0","21,385.0","21,429.0","21,375.0","","0.05%"
"25/11/2014","21,370.0","21,397.5","21,427.5","21,355.0","","0.40%"
"24/11/2014","21,285.0","21,360.0","21,420.0","21,320.0","","-0.28%"
"21/11/2014","21,345.0","21,352.5","21,385.0","21,325.0","","0.23%"
"20/11/2014","21,295.0","21,350.0","21,404.5","21,327.5","","0.07%"
"19/11/2014","21,280.0","21,390.0","21,405.0","21,328.5","","-0.35%"
"18/11/2014","21,355.0","21,345.0","21,410.0","21,330.0","","0.21%"
"17/11/2014","21,310.0","21,325.0","21,355.0","21,295.0","","0.09%"
"14/11/2014","21,290.0","21,325.0","21,335.0","21,215.0","","0.00%"
"13/11/2014","21,290.0","21,295.0","21,335.0","21,215.0","","0.09%"
"12/11/2014","21,270.0","21,290.0","21,310.0","21,215.0","","0.00%"
"11/11/2014","21,270.0","21,290.0","21,342.5","21,215.0","","0.40%"
"10/11/2014","21,185.0","21,280.0","21,315.0","21,215.0","","-0.40%"
"07/11/2014","21,270.0","21,280.0","21,295.0","21,215.0","","0.05%"
"06/11/2014","21,260.0","21,279.0","21,300.0","21,266.5","","0.15%"
"05/11/2014","21,228.0","21,290.0","21,312.5","21,215.0","","-0.10%"
"04/11/2014","21,250.0","21,290.0","21,310.0","21,225.0","","-0.09%"
"03/11/2014","21,270.0","21,280.0","21,310.0","21,215.0","","0.07%"
"31/10/2014","21,255.0","21,260.0","21,290.0","21,225.0","","0.16%"
"30/10/2014","21,220.0","21,270.0","21,290.0","21,235.0","","-0.12%"
"29/10/2014","21,245.0","21,280.0","21,292.5","21,235.0","","0.02%"
"28/10/2014","21,240.0","21,270.0","21,295.0","21,215.0","","-0.09%"
"27/10/2014","21,260.0","21,275.0","21,285.0","21,215.0","","0.05%"
"24/10/2014","21,250.0","21,265.0","21,285.0","21,215.0","","0.05%"
"23/10/2014","21,240.0","21,245.0","21,275.0","21,240.0","","0.09%"
"22/10/2014","21,220.0","21,270.0","21,280.0","21,230.0","","-0.09%"
"21/10/2014","21,240.0","21,260.0","21,285.0","21,215.0","","0.09%"
"20/10/2014","21,220.0","21,245.0","21,275.0","21,215.0","","0.00%"
"17/10/2014","21,220.0","21,240.0","21,260.0","21,215.0","","0.09%"
"16/10/2014","21,200.0","21,240.0","21,260.0","21,215.0","","-0.07%"
"15/10/2014","21,215.0","21,235.0","21,250.0","21,212.5","","0.09%"
"14/10/2014","21,195.0","21,220.0","21,230.0","21,210.0","","0.02%"
"13/10/2014","21,190.0","21,222.5","21,240.0","21,202.5","","-0.14%"
"10/10/2014","21,220.0","21,265.0","21,275.0","21,192.5","","0.17%"
"09/10/2014","21,185.0","21,240.0","21,287.5","21,215.0","","-0.26%"
"08/10/2014","21,240.0","21,280.0","21,292.5","21,215.0","","-0.09%"
"07/10/2014","21,260.0","21,285.0","21,295.0","21,215.0","","0.00%"
"06/10/2014","21,260.0","21,280.0","21,307.5","21,260.0","","0.33%"
"03/10/2014","21,190.0","21,260.0","21,302.5","21,220.0","","-0.21%"
"02/10/2014","21,235.0","21,235.0","21,282.5","21,225.0","","0.21%"
"01/10/2014","21,190.0","21,220.0","21,245.0","21,210.0","","0.00%"
"30/09/2014","21,190.0","21,220.0","21,235.0","21,205.0","","-0.14%"
"29/09/2014","21,220.0","21,217.5","21,240.0","21,202.0","","0.14%"
"26/09/2014","21,190.0","21,220.0","21,235.0","21,197.5","","0.00%"
"25/09/2014","21,190.0","21,215.0","21,235.0","21,200.0","","0.00%"
"24/09/2014","21,190.0","21,225.0","21,232.5","21,195.0","","-0.05%"
"23/09/2014","21,200.0","21,225.0","21,232.5","21,181.0","","0.05%"
"22/09/2014","21,190.0","21,205.0","21,225.0","21,177.5","","0.05%"
"19/09/2014","21,180.0","21,195.0","21,225.0","21,190.0","","-0.05%"
"18/09/2014","21,190.0","21,200.0","21,220.0","21,185.0","","0.07%"
"17/09/2014","21,175.0","21,200.0","21,217.5","21,190.0","","0.02%"
"16/09/2014","21,170.0","21,200.0","21,222.5","21,187.5","","0.00%"
"15/09/2014","21,170.0","21,197.5","21,225.0","21,185.0","","0.00%"
"12/09/2014","21,170.0","21,205.0","21,225.0","21,190.0","","-0.05%"
"11/09/2014","21,180.0","21,205.0","21,230.0","21,190.0","","0.05%"
"10/09/2014","21,170.0","21,205.0","21,225.0","21,187.5","","0.00%"
"09/09/2014","21,170.0","21,200.0","21,225.0","21,178.5","","0.00%"
"08/09/2014","21,170.0","21,195.0","21,215.0","21,187.5","","0.00%"
"05/09/2014","21,170.0","21,195.0","21,225.0","21,178.5","","0.00%"
"04/09/2014","21,170.0","21,195.0","21,225.0","21,182.5","","-0.07%"
"03/09/2014","21,185.0","21,195.0","21,217.5","21,180.0","","0.07%"
"02/09/2014","21,170.0","21,195.0","21,195.0","21,195.0","","0.00%"
"01/09/2014","21,170.0","21,170.0","21,170.0","21,170.0","","0.00%"
"29/08/2014","21,170.0","21,195.0","21,212.5","21,172.5","","0.00%"
"28/08/2014","21,170.0","21,195.0","21,215.0","21,172.5","","0.00%"
"27/08/2014","21,170.0","21,205.0","21,215.0","21,185.0","","-0.07%"
"26/08/2014","21,185.0","21,205.0","21,225.0","21,195.0","","0.02%"
"25/08/2014","21,180.0","21,195.0","21,210.0","21,185.0","","0.02%"
"22/08/2014","21,175.0","21,192.5","21,215.0","21,180.0","","0.00%"
"21/08/2014","21,175.0","21,197.5","21,220.0","21,190.0","","0.00%"
"20/08/2014","21,175.0","21,197.5","21,215.0","21,185.0","","0.00%"
"19/08/2014","21,175.0","21,197.5","21,215.0","21,180.0","","0.00%"
"18/08/2014","21,175.0","21,200.0","21,215.0","21,195.0","","-0.02%"
"15/08/2014","21,180.0","21,200.0","21,222.5","21,187.5","","0.00%"
"14/08/2014","21,180.0","21,200.0","21,220.0","21,180.0","","0.02%"
"13/08/2014","21,175.0","21,197.5","21,215.0","21,185.0","","0.02%"
"12/08/2014","21,170.0","21,200.0","21,227.5","21,182.5","","-0.05%"
"11/08/2014","21,180.0","21,207.5","21,227.5","21,185.0","","-0.05%"
"08/08/2014","21,190.0","21,220.0","21,230.0","21,192.5","","0.05%"
"07/08/2014","21,180.0","21,220.0","21,230.0","21,202.5","","-0.05%"
"06/08/2014","21,190.0","21,215.0","21,230.0","21,210.0","","-0.09%"
"05/08/2014","21,210.0","21,230.0","21,245.0","21,212.5","","0.05%"
"04/08/2014","21,200.0","21,214.0","21,240.0","21,199.0","","0.00%"
"01/08/2014","21,200.0","21,230.0","21,246.0","21,209.0","","0.00%"
"31/07/2014","21,200.0","21,240.0","21,250.0","21,212.5","","-0.09%"
"30/07/2014","21,220.0","21,230.0","21,245.0","21,220.0","","0.00%"
"29/07/2014","21,220.0","21,227.5","21,240.0","21,215.0","","0.09%"
"28/07/2014","21,200.0","21,227.5","21,252.5","21,220.0","","0.00%"
"25/07/2014","21,200.0","21,235.0","21,245.0","21,222.5","","-0.05%"
"24/07/2014","21,210.0","21,245.0","21,250.0","21,220.0","","0.05%"
"23/07/2014","21,200.0","21,220.0","21,240.0","21,210.0","","0.05%"
"22/07/2014","21,190.0","21,220.0","21,287.5","21,210.0","","0.00%"
"21/07/2014","21,190.0","21,215.0","21,240.0","21,210.0","","0.02%"
"18/07/2014","21,185.0","21,197.5","21,215.0","21,190.0","","0.07%"
"17/07/2014","21,170.0","21,197.5","21,207.5","21,160.0","","0.00%"
"16/07/2014","21,170.0","21,197.5","21,207.5","21,190.0","","0.00%"
"15/07/2014","21,170.0","21,200.0","21,207.5","21,190.0","","0.05%"
"14/07/2014","21,160.0","21,200.0","21,280.0","21,187.5","","-0.05%"
"11/07/2014","21,170.0","21,207.5","21,210.0","21,180.0","","-0.02%"
"10/07/2014","21,175.0","21,250.0","21,252.5","21,200.0","","-0.33%"
"09/07/2014","21,245.0","21,262.5","21,285.0","21,235.0","","0.05%"
"08/07/2014","21,235.0","21,275.0","21,310.0","21,215.0","","-0.05%"
"07/07/2014","21,245.0","21,290.0","21,302.5","21,260.0","","-0.07%"
"04/07/2014","21,260.0","21,302.5","21,320.0","21,272.5","","-0.05%"
"03/07/2014","21,270.0","21,320.0","21,330.0","21,292.5","","-0.09%"
"02/07/2014","21,290.0","21,330.0","21,345.0","21,320.0","","-0.05%"
"01/07/2014","21,300.0","21,330.0","21,345.0","21,302.5","","0.00%"
"30/06/2014","21,300.0","21,330.0","21,352.5","21,302.5","","0.00%"
"27/06/2014","21,300.0","21,330.0","21,347.5","21,305.0","","0.00%"
"26/06/2014","21,300.0","21,330.0","21,345.0","21,305.0","","0.00%"
"25/06/2014","21,300.0","21,330.0","21,352.5","21,305.0","","0.09%"
"24/06/2014","21,280.0","21,325.0","21,360.0","21,295.0","","-0.12%"
"23/06/2014","21,305.0","21,310.0","21,342.5","21,295.0","","0.12%"
"20/06/2014","21,280.0","21,310.0","21,350.0","21,305.0","","-0.07%"
"19/06/2014","21,295.0","21,292.5","21,380.0","21,288.5","","0.52%"
"18/06/2014","21,185.0","21,233.0","21,243.0","21,212.5","","-0.07%"
"17/06/2014","21,200.0","21,220.0","21,236.0","21,210.0","","0.07%"
"16/06/2014","21,185.0","21,212.5","21,245.0","21,140.0","","-0.07%"
"13/06/2014","21,200.0","21,225.0","21,235.5","21,140.0","","0.02%"
"12/06/2014","21,195.0","21,220.5","21,233.0","21,140.0","","0.00%"
"11/06/2014","21,195.0","21,215.0","21,223.0","21,197.5","","0.05%"
"10/06/2014","21,185.0","21,220.0","21,225.0","21,202.5","","-0.02%"
"09/06/2014","21,190.0","21,185.0","21,225.0","21,180.0","","0.14%"
"06/06/2014","21,160.0","21,205.0","21,217.5","21,140.0","","-0.09%"
"05/06/2014","21,180.0","21,200.0","21,223.0","21,190.0","","0.09%"
"04/06/2014","21,160.0","21,225.5","21,228.0","21,140.0","","-0.14%"
"03/06/2014","21,190.0","21,182.5","21,218.5","21,172.5","","0.14%"
"02/06/2014","21,160.0","21,155.0","21,182.5","21,100.0","","0.12%"
"30/05/2014","21,135.0","21,170.0","21,172.5","21,152.5","","-0.02%"
"29/05/2014","21,140.0","21,165.0","21,180.0","21,102.5","","0.00%"
"28/05/2014","21,140.0","21,145.0","21,165.0","21,137.5","","0.09%"
"27/05/2014","21,120.0","21,145.0","21,150.0","21,100.0","","0.00%"
"26/05/2014","21,120.0","21,145.0","21,162.0","21,128.5","","-0.02%"
"23/05/2014","21,125.0","21,140.0","21,152.5","21,130.0","","0.07%"
"22/05/2014","21,110.0","21,155.0","21,160.0","21,135.0","","-0.09%"
"21/05/2014","21,130.0","21,155.0","21,165.0","21,135.0","","0.00%"
"20/05/2014","21,130.0","21,132.5","21,160.0","21,097.5","","0.09%"
"19/05/2014","21,110.0","21,160.0","21,165.0","21,080.0","","-0.14%"
"16/05/2014","21,140.0","21,122.5","21,165.0","21,100.0","","0.19%"
"15/05/2014","21,100.0","21,107.5","21,122.5","21,095.0","","0.07%"
"14/05/2014","21,085.0","21,092.5","21,107.5","21,092.5","","0.05%"
"13/05/2014","21,075.0","21,097.5","21,110.0","21,085.0","","0.00%"
"12/05/2014","21,075.0","21,097.5","21,110.0","21,085.0","","-0.02%"
"09/05/2014","21,080.0","21,097.5","21,115.0","21,090.0","","0.00%"
"08/05/2014","21,080.0","21,092.5","21,117.5","21,090.0","","0.05%"
"07/05/2014","21,070.0","21,092.5","21,105.0","21,090.0","","-0.02%"
"06/05/2014","21,075.0","21,092.5","21,120.0","21,085.0","","0.02%"
"05/05/2014","21,070.0","21,095.0","21,110.0","21,085.0","","0.05%"
"02/05/2014","21,060.0","21,060.0","21,060.0","21,060.0","","0.00%"
"01/05/2014","21,060.0","21,060.0","21,060.0","21,060.0","","0.00%"
"30/04/2014","21,060.0","21,060.0","21,060.0","21,060.0","","0.00%"
"29/04/2014","21,060.0","21,092.5","21,112.0","21,073.0","","-0.05%"
"28/04/2014","21,070.0","21,105.0","21,120.0","21,085.0","","-0.05%"
"25/04/2014","21,080.0","21,102.5","21,110.0","21,095.0","","-0.02%"
"24/04/2014","21,085.0","21,107.5","21,110.0","21,095.0","","-0.02%"
"23/04/2014","21,090.0","21,102.5","21,115.0","21,095.0","","0.07%"
"22/04/2014","21,075.0","21,097.5","21,110.0","21,092.5","","0.00%"
"21/04/2014","21,075.0","21,100.0","21,167.5","21,085.0","","0.00%"
"18/04/2014","21,075.0","21,097.5","21,114.0","21,085.5","","0.00%"
"17/04/2014","21,075.0","21,097.5","21,155.0","21,084.0","","0.00%"
"16/04/2014","21,075.0","21,097.5","21,110.0","21,092.5","","-0.09%"
"15/04/2014","21,095.0","21,097.5","21,112.5","21,084.0","","0.09%"
"14/04/2014","21,075.0","21,092.5","21,112.3","21,083.0","","-0.09%"
"11/04/2014","21,094.5","21,095.0","21,112.3","21,085.0","","0.09%"
"10/04/2014","21,075.0","21,095.0","21,110.0","21,092.5","","0.00%"
"09/04/2014","21,075.0","21,075.0","21,075.0","21,075.0","","0.00%"
"08/04/2014","21,075.0","21,095.0","21,115.0","21,092.5","","0.00%"
"07/04/2014","21,075.0","21,092.5","21,110.0","21,092.5","","0.02%"
"04/04/2014","21,070.0","21,092.5","21,107.5","21,092.5","","0.00%"
"03/04/2014","21,070.0","21,095.0","21,112.5","21,091.5","","-0.02%"
"02/04/2014","21,075.0","21,097.5","21,110.0","21,092.5","","0.00%"
"01/04/2014","21,075.0","21,097.5","21,110.0","21,088.5","","0.00%"
"31/03/2014","21,075.0","21,107.5","21,115.0","21,090.0","","-0.05%"
"28/03/2014","21,085.0","21,102.5","21,107.5","21,092.5","","0.02%"
"27/03/2014","21,080.0","21,097.5","21,110.0","21,090.0","","0.02%"
"26/03/2014","21,075.0","21,097.5","21,125.5","21,087.5","","0.00%"
"25/03/2014","21,075.0","21,097.5","21,110.0","21,092.5","","0.00%"
"24/03/2014","21,075.0","21,097.5","21,125.0","21,087.5","","0.00%"
"21/03/2014","21,075.0","21,097.5","21,110.0","21,085.0","","0.00%"
"20/03/2014","21,075.0","21,097.5","21,106.0","21,092.5","","0.00%"
"19/03/2014","21,075.0","21,097.5","21,110.0","21,092.5","","0.00%"
"18/03/2014","21,075.0","21,105.0","21,127.0","21,087.5","","0.02%"
"17/03/2014","21,070.0","21,100.0","21,106.0","21,092.5","","-0.05%"
"14/03/2014","21,080.0","21,095.0","21,110.0","21,092.5","","0.00%"
"13/03/2014","21,080.0","21,095.0","21,120.0","21,087.5","","0.00%"
"12/03/2014","21,080.0","21,095.0","21,121.5","21,087.5","","0.00%"
"11/03/2014","21,080.0","21,095.0","21,106.0","21,087.5","","0.00%"
"10/03/2014","21,080.0","21,100.0","21,105.0","21,092.5","","0.00%"
"07/03/2014","21,080.0","21,095.0","21,105.0","21,092.5","","0.00%"
"06/03/2014","21,080.0","21,097.5","21,107.5","21,095.0","","0.00%"
"05/03/2014","21,080.0","21,097.5","21,122.5","21,090.0","","0.00%"
"04/03/2014","21,080.0","21,097.5","21,107.5","21,092.5","","-0.02%"
"03/03/2014","21,085.0","21,097.5","21,122.5","21,090.0","","0.02%"
"28/02/2014","21,080.0","21,097.5","21,122.5","21,090.0","","0.00%"
"27/02/2014","21,080.0","21,097.5","21,107.5","21,092.5","","0.00%"
"26/02/2014","21,080.0","21,097.5","21,122.5","21,090.0","","-0.02%"
"25/02/2014","21,085.0","21,102.5","21,122.5","21,090.0","","0.00%"
"24/02/2014","21,085.0","21,107.5","21,122.5","21,090.0","","0.00%"
"21/02/2014","21,085.0","21,097.5","21,110.0","21,095.0","","0.02%"
"20/02/2014","21,080.0","21,097.5","21,106.0","21,092.5","","0.00%"
"19/02/2014","21,080.0","21,097.5","21,106.0","21,092.5","","0.00%"
"18/02/2014","21,080.0","21,097.5","21,107.5","21,092.5","","0.00%"
"17/02/2014","21,080.0","21,097.5","21,107.5","21,095.0","","0.05%"
"14/02/2014","21,070.0","21,097.5","21,106.0","21,092.5","","-0.07%"
"13/02/2014","21,085.0","21,107.5","21,115.0","21,097.5","","0.02%"
"12/02/2014","21,080.0","21,107.5","21,117.5","21,097.5","","-0.05%"
"11/02/2014","21,090.0","21,105.0","21,115.0","21,100.0","","0.02%"
"10/02/2014","21,085.0","21,107.5","21,125.0","21,090.0","","0.00%"
"07/02/2014","21,085.0","21,107.5","21,112.5","21,097.5","","0.02%"
"06/02/2014","21,080.0","21,097.5","21,110.0","21,082.5","","0.02%"
"05/02/2014","21,075.0","21,110.0","21,110.0","21,110.0","","0.19%"
"04/02/2014","21,035.0","21,035.0","21,035.0","21,035.0","","0.00%"
"03/02/2014","21,035.0","21,035.0","21,035.0","21,035.0","","0.00%"
"31/01/2014","21,035.0","21,035.0","21,035.0","21,035.0","","0.00%"
"30/01/2014","21,035.0","21,035.0","21,035.0","21,035.0","","0.00%"
"29/01/2014","21,035.0","21,035.0","21,035.0","21,035.0","","0.00%"
"28/01/2014","21,035.0","21,035.0","21,035.0","21,035.0","","0.00%"
"27/01/2014","21,035.0","21,062.5","21,080.0","21,060.0","","-0.12%"
"24/01/2014","21,060.0","21,082.5","21,115.0","21,070.0","","-0.02%"
"23/01/2014","21,065.0","21,092.5","21,095.0","21,075.0","","-0.02%"
"22/01/2014","21,070.0","21,092.5","21,102.5","21,085.0","","-0.02%"
"21/01/2014","21,075.0","21,110.0","21,120.0","21,085.0","","0.02%"
"20/01/2014","21,070.0","21,092.5","21,120.0","21,085.0","","0.00%"
"17/01/2014","21,070.0","21,092.5","21,115.0","21,085.0","","-0.05%"
"16/01/2014","21,080.0","21,090.0","21,120.0","21,085.0","","0.05%"
"15/01/2014","21,070.0","21,097.5","21,117.5","21,085.0","","-0.01%"
"14/01/2014","21,072.0","21,090.0","21,097.5","21,085.0","","0.06%"
"13/01/2014","21,060.0","21,092.5","21,117.5","21,082.5","","-0.06%"
"10/01/2014","21,072.0","21,087.5","21,096.0","21,082.5","","-0.01%"
"09/01/2014","21,075.0","21,095.0","21,103.5","21,087.5","","-0.02%"
"08/01/2014","21,080.0","21,092.5","21,120.0","21,085.0","","0.02%"
"07/01/2014","21,075.0","21,092.5","21,120.0","21,085.0","","-0.02%"
"06/01/2014","21,080.0","21,092.5","21,120.0","21,085.0","","0.02%"
"03/01/2014","21,075.0","21,092.5","21,105.0","21,087.5","","0.07%"
"02/01/2014","21,060.0","21,107.5","21,122.5","21,085.0","","-0.07%"
"01/01/2014","21,075.0","21,075.0","21,075.0","21,075.0","","0.00%"
"31/12/2013","21,075.0","21,107.5","21,125.0","21,087.5","","-0.02%"
"30/12/2013","21,080.0","21,095.0","21,122.5","21,085.0","","0.05%"
"27/12/2013","21,070.0","21,092.5","21,117.5","21,085.0","","-0.02%"
"26/12/2013","21,075.0","21,095.0","21,117.5","21,085.0","","0.00%"
"25/12/2013","21,075.0","21,092.5","21,117.5","21,085.0","","-0.03%"
"24/12/2013","21,082.0","21,092.5","21,121.0","21,085.0","","-0.04%"
"23/12/2013","21,090.0","21,097.5","21,125.0","21,090.0","","0.02%"
"20/12/2013","21,085.0","21,102.5","21,122.5","21,090.0","","0.00%"
"19/12/2013","21,085.0","21,100.0","21,122.5","21,090.0","","0.00%"
"18/12/2013","21,085.0","21,107.5","21,130.0","21,090.0","","-0.07%"
"17/12/2013","21,100.0","21,107.5","21,130.0","21,092.5","","0.05%"
"16/12/2013","21,090.0","21,110.0","21,127.5","21,092.5","","-0.01%"
"13/12/2013","21,092.0","21,107.5","21,126.0","21,092.5","","0.03%"
"12/12/2013","21,085.0","21,107.5","21,125.0","21,092.5","","-0.02%"
"11/12/2013","21,090.0","21,112.5","21,127.5","21,095.0","","-0.05%"
"10/12/2013","21,100.0","21,117.5","21,130.0","21,095.0","","0.00%"
"09/12/2013","21,100.0","21,140.0","21,152.5","21,100.0","","-0.09%"
"06/12/2013","21,120.0","21,142.5","21,165.0","21,107.5","","0.00%"
"05/12/2013","21,120.0","21,117.5","21,140.0","21,097.5","","0.09%"
"04/12/2013","21,100.0","21,117.5","21,130.0","21,095.0","","0.00%"
"03/12/2013","21,100.0","21,107.5","21,130.0","21,092.5","","0.09%"
"02/12/2013","21,080.0","21,100.0","21,125.0","21,090.0","","-0.05%"
"29/11/2013","21,090.0","21,102.5","21,125.0","21,090.0","","0.00%"
"28/11/2013","21,090.0","21,117.5","21,130.0","21,095.0","","-0.03%"
"27/11/2013","21,097.0","21,117.5","21,130.0","21,095.0","","0.08%"
"26/11/2013","21,080.0","21,102.5","21,123.5","21,090.0","","0.00%"
"25/11/2013","21,080.0","21,097.5","21,122.5","21,087.5","","0.00%"
"22/11/2013","21,080.0","21,097.5","21,123.5","21,085.0","","0.00%"
"21/11/2013","21,080.0","21,097.5","21,120.0","21,085.0","","0.00%"
"20/11/2013","21,080.0","21,097.5","21,122.5","21,085.0","","-0.02%"
"19/11/2013","21,085.0","21,097.5","21,123.5","21,085.0","","0.00%"
"18/11/2013","21,085.0","21,100.0","21,123.5","21,085.0","","0.02%"
"15/11/2013","21,080.0","21,100.0","21,123.5","21,090.0","","-0.05%"
"14/11/2013","21,090.0","21,102.5","21,125.0","21,090.0","","0.05%"
"13/11/2013","21,080.0","21,092.5","21,121.5","21,085.0","","0.00%"
"12/11/2013","21,080.0","21,095.0","21,121.5","21,085.0","","0.00%"
"11/11/2013","21,080.0","21,097.5","21,120.0","21,085.0","","0.00%"
"08/11/2013","21,080.0","21,095.0","21,121.5","21,085.0","","0.00%"
"07/11/2013","21,080.0","21,095.0","21,121.5","21,085.0","","0.00%"
"06/11/2013","21,080.0","21,095.0","21,125.0","21,082.5","","0.05%"
"05/11/2013","21,070.0","21,092.5","21,125.0","21,085.0","","-0.05%"
"04/11/2013","21,080.0","21,100.0","21,125.0","21,085.0","","0.00%"
"01/11/2013","21,080.0","21,097.5","21,121.5","21,085.0","","0.00%"
"31/10/2013","21,080.0","21,102.5","21,122.5","21,090.0","","0.00%"
"30/10/2013","21,080.0","21,097.5","21,121.5","21,087.5","","0.00%"
"29/10/2013","21,080.0","21,095.0","21,121.5","21,085.0","","0.02%"
"28/10/2013","21,075.0","21,095.0","21,121.5","21,085.0","","-0.02%"
"25/10/2013","21,080.0","21,097.5","21,121.5","21,085.0","","0.02%"
"24/10/2013","21,075.0","21,095.0","21,121.5","21,085.0","","-0.02%"
"23/10/2013","21,080.0","21,095.0","21,124.0","21,085.0","","0.00%"
"22/10/2013","21,080.0","21,102.5","21,125.0","21,090.0","","-0.02%"
"21/10/2013","21,085.0","21,110.0","21,125.0","21,092.5","","-0.02%"
"18/10/2013","21,090.0","21,112.5","21,125.0","21,095.0","","0.00%"
"17/10/2013","21,090.0","21,115.0","21,130.0","21,097.5","","-0.05%"
"16/10/2013","21,100.0","21,105.0","21,130.0","21,090.0","","0.09%"
"15/10/2013","21,080.0","21,100.0","21,120.0","21,090.0","","0.00%"
"14/10/2013","21,080.0","21,100.0","21,120.0","21,090.0","","0.02%"
"11/10/2013","21,075.0","21,092.5","21,120.0","21,090.0","","0.00%"
"10/10/2013","21,075.0","21,097.5","21,120.0","21,087.5","","-0.07%"
"09/10/2013","21,090.0","21,110.0","21,125.0","21,090.0","","0.00%"
"08/10/2013","21,090.0","21,112.5","21,130.0","21,095.0","","0.00%"
"07/10/2013","21,090.0","21,112.5","21,130.0","21,095.0","","0.00%"
"04/10/2013","21,090.0","21,115.0","21,130.0","21,100.0","","0.00%"
"03/10/2013","21,090.0","21,115.0","21,132.5","21,097.5","","0.00%"
"02/10/2013","21,090.0","21,115.0","21,141.5","21,087.5","","0.00%"
"01/10/2013","21,090.0","21,112.5","21,130.0","21,095.0","","-0.10%"
"30/09/2013","21,112.0","21,115.0","21,141.0","21,086.5","","0.00%"
"27/09/2013","21,112.0","21,120.0","21,141.0","21,087.5","","0.10%"
"26/09/2013","21,090.0","21,120.0","21,130.0","21,100.0","","0.00%"
"25/09/2013","21,090.0","21,110.0","21,130.0","21,095.0","","0.00%"
"24/09/2013","21,090.0","21,115.0","21,130.0","21,095.0","","0.05%"
"23/09/2013","21,080.0","21,120.0","21,130.0","21,100.0","","0.00%"
"20/09/2013","21,080.0","21,125.0","21,132.5","21,090.0","","-0.09%"
"19/09/2013","21,100.0","21,135.0","21,145.0","21,110.0","","-0.05%"
"18/09/2013","21,110.0","21,130.0","21,145.0","21,120.0","","0.09%"
"17/09/2013","21,090.0","21,125.0","21,130.0","21,112.5","","0.00%"
"16/09/2013","21,090.0","21,125.0","21,135.0","21,115.0","","0.05%"
"13/09/2013","21,080.0","21,115.0","21,130.0","21,105.0","","0.00%"
"12/09/2013","21,080.0","21,117.5","21,125.0","21,105.0","","-0.14%"
"11/09/2013","21,110.0","21,115.0","21,165.0","21,096.0","","0.14%"
"10/09/2013","21,080.0","21,120.0","21,160.0","21,112.5","","-0.09%"
"09/09/2013","21,100.0","21,140.0","21,165.0","21,120.0","","-0.09%"
"06/09/2013","21,120.0","21,145.0","21,170.0","21,135.0","","0.00%"
"05/09/2013","21,120.0","21,155.0","21,180.0","21,142.5","","-0.09%"
"04/09/2013","21,140.0","21,160.0","21,180.0","21,140.0","","0.09%"
"03/09/2013","21,120.0","21,150.0","21,170.0","21,140.0","","0.00%"
"02/09/2013","21,120.0","21,120.0","21,120.0","21,120.0","","0.00%"
"30/08/2013","21,120.0","21,160.0","21,170.0","21,140.0","","0.00%"
"29/08/2013","21,120.0","21,162.5","21,180.0","21,135.0","","0.09%"
"28/08/2013","21,100.0","21,160.0","21,223.0","21,135.0","","-0.14%"
"27/08/2013","21,130.0","21,160.0","21,175.0","21,135.0","","-0.05%"
"26/08/2013","21,140.0","21,135.0","21,180.0","21,100.0","","0.09%"
"23/08/2013","21,120.0","21,190.0","21,223.0","21,140.0","","0.05%"
"22/08/2013","21,110.0","21,097.5","21,155.0","21,090.0","","0.19%"
"21/08/2013","21,070.0","21,100.0","21,107.5","21,085.0","","0.00%"
"20/08/2013","21,070.0","21,097.5","21,107.5","21,085.0","","0.00%"
"19/08/2013","21,070.0","21,097.5","21,110.0","21,090.0","","-0.02%"
"16/08/2013","21,075.0","21,097.5","21,105.0","21,090.0","","0.02%"
"15/08/2013","21,070.0","21,097.5","21,110.0","21,087.5","","0.00%"
"14/08/2013","21,070.0","21,095.0","21,110.0","21,087.5","","0.00%"
"13/08/2013","21,070.0","21,100.0","21,110.0","21,090.0","","-0.02%"
"12/08/2013","21,075.0","21,105.0","21,115.0","21,090.0","","0.02%"
"09/08/2013","21,070.0","21,102.5","21,110.0","21,090.0","","0.00%"
"08/08/2013","21,070.0","21,095.0","21,115.0","21,095.0","","0.14%"
"07/08/2013","21,040.0","21,095.0","21,095.0","21,060.0","","-0.09%"
"06/08/2013","21,060.0","21,092.5","21,100.0","21,050.0","","-0.09%"
"05/08/2013","21,080.0","21,130.0","21,140.0","21,115.0","","-0.14%"
"02/08/2013","21,110.0","21,135.0","21,223.0","21,120.0","","-0.09%"
"01/08/2013","21,130.0","21,155.0","21,223.0","21,135.0","","-0.05%"
"31/07/2013","21,140.0","21,165.0","21,223.0","21,160.0","","0.05%"
"30/07/2013","21,130.0","21,185.0","21,223.0","21,165.0","","-0.33%"
"29/07/2013","21,200.0","21,217.5","21,223.0","21,205.0","","0.09%"
"26/07/2013","21,180.0","21,215.0","21,223.0","21,210.0","","-0.12%"
"25/07/2013","21,205.0","21,223.0","21,238.0","21,223.0","","0.02%"
"24/07/2013","21,200.0","21,228.0","21,238.0","21,223.0","","0.00%"
"23/07/2013","21,200.0","21,228.0","21,238.0","21,223.0","","0.00%"
"22/07/2013","21,200.0","21,223.0","21,238.0","21,223.0","","0.00%"
"19/07/2013","21,200.0","21,223.0","21,238.0","21,223.0","","-0.19%"
"18/07/2013","21,240.0","21,238.0","21,243.0","21,217.5","","0.05%"
"17/07/2013","21,230.0","21,228.0","21,238.0","21,217.5","","0.12%"
"16/07/2013","21,205.0","21,223.0","21,233.0","21,210.0","","-0.02%"
"15/07/2013","21,210.0","21,228.0","21,238.0","21,222.5","","0.05%"
"12/07/2013","21,200.0","21,235.5","21,243.0","21,213.0","","-0.09%"
"11/07/2013","21,220.0","21,243.0","21,243.0","21,223.0","","-0.09%"
"10/07/2013","21,240.0","21,240.5","21,243.0","21,205.0","","0.00%"
"09/07/2013","21,240.0","21,238.0","21,243.0","21,205.0","","0.33%"
"08/07/2013","21,170.0","21,238.0","21,243.0","21,205.0","","-0.28%"
"05/07/2013","21,230.0","21,235.5","21,243.0","21,205.0","","0.05%"
"04/07/2013","21,220.0","21,230.5","21,238.0","21,205.0","","0.14%"
"03/07/2013","21,190.0","21,222.5","21,233.0","21,190.0","","0.14%"
"02/07/2013","21,160.0","21,187.5","21,210.0","21,172.5","","0.14%"
"01/07/2013","21,130.0","21,177.5","21,210.0","21,165.0","","-0.19%"
"28/06/2013","21,170.0","21,230.0","21,236.0","21,033.0","","0.81%"
"27/06/2013","21,000.0","21,028.0","21,035.5","21,003.0","","-0.17%"
"26/06/2013","21,035.0","21,033.0","21,035.5","21,003.0","","0.00%"
"25/06/2013","21,035.0","21,031.5","21,035.5","21,018.0","","0.00%"
"24/06/2013","21,035.0","21,035.5","21,035.5","21,018.0","","0.00%"
"21/06/2013","21,035.0","21,035.5","21,035.5","21,018.0","","0.00%"
"20/06/2013","21,035.0","21,033.0","21,035.5","21,003.0","","0.00%"
"19/06/2013","21,035.0","21,033.0","21,035.5","21,018.0","","0.00%"
"18/06/2013","21,035.0","21,033.0","21,035.5","21,018.0","","0.02%"
"17/06/2013","21,030.0","21,035.5","21,035.5","21,018.0","","0.29%"
"14/06/2013","20,970.0","21,033.0","21,035.5","21,003.0","","-0.31%"
"13/06/2013","21,035.0","21,033.0","21,035.5","21,003.0","","0.17%"
"12/06/2013","21,000.0","21,033.0","21,035.5","21,003.0","","-0.10%"
"11/06/2013","21,020.0","21,015.5","21,035.5","21,008.0","","0.10%"
"10/06/2013","21,000.0","21,015.5","21,035.5","21,008.0","","0.00%"
"07/06/2013","21,000.0","21,015.5","21,023.0","21,008.0","","0.05%"
"06/06/2013","20,990.0","21,015.5","21,018.0","21,008.0","","-0.05%"
"05/06/2013","21,000.0","21,015.5","21,018.0","21,002.5","","0.10%"
"04/06/2013","20,980.0","21,008.0","21,028.0","21,002.5","","0.02%"
"03/06/2013","20,975.0","21,010.5","21,018.0","20,983.0","","-0.07%"
"31/05/2013","20,990.0","21,010.5","21,018.0","20,997.5","","0.05%"
"30/05/2013","20,980.0","21,013.0","21,018.0","20,937.5","","0.00%"
"29/05/2013","20,980.0","21,005.5","21,018.0","20,995.0","","0.10%"
"28/05/2013","20,960.0","21,002.5","21,013.0","20,990.0","","-0.05%"
"27/05/2013","20,970.0","21,000.0","21,013.0","20,935.0","","0.29%"
"24/05/2013","20,910.0","21,000.0","21,013.0","20,965.0","","-0.29%"
"23/05/2013","20,970.0","21,005.0","21,012.5","20,990.0","","0.00%"
"22/05/2013","20,970.0","20,997.5","21,012.5","20,935.0","","0.26%"
"21/05/2013","20,915.0","20,992.5","21,017.5","20,935.0","","-0.17%"
"20/05/2013","20,950.0","20,987.5","21,005.5","20,930.0","","0.00%"
"17/05/2013","20,950.0","20,965.0","21,003.0","20,945.0","","0.14%"
"16/05/2013","20,920.0","20,942.5","20,950.0","20,935.0","","0.00%"
"15/05/2013","20,920.0","20,940.0","20,945.0","20,935.0","","0.00%"
"14/05/2013","20,920.0","20,935.0","20,945.0","20,925.0","","-0.09%"
"13/05/2013","20,938.0","20,937.5","20,954.0","20,920.0","","0.09%"
"10/05/2013","20,920.0","20,940.0","20,945.0","20,925.0","","0.00%"
"09/05/2013","20,920.0","20,942.5","20,945.0","20,925.0","","0.05%"
"08/05/2013","20,910.0","20,937.5","20,945.0","20,925.0","","0.00%"
"07/05/2013","20,910.0","20,932.5","20,945.0","20,925.0","","0.00%"
"06/05/2013","20,910.0","20,935.0","20,945.0","20,925.0","","-0.02%"
"03/05/2013","20,915.0","20,935.0","20,950.0","20,920.0","","0.02%"
"02/05/2013","20,910.0","20,940.0","20,940.0","20,920.0","","0.48%"
"01/05/2013","20,810.0","20,810.0","20,810.0","20,810.0","","0.00%"
"30/04/2013","20,810.0","20,810.0","20,810.0","20,810.0","","0.00%"
"29/04/2013","20,810.0","20,810.0","20,810.0","20,810.0","","0.00%"
"26/04/2013","20,810.0","20,925.0","20,937.5","20,840.0","","-0.34%"
"25/04/2013","20,880.0","20,935.0","20,955.0","20,915.0","","-0.10%"
"24/04/2013","20,900.0","20,925.0","20,935.0","20,857.5","","0.00%"
"23/04/2013","20,900.0","20,925.0","20,950.0","20,860.0","","0.00%"
"22/04/2013","20,900.0","20,905.0","20,945.0","20,895.0","","0.14%"
"19/04/2013","20,870.0","20,870.0","20,870.0","20,870.0","","0.00%"
"18/04/2013","20,870.0","20,905.0","20,915.0","20,860.0","","0.04%"
"17/04/2013","20,861.0","20,920.0","20,935.0","20,855.0","","-0.19%"
"16/04/2013","20,900.0","20,905.0","20,930.0","20,840.0","","0.14%"
"15/04/2013","20,870.0","20,855.0","20,900.0","20,825.0","","0.19%"
"12/04/2013","20,830.0","20,855.0","20,865.0","20,845.0","","0.00%"
"11/04/2013","20,830.0","20,940.0","20,940.0","20,845.0","","0.00%"
"10/04/2013","20,830.0","20,905.0","20,940.0","20,855.0","","-0.24%"
"09/04/2013","20,880.0","20,935.0","20,940.0","20,860.0","","-0.10%"
"08/04/2013","20,900.0","20,935.0","20,945.0","20,860.0","","0.00%"
"05/04/2013","20,900.0","20,937.5","20,945.0","20,860.0","","0.00%"
"04/04/2013","20,900.0","20,940.0","20,945.0","20,860.0","","-0.07%"
"03/04/2013","20,915.0","20,935.0","20,945.0","20,860.0","","0.02%"
"02/04/2013","20,910.0","20,940.0","20,952.5","20,860.0","","-0.05%"
"01/04/2013","20,920.0","20,940.0","20,962.5","20,860.0","","-0.02%"
"29/03/2013","20,925.0","20,942.5","20,952.5","20,860.0","","0.02%"
"28/03/2013","20,920.0","20,942.5","20,960.0","20,860.0","","0.05%"
"27/03/2013","20,910.0","20,945.0","20,962.5","20,860.0","","-0.05%"
"26/03/2013","20,920.0","20,945.0","20,965.0","20,860.0","","0.00%"
"25/03/2013","20,920.0","20,945.0","20,965.0","20,860.0","","0.00%"
"22/03/2013","20,920.0","20,942.5","20,962.5","20,860.0","","-0.03%"
"21/03/2013","20,927.0","20,950.0","20,965.0","20,860.0","","0.01%"
"20/03/2013","20,925.0","20,950.0","20,955.0","20,860.0","","-0.11%"
"19/03/2013","20,947.0","20,950.0","20,973.5","20,860.0","","0.13%"
"18/03/2013","20,920.0","20,950.0","20,967.5","20,860.0","","-0.05%"
"15/03/2013","20,930.0","20,945.0","20,967.5","20,860.0","","0.10%"
"14/03/2013","20,910.0","20,950.0","20,970.0","20,860.0","","-0.05%"
"13/03/2013","20,920.0","20,945.0","20,967.5","20,860.0","","0.00%"
"12/03/2013","20,920.0","20,947.5","20,965.0","20,860.0","","0.05%"
"11/03/2013","20,910.0","20,937.5","20,960.0","20,860.0","","0.00%"
"08/03/2013","20,910.0","20,930.0","20,955.0","20,860.0","","0.05%"
"07/03/2013","20,900.0","20,950.0","20,962.5","20,860.0","","-0.10%"
"06/03/2013","20,920.0","20,975.0","20,980.0","20,860.0","","-0.14%"
"05/03/2013","20,950.0","20,962.5","21,003.0","20,860.0","","0.05%"
"04/03/2013","20,940.0","20,935.0","20,970.0","20,837.0","","0.19%"
"01/03/2013","20,900.0","20,940.0","20,952.5","20,860.0","","-0.14%"
"28/02/2013","20,930.0","20,940.0","20,965.0","20,860.0","","0.19%"
"27/02/2013","20,890.0","20,910.0","20,940.0","20,860.0","","0.24%"
"26/02/2013","20,840.0","20,900.0","20,922.5","20,860.0","","-0.10%"
"25/02/2013","20,860.0","20,910.0","20,915.0","20,830.0","","0.00%"
"22/02/2013","20,860.0","20,920.0","20,935.0","20,855.0","","-0.05%"
"21/02/2013","20,870.0","20,905.0","20,915.0","20,855.0","","0.14%"
"20/02/2013","20,840.0","20,820.0","20,900.0","20,812.0","","0.05%"
"19/02/2013","20,830.0","20,850.0","20,862.5","20,812.0","","0.10%"
"18/02/2013","20,810.0","20,842.5","20,860.0","20,812.0","","-0.05%"
"15/02/2013","20,820.0","20,845.0","20,845.0","20,845.0","","0.00%"
"14/02/2013","20,820.0","20,820.0","20,820.0","20,820.0","","0.00%"
"13/02/2013","20,820.0","20,820.0","20,820.0","20,820.0","","0.00%"
"12/02/2013","20,820.0","20,820.0","20,820.0","20,820.0","","0.00%"
"11/02/2013","20,820.0","20,820.0","20,820.0","20,820.0","","0.00%"
"08/02/2013","20,820.0","20,820.0","20,845.0","20,812.0","","0.10%"
"07/02/2013","20,800.0","20,827.5","20,860.0","20,795.0","","-0.05%"
"06/02/2013","20,810.0","20,837.5","20,860.0","20,807.0","","0.02%"
"05/02/2013","20,805.0","20,835.0","20,860.0","20,807.0","","-0.05%"
"04/02/2013","20,815.0","20,840.0","20,865.0","20,815.0","","0.05%"
"01/02/2013","20,805.0","20,842.5","20,867.5","20,820.0","","-0.02%"
"31/01/2013","20,810.0","20,847.5","20,870.0","20,820.0","","0.02%"
"30/01/2013","20,805.0","20,847.5","20,870.0","20,821.0","","-0.12%"
"29/01/2013","20,830.0","20,840.0","20,870.0","20,823.0","","0.07%"
"28/01/2013","20,815.0","20,847.5","20,870.0","20,819.0","","0.00%"
"25/01/2013","20,815.0","20,845.0","20,870.0","20,821.5","","-0.02%"
"24/01/2013","20,820.0","20,845.0","20,870.0","20,821.5","","0.00%"
"23/01/2013","20,820.0","20,847.5","20,870.0","20,821.5","","0.00%"
"22/01/2013","20,820.0","20,845.0","20,870.0","20,822.5","","0.00%"
"21/01/2013","20,820.0","20,845.0","20,870.5","20,823.0","","0.00%"
"18/01/2013","20,820.0","20,845.0","20,873.0","20,821.0","","0.00%"
"17/01/2013","20,820.0","20,840.0","20,870.0","20,821.0","","0.00%"
"16/01/2013","20,820.0","20,842.5","20,872.5","20,820.0","","-0.10%"
"15/01/2013","20,841.0","20,845.0","20,870.5","20,821.5","","0.00%"
"14/01/2013","20,841.0","20,842.5","20,870.5","20,821.5","","0.20%"
"11/01/2013","20,800.0","20,842.5","20,870.0","20,821.5","","-0.07%"
"10/01/2013","20,815.0","20,842.5","20,870.0","20,821.5","","0.00%"
"09/01/2013","20,815.0","20,842.5","20,870.0","20,827.5","","0.00%"
"08/01/2013","20,815.0","20,842.5","20,870.0","20,823.5","","0.00%"
"07/01/2013","20,815.0","20,840.0","20,870.0","20,822.5","","-0.07%"
"04/01/2013","20,830.0","20,840.0","20,870.0","20,819.5","","0.07%"
"03/01/2013","20,815.0","20,842.5","20,870.0","20,820.5","","0.00%"
"02/01/2013","20,815.0","20,840.0","20,870.0","20,822.5","","-0.02%"
"01/01/2013","20,820.0","20,820.0","20,820.0","20,820.0","","0.00%"
"31/12/2012","20,820.0","20,835.0","20,860.0","20,827.5","","0.02%"
"28/12/2012","20,815.0","20,837.5","20,870.0","20,818.5","","-0.01%"
"27/12/2012","20,818.0","20,842.5","20,870.0","20,816.0","","-0.01%"
"26/12/2012","20,820.0","20,847.5","20,870.0","20,821.5","","0.10%"
"25/12/2012","20,800.0","20,842.5","20,870.0","20,822.5","","-0.12%"
"24/12/2012","20,825.0","20,852.5","20,870.0","20,824.5","","-0.02%"
"21/12/2012","20,830.0","20,852.5","20,870.0","20,826.0","","-0.02%"
"20/12/2012","20,835.0","20,852.5","20,870.0","20,827.5","","0.00%"
"19/12/2012","20,835.0","20,847.5","20,870.0","20,829.0","","0.10%"
"18/12/2012","20,815.0","20,845.0","20,870.0","20,826.0","","0.00%"
"17/12/2012","20,815.0","20,845.0","20,870.0","20,823.5","","0.00%"
"14/12/2012","20,815.0","20,847.5","20,870.0","20,823.5","","0.00%"
"13/12/2012","20,815.0","20,847.5","20,870.0","20,823.5","","0.00%"
"12/12/2012","20,815.0","20,842.5","20,870.0","20,822.0","","-0.13%"
"11/12/2012","20,842.0","20,842.5","20,871.0","20,822.0","","0.13%"
"10/12/2012","20,815.0","20,842.5","20,870.0","20,822.0","","0.00%"
"07/12/2012","20,815.0","20,842.5","20,870.0","20,822.0","","-0.07%"
"06/12/2012","20,830.0","20,847.5","20,870.0","20,825.0","","0.00%"
"05/12/2012","20,830.0","20,847.5","20,870.0","20,825.0","","0.02%"
"04/12/2012","20,825.0","20,850.0","20,870.0","20,825.0","","0.00%"
"03/12/2012","20,825.0","20,847.5","20,870.0","20,825.0","","-0.05%"
"30/11/2012","20,835.0","20,850.0","20,870.0","20,825.0","","-0.02%"
"29/11/2012","20,840.0","20,850.0","20,870.0","20,825.0","","0.07%"
"28/11/2012","20,825.0","20,855.0","20,870.0","20,825.0","","-0.07%"
"27/11/2012","20,840.0","20,860.0","20,870.0","20,827.5","","0.00%"
"26/11/2012","20,840.0","20,860.0","20,870.0","20,830.0","","0.00%"
"23/11/2012","20,840.0","20,862.5","20,872.5","20,830.0","","0.00%"
"22/11/2012","20,840.0","20,862.5","20,872.5","20,832.5","","0.07%"
"21/11/2012","20,825.0","20,857.5","20,870.0","20,830.0","","0.00%"
"20/11/2012","20,825.0","20,857.5","20,872.5","20,830.0","","-0.05%"
"19/11/2012","20,835.0","20,860.0","20,872.5","20,822.5","","0.17%"
"16/11/2012","20,800.0","20,850.0","20,872.5","20,826.5","","-0.14%"
"15/11/2012","20,830.0","20,847.5","20,870.0","20,795.0","","0.00%"
"14/11/2012","20,830.0","20,847.5","20,870.0","20,820.0","","0.05%"
"13/11/2012","20,820.0","20,847.5","20,865.0","20,820.0","","-0.05%"
"12/11/2012","20,830.0","20,850.0","20,865.0","20,820.0","","0.07%"
"09/11/2012","20,815.0","20,850.0","20,865.0","20,817.5","","-0.02%"
"08/11/2012","20,820.0","20,847.5","20,870.0","20,820.0","","-0.10%"
"07/11/2012","20,840.0","20,847.5","20,870.0","20,820.0","","0.05%"
"06/11/2012","20,830.0","20,850.0","20,870.0","20,820.0","","0.14%"
"05/11/2012","20,800.0","20,847.5","20,875.0","20,820.0","","-0.12%"
"02/11/2012","20,825.0","20,850.0","20,875.0","20,820.0","","-0.05%"
"01/11/2012","20,835.0","20,847.5","20,875.0","20,820.0","","0.05%"
"31/10/2012","20,825.0","20,850.0","20,875.0","20,820.0","","0.05%"
"30/10/2012","20,815.0","20,850.0","20,875.0","20,820.0","","-0.07%"
"29/10/2012","20,830.0","20,850.0","20,875.0","20,822.5","","0.05%"
"26/10/2012","20,820.0","20,847.5","20,875.0","20,817.5","","-0.02%"
"25/10/2012","20,825.0","20,850.0","20,875.0","20,817.5","","0.00%"
"24/10/2012","20,825.0","20,850.0","20,875.0","20,820.0","","-0.02%"
"23/10/2012","20,830.0","20,852.5","20,875.0","20,822.5","","0.00%"
"22/10/2012","20,830.0","20,850.0","20,875.0","20,821.5","","0.05%"
"19/10/2012","20,820.0","20,842.5","20,885.0","20,822.5","","0.00%"
"18/10/2012","20,820.0","20,845.0","20,885.0","20,822.5","","-0.05%"
"17/10/2012","20,830.0","20,850.0","20,885.0","20,825.0","","0.00%"
"16/10/2012","20,830.0","20,830.0","20,885.0","20,827.5","","0.00%"
"15/10/2012","20,830.0","20,852.5","20,885.0","20,827.5","","0.05%"
"12/10/2012","20,820.0","20,830.0","20,885.0","20,830.0","","-0.10%"
"11/10/2012","20,840.0","20,860.0","20,885.0","20,830.0","","0.05%"
"10/10/2012","20,830.0","20,865.0","20,890.0","20,830.0","","-0.10%"
"09/10/2012","20,850.0","20,875.0","20,910.0","20,857.5","","-0.05%"
"08/10/2012","20,860.0","20,895.0","20,915.0","20,867.5","","0.00%"
"05/10/2012","20,860.0","20,890.0","20,915.0","20,865.0","","-0.05%"
"04/10/2012","20,870.0","20,875.0","20,912.5","20,860.0","","0.00%"
"03/10/2012","20,870.0","20,890.0","20,912.5","20,860.0","","0.05%"
"02/10/2012","20,860.0","20,875.0","20,912.5","20,857.5","","-0.02%"
"01/10/2012","20,865.0","20,880.0","20,902.5","20,825.0","","-0.05%"
"28/09/2012","20,875.0","20,875.0","20,902.5","20,855.0","","0.07%"
"27/09/2012","20,860.0","20,875.0","20,897.5","20,855.0","","0.05%"
"26/09/2012","20,850.0","20,865.0","20,897.5","20,845.0","","0.02%"
"25/09/2012","20,845.0","20,870.0","20,890.0","20,832.5","","-0.02%"
"24/09/2012","20,850.0","20,867.5","20,887.5","20,842.5","","0.05%"
"21/09/2012","20,840.0","20,870.0","20,890.0","20,840.0","","-0.10%"
"20/09/2012","20,860.0","20,870.0","20,900.0","20,840.0","","0.05%"
"19/09/2012","20,850.0","20,870.0","20,900.0","20,840.0","","0.14%"
"18/09/2012","20,820.0","20,850.0","20,870.0","20,822.5","","-0.05%"
"17/09/2012","20,830.0","20,850.0","20,870.0","20,820.0","","-0.05%"
"14/09/2012","20,840.0","20,850.0","20,870.0","20,820.0","","0.00%"
"13/09/2012","20,840.0","20,850.0","20,870.0","20,820.0","","0.14%"
"12/09/2012","20,810.0","20,850.0","20,870.0","20,820.0","","-0.10%"
"11/09/2012","20,830.0","20,850.0","20,870.0","20,820.0","","-0.05%"
"10/09/2012","20,840.0","20,850.0","20,880.0","20,820.0","","0.05%"
"07/09/2012","20,830.0","20,850.0","20,880.0","20,820.0","","0.00%"
"06/09/2012","20,830.0","20,860.0","20,875.0","20,822.5","","-0.02%"
"05/09/2012","20,835.0","20,860.0","20,930.0","20,825.0","","0.00%"
"04/09/2012","20,835.0","20,860.0","20,885.0","20,822.5","","0.22%"
"03/09/2012","20,790.0","20,790.0","20,790.0","20,790.0","","0.00%"
"31/08/2012","20,790.0","20,860.0","20,885.0","20,822.5","","-0.24%"
"30/08/2012","20,840.0","20,860.0","20,905.0","20,837.5","","0.00%"
"29/08/2012","20,840.0","20,860.0","20,890.0","20,835.0","","-0.05%"
"28/08/2012","20,850.0","20,862.5","20,895.0","20,830.0","","0.05%"
"27/08/2012","20,840.0","20,855.0","20,925.0","20,830.0","","0.05%"
"24/08/2012","20,830.0","20,960.0","20,965.0","20,837.5","","-0.14%"
"23/08/2012","20,860.0","20,852.5","20,935.0","20,832.5","","0.19%"
"22/08/2012","20,820.0","20,842.5","20,865.0","20,810.0","","-0.05%"
"21/08/2012","20,830.0","20,845.0","20,870.0","20,815.0","","0.05%"
"20/08/2012","20,820.0","20,847.5","20,870.0","20,816.5","","-0.10%"
"17/08/2012","20,840.0","20,845.0","20,870.0","20,817.5","","0.05%"
"16/08/2012","20,830.0","20,850.0","20,872.5","20,820.0","","0.00%"
"15/08/2012","20,830.0","20,850.0","20,950.0","20,827.5","","-0.33%"
"14/08/2012","20,900.0","20,847.5","20,960.0","20,827.5","","0.48%"
"13/08/2012","20,800.0","20,855.0","20,875.0","20,827.5","","-0.19%"
"10/08/2012","20,840.0","20,852.5","20,875.0","20,827.5","","0.14%"
"09/08/2012","20,810.0","20,885.0","20,887.5","20,830.0","","0.05%"
"08/08/2012","20,800.0","20,857.5","20,925.0","20,830.0","","-0.19%"
"07/08/2012","20,840.0","20,857.5","20,887.5","20,830.0","","-0.05%"
"06/08/2012","20,850.0","20,857.5","20,887.5","20,830.0","","0.05%"
"03/08/2012","20,840.0","20,857.5","20,925.0","20,830.0","","0.00%"
"02/08/2012","20,840.0","20,925.0","20,925.0","20,830.0","","0.00%"
"01/08/2012","20,840.0","20,860.0","20,925.0","20,835.0","","-0.05%"
"31/07/2012","20,850.0","20,872.5","20,892.5","20,840.0","","0.05%"
"30/07/2012","20,840.0","20,867.5","20,892.5","20,839.0","","-0.10%"
"27/07/2012","20,860.0","20,880.0","20,935.0","20,841.5","","0.00%"
"26/07/2012","20,860.0","20,880.0","20,940.0","20,845.0","","0.00%"
"25/07/2012","20,860.0","20,875.0","20,937.5","20,840.0","","0.00%"
"24/07/2012","20,860.0","20,850.0","20,892.5","20,830.0","","0.14%"
"23/07/2012","20,830.0","20,845.0","20,877.0","20,827.5","","0.05%"
"20/07/2012","20,820.0","20,830.0","20,873.5","20,825.0","","0.00%"
"19/07/2012","20,820.0","20,830.0","20,870.5","20,822.0","","-0.05%"
"18/07/2012","20,830.0","20,852.5","20,880.0","20,824.0","","0.00%"
"17/07/2012","20,830.0","20,872.5","20,887.5","20,826.5","","-0.05%"
"16/07/2012","20,840.0","20,867.5","20,901.0","20,842.5","","0.02%"
"13/07/2012","20,835.0","20,875.0","20,900.0","20,841.0","","-0.07%"
"12/07/2012","20,850.0","20,875.0","20,895.0","20,842.5","","0.00%"
"11/07/2012","20,850.0","20,880.0","20,903.5","20,855.0","","-0.05%"
"10/07/2012","20,860.0","20,880.0","20,909.5","20,856.0","","0.10%"
"09/07/2012","20,840.0","20,875.0","20,908.5","20,855.0","","-0.05%"
"06/07/2012","20,850.0","20,885.0","20,913.5","20,861.0","","-0.05%"
"05/07/2012","20,860.0","20,875.0","20,920.0","20,867.5","","-0.05%"
"04/07/2012","20,870.0","20,890.0","20,930.0","20,872.5","","0.00%"
"03/07/2012","20,870.0","20,875.0","20,935.0","20,872.5","","0.00%"
"02/07/2012","20,870.0","20,890.0","20,935.0","20,875.0","","-0.05%"
"29/06/2012","20,880.0","20,902.5","20,935.0","20,882.5","","-0.10%"
"28/06/2012","20,900.0","20,865.0","20,940.0","20,855.0","","0.14%"
"27/06/2012","20,870.0","20,887.5","20,925.0","20,860.0","","-0.24%"
"26/06/2012","20,920.0","20,905.0","20,950.0","20,855.0","","0.58%"
"25/06/2012","20,800.0","20,915.0","20,955.0","20,835.0","","-0.29%"
"22/06/2012","20,860.0","20,915.0","20,960.0","20,890.0","","-0.19%"
"21/06/2012","20,900.0","20,930.0","20,970.0","20,895.0","","-0.10%"
"20/06/2012","20,920.0","20,925.0","20,970.0","20,900.0","","-0.14%"
"19/06/2012","20,950.0","20,955.0","20,975.0","20,915.0","","0.14%"
"18/06/2012","20,920.0","20,960.0","20,998.0","20,850.0","","0.00%"
"15/06/2012","20,920.0","20,960.0","20,998.0","20,850.0","","0.00%"
"14/06/2012","20,920.0","20,960.0","20,998.0","20,850.0","","0.00%"
"13/06/2012","20,920.0","20,950.0","20,998.0","20,850.0","","0.29%"
"12/06/2012","20,860.0","20,980.0","21,000.5","20,850.0","","-0.43%"
"11/06/2012","20,950.0","20,995.0","21,015.5","20,850.0","","0.05%"
"08/06/2012","20,940.0","20,980.0","21,013.0","20,850.0","","-0.19%"
"07/06/2012","20,980.0","20,993.0","21,025.5","20,850.0","","0.00%"
"06/06/2012","20,980.0","20,950.0","21,028.0","20,850.0","","0.38%"
"05/06/2012","20,900.0","20,895.0","21,008.0","20,850.0","","0.00%"
"04/06/2012","20,900.0","20,860.0","20,925.0","20,845.0","","0.29%"
"01/06/2012","20,840.0","20,860.0","20,907.5","20,825.0","","0.10%"
"31/05/2012","20,820.0","20,870.0","20,895.0","20,835.0","","-0.19%"
"30/05/2012","20,860.0","20,865.0","20,895.0","20,835.0","","0.14%"
"29/05/2012","20,830.0","20,860.0","20,890.0","20,832.5","","-0.05%"
"28/05/2012","20,840.0","20,855.0","20,890.0","20,832.5","","0.00%"
"25/05/2012","20,840.0","20,855.0","20,895.0","20,827.5","","0.00%"
"24/05/2012","20,840.0","20,855.0","20,895.0","20,827.5","","0.10%"
"23/05/2012","20,820.0","20,855.0","20,890.0","20,827.5","","-0.12%"
"22/05/2012","20,845.0","20,850.0","20,877.5","20,825.0","","0.12%"
"21/05/2012","20,820.0","20,850.0","20,872.5","20,825.0","","0.05%"
"18/05/2012","20,810.0","20,850.0","20,872.5","20,825.0","","-0.05%"
"17/05/2012","20,820.0","20,850.0","20,872.5","20,807.0","","-0.12%"
"16/05/2012","20,845.0","20,855.0","20,877.5","20,815.0","","0.12%"
"15/05/2012","20,820.0","20,855.0","20,880.0","20,817.5","","-0.10%"
"14/05/2012","20,840.0","20,850.0","20,885.0","20,815.0","","0.10%"
"11/05/2012","20,820.0","20,845.0","20,885.0","20,812.5","","-0.48%"
"10/05/2012","20,920.0","20,845.0","20,925.0","20,812.5","","0.38%"
"09/05/2012","20,840.0","20,860.0","20,925.0","20,827.5","","0.10%"
"08/05/2012","20,820.0","20,925.0","20,925.0","20,817.5","","-0.10%"
"07/05/2012","20,840.0","20,855.0","20,925.0","20,817.5","","0.14%"
"04/05/2012","20,810.0","20,847.5","20,880.0","20,822.5","","-0.14%"
"03/05/2012","20,840.0","20,860.0","20,885.0","20,825.0","","0.00%"
"02/05/2012","20,840.0","20,875.0","20,950.0","20,835.0","","0.05%"
"01/05/2012","20,830.0","20,830.0","20,830.0","20,830.0","","0.00%"
"30/04/2012","20,830.0","20,865.0","20,865.0","20,865.0","","0.00%"
"27/04/2012","20,830.0","20,855.0","20,932.5","20,835.0","","-0.05%"
"26/04/2012","20,840.0","20,855.0","20,900.0","20,820.0","","0.10%"
"25/04/2012","20,820.0","20,845.0","20,900.0","20,815.0","","0.10%"
"24/04/2012","20,800.0","20,847.5","20,930.0","20,812.5","","-0.05%"
"23/04/2012","20,810.0","20,830.0","20,872.5","20,812.5","","-0.05%"
"20/04/2012","20,820.0","20,820.0","20,875.0","20,765.0","","0.10%"
"19/04/2012","20,800.0","20,810.0","20,870.0","20,812.5","","0.00%"
"18/04/2012","20,800.0","20,825.0","20,870.0","20,812.5","","0.00%"
"17/04/2012","20,800.0","20,810.0","20,870.0","20,812.5","","0.00%"
"16/04/2012","20,800.0","20,810.0","20,870.0","20,812.5","","0.00%"
"13/04/2012","20,800.0","20,820.0","20,880.0","20,812.5","","-0.05%"
"12/04/2012","20,810.0","20,810.0","20,880.0","20,815.0","","0.05%"
"11/04/2012","20,800.0","20,810.0","20,870.0","20,815.0","","0.00%"
"10/04/2012","20,800.0","20,810.0","20,865.0","20,807.0","","-0.14%"
"09/04/2012","20,830.0","20,810.0","20,865.0","20,810.0","","0.24%"
"06/04/2012","20,780.0","20,810.0","20,865.0","20,807.5","","-0.10%"
"05/04/2012","20,800.0","20,800.0","20,865.0","20,810.0","","-0.05%"
"04/04/2012","20,810.0","20,810.0","20,865.0","20,810.0","","-0.10%"
"03/04/2012","20,830.0","20,810.0","20,865.0","20,810.0","","0.05%"
"02/04/2012","20,820.0","20,820.0","20,850.0","20,850.0","","0.00%"
"30/03/2012","20,820.0","20,800.0","20,865.0","20,804.0","","0.10%"
"29/03/2012","20,800.0","20,780.0","20,880.0","20,808.0","","-0.14%"
"28/03/2012","20,830.0","20,850.0","20,914.0","20,813.0","","0.00%"
"27/03/2012","20,830.0","20,870.0","20,924.0","20,840.0","","-0.24%"
"26/03/2012","20,880.0","20,820.0","20,924.0","20,835.0","","0.10%"
"23/03/2012","20,860.0","20,820.0","20,917.5","20,840.0","","0.14%"
"22/03/2012","20,830.0","20,820.0","20,917.5","20,819.0","","-0.10%"
"21/03/2012","20,850.0","20,800.0","20,915.0","20,808.0","","0.19%"
"20/03/2012","20,810.0","20,810.0","20,875.0","20,807.5","","-0.05%"
"19/03/2012","20,820.0","20,810.0","20,875.0","20,806.0","","0.10%"
"16/03/2012","20,800.0","20,810.0","20,873.0","20,806.0","","-0.05%"
"15/03/2012","20,810.0","20,810.0","20,874.5","20,806.0","","0.05%"
"14/03/2012","20,800.0","20,810.0","20,875.5","20,807.5","","0.05%"
"13/03/2012","20,790.0","20,810.0","20,867.5","20,807.5","","-0.10%"
"12/03/2012","20,810.0","20,800.0","20,883.0","20,807.5","","0.00%"
"09/03/2012","20,810.0","20,800.0","20,873.0","20,807.5","","0.00%"
"08/03/2012","20,810.0","20,800.0","20,893.0","20,807.5","","-0.07%"
"07/03/2012","20,825.0","20,810.0","20,870.5","20,807.5","","0.02%"
"06/03/2012","20,820.0","20,810.0","20,883.0","20,807.5","","0.05%"
"05/03/2012","20,810.0","20,825.0","20,883.0","20,807.5","","-0.07%"
"02/03/2012","20,825.0","20,810.0","20,873.0","20,807.5","","0.12%"
"01/03/2012","20,800.0","20,800.0","20,873.0","20,810.0","","-0.14%"
"29/02/2012","20,830.0","20,815.0","20,873.0","20,810.0","","0.05%"
"28/02/2012","20,820.0","20,800.0","20,883.0","20,810.0","","0.05%"
"27/02/2012","20,810.0","20,810.0","20,873.0","20,810.0","","0.00%"
"24/02/2012","20,810.0","20,810.0","20,873.0","20,810.0","","0.19%"
"23/02/2012","20,770.0","20,800.0","20,868.0","20,800.0","","-0.19%"
"22/02/2012","20,810.0","20,810.0","20,873.0","20,810.0","","0.00%"
"21/02/2012","20,810.0","20,810.0","20,875.5","20,807.0","","0.05%"
"20/02/2012","20,800.0","20,865.0","20,897.5","20,805.0","","-0.05%"
"17/02/2012","20,810.0","20,810.0","20,897.5","20,800.0","","0.19%"
"16/02/2012","20,770.0","20,865.0","20,900.5","20,800.0","","-0.24%"
"15/02/2012","20,820.0","20,865.0","20,907.5","20,812.5","","-0.10%"
"14/02/2012","20,840.0","20,800.0","20,907.5","20,822.5","","0.05%"
"13/02/2012","20,830.0","20,800.0","20,925.0","20,832.5","","-0.19%"
"10/02/2012","20,870.0","20,865.0","20,933.0","20,840.0","","0.00%"
"09/02/2012","20,870.0","20,800.0","21,000.5","20,850.0","","-0.14%"
"08/02/2012","20,900.0","20,940.0","21,018.0","20,829.5","","0.00%"
"07/02/2012","20,900.0","20,930.0","21,033.0","20,930.0","","-0.10%"
"06/02/2012","20,920.0","20,950.0","21,033.0","20,932.5","","-0.14%"
"03/02/2012","20,950.0","20,960.0","21,033.0","20,829.5","","0.00%"
"02/02/2012","20,950.0","20,950.0","21,033.0","20,955.0","","-0.14%"
"01/02/2012","20,980.0","20,950.0","21,033.0","20,955.0","","-0.10%"
"31/01/2012","21,000.0","21,030.0","21,033.0","20,968.0","","0.48%"
"30/01/2012","20,900.0","20,850.0","21,027.5","20,875.0","","0.24%"
"27/01/2012","20,850.0","20,850.0","20,850.0","20,850.0","","0.00%"
"26/01/2012","20,850.0","20,850.0","20,850.0","20,850.0","","0.00%"
"25/01/2012","20,850.0","20,850.0","20,900.0","20,900.0","","0.19%"
"24/01/2012","20,810.0","20,810.0","20,810.0","20,810.0","","0.00%"
"23/01/2012","20,810.0","20,810.0","20,810.0","20,810.0","","0.00%"
"20/01/2012","20,810.0","20,830.0","20,905.0","20,822.0","","-0.19%"
"19/01/2012","20,850.0","20,860.0","20,968.0","20,817.0","","-0.24%"
"18/01/2012","20,900.0","20,970.0","21,018.0","20,829.5","","-0.48%"
"17/01/2012","21,000.0","21,020.0","21,033.5","20,987.5","","0.00%"
"16/01/2012","21,000.0","21,033.0","21,035.0","21,018.0","","-0.15%"
"13/01/2012","21,031.0","21,031.0","21,035.5","21,018.0","","-0.01%"
"12/01/2012","21,034.0","21,033.0","21,035.5","21,018.0","","0.04%"
"11/01/2012","21,025.0","21,000.0","21,035.5","21,018.0","","0.12%"
"10/01/2012","21,000.0","21,033.0","21,035.5","21,018.0","","-0.16%"
"09/01/2012","21,033.0","21,033.0","21,035.5","21,018.0","","0.01%"
"06/01/2012","21,031.0","21,035.0","21,035.5","21,018.0","","0.02%"
"05/01/2012","21,026.0","21,035.0","21,035.5","21,018.0","","0.00%"
"04/01/2012","21,026.0","21,030.0","21,035.5","21,018.0","","0.00%"
"03/01/2012","21,026.0","21,034.0","21,035.5","21,018.0","","-0.02%"
"02/01/2012","21,031.0","21,031.0","21,031.0","21,031.0","","0.00%"
"30/12/2011","21,031.0","21,035.0","21,035.5","21,018.0","","0.10%"
"29/12/2011","21,010.0","21,030.0","21,035.5","21,005.5","","0.05%"
"28/12/2011","21,000.0","21,031.0","21,035.5","21,005.5","","-0.13%"
"27/12/2011","21,028.0","21,030.0","21,035.5","21,005.5","","-0.02%"
"26/12/2011","21,033.0","21,030.0","21,035.5","21,005.5","","0.10%"
"23/12/2011","21,011.0","21,015.0","21,020.5","21,000.5","","0.05%"
"22/12/2011","21,000.0","21,015.0","21,020.5","21,000.5","","-0.07%"
"21/12/2011","21,015.0","21,018.0","21,020.5","21,000.5","","0.07%"
"20/12/2011","21,000.0","21,015.0","21,020.5","21,000.5","","-0.07%"
"19/12/2011","21,014.0","21,016.0","21,020.5","21,000.5","","-0.03%"
"16/12/2011","21,020.0","21,015.0","21,020.5","21,000.5","","0.04%"
"15/12/2011","21,011.0","21,020.0","21,020.5","20,996.0","","0.01%"
"14/12/2011","21,009.0","21,020.0","21,020.5","20,996.0","","0.00%"
"13/12/2011","21,010.0","21,010.0","21,010.5","20,996.0","","0.02%"
"12/12/2011","21,005.0","21,005.0","21,010.5","21,000.5","","0.02%"
"09/12/2011","21,000.0","21,005.0","21,010.5","20,996.0","","-0.02%"
"08/12/2011","21,005.0","21,005.0","21,010.5","20,996.0","","-0.02%"
"07/12/2011","21,010.0","21,005.0","21,010.5","20,996.0","","0.00%"
"06/12/2011","21,010.0","21,005.0","21,010.5","21,000.5","","0.00%"
"05/12/2011","21,010.0","21,005.0","21,010.5","21,000.5","","0.05%"
"02/12/2011","21,000.0","21,010.0","21,010.5","20,996.0","","-0.05%"
"01/12/2011","21,010.0","21,005.0","21,010.5","20,996.0","","0.05%"
"30/11/2011","21,000.0","21,006.0","21,010.5","21,000.5","","-0.04%"
"29/11/2011","21,009.0","21,005.0","21,010.5","21,000.5","","0.02%"
"28/11/2011","21,005.0","21,006.0","21,010.5","21,000.5","","0.02%"
"25/11/2011","21,000.0","21,010.0","21,010.5","21,000.5","","-0.02%"
"24/11/2011","21,005.0","21,010.0","21,010.5","21,000.5","","0.00%"
"23/11/2011","21,006.0","21,010.0","21,010.5","21,000.5","","0.00%"
"22/11/2011","21,005.0","21,006.0","21,010.5","21,000.5","","0.00%"
"21/11/2011","21,006.0","21,005.0","21,010.5","21,000.5","","0.03%"
"18/11/2011","21,000.0","21,005.0","21,010.5","20,995.5","","-0.03%"
"17/11/2011","21,006.0","21,006.0","21,010.5","20,995.5","","0.03%"
"16/11/2011","21,000.0","21,005.0","21,010.5","20,995.5","","-0.02%"
"15/11/2011","21,005.0","21,005.0","21,010.5","20,995.5","","0.00%"
"14/11/2011","21,005.0","21,005.0","21,010.5","20,995.5","","-0.01%"
"11/11/2011","21,008.0","21,005.0","21,010.5","20,995.5","","0.01%"
"10/11/2011","21,005.0","21,005.0","21,010.5","20,995.5","","-0.01%"
"09/11/2011","21,008.0","21,005.0","21,010.5","20,995.5","","0.01%"
"08/11/2011","21,005.0","21,006.0","21,010.5","20,995.5","","0.00%"
"07/11/2011","21,005.0","21,005.0","21,010.0","20,995.5","","0.00%"
"04/11/2011","21,005.0","21,005.0","21,010.5","20,995.5","","0.02%"
"03/11/2011","21,000.0","21,006.0","21,010.0","20,995.5","","-0.02%"
"02/11/2011","21,005.0","21,005.0","21,010.0","20,995.5","","0.02%"
"01/11/2011","21,000.0","21,005.0","21,010.0","20,995.5","","0.00%"
"31/10/2011","21,000.0","21,005.0","21,010.0","20,988.0","","0.38%"
"28/10/2011","20,920.0","21,006.0","21,010.0","20,915.0","","-0.16%"
"27/10/2011","20,953.0","20,990.0","20,995.0","20,927.5","","0.16%"
"26/10/2011","20,920.0","20,971.0","20,984.5","20,870.0","","-0.14%"
"25/10/2011","20,950.0","20,950.0","20,974.0","20,870.0","","0.00%"
"24/10/2011","20,951.0","20,950.0","20,974.0","20,870.0","","0.00%"
"21/10/2011","20,951.0","20,950.0","20,954.0","20,870.0","","0.05%"
"20/10/2011","20,941.0","20,940.0","20,944.0","20,870.0","","0.03%"
"19/10/2011","20,935.0","20,938.0","20,939.0","20,870.0","","0.11%"
"18/10/2011","20,913.0","20,925.0","20,929.0","20,852.5","","0.06%"
"17/10/2011","20,900.0","20,900.0","20,914.0","20,812.0","","0.04%"
"14/10/2011","20,891.0","20,893.0","20,894.0","20,802.0","","0.05%"
"13/10/2011","20,880.0","20,883.0","20,884.0","20,799.5","","0.05%"
"12/10/2011","20,870.0","20,870.0","20,874.0","20,804.5","","0.05%"
"11/10/2011","20,860.0","20,870.0","20,874.0","20,799.5","","0.02%"
"10/10/2011","20,855.0","20,855.0","20,859.0","20,812.0","","0.26%"
"07/10/2011","20,800.0","20,855.0","20,859.0","20,812.0","","-0.24%"
"06/10/2011","20,850.0","20,850.0","20,853.0","20,787.0","","0.05%"
"05/10/2011","20,840.0","20,840.0","20,843.0","20,787.0","","0.14%"
"04/10/2011","20,810.0","20,830.0","20,833.0","20,787.0","","-0.10%"
"03/10/2011","20,830.0","20,830.0","20,833.0","20,792.0","","0.02%"
"30/09/2011","20,825.0","20,830.0","20,833.0","20,787.0","","-0.02%"
"29/09/2011","20,830.0","20,830.0","20,897.5","20,787.0","","0.00%"
"28/09/2011","20,830.0","20,830.0","20,876.4","20,787.0","","0.14%"
"27/09/2011","20,800.0","20,830.0","20,833.0","20,787.0","","-0.14%"
"26/09/2011","20,830.0","20,830.0","20,833.0","20,787.0","","-0.29%"
"23/09/2011","20,890.0","20,830.0","20,897.5","20,787.0","","0.38%"
"22/09/2011","20,810.0","20,830.0","20,897.5","20,787.0","","-0.38%"
"21/09/2011","20,890.0","20,830.0","20,897.5","20,787.0","","0.43%"
"20/09/2011","20,800.0","20,830.0","20,833.0","20,787.0","","-0.14%"
"19/09/2011","20,830.0","20,830.0","20,858.5","20,787.0","","0.00%"
"16/09/2011","20,830.0","20,830.0","20,897.5","20,787.0","","-0.29%"
"15/09/2011","20,890.0","20,830.0","20,897.5","20,787.0","","0.29%"
"14/09/2011","20,830.0","20,830.0","20,833.0","20,787.0","","0.14%"
"13/09/2011","20,800.0","20,830.0","20,897.5","20,787.0","","-0.14%"
"12/09/2011","20,830.0","20,830.0","20,833.0","20,787.0","","0.14%"
"09/09/2011","20,800.0","20,830.0","20,833.0","20,787.0","","0.00%"
"08/09/2011","20,800.0","20,830.0","20,833.0","20,787.0","","-0.14%"
"07/09/2011","20,830.0","20,830.0","20,833.0","20,787.0","","0.14%"
"06/09/2011","20,800.0","20,830.0","20,833.0","20,787.0","","-0.14%"
"05/09/2011","20,830.0","20,830.0","20,833.0","20,787.0","","0.00%"
"02/09/2011","20,830.0","20,830.0","20,830.0","20,830.0","","0.00%"
"01/09/2011","20,830.0","20,830.0","20,833.0","20,787.0","","0.00%"
"31/08/2011","20,830.0","20,830.0","20,833.0","20,787.0","","0.00%"
"30/08/2011","20,830.0","20,830.0","20,833.0","20,787.0","","0.00%"
"29/08/2011","20,830.0","20,830.0","20,833.0","20,780.0","","0.00%"
"26/08/2011","20,830.0","20,830.0","20,833.0","20,780.0","","0.14%"
"25/08/2011","20,800.0","20,830.0","20,833.0","20,780.0","","-0.14%"
"24/08/2011","20,830.0","20,830.0","20,832.0","20,767.0","","0.05%"
"23/08/2011","20,820.0","20,820.0","20,822.0","20,767.0","","0.00%"
"22/08/2011","20,820.0","20,820.0","20,822.0","20,767.0","","0.14%"
"19/08/2011","20,790.0","20,800.0","20,822.0","20,767.0","","-0.10%"
"18/08/2011","20,810.0","20,800.0","20,819.0","20,767.0","","0.14%"
"17/08/2011","20,780.0","20,780.0","20,819.0","20,767.0","","0.14%"
"16/08/2011","20,750.0","20,800.0","20,822.0","20,767.0","","-0.24%"
"15/08/2011","20,800.0","20,800.0","20,822.0","20,767.0","","-0.05%"
"12/08/2011","20,810.0","20,800.0","20,822.0","20,767.0","","0.00%"
"11/08/2011","20,810.0","20,820.0","20,822.0","20,755.0","","0.24%"
"10/08/2011","20,760.0","20,800.0","20,822.0","20,730.0","","-0.10%"
"09/08/2011","20,780.0","20,750.0","20,808.0","20,575.0","","0.78%"
"08/08/2011","20,620.0","20,600.0","20,762.0","20,570.0","","0.29%"
"05/08/2011","20,560.0","20,570.0","20,632.5","20,567.5","","-0.05%"
"04/08/2011","20,570.0","20,570.0","20,630.0","20,565.0","","0.34%"
"03/08/2011","20,500.0","20,570.0","20,632.5","20,545.0","","-0.29%"
"02/08/2011","20,560.0","20,560.0","20,627.5","20,562.5","","-0.10%"
"01/08/2011","20,580.0","20,550.0","20,627.5","20,562.5","","0.00%"
"29/07/2011","20,580.0","20,560.0","20,625.0","20,557.5","","0.10%"
"28/07/2011","20,560.0","20,550.0","20,625.0","20,555.0","","0.05%"
"27/07/2011","20,550.0","20,560.0","20,625.0","20,555.0","","-0.10%"
"26/07/2011","20,570.0","20,560.0","20,625.0","20,557.5","","0.10%"
"25/07/2011","20,550.0","20,520.0","20,670.0","20,560.0","","-0.10%"
"22/07/2011","20,570.0","20,550.0","20,670.0","20,560.0","","0.10%"
"21/07/2011","20,550.0","20,570.0","20,670.0","20,560.0","","-0.15%"
"20/07/2011","20,580.0","20,550.0","20,670.0","20,552.5","","-0.14%"
"19/07/2011","20,608.0","20,550.0","20,629.0","20,550.0","","0.33%"
"18/07/2011","20,540.0","20,550.0","20,615.0","20,547.5","","-0.05%"
"15/07/2011","20,550.0","20,540.0","20,615.0","20,542.5","","0.05%"
"14/07/2011","20,540.0","20,550.0","20,615.0","20,542.5","","-0.10%"
"13/07/2011","20,560.0","20,550.0","20,620.0","20,545.0","","0.05%"
"12/07/2011","20,550.0","20,560.0","20,625.0","20,545.0","","-0.15%"
"11/07/2011","20,580.0","20,570.0","20,635.0","20,550.0","","0.00%"
"08/07/2011","20,580.0","20,550.0","20,625.0","20,547.5","","0.00%"
"07/07/2011","20,580.0","20,560.0","20,635.0","20,555.0","","0.05%"
"06/07/2011","20,570.0","20,570.0","20,635.0","20,557.5","","0.00%"
"05/07/2011","20,570.0","20,560.0","20,640.0","20,550.0","","0.10%"
"04/07/2011","20,550.0","20,550.0","20,640.0","20,550.0","","0.20%"
"01/07/2011","20,510.0","20,560.0","20,635.0","20,555.0","","0.00%"
"30/06/2011","20,510.0","20,540.0","20,670.0","20,555.0","","-0.29%"
"29/06/2011","20,570.0","20,570.0","20,635.0","20,535.0","","0.00%"
"28/06/2011","20,570.0","20,580.0","20,640.0","20,565.0","","0.00%"
"27/06/2011","20,570.0","20,560.0","20,725.0","20,565.0","","0.15%"
"24/06/2011","20,540.0","20,550.0","20,725.0","20,560.0","","-0.15%"
"23/06/2011","20,570.0","20,550.0","20,725.0","20,570.0","","0.24%"
"22/06/2011","20,520.0","20,570.0","20,725.0","20,570.0","","-0.29%"
"21/06/2011","20,580.0","20,600.0","20,760.0","20,602.5","","-0.05%"
"20/06/2011","20,590.0","20,660.0","20,760.0","20,645.0","","-0.63%"
"17/06/2011","20,720.0","20,600.0","20,770.0","20,560.0","","0.58%"
"16/06/2011","20,600.0","20,555.0","20,670.0","20,545.0","","0.19%"
"15/06/2011","20,560.0","20,540.0","20,615.0","20,525.0","","0.10%"
"14/06/2011","20,540.0","20,530.0","20,620.0","20,525.0","","-0.07%"
"13/06/2011","20,555.0","20,530.0","20,630.0","20,520.0","","0.17%"
"10/06/2011","20,520.0","20,530.0","20,630.0","20,520.0","","-0.05%"
"09/06/2011","20,530.0","20,540.0","20,630.0","20,520.0","","-0.24%"
"08/06/2011","20,580.0","20,540.0","20,630.0","20,520.0","","0.24%"
"07/06/2011","20,530.0","20,520.0","20,630.0","20,520.0","","-0.24%"
"06/06/2011","20,580.0","20,520.0","20,630.0","20,525.0","","0.29%"
"03/06/2011","20,520.0","20,490.0","20,630.0","20,525.0","","0.10%"
"02/06/2011","20,500.0","20,540.0","20,615.0","20,525.0","","-0.34%"
"01/06/2011","20,570.0","20,520.0","20,640.0","20,545.0","","0.34%"
"31/05/2011","20,500.0","20,510.0","20,640.0","20,532.5","","-0.05%"
"30/05/2011","20,510.0","20,520.0","20,650.0","20,532.5","","-0.24%"
"27/05/2011","20,560.0","20,500.0","20,650.0","20,545.0","","-0.19%"
"26/05/2011","20,600.0","20,550.0","20,745.0","20,547.5","","0.10%"
"25/05/2011","20,580.0","20,580.0","20,790.0","20,600.0","","0.00%"
"24/05/2011","20,580.0","20,630.0","20,760.0","20,575.0","","-0.44%"
"23/05/2011","20,670.0","20,680.0","20,822.5","20,625.0","","-0.14%"
"20/05/2011","20,700.0","20,700.0","20,780.0","20,635.0","","0.05%"
"19/05/2011","20,690.0","20,700.0","20,810.0","20,710.0","","-0.29%"
"18/05/2011","20,750.0","20,720.0","20,830.0","20,625.0","","0.48%"
"17/05/2011","20,650.0","20,600.0","20,750.0","20,615.0","","0.29%"
"16/05/2011","20,590.0","20,600.0","20,645.0","20,610.0","","0.00%"
"13/05/2011","20,590.0","20,600.0","20,615.0","20,590.0","","0.05%"
"12/05/2011","20,580.0","20,565.0","20,615.0","20,582.5","","0.00%"
"11/05/2011","20,580.0","20,600.0","20,635.0","20,605.0","","-0.10%"
"10/05/2011","20,600.0","20,600.0","20,685.0","20,612.5","","0.00%"
"09/05/2011","20,600.0","20,590.0","20,625.0","20,605.0","","0.02%"
"06/05/2011","20,595.0","20,595.0","20,622.5","20,612.5","","0.02%"
"05/05/2011","20,590.0","20,620.0","20,635.0","20,610.0","","-0.19%"
"04/05/2011","20,630.0","20,630.0","20,685.0","20,625.0","","0.15%"
"03/05/2011","20,600.0","20,600.0","20,625.0","20,575.0","","0.15%"
"02/05/2011","20,570.0","20,570.0","20,570.0","20,570.0","","0.00%"
"29/04/2011","20,570.0","20,495.0","20,710.0","20,515.5","","0.34%"
"28/04/2011","20,500.0","20,600.0","20,650.0","20,495.0","","-0.49%"
"27/04/2011","20,600.0","20,640.0","20,745.0","20,622.5","","-0.39%"
"26/04/2011","20,680.0","20,640.0","20,670.0","20,670.0","","-1.05%"
"25/04/2011","20,900.0","20,910.0","20,917.5","20,857.5","","0.22%"
"22/04/2011","20,855.0","20,860.0","20,930.0","20,820.0","","-0.31%"
"21/04/2011","20,920.0","20,900.0","20,930.0","20,867.5","","0.07%"
"20/04/2011","20,905.0","20,900.0","20,922.5","20,870.0","","0.02%"
"19/04/2011","20,900.0","20,890.0","20,925.0","20,867.5","","0.19%"
"18/04/2011","20,860.0","20,890.0","20,920.0","20,870.0","","0.00%"
"15/04/2011","20,860.0","20,890.0","20,915.0","20,867.5","","0.00%"
"14/04/2011","20,860.0","20,890.0","20,915.0","20,830.0","","-0.19%"
"13/04/2011","20,900.0","20,910.0","20,920.0","20,830.0","","0.48%"
"12/04/2011","20,800.0","20,800.0","20,800.0","20,800.0","","0.00%"
"11/04/2011","20,800.0","20,800.0","20,800.0","20,800.0","","0.00%"
"08/04/2011","20,800.0","20,900.0","20,915.0","20,830.0","","-0.43%"
"07/04/2011","20,890.0","20,910.0","20,915.0","20,830.0","","0.02%"
"06/04/2011","20,885.0","20,905.0","20,912.5","20,830.0","","0.26%"
"05/04/2011","20,830.0","20,900.0","20,915.0","20,830.0","","0.00%"
"04/04/2011","20,830.0","20,900.0","20,907.5","20,830.0","","-0.38%"
"01/04/2011","20,910.0","20,905.0","20,912.5","20,852.5","","0.14%"
"31/03/2011","20,880.0","20,905.0","20,907.5","20,840.0","","-0.07%"
"30/03/2011","20,895.0","20,890.0","20,902.5","20,835.0","","0.14%"
"29/03/2011","20,865.0","20,890.0","20,897.5","20,835.0","","-0.12%"
"28/03/2011","20,890.0","20,875.0","20,897.5","20,837.5","","0.14%"
"25/03/2011","20,860.0","20,885.0","20,892.5","20,832.5","","-0.12%"
"24/03/2011","20,885.0","20,870.0","20,892.5","20,835.0","","-0.02%"
"23/03/2011","20,890.0","20,870.0","20,892.5","20,835.0","","0.29%"
"22/03/2011","20,830.0","20,885.0","20,887.5","20,925.0","","-0.19%"
"21/03/2011","20,870.0","20,875.0","20,877.5","20,815.0","","0.10%"
"18/03/2011","20,850.0","20,850.0","20,870.0","20,815.0","","-0.05%"
"17/03/2011","20,860.0","20,855.0","20,870.0","20,812.5","","0.00%"
"16/03/2011","20,860.0","20,860.0","20,870.0","20,812.5","","-0.02%"
"15/03/2011","20,865.0","20,865.0","20,867.5","20,820.0","","0.31%"
"14/03/2011","20,800.0","20,865.0","20,872.5","20,820.0","","-0.34%"
"11/03/2011","20,870.0","20,870.0","20,877.5","20,822.5","","0.24%"
"10/03/2011","20,820.0","20,870.0","20,877.5","20,825.0","","-0.22%"
"09/03/2011","20,865.0","20,860.0","20,872.5","20,822.5","","0.00%"
"08/03/2011","20,865.0","20,865.0","20,867.5","20,820.0","","0.02%"
"07/03/2011","20,860.0","20,860.0","20,867.5","20,815.0","","0.29%"
"04/03/2011","20,800.0","20,860.0","20,867.5","20,812.5","","0.17%"
"03/03/2011","20,765.0","20,855.0","20,867.5","20,812.5","","-0.46%"
"02/03/2011","20,860.0","20,860.0","20,877.5","20,820.0","","-0.05%"
"01/03/2011","20,870.0","20,875.0","20,880.0","20,825.0","","-0.02%"
"28/02/2011","20,875.0","20,875.0","20,877.5","20,830.0","","-0.05%"
"25/02/2011","20,885.0","20,880.0","20,890.0","20,835.0","","-0.02%"
"24/02/2011","20,890.0","20,885.0","20,892.5","20,840.0","","0.05%"
"23/02/2011","20,880.0","20,885.0","20,887.5","20,835.0","","0.02%"
"22/02/2011","20,875.0","20,835.0","20,882.5","20,832.5","","0.02%"
"21/02/2011","20,870.0","20,830.0","20,892.5","20,855.0","","-0.05%"
"18/02/2011","20,880.0","20,835.0","20,895.0","20,860.0","","0.00%"
"17/02/2011","20,880.0","20,840.0","20,905.0","20,865.0","","0.36%"
"16/02/2011","20,805.0","20,855.0","20,910.0","20,850.0","","-0.45%"
"15/02/2011","20,900.0","20,860.0","20,912.5","20,855.0","","0.00%"
"14/02/2011","20,900.0","20,900.0","20,915.0","20,860.0","","0.97%"
"11/02/2011","20,700.0","19,495.0","20,350.0","19,490.0","","6.26%"
"10/02/2011","19,480.0","19,495.0","19,499.0","19,475.0","","-0.08%"
"09/02/2011","19,495.0","19,495.0","19,499.0","19,475.0","","-0.02%"
"08/02/2011","19,498.0","19,495.0","19,499.0","19,475.0","","0.04%"
"07/02/2011","19,490.0","19,490.0","19,490.0","19,490.0","","0.00%"
"04/02/2011","19,490.0","19,490.0","19,490.0","19,490.0","","0.00%"
"03/02/2011","19,490.0","19,490.0","19,490.0","19,490.0","","0.00%"
"02/02/2011","19,490.0","19,490.0","19,490.0","19,490.0","","0.00%"
"01/02/2011","19,490.0","19,490.0","19,495.0","19,495.0","","-0.03%"
"31/01/2011","19,495.0","19,490.0","19,497.5","19,495.0","","0.00%"
"28/01/2011","19,495.0","19,495.0","19,499.0","19,475.0","","0.00%"
"27/01/2011","19,495.0","19,495.0","19,499.0","19,475.0","","0.00%"
"26/01/2011","19,495.0","19,495.0","19,499.0","19,475.0","","-0.02%"
"25/01/2011","19,498.0","19,495.0","19,499.0","19,475.0","","0.00%"
"24/01/2011","19,498.0","19,495.0","19,499.0","19,475.0","","0.02%"
"21/01/2011","19,495.0","19,495.0","19,499.0","19,475.0","","0.03%"
"20/01/2011","19,490.0","19,495.0","19,499.0","19,475.0","","-0.03%"
"19/01/2011","19,495.0","19,495.0","19,499.0","19,475.0","","-0.02%"
"18/01/2011","19,498.0","19,495.0","19,499.0","19,475.0","","0.04%"
"17/01/2011","19,490.0","19,495.0","19,499.0","19,475.0","","-0.03%"
"14/01/2011","19,495.0","19,495.0","19,499.0","19,475.0","","0.08%"
"13/01/2011","19,480.0","19,495.0","19,499.0","19,475.0","","-0.08%"
"12/01/2011","19,495.0","19,495.0","19,499.0","19,475.0","","0.23%"
"11/01/2011","19,450.0","19,495.0","19,499.0","19,475.0","","-0.23%"
"10/01/2011","19,495.0","19,495.0","19,499.0","19,475.0","","-0.02%"
"07/01/2011","19,498.0","19,495.0","19,499.0","19,475.0","","0.02%"
"06/01/2011","19,495.0","19,495.0","19,499.0","19,475.0","","-0.02%"
"05/01/2011","19,498.0","19,495.0","19,499.0","19,475.0","","0.00%"
"04/01/2011","19,498.0","19,495.0","19,499.0","19,475.0","","0.02%"
"03/01/2011","19,495.0","19,495.0","19,495.0","19,495.0","","0.00%"
"31/12/2010","19,495.0","19,495.0","19,499.0","19,475.0","","0.23%"
"30/12/2010","19,450.0","19,495.0","19,499.0","19,475.0","","-0.21%"
"29/12/2010","19,490.0","19,495.0","19,499.0","19,475.0","","0.05%"
"28/12/2010","19,480.0","19,495.0","19,499.0","19,475.0","","-0.05%"
"27/12/2010","19,490.0","19,495.0","19,499.0","19,475.0","","-0.04%"
"24/12/2010","19,498.0","19,495.0","19,499.0","19,475.0","","0.04%"
"23/12/2010","19,490.0","19,495.0","19,499.0","19,475.0","","-0.03%"
"22/12/2010","19,495.0","19,495.0","19,499.0","19,475.0","","0.00%"
"21/12/2010","19,495.0","19,495.0","19,499.0","19,475.0","","0.00%"
"20/12/2010","19,495.0","19,495.0","19,499.0","19,475.0","","0.00%"
"17/12/2010","19,495.0","19,495.0","19,499.0","19,475.0","","0.00%"
"16/12/2010","19,495.0","19,495.0","19,499.0","19,475.0","","-0.02%"
"15/12/2010","19,498.0","19,495.0","19,499.0","19,475.0","","0.04%"
"14/12/2010","19,490.0","19,495.0","19,499.0","19,475.0","","-0.04%"
"13/12/2010","19,498.0","19,495.0","19,499.0","19,475.0","","0.04%"
"10/12/2010","19,490.0","19,495.0","19,499.0","19,475.0","","-0.03%"
"09/12/2010","19,495.0","19,495.0","19,499.0","19,475.0","","-0.02%"
"08/12/2010","19,498.0","19,495.0","19,499.0","19,475.0","","0.04%"
"07/12/2010","19,490.0","19,495.0","19,499.0","19,475.0","","-0.04%"
"06/12/2010","19,498.0","19,495.0","19,499.0","19,475.0","","0.00%"
"03/12/2010","19,498.0","19,495.0","19,499.0","19,475.0","","0.02%"
"02/12/2010","19,495.0","19,495.0","19,499.0","19,475.0","","0.00%"
"01/12/2010","19,495.0","19,495.0","19,499.0","19,475.0","","-0.02%"
"30/11/2010","19,498.0","19,495.0","19,499.0","19,475.0","","0.02%"
"29/11/2010","19,495.0","19,495.0","19,499.0","19,475.0","","0.00%"
"26/11/2010","19,495.0","19,495.0","19,499.0","19,475.0","","0.00%"
"25/11/2010","19,495.0","19,495.0","19,499.0","19,475.0","","0.00%"
"24/11/2010","19,495.0","19,495.0","19,499.0","19,475.0","","0.03%"
"23/11/2010","19,490.0","19,495.0","19,499.0","19,475.0","","0.00%"
"22/11/2010","19,490.0","19,495.0","19,499.0","19,475.0","","0.00%"
"19/11/2010","19,490.0","19,495.0","19,499.0","19,475.0","","0.00%"
"18/11/2010","19,490.0","19,495.0","19,499.0","19,475.0","","-0.03%"
"17/11/2010","19,495.0","19,495.0","19,499.0","19,475.0","","0.08%"
"16/11/2010","19,480.0","19,495.0","19,497.5","19,475.0","","0.00%"
"15/11/2010","19,480.0","19,495.0","19,498.5","19,475.0","","-0.05%"
"12/11/2010","19,490.0","19,495.0","19,498.0","19,475.0","","0.00%"
"11/11/2010","19,490.0","19,495.0","19,498.5","19,475.0","","-0.03%"
"10/11/2010","19,495.0","19,495.0","19,497.5","19,475.0","","0.08%"
"09/11/2010","19,480.0","19,495.0","19,498.5","19,475.0","","0.00%"
"08/11/2010","19,480.0","19,495.0","19,499.0","19,475.0","","-0.05%"
"05/11/2010","19,490.0","19,497.0","19,498.5","19,475.0","","0.05%"
"04/11/2010","19,480.0","19,495.0","19,497.5","19,475.0","","0.00%"
"03/11/2010","19,480.0","19,495.0","19,499.0","19,475.0","","0.00%"
"02/11/2010","19,480.0","19,495.0","19,963.5","19,475.0","","-0.08%"
"01/11/2010","19,495.0","19,920.0","20,135.0","19,475.0","","0.08%"
"29/10/2010","19,480.0","19,490.0","19,499.0","19,475.0","","-0.05%"
"28/10/2010","19,490.0","19,495.0","19,499.0","19,475.0","","0.00%"
"27/10/2010","19,490.0","19,490.0","19,499.0","19,475.0","","0.00%"
"26/10/2010","19,490.0","19,850.0","19,970.0","19,475.0","","0.21%"
"25/10/2010","19,450.0","19,850.0","19,900.0","19,475.0","","-0.10%"
"22/10/2010","19,470.0","19,850.0","19,900.0","19,475.0","","-0.10%"
"21/10/2010","19,490.0","19,490.0","19,499.0","19,475.0","","0.21%"
"20/10/2010","19,450.0","19,490.0","19,900.0","19,475.0","","-0.21%"
"19/10/2010","19,490.0","19,780.0","19,900.0","19,475.0","","-0.03%"
"18/10/2010","19,495.0","19,490.0","19,499.0","19,475.0","","-0.01%"
"15/10/2010","19,497.0","19,750.0","19,800.0","19,475.0","","0.01%"
"14/10/2010","19,495.0","19,490.0","19,800.0","19,475.0","","-0.02%"
"13/10/2010","19,498.0","19,490.0","19,499.0","19,475.0","","0.25%"
"12/10/2010","19,450.0","19,490.0","19,499.0","19,475.0","","-0.10%"
"11/10/2010","19,470.0","19,700.0","19,750.0","19,475.0","","-0.13%"
"08/10/2010","19,495.0","19,470.0","19,499.0","19,475.0","","0.00%"
"07/10/2010","19,495.0","19,550.0","19,720.0","19,475.0","","0.08%"
"06/10/2010","19,480.0","19,490.0","19,498.5","19,475.0","","-0.05%"
"05/10/2010","19,490.0","19,490.0","19,600.0","19,475.0","","-0.03%"
"04/10/2010","19,495.0","19,490.0","19,542.5","19,475.0","","0.08%"
"01/10/2010","19,480.0","19,490.0","19,544.0","19,475.0","","0.15%"
"30/09/2010","19,450.0","19,470.0","19,498.5","19,475.0","","-0.15%"
"29/09/2010","19,480.0","19,465.0","19,531.0","19,095.0","","0.00%"
"28/09/2010","19,480.0","19,470.0","19,530.0","19,450.0","","0.10%"
"27/09/2010","19,460.0","19,465.0","19,527.5","19,450.0","","-0.10%"
"24/09/2010","19,480.0","19,465.0","19,527.5","19,450.0","","0.15%"
"23/09/2010","19,450.0","19,465.0","19,527.5","19,450.0","","-0.15%"
"22/09/2010","19,480.0","19,470.0","19,497.5","19,450.0","","0.00%"
"21/09/2010","19,480.0","19,465.0","19,527.5","19,095.0","","-0.05%"
"20/09/2010","19,490.0","19,465.0","19,527.5","19,450.0","","0.00%"
"17/09/2010","19,490.0","19,460.0","19,495.0","19,450.0","","0.05%"
"16/09/2010","19,480.0","19,465.0","19,530.0","19,095.0","","0.00%"
"15/09/2010","19,480.0","19,465.0","19,527.5","19,450.0","","0.00%"
"14/09/2010","19,480.0","19,465.0","19,527.5","19,450.0","","0.00%"
"13/09/2010","19,480.0","19,465.0","19,527.5","19,450.0","","0.00%"
"10/09/2010","19,480.0","19,460.0","19,495.0","19,450.0","","0.00%"
"09/09/2010","19,480.0","19,480.0","19,495.0","19,450.0","","0.15%"
"08/09/2010","19,450.0","19,460.0","19,495.0","19,095.0","","0.00%"
"07/09/2010","19,450.0","19,460.0","19,495.0","19,095.0","","-0.10%"
"06/09/2010","19,470.0","19,465.0","19,527.5","19,450.0","","0.00%"
"03/09/2010","19,470.0","19,465.0","19,527.5","19,450.0","","-0.10%"
"02/09/2010","19,490.0","19,490.0","19,490.0","19,490.0","","0.00%"
"01/09/2010","19,490.0","19,465.0","19,527.5","19,445.0","","0.00%"
"31/08/2010","19,490.0","19,460.0","19,495.0","19,095.0","","0.13%"
"30/08/2010","19,465.0","19,475.0","19,532.5","19,450.0","","0.03%"
"27/08/2010","19,460.0","19,470.0","19,532.5","19,095.0","","0.31%"
"26/08/2010","19,400.0","19,470.0","19,530.0","19,450.0","","-0.36%"
"25/08/2010","19,470.0","19,470.0","19,530.0","19,095.0","","0.00%"
"24/08/2010","19,470.0","19,480.0","19,495.0","19,450.0","","0.36%"
"23/08/2010","19,400.0","19,470.0","19,530.0","19,095.0","","-0.31%"
"20/08/2010","19,460.0","19,450.0","19,530.0","19,095.0","","-0.15%"
"19/08/2010","19,490.0","19,400.0","19,520.0","19,095.0","","0.36%"
"18/08/2010","19,420.0","19,220.0","19,495.0","19,090.0","","1.69%"
"17/08/2010","19,098.0","19,220.0","19,270.0","19,075.0","","0.09%"
"16/08/2010","19,080.0","19,220.0","19,270.0","19,075.0","","-0.73%"
"13/08/2010","19,220.0","19,220.0","19,270.0","19,075.0","","0.64%"
"12/08/2010","19,098.0","19,200.0","19,270.0","19,075.0","","0.04%"
"11/08/2010","19,090.0","19,098.0","19,099.0","19,075.0","","-0.57%"
"10/08/2010","19,200.0","19,190.0","19,250.0","19,050.0","","0.58%"
"09/08/2010","19,090.0","19,080.0","19,099.0","19,050.0","","0.00%"
"06/08/2010","19,090.0","19,080.0","19,099.0","19,050.0","","-0.47%"
"05/08/2010","19,180.0","19,080.0","19,230.0","19,050.0","","0.47%"
"04/08/2010","19,090.0","19,080.0","19,099.0","19,050.0","","-0.47%"
"03/08/2010","19,180.0","19,180.0","19,230.0","19,050.0","","0.68%"
"02/08/2010","19,050.0","19,200.0","19,300.0","19,050.0","","0.00%"
"30/07/2010","19,050.0","19,080.0","19,099.0","19,050.0","","0.00%"
"29/07/2010","19,050.0","19,080.0","19,097.5","19,050.0","","-0.21%"
"28/07/2010","19,090.0","19,090.0","19,192.5","19,047.5","","0.00%"
"27/07/2010","19,090.0","19,090.0","19,192.5","19,047.5","","-0.01%"
"26/07/2010","19,092.0","19,090.0","19,192.5","19,047.5","","-0.02%"
"23/07/2010","19,095.0","19,070.0","19,097.5","19,047.5","","0.02%"
"22/07/2010","19,092.0","19,090.0","19,192.5","19,047.5","","-0.02%"
"21/07/2010","19,095.0","19,090.0","19,097.5","19,047.5","","0.05%"
"20/07/2010","19,085.0","19,090.0","19,192.5","19,047.5","","-0.03%"
"19/07/2010","19,090.0","19,050.0","19,192.5","19,047.5","","0.00%"
"16/07/2010","19,090.0","19,050.0","19,172.5","19,047.5","","0.00%"
"15/07/2010","19,090.0","19,050.0","19,172.5","19,047.5","","0.21%"
"14/07/2010","19,050.0","19,050.0","19,172.5","19,047.5","","-0.21%"
"13/07/2010","19,090.0","19,050.0","19,172.5","19,047.5","","0.21%"
"12/07/2010","19,050.0","19,070.0","19,172.5","18,997.5","","-0.21%"
"09/07/2010","19,090.0","19,070.0","19,097.5","19,047.5","","0.00%"
"08/07/2010","19,090.0","19,092.0","19,097.5","19,047.5","","1.01%"
"07/07/2010","18,900.0","18,900.0","19,097.5","18,997.5","","-0.94%"
"06/07/2010","19,080.0","18,900.0","19,097.5","18,997.5","","-0.03%"
"05/07/2010","19,085.0","19,090.0","19,097.5","18,970.0","","0.13%"
"02/07/2010","19,060.0","18,900.0","19,095.0","18,960.0","","0.21%"
"01/07/2010","19,020.0","19,070.0","19,095.0","19,020.0","","-0.21%"
"30/06/2010","19,060.0","19,050.0","19,090.0","19,020.0","","0.16%"
"29/06/2010","19,030.0","19,000.0","19,080.0","18,960.0","","0.42%"
"28/06/2010","18,950.0","19,000.0","19,062.5","18,945.0","","-0.11%"
"25/06/2010","18,970.0","18,900.0","19,050.0","18,945.0","","0.00%"
"24/06/2010","18,970.0","18,960.0","19,045.0","18,940.0","","0.16%"
"23/06/2010","18,940.0","18,900.0","19,036.0","18,939.0","","0.00%"
"22/06/2010","18,940.0","18,945.0","18,972.0","18,940.0","","-0.05%"
"21/06/2010","18,950.0","18,940.0","18,970.0","18,940.0","","0.26%"
"18/06/2010","18,900.0","18,950.0","18,970.0","18,940.0","","0.00%"
"17/06/2010","18,900.0","18,950.0","18,970.0","18,938.0","","-0.32%"
"16/06/2010","18,960.0","18,950.0","18,970.0","18,957.5","","0.00%"
"15/06/2010","18,960.0","18,950.0","18,970.0","18,957.5","","-0.03%"
"14/06/2010","18,965.0","18,950.0","18,975.0","18,957.5","","0.08%"
"11/06/2010","18,950.0","18,960.0","18,975.0","18,957.5","","-0.05%"
"10/06/2010","18,960.0","18,900.0","18,975.0","18,938.5","","0.00%"
"09/06/2010","18,960.0","18,965.0","18,975.0","18,927.5","","-0.08%"
"08/06/2010","18,975.0","18,900.0","18,980.0","18,927.5","","0.08%"
"07/06/2010","18,960.0","18,970.0","18,980.0","18,880.0","","0.00%"
"04/06/2010","18,960.0","18,970.0","18,975.0","18,880.0","","-0.05%"
"03/06/2010","18,970.0","18,970.0","18,985.0","18,792.5","","-0.03%"
"02/06/2010","18,975.0","18,970.0","18,985.0","18,877.5","","0.56%"
"01/06/2010","18,870.0","18,970.0","18,985.0","18,880.0","","0.11%"
"31/05/2010","18,850.0","18,970.0","18,980.0","18,865.0","","-0.63%"
"28/05/2010","18,970.0","18,970.0","18,985.0","18,960.0","","0.00%"
"27/05/2010","18,970.0","18,970.0","18,990.0","18,960.0","","0.37%"
"26/05/2010","18,900.0","18,900.0","18,990.0","18,900.0","","-0.37%"
"25/05/2010","18,970.0","18,980.0","18,990.0","18,905.0","","0.00%"
"24/05/2010","18,970.0","18,900.0","18,985.0","18,945.0","","0.00%"
"21/05/2010","18,970.0","18,980.0","18,990.0","18,960.0","","0.05%"
"20/05/2010","18,960.0","18,970.0","18,990.0","18,955.0","","-0.05%"
"19/05/2010","18,970.0","18,980.0","19,000.0","18,955.0","","0.00%"
"18/05/2010","18,970.0","18,970.0","19,010.0","18,945.0","","-0.11%"
"17/05/2010","18,990.0","18,970.0","19,010.0","18,920.0","","0.00%"
"14/05/2010","18,990.0","18,980.0","19,010.0","18,895.0","","0.26%"
"13/05/2010","18,940.0","19,000.0","19,020.0","18,895.0","","0.11%"
"12/05/2010","18,920.0","18,920.0","19,020.0","18,895.0","","-0.26%"
"11/05/2010","18,970.0","19,000.0","19,020.0","18,895.0","","-0.16%"
"10/05/2010","19,000.0","18,825.0","19,030.0","18,895.0","","0.26%"
"07/05/2010","18,950.0","18,955.0","19,000.0","18,895.0","","-0.05%"
"06/05/2010","18,960.0","18,950.0","18,970.0","18,887.5","","0.05%"
"05/05/2010","18,950.0","18,950.0","18,970.0","18,947.5","","0.05%"
"04/05/2010","18,940.0","18,940.0","18,970.0","18,947.5","","0.34%"
"03/05/2010","18,875.0","18,940.0","18,940.0","18,947.5","","0.00%"
"30/04/2010","18,875.0","18,875.0","18,875.0","18,975.0","","-0.34%"
"29/04/2010","18,940.0","18,875.0","18,960.0","18,912.5","","0.00%"
"28/04/2010","18,940.0","18,880.0","18,970.0","18,910.0","","0.32%"
"27/04/2010","18,880.0","18,960.0","18,970.0","18,890.0","","-0.37%"
"26/04/2010","18,950.0","18,970.0","18,970.0","18,917.5","","0.37%"
"23/04/2010","18,880.0","18,950.0","18,950.0","18,980.0","","-0.37%"
"22/04/2010","18,950.0","18,950.0","18,970.0","18,895.0","","0.00%"
"21/04/2010","18,950.0","18,975.0","18,975.0","18,902.5","","-0.05%"
"20/04/2010","18,960.0","18,965.0","18,975.0","18,905.0","","-0.05%"
"19/04/2010","18,970.0","18,950.0","18,980.0","18,895.0","","0.11%"
"16/04/2010","18,950.0","18,950.0","19,000.0","18,915.0","","-0.05%"
"15/04/2010","18,960.0","18,950.0","19,080.0","18,925.0","","-0.11%"
"14/04/2010","18,980.0","19,000.0","19,020.0","18,960.0","","0.00%"
"13/04/2010","18,980.0","19,020.0","19,090.0","18,967.5","","-0.11%"
"12/04/2010","19,000.0","19,020.0","19,070.0","18,970.0","","0.00%"
"09/04/2010","19,000.0","19,020.0","19,070.0","18,975.0","","0.00%"
"08/04/2010","19,000.0","18,950.0","19,070.0","18,975.0","","-0.11%"
"07/04/2010","19,020.0","19,020.0","19,080.0","18,975.0","","0.37%"
"06/04/2010","18,950.0","19,000.0","19,080.0","18,945.0","","-0.68%"
"05/04/2010","19,080.0","19,050.0","19,090.0","18,950.0","","0.10%"
"02/04/2010","19,060.0","19,080.0","19,090.0","18,950.0","","0.32%"
"01/04/2010","19,000.0","19,000.0","19,090.0","18,950.0","","-0.42%"
"31/03/2010","19,080.0","19,070.0","19,090.0","18,950.0","","0.42%"
"30/03/2010","19,000.0","19,070.0","19,090.0","18,950.0","","-0.37%"
"29/03/2010","19,070.0","19,070.0","19,090.0","18,950.0","","0.00%"
"26/03/2010","19,070.0","19,070.0","19,090.0","18,950.0","","-0.05%"
"25/03/2010","19,080.0","19,075.0","19,090.0","18,850.0","","2.20%"
"24/03/2010","18,670.0","19,070.0","19,090.0","18,885.0","","0.00%"
"23/03/2010","18,670.0","19,070.0","19,090.0","18,885.0","","-0.05%"
"22/03/2010","18,680.0","19,060.0","19,200.0","18,890.0","","0.00%"
"19/03/2010","18,680.0","19,080.0","19,090.0","18,890.0","","-0.03%"
"18/03/2010","18,685.0","19,080.0","19,090.0","18,892.5","","0.13%"
"17/03/2010","18,660.0","19,090.0","19,090.0","18,880.0","","-0.11%"
"16/03/2010","18,680.0","19,090.0","19,090.0","18,890.0","","0.00%"
"15/03/2010","18,680.0","19,075.0","19,090.0","18,890.0","","-0.05%"
"12/03/2010","18,690.0","19,090.0","19,090.0","18,895.0","","0.00%"
"11/03/2010","18,690.0","19,080.0","19,090.0","18,895.0","","0.05%"
"10/03/2010","18,680.0","19,075.0","19,090.0","18,890.0","","0.11%"
"09/03/2010","18,660.0","19,050.0","19,090.0","18,880.0","","-0.11%"
"08/03/2010","18,680.0","19,050.0","19,090.0","18,890.0","","0.00%"
"05/03/2010","18,680.0","19,080.0","19,090.0","18,890.0","","0.00%"
"04/03/2010","18,680.0","19,080.0","19,090.0","18,890.0","","-0.05%"
"03/03/2010","18,690.0","19,080.0","19,090.0","18,895.0","","0.48%"
"02/03/2010","18,600.0","19,000.0","19,090.0","18,850.0","","0.00%"
"01/03/2010","18,600.0","19,080.0","19,090.0","18,850.0","","-1.06%"
"26/02/2010","18,800.0","19,070.0","19,080.0","18,875.0","","0.80%"
"25/02/2010","18,650.0","19,070.0","19,080.0","18,469.0","","-0.53%"
"24/02/2010","18,750.0","19,030.0","19,080.0","18,800.0","","0.64%"
"23/02/2010","18,630.0","19,000.0","19,090.0","18,469.0","","-0.64%"
"22/02/2010","18,750.0","18,750.0","19,090.0","18,600.0","","0.81%"
"19/02/2010","18,600.0","18,700.0","19,000.0","18,575.0","","0.27%"
"18/02/2010","18,550.0","18,750.0","18,750.0","18,750.0","","0.00%"
"17/02/2010","18,550.0","18,750.0","18,750.0","18,750.0","","-0.80%"
"16/02/2010","18,700.0","18,700.0","18,700.0","18,700.0","","0.00%"
"15/02/2010","18,700.0","18,700.0","18,700.0","18,700.0","","0.00%"
"12/02/2010","18,700.0","18,700.0","19,000.0","18,600.0","","-0.80%"
"11/02/2010","18,850.0","18,469.0","18,850.0","18,474.0","","2.06%"
"10/02/2010","18,469.0","18,469.0","18,477.0","18,472.0","","0.00%"
"09/02/2010","18,469.0","18,475.0","18,475.0","18,469.5","","0.00%"
"08/02/2010","18,469.0","18,469.0","18,477.0","18,472.0","","0.00%"
"05/02/2010","18,469.0","18,469.0","18,475.0","18,469.0","","0.00%"
"04/02/2010","18,469.0","18,474.0","18,474.0","18,469.0","","0.00%"
"03/02/2010","18,469.0","18,469.0","18,474.0","18,469.0","","-0.01%"
"02/02/2010","18,470.0","18,469.0","18,474.0","18,472.0","","0.01%"
"01/02/2010","18,469.0","18,474.0","18,474.0","18,469.5","","0.00%"
"29/01/2010","18,469.0","18,469.0","18,475.0","18,472.0","","0.05%"
"28/01/2010","18,460.0","18,469.0","18,474.0","18,469.5","","-0.05%"
"27/01/2010","18,469.0","18,469.0","18,474.0","18,469.5","","0.00%"
"26/01/2010","18,469.0","18,469.0","18,474.0","18,464.5","","0.00%"
"25/01/2010","18,469.0","18,469.0","18,474.0","18,464.5","","0.00%"
"22/01/2010","18,469.0","18,469.0","18,474.0","18,464.5","","0.00%"
"21/01/2010","18,469.0","18,469.0","18,474.0","18,464.5","","-0.03%"
"20/01/2010","18,474.0","18,469.0","18,475.0","18,464.5","","0.03%"
"19/01/2010","18,469.0","18,469.0","18,474.0","17,836.0","","0.00%"
"18/01/2010","18,469.0","18,469.0","18,475.0","18,464.5","","0.05%"
"15/01/2010","18,460.0","18,474.0","18,474.0","18,464.5","","-0.05%"
"14/01/2010","18,469.0","18,474.0","18,475.0","18,464.5","","0.00%"
"13/01/2010","18,469.0","18,474.0","18,474.0","18,464.5","","0.00%"
"12/01/2010","18,469.0","18,469.0","18,474.0","18,464.5","","0.00%"
"11/01/2010","18,469.0","18,474.0","18,474.0","18,464.5","","0.00%"
"08/01/2010","18,469.0","18,469.0","18,474.0","18,464.5","","-0.03%"
"07/01/2010","18,474.0","18,469.0","18,475.0","18,464.5","","0.03%"
"06/01/2010","18,469.0","18,469.0","18,477.0","18,474.0","","0.00%"
"05/01/2010","18,469.0","18,474.0","18,477.0","18,464.5","","0.00%"
"04/01/2010","18,469.0","18,469.0","18,474.0","18,464.5","","0.00%"
"01/01/2010","18,469.0","18,469.0","18,469.0","18,469.0","","0.00%"
"31/12/2009","18,469.0","18,469.0","18,477.0","18,464.5","","0.00%"
"30/12/2009","18,469.0","18,475.0","18,477.0","18,464.5","","0.00%"
"29/12/2009","18,469.0","18,469.0","18,474.0","18,464.5","","0.00%"
"28/12/2009","18,469.0","18,469.0","18,477.0","18,464.5","","0.02%"
"25/12/2009","18,465.0","18,464.0","18,477.0","18,471.5","","-0.03%"
"24/12/2009","18,471.0","18,475.0","18,475.0","18,464.5","","0.00%"
"23/12/2009","18,471.0","18,474.0","18,475.0","18,464.5","","0.01%"
"22/12/2009","18,470.0","18,469.0","18,477.0","18,464.5","","-0.01%"
"21/12/2009","18,471.0","18,474.0","18,475.0","18,464.5","","-0.02%"
"18/12/2009","18,474.0","18,469.0","18,475.0","18,464.5","","0.13%"
"17/12/2009","18,450.0","18,469.0","18,475.0","18,464.5","","1.10%"
"16/12/2009","18,250.0","18,475.0","18,475.0","18,364.5","","-0.10%"
"15/12/2009","18,269.0","18,700.0","18,700.0","18,374.0","","0.00%"
"14/12/2009","18,269.0","18,469.0","18,700.0","18,374.0","","-0.03%"
"11/12/2009","18,274.0","18,700.0","18,700.0","18,376.5","","0.03%"
"10/12/2009","18,269.0","18,469.0","18,750.0","18,373.5","","-2.30%"
"09/12/2009","18,700.0","18,700.0","18,750.0","18,373.0","","-0.27%"
"08/12/2009","18,750.0","18,600.0","18,750.0","18,464.5","","2.63%"
"07/12/2009","18,269.0","18,469.0","18,474.0","18,374.0","","-0.06%"
"04/12/2009","18,280.0","18,471.0","18,480.0","18,380.5","","-0.01%"
"03/12/2009","18,281.0","19,150.0","19,150.0","18,382.0","","0.03%"
"02/12/2009","18,276.0","18,476.0","18,487.0","18,376.0","","-4.56%"
"01/12/2009","19,150.0","19,000.0","19,200.0","18,050.0","","4.79%"
"30/11/2009","18,275.0","19,000.0","19,000.0","18,050.0","","-0.06%"
"27/11/2009","18,286.0","18,487.0","18,492.0","17,700.0","","-1.08%"
"26/11/2009","18,485.0","18,485.0","18,495.0","17,843.5","","3.85%"
"25/11/2009","17,800.0","17,881.0","17,885.0","17,783.5","","-0.03%"
"24/11/2009","17,805.0","17,877.0","17,880.0","17,841.5","","-0.38%"
"23/11/2009","17,873.0","17,873.0","17,877.0","17,863.0","","0.30%"
"20/11/2009","17,820.0","17,870.0","17,875.0","17,848.0","","-0.29%"
"19/11/2009","17,872.0","17,872.0","17,875.0","17,861.5","","0.26%"
"18/11/2009","17,825.0","17,865.0","17,874.0","17,849.0","","-0.21%"
"17/11/2009","17,863.0","17,868.0","17,871.0","17,861.5","","-0.03%"
"16/11/2009","17,869.0","17,869.0","17,873.0","17,862.0","","0.01%"
"13/11/2009","17,867.0","17,867.0","17,871.0","17,861.0","","0.26%"
"12/11/2009","17,820.0","17,868.0","17,871.0","17,846.5","","-0.22%"
"11/11/2009","17,860.0","17,865.0","17,868.0","17,860.0","","0.20%"
"10/11/2009","17,825.0","17,825.0","17,871.0","17,846.0","","-0.22%"
"09/11/2009","17,864.0","17,859.0","17,868.0","17,859.5","","0.25%"
"06/11/2009","17,820.0","17,857.0","17,866.0","17,843.5","","-0.03%"
"05/11/2009","17,825.0","17,854.0","17,862.0","17,844.5","","-0.06%"
"04/11/2009","17,835.0","17,855.0","17,863.0","17,848.0","","-0.03%"
"03/11/2009","17,841.0","17,853.0","17,862.0","17,850.5","","0.01%"
"02/11/2009","17,840.0","17,851.0","17,860.0","17,847.5","","0.00%"
"30/10/2009","17,840.0","17,852.0","17,861.0","17,848.5","","0.00%"
"29/10/2009","17,840.0","17,849.0","17,857.0","17,849.5","","0.00%"
"28/10/2009","17,840.0","17,847.0","17,857.0","17,846.0","","0.03%"
"27/10/2009","17,835.0","17,848.0","17,856.0","17,841.5","","0.06%"
"26/10/2009","17,825.0","17,850.0","17,854.0","17,835.0","","0.06%"
"23/10/2009","17,815.0","17,851.0","17,855.0","17,835.5","","-0.06%"
"22/10/2009","17,825.0","17,847.0","17,856.0","17,841.0","","0.11%"
"21/10/2009","17,805.0","17,845.0","17,854.0","17,830.0","","0.00%"
"20/10/2009","17,805.0","17,844.0","17,853.0","17,829.5","","0.00%"
"19/10/2009","17,805.0","17,842.0","17,851.0","17,826.0","","0.03%"
"16/10/2009","17,800.0","17,843.0","17,852.0","17,826.5","","0.00%"
"15/10/2009","17,800.0","17,844.0","17,853.0","17,827.0","","-0.08%"
"14/10/2009","17,815.0","17,847.0","17,850.0","17,833.5","","-0.14%"
"13/10/2009","17,840.0","17,848.0","17,852.0","17,846.5","","-0.06%"
"12/10/2009","17,850.0","17,841.0","17,850.0","17,843.0","","0.06%"
"09/10/2009","17,839.0","17,844.0","17,848.0","17,842.0","","-0.04%"
"08/10/2009","17,846.0","17,838.0","17,846.0","17,841.5","","0.03%"
"07/10/2009","17,841.0","17,836.0","17,845.0","17,840.5","","0.02%"
"06/10/2009","17,837.0","17,842.0","17,846.0","17,841.0","","-0.04%"
"05/10/2009","17,844.0","17,835.0","17,844.0","17,840.0","","0.06%"
"02/10/2009","17,834.0","17,834.0","17,843.0","17,839.0","","0.01%"
"01/10/2009","17,832.0","17,832.0","17,840.0","17,837.0","","-0.04%"
"30/09/2009","17,840.0","17,831.0","17,840.0","17,836.0","","0.00%"
"29/09/2009","17,840.0","17,833.0","17,841.0","17,838.0","","0.00%"
"28/09/2009","17,840.0","17,834.0","17,842.0","17,839.0","","0.04%"
"25/09/2009","17,832.0","17,832.0","17,840.0","17,830.5","","-0.02%"
"24/09/2009","17,836.0","17,831.0","17,840.0","17,830.5","","0.09%"
"23/09/2009","17,820.0","17,828.0","17,837.0","17,829.0","","-0.10%"
"22/09/2009","17,838.0","17,830.0","17,839.0","17,830.0","","0.06%"
"21/09/2009","17,827.0","17,832.0","17,835.0","17,828.5","","-0.03%"
"18/09/2009","17,833.0","17,825.0","17,834.0","17,827.5","","0.05%"
"17/09/2009","17,824.0","17,824.0","17,833.0","17,826.5","","-0.04%"
"16/09/2009","17,832.0","17,826.0","17,834.0","17,826.5","","-0.01%"
"15/09/2009","17,833.0","17,830.0","17,833.0","17,827.5","","0.01%"
"14/09/2009","17,832.0","17,823.0","17,832.0","17,826.5","","0.07%"
"11/09/2009","17,820.0","17,821.0","17,830.0","17,825.5","","-0.04%"
"10/09/2009","17,827.0","17,822.0","17,831.0","17,826.0","","-0.01%"
"09/09/2009","17,829.0","17,820.0","17,829.0","17,825.0","","0.02%"
"08/09/2009","17,826.0","17,817.0","17,826.0","17,821.0","","0.06%"
"07/09/2009","17,815.0","17,815.0","17,824.0","17,815.0","","-0.02%"
"04/09/2009","17,819.0","17,814.0","17,823.0","17,815.0","","0.02%"
"03/09/2009","17,816.0","17,821.0","17,825.0","17,816.0","","0.01%"
"02/09/2009","17,815.0","17,815.0","17,815.0","17,815.0","","0.00%"
"01/09/2009","17,815.0","17,815.0","17,824.0","17,815.5","","0.00%"
"31/08/2009","17,815.0","17,813.0","17,822.0","17,814.5","","0.03%"
"28/08/2009","17,810.0","17,811.0","17,820.0","17,815.5","","-0.06%"
"27/08/2009","17,821.0","17,812.0","17,821.0","17,815.5","","0.06%"
"26/08/2009","17,810.0","17,810.0","17,819.0","17,815.0","","-0.03%"
"25/08/2009","17,816.0","17,811.0","17,819.0","17,813.0","","-0.01%"
"24/08/2009","17,817.0","17,809.0","17,817.0","17,812.0","","0.03%"
"21/08/2009","17,812.0","17,806.0","17,814.0","17,811.0","","0.00%"
"20/08/2009","17,812.0","17,805.0","17,814.0","17,810.0","","0.03%"
"19/08/2009","17,807.0","17,807.0","17,815.0","17,810.0","","-0.03%"
"18/08/2009","17,812.0","17,806.0","17,815.0","17,811.0","","-0.01%"
"17/08/2009","17,813.0","17,804.0","17,817.0","17,773.0","","0.01%"
"14/08/2009","17,812.0","17,811.0","17,813.0","17,807.5","","-0.03%"
"13/08/2009","17,817.0","17,810.0","17,817.0","17,807.0","","0.04%"
"12/08/2009","17,810.0","17,810.0","17,810.0","17,807.0","","0.00%"
"11/08/2009","17,810.0","17,812.0","17,817.0","17,808.0","","0.04%"
"10/08/2009","17,802.0","17,810.0","17,810.0","17,797.0","","-0.06%"
"07/08/2009","17,812.0","17,812.0","17,817.0","17,808.5","","0.05%"
"06/08/2009","17,803.0","17,802.0","17,812.0","17,773.0","","-0.01%"
"05/08/2009","17,804.0","17,814.0","17,814.0","17,809.0","","-0.05%"
"04/08/2009","17,813.0","17,810.0","17,813.0","17,809.0","","0.04%"
"03/08/2009","17,806.0","17,814.0","17,814.0","17,810.0","","-0.03%"
"31/07/2009","17,812.0","17,810.0","17,814.0","17,773.0","","-0.01%"
"30/07/2009","17,814.0","17,816.0","17,817.0","17,811.0","","-0.01%"
"29/07/2009","17,815.0","17,811.0","17,815.0","17,811.0","","-0.01%"
"28/07/2009","17,816.0","17,816.0","17,816.0","17,811.5","","0.01%"
"27/07/2009","17,814.0","17,814.0","17,814.0","17,807.5","","0.02%"
"24/07/2009","17,811.0","17,811.0","17,811.0","17,806.0","","0.04%"
"23/07/2009","17,803.0","17,811.0","17,812.0","17,773.0","","-0.02%"
"22/07/2009","17,806.0","17,810.0","17,810.0","17,792.5","","0.01%"
"21/07/2009","17,805.0","17,810.0","17,811.0","17,773.0","","0.03%"
"20/07/2009","17,800.0","17,808.0","17,809.0","17,773.0","","-0.04%"
"17/07/2009","17,808.0","17,807.0","17,808.0","17,773.0","","0.03%"
"16/07/2009","17,803.0","17,804.0","17,805.0","17,790.5","","0.00%"
"15/07/2009","17,803.0","17,806.0","17,807.0","17,773.0","","0.02%"
"14/07/2009","17,800.0","17,805.0","17,806.0","17,773.0","","0.23%"
"13/07/2009","17,760.0","17,804.0","17,804.0","17,773.0","","-0.25%"
"10/07/2009","17,805.0","17,804.0","17,805.0","17,773.0","","0.02%"
"09/07/2009","17,802.0","17,802.0","17,803.0","17,789.0","","0.01%"
"08/07/2009","17,800.0","17,803.0","17,804.0","17,773.0","","-0.02%"
"07/07/2009","17,803.0","17,803.0","17,803.0","17,773.0","","0.01%"
"06/07/2009","17,801.0","17,801.0","17,802.0","17,789.0","","0.06%"
"03/07/2009","17,790.0","17,800.0","17,800.0","17,788.0","","-0.04%"
"02/07/2009","17,798.0","17,790.0","17,800.0","17,785.0","","-0.01%"
"01/07/2009","17,800.0","17,800.0","17,801.0","17,773.0","","0.23%"
"30/06/2009","17,760.0","17,800.0","17,800.0","17,773.0","","-0.22%"
"29/06/2009","17,800.0","17,803.0","17,803.0","17,773.0","","-0.01%"
"26/06/2009","17,801.0","17,800.0","17,801.0","17,773.0","","0.01%"
"25/06/2009","17,800.0","17,801.0","17,802.0","17,773.0","","0.23%"
"24/06/2009","17,760.0","17,799.0","17,800.0","17,773.0","","0.00%"
"23/06/2009","17,760.0","17,800.0","17,801.0","17,773.0","","0.00%"
"22/06/2009","17,760.0","17,798.0","17,799.0","17,773.0","","-0.22%"
"19/06/2009","17,800.0","17,799.0","17,800.0","17,773.0","","0.06%"
"18/06/2009","17,789.0","17,797.0","17,798.0","17,773.0","","0.16%"
"17/06/2009","17,760.0","17,798.0","17,798.0","17,773.0","","-0.19%"
"16/06/2009","17,794.0","17,796.0","17,797.0","17,783.0","","0.00%"
"15/06/2009","17,794.0","17,794.0","17,795.0","17,782.0","","0.01%"
"12/06/2009","17,793.0","17,792.0","17,793.0","17,773.0","","0.04%"
"11/06/2009","17,785.0","17,793.0","17,793.0","17,773.0","","0.02%"
"10/06/2009","17,782.0","17,791.0","17,792.0","17,781.0","","-0.04%"
"09/06/2009","17,790.0","17,790.0","17,791.0","17,773.0","","0.01%"
"08/06/2009","17,788.0","17,788.0","17,788.0","17,780.0","","-0.01%"
"05/06/2009","17,790.0","17,786.0","17,790.0","17,779.0","","0.12%"
"04/06/2009","17,769.0","17,787.0","17,787.0","17,773.0","","0.05%"
"03/06/2009","17,760.0","17,786.0","17,787.0","17,773.0","","0.00%"
"02/06/2009","17,760.0","17,784.0","17,785.0","17,773.0","","-0.06%"
"01/06/2009","17,770.0","17,785.0","17,785.0","17,778.5","","0.03%"
"29/05/2009","17,765.0","17,783.0","17,784.0","17,772.5","","-0.08%"
"28/05/2009","17,780.0","17,784.0","17,784.0","17,778.0","","0.10%"
"27/05/2009","17,763.0","17,781.0","17,782.0","17,771.5","","-0.10%"
"26/05/2009","17,780.0","17,762.0","17,780.0","17,771.0","","-0.02%"
"25/05/2009","17,783.0","17,782.0","17,783.0","17,772.0","","0.01%"
"22/05/2009","17,781.0","17,781.0","17,781.0","17,771.4","","0.01%"
"21/05/2009","17,780.0","17,780.0","17,780.0","17,771.0","","-0.01%"
"20/05/2009","17,782.0","17,780.0","17,782.0","17,774.0","","0.01%"
"19/05/2009","17,780.0","17,763.0","17,781.0","17,766.5","","0.00%"
"18/05/2009","17,780.0","17,780.0","17,783.0","17,767.5","","-0.01%"
"15/05/2009","17,782.0","17,764.0","17,782.0","17,767.0","","0.18%"
"14/05/2009","17,750.0","17,767.0","17,785.0","17,768.5","","-0.06%"
"13/05/2009","17,760.0","17,765.0","17,783.0","17,767.0","","-0.06%"
"12/05/2009","17,770.0","17,764.0","17,783.0","17,767.0","","-0.08%"
"11/05/2009","17,785.0","17,780.0","17,785.0","17,767.5","","0.11%"
"08/05/2009","17,765.0","17,780.0","17,783.0","17,767.0","","0.03%"
"07/05/2009","17,760.0","17,780.0","17,785.0","17,767.5","","-0.11%"
"06/05/2009","17,780.0","17,780.0","17,786.0","17,767.5","","0.03%"
"05/05/2009","17,775.0","17,780.0","17,784.0","17,766.5","","-0.04%"
"04/05/2009","17,782.0","17,780.0","17,784.0","17,767.5","","0.01%"
"01/05/2009","17,780.0","17,780.0","17,780.0","17,781.5","","-0.01%"
"30/04/2009","17,782.0","17,782.0","17,782.0","17,782.0","","0.00%"
"29/04/2009","17,782.0","17,763.0","17,782.0","17,766.5","","0.12%"
"28/04/2009","17,760.0","17,780.0","17,782.0","17,766.5","","-0.06%"
"27/04/2009","17,771.0","17,761.0","17,780.0","17,765.0","","0.06%"
"24/04/2009","17,760.0","17,780.0","17,780.0","17,765.5","","-0.08%"
"23/04/2009","17,775.0","17,780.0","17,782.0","17,767.0","","0.42%"
"22/04/2009","17,700.0","17,780.0","17,782.0","17,741.0","","-0.48%"
"21/04/2009","17,785.0","17,785.0","17,785.0","17,742.5","","-0.08%"
"20/04/2009","17,800.0","17,785.0","17,800.0","17,772.5","","0.11%"
"17/04/2009","17,780.0","17,785.0","17,785.0","17,772.5","","0.00%"
"16/04/2009","17,780.0","17,750.0","17,784.0","17,762.5","","0.06%"
"15/04/2009","17,770.0","17,730.0","17,784.0","17,738.0","","0.45%"
"14/04/2009","17,690.0","17,730.0","17,781.0","17,736.5","","-0.23%"
"13/04/2009","17,730.0","17,783.0","17,783.0","17,757.5","","-0.17%"
"10/04/2009","17,760.0","17,770.0","17,782.0","17,757.0","","0.34%"
"09/04/2009","17,700.0","17,784.0","17,784.0","17,743.0","","-0.47%"
"08/04/2009","17,783.0","17,780.0","17,784.0","17,752.0","","0.41%"
"07/04/2009","17,710.0","17,760.0","17,785.0","17,748.5","","-0.17%"
"06/04/2009","17,740.0","17,740.0","17,740.0","17,764.0","","-0.17%"
"03/04/2009","17,770.0","17,770.0","17,783.0","17,744.0","","0.11%"
"02/04/2009","17,750.0","17,700.0","17,785.0","17,720.0","","0.40%"
"01/04/2009","17,680.0","17,770.0","17,785.0","17,735.0","","-0.23%"
"31/03/2009","17,720.0","17,740.0","17,797.0","17,750.0","","0.11%"
"30/03/2009","17,700.0","17,700.0","17,801.0","17,750.0","","-0.06%"
"27/03/2009","17,710.0","17,780.0","17,800.0","17,750.0","","-0.23%"
"26/03/2009","17,750.0","17,750.0","17,820.0","17,762.0","","0.62%"
"25/03/2009","17,640.0","17,700.0","17,807.0","17,720.0","","0.28%"
"24/03/2009","17,590.0","17,450.0","17,700.0","17,500.0","","0.88%"
"23/03/2009","17,436.0","17,485.0","17,488.0","17,462.5","","0.01%"
"20/03/2009","17,435.0","17,480.0","17,489.0","17,460.0","","-0.26%"
"19/03/2009","17,480.0","17,480.0","17,530.0","17,472.0","","0.28%"
"18/03/2009","17,432.0","17,483.0","17,484.0","17,458.5","","0.00%"
"17/03/2009","17,432.0","17,483.0","17,485.0","17,459.0","","0.00%"
"16/03/2009","17,432.0","17,483.0","17,483.0","17,457.5","","0.00%"
"13/03/2009","17,432.0","17,482.0","17,482.0","17,457.5","","-0.01%"
"12/03/2009","17,434.0","17,484.0","17,484.0","17,458.5","","0.00%"
"11/03/2009","17,434.0","17,480.0","17,485.0","17,457.5","","0.03%"
"10/03/2009","17,428.0","17,482.0","17,483.0","17,456.0","","-0.01%"
"09/03/2009","17,430.0","17,479.0","17,480.0","17,455.5","","0.00%"
"06/03/2009","17,430.0","17,477.0","17,481.0","17,456.0","","-0.27%"
"05/03/2009","17,478.0","17,478.0","17,479.0","17,465.0","","0.03%"
"04/03/2009","17,473.0","17,476.0","17,478.0","17,453.0","","0.26%"
"03/03/2009","17,428.0","17,428.0","17,478.0","17,453.5","","0.00%"
"02/03/2009","17,428.0","17,479.0","17,480.0","17,454.0","","0.00%"
"27/02/2009","17,428.0","17,478.0","17,479.0","17,454.0","","-0.01%"
"26/02/2009","17,430.0","17,481.0","17,482.0","17,456.0","","0.00%"
"25/02/2009","17,430.0","17,480.0","17,481.0","17,456.0","","0.01%"
"24/02/2009","17,428.0","17,475.0","17,479.0","17,454.0","","-0.01%"
"23/02/2009","17,430.0","17,479.0","17,480.0","17,454.0","","-0.29%"
"20/02/2009","17,480.0","17,481.0","17,485.0","17,456.5","","0.29%"
"19/02/2009","17,430.0","17,485.0","17,510.0","17,458.0","","0.00%"
"18/02/2009","17,430.0","17,470.0","17,486.0","17,458.5","","-0.03%"
"17/02/2009","17,435.0","17,470.0","17,488.0","17,462.0","","0.03%"
"16/02/2009","17,430.0","17,489.0","17,525.0","17,457.5","","0.00%"
"13/02/2009","17,430.0","17,487.0","17,525.0","17,458.0","","0.00%"
"12/02/2009","17,430.0","17,484.0","17,485.0","17,458.0","","-0.03%"
"11/02/2009","17,435.0","17,485.0","17,486.0","17,461.0","","0.03%"
"10/02/2009","17,430.0","17,483.0","17,484.0","17,457.5","","-0.14%"
"09/02/2009","17,454.0","17,500.0","17,500.0","17,469.0","","0.11%"
"06/02/2009","17,434.0","17,485.0","17,488.0","17,460.0","","0.00%"
"05/02/2009","17,434.0","17,487.0","17,488.0","17,461.5","","0.00%"
"04/02/2009","17,434.0","17,487.0","17,487.0","17,461.0","","0.00%"
"03/02/2009","17,434.0","17,482.0","17,525.0","17,456.0","","0.00%"
"02/02/2009","17,434.0","17,480.0","17,486.0","17,460.5","","0.00%"
"30/01/2009","17,434.0","17,475.0","17,483.0","17,453.0","","0.07%"
"29/01/2009","17,422.0","17,422.0","17,422.0","17,477.0","","0.00%"
"28/01/2009","17,422.0","17,422.0","17,422.0","17,477.0","","0.00%"
"27/01/2009","17,422.0","17,422.0","17,422.0","17,477.0","","-0.29%"
"26/01/2009","17,472.0","17,472.0","17,472.0","17,472.0","","0.00%"
"23/01/2009","17,472.0","17,480.0","17,481.0","17,451.0","","0.33%"
"22/01/2009","17,415.0","17,475.0","17,482.0","17,449.5","","-0.09%"
"21/01/2009","17,430.0","17,480.0","17,480.0","17,455.0","","0.09%"
"20/01/2009","17,415.0","17,470.0","17,481.0","17,447.5","","0.00%"
"19/01/2009","17,415.0","17,475.0","17,479.0","17,447.0","","-0.36%"
"16/01/2009","17,478.0","17,475.0","17,480.0","17,449.5","","-0.01%"
"15/01/2009","17,479.0","17,475.0","17,480.0","17,465.5","","0.03%"
"14/01/2009","17,474.0","17,475.0","17,480.0","17,466.5","","0.31%"
"13/01/2009","17,420.0","17,500.0","17,500.0","17,452.5","","-0.31%"
"12/01/2009","17,475.0","17,470.0","17,481.0","17,466.0","","0.32%"
"09/01/2009","17,420.0","17,472.0","17,480.0","17,451.0","","0.03%"
"08/01/2009","17,415.0","17,460.0","17,520.0","17,444.5","","-0.06%"
"07/01/2009","17,426.0","17,400.0","17,480.0","17,440.0","","0.01%"
"06/01/2009","17,425.0","17,400.0","17,479.0","17,440.0","","0.07%"
"05/01/2009","17,412.0","17,480.0","17,480.0","17,440.0","","-0.07%"
"02/01/2009","17,424.0","17,420.0","17,480.0","17,442.0","","-0.32%"
"01/01/2009","17,480.0","17,480.0","17,480.0","17,480.0","","0.00%"
"31/12/2008","17,480.0","17,420.0","17,485.0","17,425.0","","0.17%"
"30/12/2008","17,450.0","17,400.0","17,488.0","17,442.5","","-0.21%"
"29/12/2008","17,487.0","17,400.0","17,487.0","17,443.5","","0.23%"
"26/12/2008","17,447.0","17,350.0","17,495.0","17,400.0","","0.97%"
"25/12/2008","17,280.0","17,190.0","17,320.0","17,245.0","","1.77%"
"24/12/2008","16,980.0","16,987.0","16,989.0","16,963.5","","-0.03%"
"23/12/2008","16,985.0","16,989.0","16,989.0","16,964.5","","0.26%"
"22/12/2008","16,941.0","16,889.0","16,992.0","16,938.0","","0.01%"
"19/12/2008","16,939.0","16,988.0","16,989.0","16,964.0","","-0.24%"
"18/12/2008","16,980.0","16,980.0","16,988.0","16,959.0","","0.00%"
"17/12/2008","16,980.0","16,950.0","16,987.0","16,960.0","","-0.12%"
"16/12/2008","17,000.0","16,984.0","17,000.0","16,956.0","","0.00%"
"15/12/2008","17,000.0","17,000.0","17,000.0","16,958.0","","0.00%"
"12/12/2008","17,000.0","17,000.0","17,000.0","16,972.0","","0.41%"
"11/12/2008","16,930.0","16,980.0","17,000.0","16,957.0","","0.00%"
"10/12/2008","16,930.0","16,984.0","16,985.0","16,951.0","","-0.28%"
"09/12/2008","16,977.0","16,980.0","16,986.0","16,966.0","","-0.02%"
"08/12/2008","16,980.0","17,000.0","17,000.0","16,946.0","","0.30%"
"05/12/2008","16,930.0","16,980.0","17,000.0","16,956.0","","0.06%"
"04/12/2008","16,920.0","16,979.0","16,979.0","16,930.0","","-0.35%"
"03/12/2008","16,979.0","16,977.0","16,980.0","16,949.5","","0.60%"
"02/12/2008","16,877.0","17,000.0","17,000.0","16,926.0","","-0.72%"
"01/12/2008","17,000.0","16,973.0","17,000.0","16,944.0","","0.49%"
"28/11/2008","16,917.0","16,975.0","16,976.0","16,946.0","","0.27%"
"27/11/2008","16,871.0","16,900.0","16,975.0","16,923.5","","-0.17%"
"26/11/2008","16,900.0","16,975.0","16,975.0","16,937.0","","-0.12%"
"25/11/2008","16,921.0","16,973.0","16,975.0","16,947.0","","0.05%"
"24/11/2008","16,913.0","16,968.0","16,975.0","16,943.0","","-0.04%"
"21/11/2008","16,920.0","16,970.0","16,972.0","16,937.0","","-0.02%"
"20/11/2008","16,924.0","16,900.0","16,975.0","16,938.0","","-0.27%"
"19/11/2008","16,970.0","16,975.0","16,978.0","16,945.0","","0.05%"
"18/11/2008","16,962.0","16,970.0","16,980.0","16,966.0","","-0.05%"
"17/11/2008","16,970.0","16,970.0","16,983.0","16,957.5","","0.21%"
"14/11/2008","16,935.0","16,970.0","16,985.0","16,952.5","","-0.09%"
"13/11/2008","16,950.0","16,950.0","16,987.0","16,925.0","","0.33%"
"12/11/2008","16,895.0","16,951.0","16,955.0","16,922.5","","-0.03%"
"11/11/2008","16,900.0","16,850.0","16,980.0","16,900.0","","0.36%"
"10/11/2008","16,840.0","16,940.0","16,990.0","16,895.0","","-0.24%"
"07/11/2008","16,880.0","16,800.0","16,988.0","16,872.5","","0.27%"
"06/11/2008","16,835.0","16,836.0","16,839.0","16,813.5","","0.31%"
"05/11/2008","16,783.0","16,833.0","16,841.0","16,810.0","","0.07%"
"04/11/2008","16,772.0","16,830.0","16,840.0","16,806.0","","-0.17%"
"03/11/2008","16,800.0","16,810.0","16,834.0","16,815.0","","-0.30%"
"31/10/2008","16,850.0","16,790.0","16,850.0","16,782.5","","0.00%"
"30/10/2008","16,850.0","16,750.0","16,850.0","16,785.0","","0.12%"
"29/10/2008","16,830.0","16,840.0","16,840.0","16,788.0","","0.30%"
"28/10/2008","16,780.0","16,750.0","16,850.0","16,796.0","","-0.07%"
"27/10/2008","16,792.0","16,830.0","16,850.0","16,790.0","","-0.21%"
"24/10/2008","16,828.0","16,830.0","16,840.0","16,774.0","","0.23%"
"23/10/2008","16,790.0","16,820.0","16,845.0","16,807.5","","0.13%"
"22/10/2008","16,769.0","16,760.0","16,840.0","16,765.0","","0.41%"
"21/10/2008","16,700.0","16,740.0","16,810.0","16,660.0","","0.72%"
"20/10/2008","16,580.0","16,610.0","16,660.0","16,575.0","","0.00%"
"17/10/2008","16,580.0","16,580.0","16,600.0","16,565.0","","0.06%"
"16/10/2008","16,570.0","16,580.0","16,590.0","16,565.0","","0.21%"
"15/10/2008","16,535.0","16,575.0","16,590.0","16,560.0","","-0.24%"
"14/10/2008","16,575.0","16,565.0","16,580.0","16,560.0","","-0.03%"
"13/10/2008","16,580.0","16,565.0","16,590.0","16,562.5","","0.06%"
"10/10/2008","16,570.0","16,590.0","16,590.0","16,560.0","","0.18%"
"09/10/2008","16,540.0","16,580.0","16,600.0","16,570.0","","-0.61%"
"08/10/2008","16,642.0","16,610.0","16,642.0","16,582.5","","0.25%"
"07/10/2008","16,600.0","16,590.0","16,610.0","16,595.0","","0.42%"
"06/10/2008","16,530.0","16,500.0","16,590.0","16,555.0","","0.03%"
"03/10/2008","16,525.0","16,570.0","16,590.0","16,555.0","","-0.21%"
"02/10/2008","16,560.0","16,570.0","16,590.0","16,550.0","","-0.12%"
"01/10/2008","16,580.0","16,570.0","16,590.0","16,555.0","","0.00%"
"30/09/2008","16,580.0","16,570.0","16,595.0","16,570.0","","0.24%"
"29/09/2008","16,540.0","16,570.0","16,590.0","16,565.0","","-0.21%"
"26/09/2008","16,575.0","16,580.0","16,590.0","16,562.5","","0.21%"
"25/09/2008","16,540.0","16,550.0","16,610.0","16,575.0","","0.00%"
"24/09/2008","16,540.0","16,580.0","16,600.0","16,575.0","","-0.66%"
"23/09/2008","16,650.0","16,660.0","16,660.0","16,590.0","","-0.12%"
"22/09/2008","16,670.0","16,680.0","16,730.0","16,695.0","","-0.24%"
"19/09/2008","16,710.0","16,680.0","16,730.0","16,635.0","","0.24%"
"18/09/2008","16,670.0","16,590.0","16,670.0","16,590.0","","0.48%"
"17/09/2008","16,590.0","16,600.0","16,610.0","16,590.0","","0.36%"
"16/09/2008","16,530.0","16,480.0","16,590.0","16,535.0","","0.00%"
"15/09/2008","16,530.0","16,580.0","16,580.0","16,557.5","","0.30%"
"12/09/2008","16,480.0","16,560.0","16,580.0","16,535.0","","-0.24%"
"11/09/2008","16,520.0","16,580.0","16,580.0","16,547.5","","-0.30%"
"10/09/2008","16,570.0","16,560.0","16,580.0","16,550.0","","0.24%"
"09/09/2008","16,530.0","16,570.0","16,600.0","16,555.0","","0.00%"
"08/09/2008","16,530.0","16,480.0","16,600.0","16,540.0","","0.30%"
"05/09/2008","16,480.0","16,550.0","16,580.0","16,535.0","","-0.54%"
"04/09/2008","16,570.0","16,580.0","16,580.0","16,520.0","","0.24%"
"03/09/2008","16,530.0","16,530.0","16,590.0","16,530.0","","0.24%"
"02/09/2008","16,490.0","16,490.0","16,490.0","16,560.0","","0.00%"
"01/09/2008","16,490.0","16,510.0","16,550.0","16,500.0","","0.18%"
"29/08/2008","16,460.0","16,480.0","16,530.0","16,495.0","","-0.12%"
"28/08/2008","16,480.0","16,560.0","16,570.0","16,520.0","","-0.54%"
"27/08/2008","16,570.0","16,600.0","16,605.0","16,570.0","","0.12%"
"26/08/2008","16,550.0","16,610.0","16,620.0","16,595.0","","-0.06%"
"25/08/2008","16,560.0","16,570.0","16,650.0","16,575.0","","0.24%"
"22/08/2008","16,520.0","16,580.0","16,590.0","16,560.0","","-0.06%"
"21/08/2008","16,530.0","16,570.0","16,600.0","16,565.0","","-0.12%"
"20/08/2008","16,550.0","16,590.0","16,650.0","16,580.0","","-0.54%"
"19/08/2008","16,640.0","16,650.0","16,680.0","16,635.0","","0.30%"
"18/08/2008","16,590.0","16,570.0","16,680.0","16,580.0","","0.18%"
"15/08/2008","16,560.0","16,500.0","16,600.0","16,535.0","","0.42%"
"14/08/2008","16,490.0","16,600.0","16,600.0","16,535.0","","-0.72%"
"13/08/2008","16,610.0","16,550.0","16,625.0","16,570.0","","0.42%"
"12/08/2008","16,540.0","16,430.0","16,580.0","16,460.0","","0.67%"
"11/08/2008","16,430.0","16,440.0","16,440.0","16,425.0","","-0.54%"
"08/08/2008","16,520.0","16,530.0","16,540.0","16,540.0","","-0.36%"
"07/08/2008","16,580.0","16,580.0","16,600.0","16,570.0","","0.00%"
"06/08/2008","16,580.0","16,680.0","16,680.0","16,575.0","","-0.60%"
"05/08/2008","16,680.0","16,710.0","16,710.0","16,685.0","","-0.27%"
"04/08/2008","16,725.0","16,740.0","16,740.0","16,735.0","","-0.09%"
"01/08/2008","16,740.0","16,740.0","16,740.0","16,740.0","","0.06%"
"31/07/2008","16,730.0","16,730.0","16,730.0","16,730.0","","-0.06%"
"30/07/2008","16,740.0","16,740.0","16,740.0","16,740.0","","-0.18%"
"29/07/2008","16,770.0","16,770.0","16,770.0","16,770.0","","0.12%"
"28/07/2008","16,750.0","16,750.0","16,750.0","16,750.0","","0.00%"
"25/07/2008","16,750.0","16,750.0","16,750.0","16,750.0","","-0.18%"
"24/07/2008","16,780.0","16,780.0","16,780.0","16,780.0","","0.48%"
"23/07/2008","16,700.0","16,700.0","16,700.0","16,700.0","","-0.30%"
"22/07/2008","16,750.0","16,750.0","16,750.0","16,750.0","","0.84%"
"21/07/2008","16,610.0","16,610.0","16,610.0","16,610.0","","-0.84%"
"18/07/2008","16,750.0","16,750.0","16,750.0","16,750.0","","-0.42%"
"17/07/2008","16,820.0","16,820.0","16,820.0","16,820.0","","0.00%"
"16/07/2008","16,820.0","16,820.0","16,820.0","16,820.0","","-0.06%"
"15/07/2008","16,830.0","16,830.0","16,830.0","16,830.0","","-0.03%"
"14/07/2008","16,835.0","16,835.0","16,835.0","16,835.0","","-0.03%"
"11/07/2008","16,840.0","16,840.0","16,840.0","16,840.0","","-0.02%"
"10/07/2008","16,843.0","16,843.0","16,843.0","16,843.0","","-0.04%"
"09/07/2008","16,849.0","16,849.0","16,849.0","16,849.0","","0.01%"
"08/07/2008","16,848.0","16,848.0","16,848.0","16,848.0","","0.02%"
"07/07/2008","16,845.0","16,845.0","16,845.0","16,845.0","","0.00%"
"04/07/2008","16,845.0","16,845.0","16,845.0","16,845.0","","0.01%"
"03/07/2008","16,843.0","16,843.0","16,843.0","16,843.0","","0.02%"
"02/07/2008","16,839.0","16,839.0","16,839.0","16,839.0","","-0.02%"
"01/07/2008","16,842.0","16,842.0","16,842.0","16,842.0","","0.01%"
"30/06/2008","16,840.0","16,840.0","16,840.0","16,840.0","","-0.02%"
"27/06/2008","16,844.0","16,844.0","16,844.0","16,844.0","","1.40%"
"26/06/2008","16,611.0","16,611.0","16,611.0","16,611.0","","0.02%"
"25/06/2008","16,608.0","16,608.0","16,608.0","16,608.0","","0.01%"
"24/06/2008","16,606.0","16,606.0","16,606.0","16,606.0","","0.01%"
"23/06/2008","16,605.0","16,605.0","16,605.0","16,605.0","","-0.01%"
"20/06/2008","16,607.0","16,607.0","16,607.0","16,607.0","","-0.05%"
"19/06/2008","16,615.0","16,615.0","16,615.0","16,615.0","","0.04%"
"18/06/2008","16,609.0","16,609.0","16,609.0","16,609.0","","-0.06%"
"17/06/2008","16,619.0","16,619.0","16,619.0","16,619.0","","0.04%"
"16/06/2008","16,613.0","16,613.0","16,613.0","16,613.0","","0.07%"
"13/06/2008","16,601.0","16,601.0","16,601.0","16,601.0","","-0.07%"
"12/06/2008","16,613.0","16,613.0","16,613.0","16,613.0","","-0.05%"
"11/06/2008","16,621.0","16,621.0","16,621.0","16,621.0","","2.03%"
"10/06/2008","16,290.0","16,290.0","16,290.0","16,290.0","","0.06%"
"09/06/2008","16,280.0","16,280.0","16,280.0","16,280.0","","-0.02%"
"06/06/2008","16,283.0","16,283.0","16,283.0","16,283.0","","0.05%"
"05/06/2008","16,275.0","16,275.0","16,275.0","16,275.0","","0.06%"
"04/06/2008","16,265.0","16,265.0","16,265.0","16,265.0","","0.09%"
"03/06/2008","16,250.0","16,250.0","16,250.0","16,250.0","","0.03%"
"02/06/2008","16,245.0","16,245.0","16,245.0","16,245.0","","0.00%"
"30/05/2008","16,245.0","16,245.0","16,245.0","16,245.0","","0.06%"
"29/05/2008","16,236.0","16,236.0","16,236.0","16,236.0","","0.12%"
"28/05/2008","16,216.0","16,216.0","16,216.0","16,216.0","","-0.02%"
"27/05/2008","16,219.0","16,219.0","16,219.0","16,219.0","","0.06%"
"26/05/2008","16,210.0","16,210.0","16,210.0","16,210.0","","0.10%"
"23/05/2008","16,194.0","16,194.0","16,194.0","16,194.0","","0.06%"
"22/05/2008","16,185.0","16,185.0","16,185.0","16,185.0","","0.04%"
"21/05/2008","16,179.0","16,179.0","16,179.0","16,179.0","","0.04%"
"20/05/2008","16,172.0","16,172.0","16,172.0","16,172.0","","0.01%"
"19/05/2008","16,170.0","16,170.0","16,170.0","16,170.0","","0.07%"
"16/05/2008","16,158.0","16,158.0","16,158.0","16,158.0","","0.03%"
"15/05/2008","16,153.0","16,153.0","16,153.0","16,153.0","","-0.01%"
"14/05/2008","16,155.0","16,155.0","16,155.0","16,155.0","","-0.01%"
"13/05/2008","16,156.0","16,156.0","16,156.0","16,156.0","","0.07%"
"12/05/2008","16,145.0","16,145.0","16,145.0","16,145.0","","0.02%"
"09/05/2008","16,141.0","16,141.0","16,141.0","16,141.0","","0.01%"
"08/05/2008","16,140.0","16,140.0","16,140.0","16,140.0","","-0.03%"
"07/05/2008","16,145.0","16,145.0","16,145.0","16,145.0","","0.01%"
"06/05/2008","16,144.0","16,144.0","16,144.0","16,144.0","","0.11%"
"05/05/2008","16,127.0","16,127.0","16,127.0","16,127.0","","-0.01%"
"02/05/2008","16,128.0","16,128.0","16,128.0","16,128.0","","0.07%"
"01/05/2008","16,117.0","16,117.0","16,117.0","16,117.0","","0.00%"
"30/04/2008","16,117.0","16,117.0","16,117.0","16,117.0","","0.00%"
"29/04/2008","16,117.0","16,117.0","16,117.0","16,117.0","","-0.02%"
"28/04/2008","16,120.0","16,120.0","16,120.0","16,120.0","","0.02%"
"25/04/2008","16,116.0","16,116.0","16,116.0","16,116.0","","0.02%"
"24/04/2008","16,113.0","16,113.0","16,113.0","16,113.0","","0.02%"
"23/04/2008","16,110.0","16,110.0","16,110.0","16,110.0","","0.00%"
"22/04/2008","16,110.0","16,110.0","16,110.0","16,110.0","","0.00%"
"21/04/2008","16,110.0","16,110.0","16,110.0","16,110.0","","0.00%"
"18/04/2008","16,110.0","16,110.0","16,110.0","16,110.0","","0.00%"
"17/04/2008","16,110.0","16,110.0","16,110.0","16,110.0","","-0.04%"
"16/04/2008","16,116.0","16,116.0","16,116.0","16,116.0","","0.02%"
"15/04/2008","16,112.0","16,112.0","16,112.0","16,112.0","","0.00%"
"14/04/2008","16,112.0","16,112.0","16,112.0","16,112.0","","-0.02%"
"11/04/2008","16,115.0","16,115.0","16,115.0","16,115.0","","0.00%"
"10/04/2008","16,115.0","16,115.0","16,115.0","16,115.0","","0.03%"
"09/04/2008","16,110.0","16,110.0","16,110.0","16,110.0","","0.06%"
"08/04/2008","16,100.0","16,100.0","16,100.0","16,100.0","","-0.11%"
"07/04/2008","16,118.0","16,118.0","16,118.0","16,118.0","","0.05%"
"04/04/2008","16,110.0","16,110.0","16,110.0","16,110.0","","-0.05%"
"03/04/2008","16,118.0","16,118.0","16,118.0","16,118.0","","0.02%"
"02/04/2008","16,115.0","16,115.0","16,115.0","16,115.0","","0.03%"
"01/04/2008","16,110.0","16,110.0","16,110.0","16,110.0","","0.06%"
"31/03/2008","16,100.0","16,100.0","16,100.0","16,100.0","","-0.06%"
"28/03/2008","16,110.0","16,110.0","16,110.0","16,110.0","","0.06%"
"27/03/2008","16,100.0","16,100.0","16,100.0","16,100.0","","0.75%"
"26/03/2008","15,980.0","15,980.0","15,980.0","15,980.0","","1.04%"
"25/03/2008","15,815.0","15,815.0","15,815.0","15,815.0","","0.00%"
"24/03/2008","15,815.0","15,815.0","15,815.0","15,815.0","","-0.03%"
"21/03/2008","15,820.0","15,820.0","15,820.0","15,820.0","","-0.06%"
"20/03/2008","15,830.0","15,830.0","15,830.0","15,830.0","","-0.09%"
"19/03/2008","15,845.0","15,845.0","15,845.0","15,845.0","","-0.06%"
"18/03/2008","15,855.0","15,855.0","15,855.0","15,855.0","","-0.03%"
"17/03/2008","15,860.0","15,860.0","15,860.0","15,860.0","","0.01%"
"14/03/2008","15,858.0","15,858.0","15,858.0","15,858.0","","-0.02%"
"13/03/2008","15,861.0","15,861.0","15,861.0","15,861.0","","0.01%"
"12/03/2008","15,860.0","15,860.0","15,860.0","15,860.0","","-0.01%"
"11/03/2008","15,862.0","15,862.0","15,862.0","15,862.0","","-0.02%"
"10/03/2008","15,865.0","15,865.0","15,865.0","15,865.0","","-0.28%"
"07/03/2008","15,910.0","15,910.0","15,910.0","15,910.0","","-0.03%"
"06/03/2008","15,914.0","15,914.0","15,914.0","15,914.0","","-0.02%"
"05/03/2008","15,917.0","15,917.0","15,917.0","15,917.0","","-0.03%"
"04/03/2008","15,922.0","15,922.0","15,922.0","15,922.0","","-0.03%"
"03/03/2008","15,926.0","15,926.0","15,926.0","15,926.0","","-0.03%"
"29/02/2008","15,930.0","15,930.0","15,930.0","15,930.0","","-0.01%"
"28/02/2008","15,932.0","15,932.0","15,932.0","15,932.0","","-0.02%"
"27/02/2008","15,935.0","15,935.0","15,935.0","15,935.0","","0.00%"
"26/02/2008","15,935.0","15,935.0","15,935.0","15,935.0","","0.00%"
"25/02/2008","15,935.0","15,935.0","15,935.0","15,935.0","","0.00%"
"22/02/2008","15,935.0","15,935.0","15,935.0","15,935.0","","0.00%"
"21/02/2008","15,935.0","15,935.0","15,935.0","15,935.0","","-0.06%"
"20/02/2008","15,945.0","15,945.0","15,945.0","15,945.0","","0.02%"
"19/02/2008","15,942.0","15,942.0","15,942.0","15,942.0","","-0.03%"
"18/02/2008","15,946.0","15,946.0","15,946.0","15,946.0","","0.01%"
"15/02/2008","15,945.0","15,945.0","15,945.0","15,945.0","","0.00%"
"14/02/2008","15,945.0","15,945.0","15,945.0","15,945.0","","-0.06%"
"13/02/2008","15,955.0","15,955.0","15,955.0","15,955.0","","0.00%"
"12/02/2008","15,955.0","15,955.0","15,955.0","15,955.0","","0.00%"
"11/02/2008","15,955.0","15,955.0","15,955.0","15,955.0","","0.00%"
"08/02/2008","15,955.0","15,955.0","15,955.0","15,955.0","","0.00%"
"07/02/2008","15,955.0","15,955.0","15,955.0","15,955.0","","0.00%"
"06/02/2008","15,955.0","15,955.0","15,955.0","15,955.0","","0.00%"
"05/02/2008","15,955.0","15,955.0","15,955.0","15,955.0","","0.00%"
"04/02/2008","15,955.0","15,955.0","15,955.0","15,955.0","","-0.06%"
"01/02/2008","15,965.0","15,965.0","15,965.0","15,965.0","","0.00%"
"31/01/2008","15,965.0","15,965.0","15,965.0","15,965.0","","-0.03%"
"30/01/2008","15,970.0","15,970.0","15,970.0","15,970.0","","0.04%"
"29/01/2008","15,963.0","15,963.0","15,963.0","15,963.0","","-0.04%"
"28/01/2008","15,970.0","15,970.0","15,970.0","15,970.0","","0.06%"
"25/01/2008","15,960.0","15,960.0","15,960.0","15,960.0","","-0.06%"
"24/01/2008","15,970.0","15,970.0","15,970.0","15,970.0","","-0.06%"
"23/01/2008","15,980.0","15,980.0","15,980.0","15,980.0","","-0.01%"
"22/01/2008","15,981.0","15,981.0","15,981.0","15,981.0","","0.01%"
"21/01/2008","15,980.0","15,980.0","15,980.0","15,980.0","","0.04%"
"18/01/2008","15,973.0","15,973.0","15,973.0","15,973.0","","-0.01%"
"17/01/2008","15,975.0","15,975.0","15,975.0","15,975.0","","0.04%"
"16/01/2008","15,968.0","15,968.0","15,968.0","15,968.0","","-0.01%"
"15/01/2008","15,970.0","15,970.0","15,970.0","15,970.0","","-0.06%"
"14/01/2008","15,980.0","15,980.0","15,980.0","15,980.0","","0.03%"
"11/01/2008","15,975.0","15,975.0","15,975.0","15,975.0","","0.00%"
"10/01/2008","15,975.0","15,975.0","15,975.0","15,975.0","","0.04%"
"09/01/2008","15,968.0","15,968.0","15,968.0","15,968.0","","-0.06%"
"08/01/2008","15,978.0","15,978.0","15,978.0","15,978.0","","0.02%"
"07/01/2008","15,975.0","15,975.0","15,975.0","15,975.0","","-0.03%"
"04/01/2008","15,980.0","15,980.0","15,980.0","15,980.0","","-0.03%"
"03/01/2008","15,985.0","15,985.0","15,985.0","15,985.0","","0.00%"
"02/01/2008","15,985.0","15,985.0","15,985.0","15,985.0","","-0.21%"
"01/01/2008","16,018.0","16,018.0","16,018.0","16,018.0","","0.00%"
"31/12/2007","16,018.0","16,018.0","16,018.0","16,018.0","","0.02%"
"28/12/2007","16,015.0","16,015.0","16,015.0","16,015.0","","0.00%"
"27/12/2007","16,015.0","16,015.0","16,015.0","16,015.0","","0.03%"
"26/12/2007","16,010.0","16,010.0","16,010.0","16,010.0","","-0.12%"
"25/12/2007","16,030.0","16,030.0","16,030.0","16,030.0","","-0.09%"
"24/12/2007","16,045.0","16,045.0","16,045.0","16,045.0","","0.09%"
"21/12/2007","16,030.0","16,030.0","16,030.0","16,030.0","","-0.03%"
"20/12/2007","16,035.0","16,035.0","16,035.0","16,035.0","","0.01%"
"19/12/2007","16,033.0","16,033.0","16,033.0","16,033.0","","0.02%"
"18/12/2007","16,030.0","16,030.0","16,030.0","16,030.0","","0.00%"
"17/12/2007","16,030.0","16,030.0","16,030.0","16,030.0","","-0.03%"
"14/12/2007","16,035.0","16,035.0","16,035.0","16,035.0","","0.12%"
"13/12/2007","16,015.0","16,015.0","16,015.0","16,015.0","","-0.03%"
"12/12/2007","16,020.0","16,020.0","16,020.0","16,020.0","","-0.06%"
"11/12/2007","16,030.0","16,030.0","16,030.0","16,030.0","","0.00%"
"10/12/2007","16,030.0","16,030.0","16,030.0","16,030.0","","0.00%"
"07/12/2007","16,030.0","16,030.0","16,030.0","16,030.0","","0.00%"
"06/12/2007","16,030.0","16,030.0","16,030.0","16,030.0","","0.00%"
"05/12/2007","16,030.0","16,030.0","16,030.0","16,030.0","","-0.03%"
"04/12/2007","16,035.0","16,035.0","16,035.0","16,035.0","","0.00%"
"03/12/2007","16,035.0","16,035.0","16,035.0","16,035.0","","0.00%"
"30/11/2007","16,035.0","16,035.0","16,035.0","16,035.0","","-0.06%"
"29/11/2007","16,045.0","16,045.0","16,045.0","16,045.0","","0.14%"
"28/11/2007","16,022.0","16,022.0","16,022.0","16,022.0","","-0.05%"
"27/11/2007","16,030.0","16,030.0","16,030.0","16,030.0","","-0.03%"
"26/11/2007","16,035.0","16,035.0","16,035.0","16,035.0","","-0.06%"
"23/11/2007","16,044.0","16,044.0","16,044.0","16,044.0","","-0.04%"
"22/11/2007","16,050.0","16,050.0","16,050.0","16,050.0","","0.00%"
"21/11/2007","16,050.0","16,050.0","16,050.0","16,050.0","","0.00%"
"20/11/2007","16,050.0","16,050.0","16,050.0","16,050.0","","0.00%"
"19/11/2007","16,050.0","16,050.0","16,050.0","16,050.0","","-0.06%"
"16/11/2007","16,060.0","16,060.0","16,060.0","16,060.0","","0.03%"
"15/11/2007","16,055.0","16,055.0","16,055.0","16,055.0","","0.00%"
"14/11/2007","16,055.0","16,055.0","16,055.0","16,055.0","","0.00%"
"13/11/2007","16,055.0","16,055.0","16,055.0","16,055.0","","0.01%"
"12/11/2007","16,054.0","16,054.0","16,054.0","16,054.0","","-0.05%"
"09/11/2007","16,062.0","16,062.0","16,062.0","16,062.0","","-0.01%"
"08/11/2007","16,063.0","16,063.0","16,063.0","16,063.0","","0.00%"
"07/11/2007","16,063.0","16,063.0","16,063.0","16,063.0","","0.01%"
"06/11/2007","16,062.0","16,062.0","16,062.0","16,062.0","","-0.05%"
"05/11/2007","16,070.0","16,070.0","16,070.0","16,070.0","","0.06%"
"02/11/2007","16,060.0","16,060.0","16,060.0","16,060.0","","-0.03%"
"01/11/2007","16,065.0","16,065.0","16,065.0","16,065.0","","0.01%"
"31/10/2007","16,064.0","16,064.0","16,064.0","16,064.0","","-0.06%"
"30/10/2007","16,074.0","16,074.0","16,074.0","16,074.0","","0.06%"
"29/10/2007","16,065.0","16,065.0","16,065.0","16,065.0","","-0.07%"
"26/10/2007","16,076.0","16,076.0","16,076.0","16,076.0","","0.01%"
"25/10/2007","16,074.0","16,074.0","16,074.0","16,074.0","","0.02%"
"24/10/2007","16,070.0","16,070.0","16,070.0","16,070.0","","0.03%"
"23/10/2007","16,065.0","16,065.0","16,065.0","16,065.0","","-0.06%"
"22/10/2007","16,075.0","16,075.0","16,075.0","16,075.0","","0.00%"
"19/10/2007","16,075.0","16,075.0","16,075.0","16,075.0","","0.00%"
"18/10/2007","16,075.0","16,075.0","16,075.0","16,075.0","","0.00%"
"17/10/2007","16,075.0","16,075.0","16,075.0","16,075.0","","0.16%"
"16/10/2007","16,050.0","16,050.0","16,050.0","16,050.0","","0.00%"
"15/10/2007","16,050.0","16,050.0","16,050.0","16,050.0","","-0.03%"
"12/10/2007","16,055.0","16,055.0","16,055.0","16,055.0","","-0.09%"
"11/10/2007","16,070.0","16,070.0","16,070.0","16,070.0","","0.00%"
"10/10/2007","16,070.0","16,070.0","16,070.0","16,070.0","","0.00%"
"09/10/2007","16,070.0","16,070.0","16,070.0","16,070.0","","0.00%"
"08/10/2007","16,070.0","16,070.0","16,070.0","16,070.0","","0.01%"
"05/10/2007","16,068.0","16,068.0","16,068.0","16,068.0","","0.02%"
"04/10/2007","16,065.0","16,065.0","16,065.0","16,065.0","","-0.06%"
"03/10/2007","16,075.0","16,075.0","16,075.0","16,075.0","","0.02%"
"02/10/2007","16,072.0","16,072.0","16,072.0","16,072.0","","-0.05%"
"01/10/2007","16,080.0","16,080.0","16,080.0","16,080.0","","0.03%"
"28/09/2007","16,075.0","16,075.0","16,075.0","16,075.0","","-0.02%"
"27/09/2007","16,078.0","16,078.0","16,078.0","16,078.0","","-0.09%"
"26/09/2007","16,092.0","16,092.0","16,092.0","16,092.0","","-0.05%"
"25/09/2007","16,100.0","16,100.0","16,100.0","16,100.0","","-0.16%"
"24/09/2007","16,125.0","16,125.0","16,125.0","16,125.0","","-0.25%"
"21/09/2007","16,165.0","16,165.0","16,165.0","16,165.0","","-0.03%"
"20/09/2007","16,170.0","16,170.0","16,170.0","16,170.0","","-0.35%"
"19/09/2007","16,226.0","16,226.0","16,226.0","16,226.0","","0.00%"
"18/09/2007","16,226.0","16,226.0","16,226.0","16,226.0","","0.06%"
"17/09/2007","16,217.0","16,217.0","16,217.0","16,217.0","","-0.05%"
"14/09/2007","16,225.0","16,225.0","16,225.0","16,225.0","","-0.07%"
"13/09/2007","16,237.0","16,237.0","16,237.0","16,237.0","","0.03%"
"12/09/2007","16,232.0","16,232.0","16,232.0","16,232.0","","0.04%"
"11/09/2007","16,225.0","16,225.0","16,225.0","16,225.0","","0.00%"
"10/09/2007","16,225.0","16,225.0","16,225.0","16,225.0","","-0.06%"
"07/09/2007","16,235.0","16,235.0","16,235.0","16,235.0","","0.00%"
"06/09/2007","16,235.0","16,235.0","16,235.0","16,235.0","","0.01%"
"05/09/2007","16,233.0","16,233.0","16,233.0","16,233.0","","0.05%"
"04/09/2007","16,225.0","16,225.0","16,225.0","16,225.0","","-0.06%"
"03/09/2007","16,235.0","16,235.0","16,235.0","16,235.0","","0.00%"
"31/08/2007","16,235.0","16,235.0","16,235.0","16,235.0","","-0.01%"
"30/08/2007","16,236.0","16,236.0","16,236.0","16,236.0","","0.04%"
"29/08/2007","16,230.0","16,230.0","16,230.0","16,230.0","","0.01%"
"28/08/2007","16,229.0","16,229.0","16,229.0","16,229.0","","-0.04%"
"27/08/2007","16,235.0","16,235.0","16,235.0","16,235.0","","0.06%"
"24/08/2007","16,225.0","16,225.0","16,225.0","16,225.0","","-0.06%"
"23/08/2007","16,235.0","16,235.0","16,235.0","16,235.0","","-0.03%"
"22/08/2007","16,240.0","16,240.0","16,240.0","16,240.0","","0.00%"
"21/08/2007","16,240.0","16,240.0","16,240.0","16,240.0","","-0.03%"
"20/08/2007","16,245.0","16,245.0","16,245.0","16,245.0","","0.00%"
"17/08/2007","16,245.0","16,245.0","16,245.0","16,245.0","","0.07%"
"16/08/2007","16,233.0","16,233.0","16,233.0","16,233.0","","0.08%"
"15/08/2007","16,220.0","16,220.0","16,220.0","16,220.0","","0.11%"
"14/08/2007","16,202.0","16,202.0","16,202.0","16,202.0","","0.06%"
"13/08/2007","16,192.0","16,192.0","16,192.0","16,192.0","","0.11%"
"10/08/2007","16,174.0","16,174.0","16,174.0","16,174.0","","0.02%"
"09/08/2007","16,170.0","16,170.0","16,170.0","16,170.0","","0.00%"
"08/08/2007","16,170.0","16,170.0","16,170.0","16,170.0","","0.06%"
"07/08/2007","16,160.0","16,160.0","16,160.0","16,160.0","","0.00%"
"06/08/2007","16,160.0","16,160.0","16,160.0","16,160.0","","0.02%"
"03/08/2007","16,156.0","16,156.0","16,156.0","16,156.0","","0.06%"
"02/08/2007","16,147.0","16,147.0","16,147.0","16,147.0","","0.04%"
"01/08/2007","16,140.0","16,140.0","16,140.0","16,140.0","","0.03%"
"31/07/2007","16,135.0","16,135.0","16,135.0","16,135.0","","-0.06%"
"30/07/2007","16,145.0","16,145.0","16,145.0","16,145.0","","0.06%"
"27/07/2007","16,135.0","16,135.0","16,135.0","16,135.0","","0.03%"
"26/07/2007","16,130.0","16,130.0","16,130.0","16,130.0","","0.01%"
"25/07/2007","16,128.0","16,128.0","16,128.0","16,128.0","","0.02%"
"24/07/2007","16,125.0","16,125.0","16,125.0","16,125.0","","-0.04%"
"23/07/2007","16,132.0","16,132.0","16,132.0","16,132.0","","0.00%"
"20/07/2007","16,132.0","16,132.0","16,132.0","16,132.0","","0.04%"
"19/07/2007","16,126.0","16,126.0","16,126.0","16,126.0","","0.07%"
"18/07/2007","16,115.0","16,115.0","16,115.0","16,115.0","","-0.06%"
"17/07/2007","16,125.0","16,125.0","16,125.0","16,125.0","","0.00%"
"16/07/2007","16,125.0","16,125.0","16,125.0","16,125.0","","-0.02%"
"13/07/2007","16,128.0","16,128.0","16,128.0","16,128.0","","0.05%"
"12/07/2007","16,120.0","16,120.0","16,120.0","16,120.0","","0.03%"
"11/07/2007","16,115.0","16,115.0","16,115.0","16,115.0","","-0.10%"
"10/07/2007","16,131.0","16,131.0","16,131.0","16,131.0","","0.04%"
"09/07/2007","16,125.0","16,125.0","16,125.0","16,125.0","","0.01%"
"06/07/2007","16,123.0","16,123.0","16,123.0","16,123.0","","-0.01%"
"05/07/2007","16,125.0","16,125.0","16,125.0","16,125.0","","-0.01%"
"04/07/2007","16,127.0","16,127.0","16,127.0","16,127.0","","0.07%"
"03/07/2007","16,116.0","16,116.0","16,116.0","16,116.0","","-0.06%"
"02/07/2007","16,125.0","16,125.0","16,125.0","16,125.0","","-0.01%"
"29/06/2007","16,126.0","16,126.0","16,126.0","16,126.0","","0.01%"
"28/06/2007","16,125.0","16,125.0","16,125.0","16,125.0","","0.06%"
"27/06/2007","16,115.0","16,115.0","16,115.0","16,115.0","","0.02%"
"26/06/2007","16,111.0","16,111.0","16,111.0","16,111.0","","-0.06%"
"25/06/2007","16,120.0","16,120.0","16,120.0","16,120.0","","0.03%"
"22/06/2007","16,115.0","16,115.0","16,115.0","16,115.0","","0.00%"
"21/06/2007","16,115.0","16,115.0","16,115.0","16,115.0","","0.00%"
"20/06/2007","16,115.0","16,115.0","16,115.0","16,115.0","","0.06%"
"19/06/2007","16,106.0","16,106.0","16,106.0","16,106.0","","-0.06%"
"18/06/2007","16,116.0","16,116.0","16,116.0","16,116.0","","0.01%"
"15/06/2007","16,115.0","16,115.0","16,115.0","16,115.0","","0.00%"
"14/06/2007","16,115.0","16,115.0","16,115.0","16,115.0","","0.04%"
"13/06/2007","16,109.0","16,109.0","16,109.0","16,109.0","","0.06%"
"12/06/2007","16,100.0","16,100.0","16,100.0","16,100.0","","0.02%"
"11/06/2007","16,096.0","16,096.0","16,096.0","16,096.0","","-0.01%"
"08/06/2007","16,098.0","16,098.0","16,098.0","16,098.0","","0.06%"
"07/06/2007","16,088.0","16,088.0","16,088.0","16,088.0","","-0.01%"
"06/06/2007","16,089.0","16,089.0","16,089.0","16,089.0","","0.01%"
"05/06/2007","16,088.0","16,088.0","16,088.0","16,088.0","","0.02%"
"04/06/2007","16,085.0","16,085.0","16,085.0","16,085.0","","0.00%"
"01/06/2007","16,085.0","16,085.0","16,085.0","16,085.0","","0.01%"
"31/05/2007","16,084.0","16,084.0","16,084.0","16,084.0","","0.02%"
"30/05/2007","16,080.0","16,080.0","16,080.0","16,080.0","","0.08%"
"29/05/2007","16,067.0","16,067.0","16,067.0","16,067.0","","0.01%"
"28/05/2007","16,065.0","16,065.0","16,065.0","16,065.0","","0.05%"
"25/05/2007","16,057.0","16,057.0","16,057.0","16,057.0","","0.00%"
"24/05/2007","16,057.0","16,057.0","16,057.0","16,057.0","","-0.01%"
"23/05/2007","16,058.0","16,058.0","16,058.0","16,058.0","","0.00%"
"22/05/2007","16,058.0","16,058.0","16,058.0","16,058.0","","0.00%"
"21/05/2007","16,058.0","16,058.0","16,058.0","16,058.0","","0.06%"
"18/05/2007","16,049.0","16,049.0","16,049.0","16,049.0","","0.07%"
"17/05/2007","16,038.0","16,038.0","16,038.0","16,038.0","","0.05%"
"16/05/2007","16,030.0","16,030.0","16,030.0","16,030.0","","-0.03%"
"15/05/2007","16,035.0","16,035.0","16,035.0","16,035.0","","-0.02%"
"14/05/2007","16,038.0","16,038.0","16,038.0","16,038.0","","0.01%"
"11/05/2007","16,036.0","16,036.0","16,036.0","16,036.0","","-0.01%"
"10/05/2007","16,038.0","16,038.0","16,038.0","16,038.0","","0.01%"
"09/05/2007","16,037.0","16,037.0","16,037.0","16,037.0","","-0.08%"
"08/05/2007","16,050.0","16,050.0","16,050.0","16,050.0","","-0.01%"
"07/05/2007","16,051.0","16,051.0","16,051.0","16,051.0","","0.02%"
"04/05/2007","16,047.0","16,047.0","16,047.0","16,047.0","","-0.02%"
"03/05/2007","16,051.0","16,051.0","16,051.0","16,051.0","","0.05%"
"02/05/2007","16,043.0","16,043.0","16,043.0","16,043.0","","0.00%"
"01/05/2007","16,043.0","16,043.0","16,043.0","16,043.0","","0.00%"
"30/04/2007","16,043.0","16,043.0","16,043.0","16,043.0","","0.00%"
"27/04/2007","16,043.0","16,043.0","16,043.0","16,043.0","","0.07%"
"26/04/2007","16,032.0","16,032.0","16,032.0","16,032.0","","0.00%"
"25/04/2007","16,032.0","16,032.0","16,032.0","16,032.0","","-0.04%"
"24/04/2007","16,038.0","16,038.0","16,038.0","16,038.0","","0.01%"
"23/04/2007","16,037.0","16,037.0","16,037.0","16,037.0","","-0.01%"
"20/04/2007","16,038.0","16,038.0","16,038.0","16,038.0","","0.01%"
"19/04/2007","16,037.0","16,037.0","16,037.0","16,037.0","","0.06%"
"18/04/2007","16,028.0","16,028.0","16,028.0","16,028.0","","-0.05%"
"17/04/2007","16,036.0","16,036.0","16,036.0","16,036.0","","0.04%"
"16/04/2007","16,030.0","16,030.0","16,030.0","16,030.0","","-0.02%"
"13/04/2007","16,034.0","16,034.0","16,034.0","16,034.0","","0.01%"
"12/04/2007","16,032.0","16,032.0","16,032.0","16,032.0","","-0.01%"
"11/04/2007","16,033.0","16,033.0","16,033.0","16,033.0","","0.01%"
"10/04/2007","16,031.0","16,031.0","16,031.0","16,031.0","","0.02%"
"09/04/2007","16,027.0","16,027.0","16,027.0","16,027.0","","0.02%"
"06/04/2007","16,024.0","16,024.0","16,024.0","16,024.0","","-0.01%"
"05/04/2007","16,026.0","16,026.0","16,026.0","16,026.0","","0.07%"
"04/04/2007","16,015.0","16,015.0","16,015.0","16,015.0","","0.00%"
"03/04/2007","16,015.0","16,015.0","16,015.0","16,015.0","","-0.04%"
"02/04/2007","16,022.0","16,022.0","16,022.0","16,022.0","","0.08%"
"30/03/2007","16,009.0","16,009.0","16,009.0","16,009.0","","-0.01%"
"29/03/2007","16,010.0","16,010.0","16,010.0","16,010.0","","-0.06%"
"28/03/2007","16,019.0","16,019.0","16,019.0","16,019.0","","0.03%"
"27/03/2007","16,014.0","16,014.0","16,014.0","16,014.0","","0.06%"
"26/03/2007","16,005.0","16,005.0","16,005.0","16,005.0","","0.00%"
"23/03/2007","16,005.0","16,005.0","16,005.0","16,005.0","","0.00%"
"22/03/2007","16,005.0","16,005.0","16,005.0","16,005.0","","-0.01%"
"21/03/2007","16,007.0","16,007.0","16,007.0","16,007.0","","-0.05%"
"20/03/2007","16,015.0","16,015.0","16,015.0","16,015.0","","0.04%"
"19/03/2007","16,008.0","16,008.0","16,008.0","16,008.0","","-0.10%"
"16/03/2007","16,024.0","16,024.0","16,024.0","16,024.0","","0.10%"
"15/03/2007","16,008.0","16,008.0","16,008.0","16,008.0","","-0.01%"
"14/03/2007","16,009.0","16,009.0","16,009.0","16,009.0","","0.01%"
"13/03/2007","16,007.0","16,007.0","16,007.0","16,007.0","","-0.02%"
"12/03/2007","16,010.0","16,010.0","16,010.0","16,010.0","","0.03%"
"09/03/2007","16,005.0","16,005.0","16,005.0","16,005.0","","0.00%"
"08/03/2007","16,005.0","16,005.0","16,005.0","16,005.0","","0.03%"
"07/03/2007","16,000.0","16,000.0","16,000.0","16,000.0","","0.01%"
"06/03/2007","15,998.0","15,998.0","15,998.0","15,998.0","","0.02%"
"05/03/2007","15,995.0","15,995.0","15,995.0","15,995.0","","-0.01%"
"02/03/2007","15,996.0","15,996.0","15,996.0","15,996.0","","-0.02%"
"01/03/2007","15,999.0","15,999.0","15,999.0","15,999.0","","0.02%"
"28/02/2007","15,996.0","15,996.0","15,996.0","15,996.0","","0.10%"
"27/02/2007","15,980.0","15,980.0","15,980.0","15,980.0","","-0.01%"
"26/02/2007","15,982.0","15,982.0","15,982.0","15,982.0","","0.04%"
"23/02/2007","15,976.0","15,976.0","15,976.0","15,976.0","","-0.04%"
"22/02/2007","15,982.0","15,982.0","15,982.0","15,982.0","","0.04%"
"21/02/2007","15,975.0","15,975.0","15,975.0","15,975.0","","0.00%"
"20/02/2007","15,975.0","15,975.0","15,975.0","15,975.0","","0.00%"
"19/02/2007","15,975.0","15,975.0","15,975.0","15,975.0","","0.00%"
"16/02/2007","15,975.0","15,975.0","15,975.0","15,975.0","","-0.01%"
"15/02/2007","15,976.0","15,976.0","15,976.0","15,976.0","","-0.03%"
"14/02/2007","15,980.0","15,980.0","15,980.0","15,980.0","","-0.01%"
"13/02/2007","15,982.0","15,982.0","15,982.0","15,982.0","","0.04%"
"12/02/2007","15,975.0","15,975.0","15,975.0","15,975.0","","-0.04%"
"09/02/2007","15,982.0","15,982.0","15,982.0","15,982.0","","-0.07%"
"08/02/2007","15,993.0","15,993.0","15,993.0","15,993.0","","0.05%"
"07/02/2007","15,985.0","15,985.0","15,985.0","15,985.0","","-0.12%"
"06/02/2007","16,005.0","16,005.0","16,005.0","16,005.0","","0.01%"
"05/02/2007","16,003.0","16,003.0","16,003.0","16,003.0","","-0.26%"
"02/02/2007","16,045.0","16,045.0","16,045.0","16,045.0","","0.00%"
"01/02/2007","16,045.0","16,045.0","16,045.0","16,045.0","","0.00%"
"31/01/2007","16,045.0","16,045.0","16,045.0","16,045.0","","0.00%"
"30/01/2007","16,045.0","16,045.0","16,045.0","16,045.0","","0.00%"
"29/01/2007","16,045.0","16,045.0","16,045.0","16,045.0","","0.03%"
"26/01/2007","16,040.0","16,040.0","16,040.0","16,040.0","","-0.16%"
"25/01/2007","16,065.0","16,065.0","16,065.0","16,065.0","","0.02%"
"24/01/2007","16,062.0","16,062.0","16,062.0","16,062.0","","-0.02%"
"23/01/2007","16,065.0","16,065.0","16,065.0","16,065.0","","-0.01%"
"22/01/2007","16,066.0","16,066.0","16,066.0","16,066.0","","0.07%"
"19/01/2007","16,055.0","16,055.0","16,055.0","16,055.0","","0.00%"
"18/01/2007","16,055.0","16,055.0","16,055.0","16,055.0","","0.08%"
"17/01/2007","16,042.0","16,042.0","16,042.0","16,042.0","","-0.08%"
"16/01/2007","16,055.0","16,055.0","16,055.0","16,055.0","","0.06%"
"15/01/2007","16,045.0","16,045.0","16,045.0","16,045.0","","-0.06%"
"12/01/2007","16,055.0","16,055.0","16,055.0","16,055.0","","0.00%"
"11/01/2007","16,055.0","16,055.0","16,055.0","16,055.0","","0.00%"
"10/01/2007","16,055.0","16,055.0","16,055.0","16,055.0","","0.06%"
"09/01/2007","16,045.0","16,045.0","16,045.0","16,045.0","","-0.03%"
"08/01/2007","16,050.0","16,050.0","16,050.0","16,050.0","","0.03%"
"05/01/2007","16,045.0","16,045.0","16,045.0","16,045.0","","0.03%"
"04/01/2007","16,040.0","16,040.0","16,040.0","16,040.0","","-0.11%"
"03/01/2007","16,058.0","16,058.0","16,058.0","16,058.0","","0.01%"
"02/01/2007","16,056.0","16,056.0","16,056.0","16,056.0","","0.03%"
"01/01/2007","16,051.0","16,051.0","16,051.0","16,051.0","","0.00%"
"29/12/2006","16,051.0","16,051.0","16,051.0","16,051.0","","0.07%"
"28/12/2006","16,040.0","16,040.0","16,040.0","16,040.0","","-0.09%"
"27/12/2006","16,055.0","16,055.0","16,055.0","16,055.0","","0.03%"
"26/12/2006","16,050.0","16,050.0","16,050.0","16,050.0","","0.02%"
"25/12/2006","16,046.0","16,046.0","16,046.0","16,046.0","","-0.06%"
"22/12/2006","16,056.0","16,056.0","16,056.0","16,056.0","","0.00%"
"21/12/2006","16,056.0","16,056.0","16,056.0","16,056.0","","0.00%"
"20/12/2006","16,056.0","16,056.0","16,056.0","16,056.0","","0.01%"
"19/12/2006","16,055.0","16,055.0","16,055.0","16,055.0","","-0.04%"
"18/12/2006","16,062.0","16,062.0","16,062.0","16,062.0","","-0.08%"
"15/12/2006","16,075.0","16,075.0","16,075.0","16,075.0","","0.01%"
"14/12/2006","16,074.0","16,074.0","16,074.0","16,074.0","","-0.01%"
"13/12/2006","16,076.0","16,076.0","16,076.0","16,076.0","","0.10%"
"12/12/2006","16,060.0","16,060.0","16,060.0","16,060.0","","-0.03%"
"11/12/2006","16,065.0","16,065.0","16,065.0","16,065.0","","0.02%"
"08/12/2006","16,062.0","16,062.0","16,062.0","16,062.0","","-0.09%"
"07/12/2006","16,076.0","16,076.0","16,076.0","16,076.0","","0.01%"
"06/12/2006","16,075.0","16,075.0","16,075.0","16,075.0","","0.03%"
"05/12/2006","16,070.0","16,070.0","16,070.0","16,070.0","","0.02%"
"04/12/2006","16,066.0","16,066.0","16,066.0","16,066.0","","-0.01%"
"01/12/2006","16,067.0","16,067.0","16,067.0","16,067.0","","0.01%"
"30/11/2006","16,065.0","16,065.0","16,065.0","16,065.0","","-0.08%"
"29/11/2006","16,078.0","16,078.0","16,078.0","16,078.0","","0.00%"
"28/11/2006","16,078.0","16,078.0","16,078.0","16,078.0","","0.00%"
"27/11/2006","16,078.0","16,078.0","16,078.0","16,078.0","","0.00%"
"24/11/2006","16,078.0","16,078.0","16,078.0","16,078.0","","-0.07%"
"23/11/2006","16,089.0","16,089.0","16,089.0","16,089.0","","0.07%"
"22/11/2006","16,078.0","16,078.0","16,078.0","16,078.0","","0.01%"
"21/11/2006","16,077.0","16,077.0","16,077.0","16,077.0","","-0.09%"
"20/11/2006","16,092.0","16,092.0","16,092.0","16,092.0","","-0.01%"
"17/11/2006","16,093.0","16,093.0","16,093.0","16,093.0","","-0.01%"
"16/11/2006","16,095.0","16,095.0","16,095.0","16,095.0","","0.04%"
"15/11/2006","16,088.0","16,088.0","16,088.0","16,088.0","","0.03%"
"14/11/2006","16,083.0","16,083.0","16,083.0","16,083.0","","-0.02%"
"13/11/2006","16,086.0","16,086.0","16,086.0","16,086.0","","0.01%"
"10/11/2006","16,085.0","16,085.0","16,085.0","16,085.0","","-0.01%"
"09/11/2006","16,086.0","16,086.0","16,086.0","16,086.0","","0.02%"
"08/11/2006","16,082.0","16,082.0","16,082.0","16,082.0","","0.04%"
"07/11/2006","16,075.0","16,075.0","16,075.0","16,075.0","","0.00%"
"06/11/2006","16,075.0","16,075.0","16,075.0","16,075.0","","-0.01%"
"03/11/2006","16,076.0","16,076.0","16,076.0","16,076.0","","0.00%"
"02/11/2006","16,076.0","16,076.0","16,076.0","16,076.0","","0.04%"
"01/11/2006","16,070.0","16,070.0","16,070.0","16,070.0","","0.03%"
"31/10/2006","16,065.0","16,065.0","16,065.0","16,065.0","","-0.03%"
"30/10/2006","16,070.0","16,070.0","16,070.0","16,070.0","","0.03%"
"27/10/2006","16,065.0","16,065.0","16,065.0","16,065.0","","-0.03%"
"26/10/2006","16,070.0","16,070.0","16,070.0","16,070.0","","0.03%"
"25/10/2006","16,065.0","16,065.0","16,065.0","16,065.0","","-0.03%"
"24/10/2006","16,070.0","16,070.0","16,070.0","16,070.0","","0.00%"
"23/10/2006","16,070.0","16,070.0","16,070.0","16,070.0","","0.03%"
"20/10/2006","16,065.0","16,065.0","16,065.0","16,065.0","","0.06%"
"19/10/2006","16,055.0","16,055.0","16,055.0","16,055.0","","-0.03%"
"18/10/2006","16,060.0","16,060.0","16,060.0","16,060.0","","-0.05%"
"17/10/2006","16,068.0","16,068.0","16,068.0","16,068.0","","0.12%"
"16/10/2006","16,049.0","16,049.0","16,049.0","16,049.0","","0.00%"
"13/10/2006","16,049.0","16,049.0","16,049.0","16,049.0","","0.02%"
"12/10/2006","16,046.0","16,046.0","16,046.0","16,046.0","","-0.02%"
"11/10/2006","16,050.0","16,050.0","16,050.0","16,050.0","","-0.02%"
"10/10/2006","16,054.0","16,054.0","16,054.0","16,054.0","","0.09%"
"09/10/2006","16,040.0","16,040.0","16,040.0","16,040.0","","-0.08%"
"06/10/2006","16,053.0","16,053.0","16,053.0","16,053.0","","0.04%"
"05/10/2006","16,046.0","16,046.0","16,046.0","16,046.0","","0.04%"
"04/10/2006","16,040.0","16,040.0","16,040.0","16,040.0","","-0.04%"
"03/10/2006","16,046.0","16,046.0","16,046.0","16,046.0","","0.00%"
"02/10/2006","16,046.0","16,046.0","16,046.0","16,046.0","","0.01%"
"29/09/2006","16,045.0","16,045.0","16,045.0","16,045.0","","0.06%"
"28/09/2006","16,036.0","16,036.0","16,036.0","16,036.0","","-0.05%"
"27/09/2006","16,044.0","16,044.0","16,044.0","16,044.0","","0.04%"
"26/09/2006","16,037.0","16,037.0","16,037.0","16,037.0","","0.01%"
"25/09/2006","16,035.0","16,035.0","16,035.0","16,035.0","","0.00%"
"22/09/2006","16,035.0","16,035.0","16,035.0","16,035.0","","-0.01%"
"21/09/2006","16,036.0","16,036.0","16,036.0","16,036.0","","-0.03%"
"20/09/2006","16,041.0","16,041.0","16,041.0","16,041.0","","0.01%"
"19/09/2006","16,040.0","16,040.0","16,040.0","16,040.0","","0.01%"
"18/09/2006","16,039.0","16,039.0","16,039.0","16,039.0","","0.03%"
"15/09/2006","16,034.0","16,034.0","16,034.0","16,034.0","","0.01%"
"14/09/2006","16,033.0","16,033.0","16,033.0","16,033.0","","-0.04%"
"13/09/2006","16,040.0","16,040.0","16,040.0","16,040.0","","0.14%"
"12/09/2006","16,017.0","16,017.0","16,017.0","16,017.0","","0.00%"
"11/09/2006","16,017.0","16,017.0","16,017.0","16,017.0","","0.00%"
"08/09/2006","16,017.0","16,017.0","16,017.0","16,017.0","","-0.02%"
"07/09/2006","16,020.0","16,020.0","16,020.0","16,020.0","","0.00%"
"06/09/2006","16,020.0","16,020.0","16,020.0","16,020.0","","0.03%"
"05/09/2006","16,015.0","16,015.0","16,015.0","16,015.0","","0.06%"
"04/09/2006","16,005.0","16,005.0","16,005.0","16,005.0","","0.00%"
"01/09/2006","16,005.0","16,005.0","16,005.0","16,005.0","","-0.05%"
"31/08/2006","16,013.0","16,013.0","16,013.0","16,013.0","","0.02%"
"30/08/2006","16,010.0","16,010.0","16,010.0","16,010.0","","0.02%"
"29/08/2006","16,006.0","16,006.0","16,006.0","16,006.0","","-0.07%"
"28/08/2006","16,018.0","16,018.0","16,018.0","16,018.0","","0.07%"
"25/08/2006","16,007.0","16,007.0","16,007.0","16,007.0","","-0.02%"
"24/08/2006","16,011.0","16,011.0","16,011.0","16,011.0","","-0.02%"
"23/08/2006","16,014.0","16,014.0","16,014.0","16,014.0","","0.02%"
"22/08/2006","16,010.0","16,010.0","16,010.0","16,010.0","","0.00%"
"21/08/2006","16,010.0","16,010.0","16,010.0","16,010.0","","0.06%"
"18/08/2006","16,000.0","16,000.0","16,000.0","16,000.0","","0.02%"
"17/08/2006","15,997.0","15,997.0","15,997.0","15,997.0","","-0.01%"
"16/08/2006","15,999.0","15,999.0","15,999.0","15,999.0","","-0.02%"
"15/08/2006","16,003.0","16,003.0","16,003.0","16,003.0","","-0.03%"
"14/08/2006","16,008.0","16,008.0","16,008.0","16,008.0","","0.07%"
"11/08/2006","15,997.0","15,997.0","15,997.0","15,997.0","","-0.08%"
"10/08/2006","16,010.0","16,010.0","16,010.0","16,010.0","","0.00%"
"09/08/2006","16,010.0","16,010.0","16,010.0","16,010.0","","0.00%"
"08/08/2006","16,010.0","16,010.0","16,010.0","16,010.0","","-0.04%"
"07/08/2006","16,016.0","16,016.0","16,016.0","16,016.0","","0.09%"
"04/08/2006","16,001.0","16,001.0","16,001.0","16,001.0","","-0.02%"
"03/08/2006","16,004.0","16,004.0","16,004.0","16,004.0","","-0.03%"
"02/08/2006","16,009.0","16,009.0","16,009.0","16,009.0","","0.05%"
"01/08/2006","16,001.0","16,001.0","16,001.0","16,001.0","","0.00%"
"31/07/2006","16,001.0","16,001.0","16,001.0","16,001.0","","0.01%"
"28/07/2006","16,000.0","16,000.0","16,000.0","16,000.0","","-0.01%"
"27/07/2006","16,002.0","16,002.0","16,002.0","16,002.0","","0.04%"
"26/07/2006","15,996.0","15,996.0","15,996.0","15,996.0","","0.00%"
"25/07/2006","15,996.0","15,996.0","15,996.0","15,996.0","","0.00%"
"24/07/2006","15,996.0","15,996.0","15,996.0","15,996.0","","0.00%"
"21/07/2006","15,996.0","15,996.0","15,996.0","15,996.0","","-0.03%"
"20/07/2006","16,001.0","16,001.0","16,001.0","16,001.0","","0.03%"
"19/07/2006","15,997.0","15,997.0","15,997.0","15,997.0","","-0.04%"
"18/07/2006","16,003.0","16,003.0","16,003.0","16,003.0","","0.02%"
"17/07/2006","16,000.0","16,000.0","16,000.0","16,000.0","","0.05%"
"14/07/2006","15,992.0","15,992.0","15,992.0","15,992.0","","0.03%"
"13/07/2006","15,988.0","15,988.0","15,988.0","15,988.0","","-0.01%"
"12/07/2006","15,990.0","15,990.0","15,990.0","15,990.0","","0.02%"
"11/07/2006","15,987.0","15,987.0","15,987.0","15,987.0","","-0.01%"
"10/07/2006","15,989.0","15,989.0","15,989.0","15,989.0","","-0.03%"
"07/07/2006","15,994.0","15,994.0","15,994.0","15,994.0","","0.03%"
"06/07/2006","15,990.0","15,990.0","15,990.0","15,990.0","","0.00%"
"05/07/2006","15,990.0","15,990.0","15,990.0","15,990.0","","-0.04%"
"04/07/2006","15,996.0","15,996.0","15,996.0","15,996.0","","-0.03%"
"03/07/2006","16,000.0","16,000.0","16,000.0","16,000.0","","0.03%"
"30/06/2006","15,995.0","15,995.0","15,995.0","15,995.0","","-0.02%"
"29/06/2006","15,998.0","15,998.0","15,998.0","15,998.0","","0.03%"
"28/06/2006","15,994.0","15,994.0","15,994.0","15,994.0","","-0.02%"
"27/06/2006","15,997.0","15,997.0","15,997.0","15,997.0","","0.03%"
"26/06/2006","15,992.0","15,992.0","15,992.0","15,992.0","","-0.03%"
"23/06/2006","15,996.0","15,996.0","15,996.0","15,996.0","","0.02%"
"22/06/2006","15,993.0","15,993.0","15,993.0","15,993.0","","0.04%"
"21/06/2006","15,987.0","15,987.0","15,987.0","15,987.0","","0.00%"
"20/06/2006","15,987.0","15,987.0","15,987.0","15,987.0","","0.02%"
"19/06/2006","15,984.0","15,984.0","15,984.0","15,984.0","","0.04%"
"16/06/2006","15,978.0","15,978.0","15,978.0","15,978.0","","-0.05%"
"15/06/2006","15,986.0","15,986.0","15,986.0","15,986.0","","0.07%"
"14/06/2006","15,975.0","15,975.0","15,975.0","15,975.0","","-0.01%"
"13/06/2006","15,976.0","15,976.0","15,976.0","15,976.0","","0.01%"
"12/06/2006","15,975.0","15,975.0","15,975.0","15,975.0","","0.00%"
"09/06/2006","15,975.0","15,975.0","15,975.0","15,975.0","","0.03%"
"08/06/2006","15,970.0","15,970.0","15,970.0","15,970.0","","0.01%"
"07/06/2006","15,968.0","15,968.0","15,968.0","15,968.0","","-0.04%"
"06/06/2006","15,974.0","15,974.0","15,974.0","15,974.0","","0.03%"
"05/06/2006","15,969.0","15,969.0","15,969.0","15,969.0","","0.03%"
"02/06/2006","15,965.0","15,965.0","15,965.0","15,965.0","","0.02%"
"01/06/2006","15,962.0","15,962.0","15,962.0","15,962.0","","0.04%"
"31/05/2006","15,955.0","15,955.0","15,955.0","15,955.0","","-0.05%"
"30/05/2006","15,963.0","15,963.0","15,963.0","15,963.0","","-0.03%"
"29/05/2006","15,968.0","15,968.0","15,968.0","15,968.0","","-0.01%"
"26/05/2006","15,969.0","15,969.0","15,969.0","15,969.0","","0.01%"
"25/05/2006","15,967.0","15,967.0","15,967.0","15,967.0","","0.04%"
"24/05/2006","15,961.0","15,961.0","15,961.0","15,961.0","","-0.03%"
"23/05/2006","15,965.0","15,965.0","15,965.0","15,965.0","","-0.04%"
"22/05/2006","15,971.0","15,971.0","15,971.0","15,971.0","","0.04%"
"19/05/2006","15,965.0","15,965.0","15,965.0","15,965.0","","0.00%"
"18/05/2006","15,965.0","15,965.0","15,965.0","15,965.0","","0.00%"
"17/05/2006","15,965.0","15,965.0","15,965.0","15,965.0","","-0.01%"
"16/05/2006","15,966.0","15,966.0","15,966.0","15,966.0","","-0.03%"
"15/05/2006","15,970.0","15,970.0","15,970.0","15,970.0","","-0.05%"
"12/05/2006","15,978.0","15,978.0","15,978.0","15,978.0","","0.04%"
"11/05/2006","15,971.0","15,971.0","15,971.0","15,971.0","","0.05%"
"10/05/2006","15,963.0","15,963.0","15,963.0","15,963.0","","-0.17%"
"09/05/2006","15,990.0","15,990.0","15,990.0","15,990.0","","-0.10%"
"08/05/2006","16,006.0","16,006.0","16,006.0","16,006.0","","0.26%"
"05/05/2006","15,965.0","15,965.0","15,965.0","15,965.0","","0.03%"
"04/05/2006","15,960.0","15,960.0","15,960.0","15,960.0","","0.16%"
"03/05/2006","15,935.0","15,935.0","15,935.0","15,935.0","","-0.03%"
"02/05/2006","15,940.0","15,940.0","15,940.0","15,940.0","","0.00%"
"01/05/2006","15,940.0","15,940.0","15,940.0","15,940.0","","0.00%"
"28/04/2006","15,940.0","15,940.0","15,940.0","15,940.0","","0.02%"
"27/04/2006","15,937.0","15,937.0","15,937.0","15,937.0","","-0.01%"
"26/04/2006","15,938.0","15,938.0","15,938.0","15,938.0","","0.01%"
"25/04/2006","15,936.0","15,936.0","15,936.0","15,936.0","","0.04%"
"24/04/2006","15,930.0","15,930.0","15,930.0","15,930.0","","0.00%"
"21/04/2006","15,930.0","15,930.0","15,930.0","15,930.0","","-0.01%"
"20/04/2006","15,932.0","15,932.0","15,932.0","15,932.0","","0.04%"
"19/04/2006","15,925.0","15,925.0","15,925.0","15,925.0","","0.01%"
"18/04/2006","15,924.0","15,924.0","15,924.0","15,924.0","","0.00%"
"17/04/2006","15,924.0","15,924.0","15,924.0","15,924.0","","0.01%"
"14/04/2006","15,922.0","15,922.0","15,922.0","15,922.0","","-0.03%"
"13/04/2006","15,927.0","15,927.0","15,927.0","15,927.0","","0.01%"
"12/04/2006","15,925.0","15,925.0","15,925.0","15,925.0","","0.01%"
"11/04/2006","15,923.0","15,923.0","15,923.0","15,923.0","","0.01%"
"10/04/2006","15,922.0","15,922.0","15,922.0","15,922.0","","-0.01%"
"07/04/2006","15,923.0","15,923.0","15,923.0","15,923.0","","0.02%"
"06/04/2006","15,920.0","15,920.0","15,920.0","15,920.0","","-0.06%"
"05/04/2006","15,929.0","15,929.0","15,929.0","15,929.0","","0.06%"
"04/04/2006","15,920.0","15,920.0","15,920.0","15,920.0","","-0.01%"
"03/04/2006","15,922.0","15,922.0","15,922.0","15,922.0","","0.01%"
"31/03/2006","15,920.0","15,920.0","15,920.0","15,920.0","","-0.09%"
"30/03/2006","15,935.0","15,935.0","15,935.0","15,935.0","","0.08%"
"29/03/2006","15,922.0","15,922.0","15,922.0","15,922.0","","0.01%"
"28/03/2006","15,920.0","15,920.0","15,920.0","15,920.0","","-0.06%"
"27/03/2006","15,930.0","15,930.0","15,930.0","15,930.0","","0.09%"
"24/03/2006","15,916.0","15,916.0","15,916.0","15,916.0","","-0.03%"
"23/03/2006","15,920.0","15,920.0","15,920.0","15,920.0","","0.03%"
"22/03/2006","15,916.0","15,916.0","15,916.0","15,916.0","","0.03%"
"21/03/2006","15,911.0","15,911.0","15,911.0","15,911.0","","0.04%"
"20/03/2006","15,904.0","15,904.0","15,904.0","15,904.0","","-0.01%"
"17/03/2006","15,906.0","15,906.0","15,906.0","15,906.0","","-0.03%"
"16/03/2006","15,911.0","15,911.0","15,911.0","15,911.0","","0.08%"
"15/03/2006","15,899.0","15,899.0","15,899.0","15,899.0","","0.04%"
"14/03/2006","15,893.0","15,893.0","15,893.0","15,893.0","","-0.07%"
"13/03/2006","15,904.0","15,904.0","15,904.0","15,904.0","","-0.03%"
"10/03/2006","15,909.0","15,909.0","15,909.0","15,909.0","","0.04%"
"09/03/2006","15,903.0","15,903.0","15,903.0","15,903.0","","0.00%"
"08/03/2006","15,903.0","15,903.0","15,903.0","15,903.0","","-0.03%"
"07/03/2006","15,908.0","15,908.0","15,908.0","15,908.0","","0.02%"
"06/03/2006","15,905.0","15,905.0","15,905.0","15,905.0","","0.01%"
"03/03/2006","15,904.0","15,904.0","15,904.0","15,904.0","","0.02%"
"02/03/2006","15,901.0","15,901.0","15,901.0","15,901.0","","-0.07%"
"01/03/2006","15,912.0","15,912.0","15,912.0","15,912.0","","0.02%"
"28/02/2006","15,909.0","15,909.0","15,909.0","15,909.0","","-0.03%"
"27/02/2006","15,913.0","15,913.0","15,913.0","15,913.0","","0.03%"
"24/02/2006","15,908.0","15,908.0","15,908.0","15,908.0","","-0.04%"
"23/02/2006","15,914.0","15,914.0","15,914.0","15,914.0","","0.00%"
"22/02/2006","15,914.0","15,914.0","15,914.0","15,914.0","","-0.04%"
"21/02/2006","15,920.0","15,920.0","15,920.0","15,920.0","","-0.01%"
"20/02/2006","15,921.0","15,921.0","15,921.0","15,921.0","","-0.02%"
"17/02/2006","15,924.0","15,924.0","15,924.0","15,924.0","","-0.06%"
"16/02/2006","15,934.0","15,934.0","15,934.0","15,934.0","","0.02%"
"15/02/2006","15,931.0","15,931.0","15,931.0","15,931.0","","0.03%"
"14/02/2006","15,927.0","15,927.0","15,927.0","15,927.0","","0.01%"
"13/02/2006","15,925.0","15,925.0","15,925.0","15,925.0","","0.04%"
"10/02/2006","15,919.0","15,919.0","15,919.0","15,919.0","","-0.04%"
"09/02/2006","15,925.0","15,925.0","15,925.0","15,925.0","","-0.02%"
"08/02/2006","15,928.0","15,928.0","15,928.0","15,928.0","","0.03%"
"07/02/2006","15,923.0","15,923.0","15,923.0","15,923.0","","0.01%"
"06/02/2006","15,922.0","15,922.0","15,922.0","15,922.0","","-0.04%"
"03/02/2006","15,929.0","15,929.0","15,929.0","15,929.0","","0.11%"
"02/02/2006","15,912.0","15,912.0","15,912.0","15,912.0","","-0.02%"
"01/02/2006","15,915.0","15,915.0","15,915.0","15,915.0","","0.01%"
"31/01/2006","15,913.0","15,913.0","15,913.0","15,913.0","","0.00%"
"30/01/2006","15,913.0","15,913.0","15,913.0","15,913.0","","0.00%"
"27/01/2006","15,913.0","15,913.0","15,913.0","15,913.0","","-0.01%"
"26/01/2006","15,915.0","15,915.0","15,915.0","15,915.0","","-0.02%"
"25/01/2006","15,918.0","15,918.0","15,918.0","15,918.0","","0.02%"
"24/01/2006","15,915.0","15,915.0","15,915.0","15,915.0","","-0.02%"
"23/01/2006","15,918.0","15,918.0","15,918.0","15,918.0","","0.03%"
"20/01/2006","15,913.0","15,913.0","15,913.0","15,913.0","","0.04%"
"19/01/2006","15,906.0","15,906.0","15,906.0","15,906.0","","0.04%"
"18/01/2006","15,900.0","15,900.0","15,900.0","15,900.0","","-0.01%"
"17/01/2006","15,902.0","15,902.0","15,902.0","15,902.0","","0.04%"
"16/01/2006","15,896.0","15,896.0","15,896.0","15,896.0","","-0.03%"
"13/01/2006","15,901.0","15,901.0","15,901.0","15,901.0","","-0.02%"
"12/01/2006","15,904.0","15,904.0","15,904.0","15,904.0","","-0.08%"
"11/01/2006","15,917.0","15,917.0","15,917.0","15,917.0","","0.08%"
"10/01/2006","15,905.0","15,905.0","15,905.0","15,905.0","","-0.04%"
"09/01/2006","15,912.0","15,912.0","15,912.0","15,912.0","","-0.01%"
"06/01/2006","15,914.0","15,914.0","15,914.0","15,914.0","","0.06%"
"05/01/2006","15,904.0","15,904.0","15,904.0","15,904.0","","-0.08%"
"04/01/2006","15,916.0","15,916.0","15,916.0","15,916.0","","0.08%"
"03/01/2006","15,903.0","15,903.0","15,903.0","15,903.0","","-0.06%"
"02/01/2006","15,913.0","15,913.0","15,913.0","15,913.0","","0.00%"
"30/12/2005","15,913.0","15,913.0","15,913.0","15,913.0","","0.08%"
"29/12/2005","15,900.0","15,900.0","15,900.0","15,900.0","","0.08%"
"28/12/2005","15,888.0","15,888.0","15,888.0","15,888.0","","-0.07%"
"27/12/2005","15,899.0","15,899.0","15,899.0","15,899.0","","-0.02%"
"26/12/2005","15,902.0","15,902.0","15,902.0","15,902.0","","0.05%"
"23/12/2005","15,894.0","15,894.0","15,894.0","15,894.0","","-0.06%"
"22/12/2005","15,904.0","15,904.0","15,904.0","15,904.0","","-0.02%"
"21/12/2005","15,907.0","15,907.0","15,907.0","15,907.0","","-0.02%"
"20/12/2005","15,910.0","15,910.0","15,910.0","15,910.0","","-0.03%"
"19/12/2005","15,915.0","15,915.0","15,915.0","15,915.0","","0.03%"
"16/12/2005","15,911.0","15,911.0","15,911.0","15,911.0","","0.04%"
"15/12/2005","15,905.0","15,905.0","15,905.0","15,905.0","","0.02%"
"14/12/2005","15,902.0","15,902.0","15,902.0","15,902.0","","-0.01%"
"13/12/2005","15,904.0","15,904.0","15,904.0","15,904.0","","-0.01%"
"12/12/2005","15,905.0","15,905.0","15,905.0","15,905.0","","0.01%"
"09/12/2005","15,904.0","15,904.0","15,904.0","15,904.0","","0.04%"
"08/12/2005","15,897.0","15,897.0","15,897.0","15,897.0","","-0.03%"
"07/12/2005","15,901.0","15,901.0","15,901.0","15,901.0","","-0.04%"
"06/12/2005","15,907.0","15,907.0","15,907.0","15,907.0","","0.03%"
"05/12/2005","15,903.0","15,903.0","15,903.0","15,903.0","","0.02%"
"02/12/2005","15,900.0","15,900.0","15,900.0","15,900.0","","-0.02%"
"01/12/2005","15,903.0","15,903.0","15,903.0","15,903.0","","-0.03%"
"30/11/2005","15,907.0","15,907.0","15,907.0","15,907.0","","0.04%"
"29/11/2005","15,901.0","15,901.0","15,901.0","15,901.0","","0.00%"
"28/11/2005","15,901.0","15,901.0","15,901.0","15,901.0","","-0.03%"
"25/11/2005","15,905.0","15,905.0","15,905.0","15,905.0","","-0.03%"
"24/11/2005","15,910.0","15,910.0","15,910.0","15,910.0","","0.04%"
"23/11/2005","15,903.0","15,903.0","15,903.0","15,903.0","","0.00%"
"22/11/2005","15,903.0","15,903.0","15,903.0","15,903.0","","0.03%"
"21/11/2005","15,899.0","15,899.0","15,899.0","15,899.0","","-0.03%"
"18/11/2005","15,904.0","15,904.0","15,904.0","15,904.0","","-0.01%"
"17/11/2005","15,905.0","15,905.0","15,905.0","15,905.0","","-0.03%"
"16/11/2005","15,910.0","15,910.0","15,910.0","15,910.0","","0.04%"
"15/11/2005","15,904.0","15,904.0","15,904.0","15,904.0","","0.01%"
"14/11/2005","15,902.0","15,902.0","15,902.0","15,902.0","","0.08%"
"11/11/2005","15,889.0","15,889.0","15,889.0","15,889.0","","-0.04%"
"10/11/2005","15,895.0","15,895.0","15,895.0","15,895.0","","-0.01%"
"09/11/2005","15,896.0","15,896.0","15,896.0","15,896.0","","0.02%"
"08/11/2005","15,893.0","15,893.0","15,893.0","15,893.0","","0.03%"
"07/11/2005","15,889.0","15,889.0","15,889.0","15,889.0","","-0.02%"
"04/11/2005","15,892.0","15,892.0","15,892.0","15,892.0","","0.00%"
"03/11/2005","15,892.0","15,892.0","15,892.0","15,892.0","","0.03%"
"02/11/2005","15,888.0","15,888.0","15,888.0","15,888.0","","-0.09%"
"01/11/2005","15,903.0","15,903.0","15,903.0","15,903.0","","0.08%"
"31/10/2005","15,891.0","15,891.0","15,891.0","15,891.0","","-0.07%"
"28/10/2005","15,902.0","15,902.0","15,902.0","15,902.0","","-0.05%"
"27/10/2005","15,910.0","15,910.0","15,910.0","15,910.0","","-0.03%"
"26/10/2005","15,914.0","15,914.0","15,914.0","15,914.0","","0.04%"
"25/10/2005","15,908.0","15,908.0","15,908.0","15,908.0","","0.04%"
"24/10/2005","15,902.0","15,902.0","15,902.0","15,902.0","","-0.01%"
"21/10/2005","15,904.0","15,904.0","15,904.0","15,904.0","","0.00%"
"20/10/2005","15,904.0","15,904.0","15,904.0","15,904.0","","-0.03%"
"19/10/2005","15,908.0","15,908.0","15,908.0","15,908.0","","-0.01%"
"18/10/2005","15,910.0","15,910.0","15,910.0","15,910.0","","0.00%"
"17/10/2005","15,910.0","15,910.0","15,910.0","15,910.0","","0.06%"
"14/10/2005","15,901.0","15,901.0","15,901.0","15,901.0","","0.02%"
"13/10/2005","15,898.0","15,898.0","15,898.0","15,898.0","","0.06%"
"12/10/2005","15,888.0","15,888.0","15,888.0","15,888.0","","-0.04%"
"11/10/2005","15,895.0","15,895.0","15,895.0","15,895.0","","0.03%"
"10/10/2005","15,891.0","15,891.0","15,891.0","15,891.0","","-0.03%"
"07/10/2005","15,896.0","15,896.0","15,896.0","15,896.0","","0.00%"
"06/10/2005","15,896.0","15,896.0","15,896.0","15,896.0","","0.06%"
"05/10/2005","15,886.0","15,886.0","15,886.0","15,886.0","","-0.06%"
"04/10/2005","15,895.0","15,895.0","15,895.0","15,895.0","","0.00%"
"03/10/2005","15,895.0","15,895.0","15,895.0","15,895.0","","0.00%"
"30/09/2005","15,895.0","15,895.0","15,895.0","15,895.0","","0.03%"
"29/09/2005","15,890.0","15,890.0","15,890.0","15,890.0","","0.03%"
"28/09/2005","15,885.0","15,885.0","15,885.0","15,885.0","","0.00%"
"27/09/2005","15,885.0","15,885.0","15,885.0","15,885.0","","0.03%"
"26/09/2005","15,880.0","15,880.0","15,880.0","15,880.0","","0.06%"
"23/09/2005","15,870.0","15,870.0","15,870.0","15,870.0","","0.03%"
"22/09/2005","15,865.0","15,865.0","15,865.0","15,865.0","","-0.07%"
"21/09/2005","15,876.0","15,876.0","15,876.0","15,876.0","","0.01%"
"20/09/2005","15,874.0","15,874.0","15,874.0","15,874.0","","0.06%"
"19/09/2005","15,864.0","15,864.0","15,864.0","15,864.0","","-0.10%"
"16/09/2005","15,880.0","15,880.0","15,880.0","15,880.0","","0.00%"
"15/09/2005","15,880.0","15,880.0","15,880.0","15,880.0","","-0.03%"
"14/09/2005","15,885.0","15,885.0","15,885.0","15,885.0","","0.08%"
"13/09/2005","15,872.0","15,872.0","15,872.0","15,872.0","","-0.08%"
"12/09/2005","15,885.0","15,885.0","15,885.0","15,885.0","","0.06%"
"09/09/2005","15,875.0","15,875.0","15,875.0","15,875.0","","-0.03%"
"08/09/2005","15,880.0","15,880.0","15,880.0","15,880.0","","0.04%"
"07/09/2005","15,874.0","15,874.0","15,874.0","15,874.0","","0.02%"
"06/09/2005","15,871.0","15,871.0","15,871.0","15,871.0","","-0.03%"
"05/09/2005","15,876.0","15,876.0","15,876.0","15,876.0","","0.01%"
"02/09/2005","15,874.0","15,874.0","15,874.0","15,874.0","","0.00%"
"01/09/2005","15,874.0","15,874.0","15,874.0","15,874.0","","0.04%"
"31/08/2005","15,867.0","15,867.0","15,867.0","15,867.0","","-0.08%"
"30/08/2005","15,880.0","15,880.0","15,880.0","15,880.0","","-0.03%"
"29/08/2005","15,885.0","15,885.0","15,885.0","15,885.0","","0.03%"
"26/08/2005","15,881.0","15,881.0","15,881.0","15,881.0","","0.06%"
"25/08/2005","15,871.0","15,871.0","15,871.0","15,871.0","","-0.02%"
"24/08/2005","15,874.0","15,874.0","15,874.0","15,874.0","","0.03%"
"23/08/2005","15,869.0","15,869.0","15,869.0","15,869.0","","0.04%"
"22/08/2005","15,862.0","15,862.0","15,862.0","15,862.0","","0.03%"
"19/08/2005","15,857.0","15,857.0","15,857.0","15,857.0","","0.01%"
"18/08/2005","15,855.0","15,855.0","15,855.0","15,855.0","","-0.04%"
"17/08/2005","15,861.0","15,861.0","15,861.0","15,861.0","","0.00%"
"16/08/2005","15,861.0","15,861.0","15,861.0","15,861.0","","-0.04%"
"15/08/2005","15,868.0","15,868.0","15,868.0","15,868.0","","0.02%"
"12/08/2005","15,865.0","15,865.0","15,865.0","15,865.0","","-0.03%"
"11/08/2005","15,870.0","15,870.0","15,870.0","15,870.0","","-0.01%"
"10/08/2005","15,872.0","15,872.0","15,872.0","15,872.0","","0.06%"
"09/08/2005","15,862.0","15,862.0","15,862.0","15,862.0","","-0.04%"
"08/08/2005","15,868.0","15,868.0","15,868.0","15,868.0","","-0.07%"
"05/08/2005","15,879.0","15,879.0","15,879.0","15,879.0","","-0.01%"
"04/08/2005","15,880.0","15,880.0","15,880.0","15,880.0","","0.05%"
"03/08/2005","15,872.0","15,872.0","15,872.0","15,872.0","","-0.06%"
"02/08/2005","15,881.0","15,881.0","15,881.0","15,881.0","","0.07%"
"01/08/2005","15,870.0","15,870.0","15,870.0","15,870.0","","-0.02%"
"29/07/2005","15,873.0","15,873.0","15,873.0","15,873.0","","0.05%"
"28/07/2005","15,865.0","15,865.0","15,865.0","15,865.0","","0.03%"
"27/07/2005","15,860.0","15,860.0","15,860.0","15,860.0","","-0.04%"
"26/07/2005","15,867.0","15,867.0","15,867.0","15,867.0","","0.01%"
"25/07/2005","15,866.0","15,866.0","15,866.0","15,866.0","","-0.03%"
"22/07/2005","15,871.0","15,871.0","15,871.0","15,871.0","","0.01%"
"21/07/2005","15,870.0","15,870.0","15,870.0","15,870.0","","-0.03%"
"20/07/2005","15,875.0","15,875.0","15,875.0","15,875.0","","0.01%"
"19/07/2005","15,874.0","15,874.0","15,874.0","15,874.0","","-0.01%"
"18/07/2005","15,875.0","15,875.0","15,875.0","15,875.0","","0.04%"
"15/07/2005","15,868.0","15,868.0","15,868.0","15,868.0","","-0.07%"
"14/07/2005","15,879.0","15,879.0","15,879.0","15,879.0","","0.09%"
"13/07/2005","15,865.0","15,865.0","15,865.0","15,865.0","","0.04%"
"12/07/2005","15,858.0","15,858.0","15,858.0","15,858.0","","-0.02%"
"11/07/2005","15,861.0","15,861.0","15,861.0","15,861.0","","-0.03%"
"08/07/2005","15,865.0","15,865.0","15,865.0","15,865.0","","0.03%"
"07/07/2005","15,860.0","15,860.0","15,860.0","15,860.0","","0.03%"
"06/07/2005","15,856.0","15,856.0","15,856.0","15,856.0","","0.03%"
"05/07/2005","15,851.0","15,851.0","15,851.0","15,851.0","","0.04%"
"04/07/2005","15,845.0","15,845.0","15,845.0","15,845.0","","-0.03%"
"01/07/2005","15,850.0","15,850.0","15,850.0","15,850.0","","0.03%"
"30/06/2005","15,846.0","15,846.0","15,846.0","15,846.0","","-0.11%"
"29/06/2005","15,863.0","15,863.0","15,863.0","15,863.0","","0.05%"
"28/06/2005","15,855.0","15,855.0","15,855.0","15,855.0","","-0.03%"
"27/06/2005","15,859.0","15,859.0","15,859.0","15,859.0","","0.03%"
"24/06/2005","15,855.0","15,855.0","15,855.0","15,855.0","","-0.09%"
"23/06/2005","15,869.0","15,869.0","15,869.0","15,869.0","","0.08%"
"22/06/2005","15,856.0","15,856.0","15,856.0","15,856.0","","-0.03%"
"21/06/2005","15,860.0","15,860.0","15,860.0","15,860.0","","-0.03%"
"20/06/2005","15,865.0","15,865.0","15,865.0","15,865.0","","-0.09%"
"17/06/2005","15,880.0","15,880.0","15,880.0","15,880.0","","0.06%"
"16/06/2005","15,870.0","15,870.0","15,870.0","15,870.0","","0.08%"
"15/06/2005","15,858.0","15,858.0","15,858.0","15,858.0","","-0.03%"
"14/06/2005","15,862.0","15,862.0","15,862.0","15,862.0","","-0.01%"
"13/06/2005","15,863.0","15,863.0","15,863.0","15,863.0","","0.09%"
"10/06/2005","15,849.0","15,849.0","15,849.0","15,849.0","","-0.08%"
"09/06/2005","15,861.0","15,861.0","15,861.0","15,861.0","","0.06%"
"08/06/2005","15,851.0","15,851.0","15,851.0","15,851.0","","0.01%"
"07/06/2005","15,850.0","15,850.0","15,850.0","15,850.0","","0.03%"
"06/06/2005","15,846.0","15,846.0","15,846.0","15,846.0","","-0.08%"
"03/06/2005","15,858.0","15,858.0","15,858.0","15,858.0","","0.02%"
"02/06/2005","15,855.0","15,855.0","15,855.0","15,855.0","","0.05%"
"01/06/2005","15,847.0","15,847.0","15,847.0","15,847.0","","-0.05%"
"31/05/2005","15,855.0","15,855.0","15,855.0","15,855.0","","0.06%"
"30/05/2005","15,846.0","15,846.0","15,846.0","15,846.0","","0.03%"
"27/05/2005","15,841.0","15,841.0","15,841.0","15,841.0","","-0.03%"
"26/05/2005","15,845.0","15,845.0","15,845.0","15,845.0","","0.04%"
"25/05/2005","15,839.0","15,839.0","15,839.0","15,839.0","","0.00%"
"24/05/2005","15,839.0","15,839.0","15,839.0","15,839.0","","0.03%"
"23/05/2005","15,835.0","15,835.0","15,835.0","15,835.0","","-0.03%"
"20/05/2005","15,839.0","15,839.0","15,839.0","15,839.0","","0.03%"
"19/05/2005","15,834.0","15,834.0","15,834.0","15,834.0","","0.03%"
"18/05/2005","15,830.0","15,830.0","15,830.0","15,830.0","","-0.09%"
"17/05/2005","15,845.0","15,845.0","15,845.0","15,845.0","","0.09%"
"16/05/2005","15,830.0","15,830.0","15,830.0","15,830.0","","-0.01%"
"13/05/2005","15,832.0","15,832.0","15,832.0","15,832.0","","0.03%"
"12/05/2005","15,827.0","15,827.0","15,827.0","15,827.0","","-0.06%"
"11/05/2005","15,836.0","15,836.0","15,836.0","15,836.0","","-0.02%"
"10/05/2005","15,839.0","15,839.0","15,839.0","15,839.0","","0.01%"
"09/05/2005","15,837.0","15,837.0","15,837.0","15,837.0","","-0.07%"
"06/05/2005","15,848.0","15,848.0","15,848.0","15,848.0","","0.08%"
"05/05/2005","15,835.0","15,835.0","15,835.0","15,835.0","","-0.01%"
"04/05/2005","15,836.0","15,836.0","15,836.0","15,836.0","","0.08%"
"03/05/2005","15,823.0","15,823.0","15,823.0","15,823.0","","0.00%"
"02/05/2005","15,823.0","15,823.0","15,823.0","15,823.0","","0.00%"
"29/04/2005","15,823.0","15,823.0","15,823.0","15,823.0","","-0.11%"
"28/04/2005","15,840.0","15,840.0","15,840.0","15,840.0","","0.01%"
"27/04/2005","15,838.0","15,838.0","15,838.0","15,838.0","","0.10%"
"26/04/2005","15,822.0","15,822.0","15,822.0","15,822.0","","0.00%"
"25/04/2005","15,822.0","15,822.0","15,822.0","15,822.0","","0.01%"
"22/04/2005","15,820.0","15,820.0","15,820.0","15,820.0","","-0.07%"
"21/04/2005","15,831.0","15,831.0","15,831.0","15,831.0","","0.01%"
"20/04/2005","15,830.0","15,830.0","15,830.0","15,830.0","","0.03%"
"19/04/2005","15,825.0","15,825.0","15,825.0","15,825.0","","0.04%"
"18/04/2005","15,819.0","15,819.0","15,819.0","15,819.0","","0.03%"
"15/04/2005","15,815.0","15,815.0","15,815.0","15,815.0","","-0.07%"
"14/04/2005","15,826.0","15,826.0","15,826.0","15,826.0","","0.11%"
"13/04/2005","15,809.0","15,809.0","15,809.0","15,809.0","","-0.07%"
"12/04/2005","15,820.0","15,820.0","15,820.0","15,820.0","","0.01%"
"11/04/2005","15,819.0","15,819.0","15,819.0","15,819.0","","-0.02%"
"08/04/2005","15,822.0","15,822.0","15,822.0","15,822.0","","-0.01%"
"07/04/2005","15,824.0","15,824.0","15,824.0","15,824.0","","-0.05%"
"06/04/2005","15,832.0","15,832.0","15,832.0","15,832.0","","0.07%"
"05/04/2005","15,821.0","15,821.0","15,821.0","15,821.0","","0.01%"
"04/04/2005","15,820.0","15,820.0","15,820.0","15,820.0","","0.08%"
"01/04/2005","15,808.0","15,808.0","15,808.0","15,808.0","","-0.04%"
"31/03/2005","15,814.0","15,814.0","15,814.0","15,814.0","","-0.07%"
"30/03/2005","15,825.0","15,825.0","15,825.0","15,825.0","","0.01%"
"29/03/2005","15,823.0","15,823.0","15,823.0","15,823.0","","0.09%"
"28/03/2005","15,809.0","15,809.0","15,809.0","15,809.0","","-0.09%"
"25/03/2005","15,824.0","15,824.0","15,824.0","15,824.0","","0.04%"
"24/03/2005","15,818.0","15,818.0","15,818.0","15,818.0","","-0.03%"
"23/03/2005","15,822.0","15,822.0","15,822.0","15,822.0","","0.04%"
"22/03/2005","15,815.0","15,815.0","15,815.0","15,815.0","","0.03%"
"21/03/2005","15,810.0","15,810.0","15,810.0","15,810.0","","-0.03%"
"18/03/2005","15,815.0","15,815.0","15,815.0","15,815.0","","0.11%"
"17/03/2005","15,797.0","15,797.0","15,797.0","15,797.0","","-0.01%"
"16/03/2005","15,799.0","15,799.0","15,799.0","15,799.0","","0.03%"
"15/03/2005","15,795.0","15,795.0","15,795.0","15,795.0","","0.03%"
"14/03/2005","15,791.0","15,791.0","15,791.0","15,791.0","","-0.02%"
"11/03/2005","15,794.0","15,794.0","15,794.0","15,794.0","","-0.04%"
"10/03/2005","15,801.0","15,801.0","15,801.0","15,801.0","","-0.06%"
"09/03/2005","15,810.0","15,810.0","15,810.0","15,810.0","","0.05%"
"08/03/2005","15,802.0","15,802.0","15,802.0","15,802.0","","-0.02%"
"07/03/2005","15,805.0","15,805.0","15,805.0","15,805.0","","0.03%"
"04/03/2005","15,800.0","15,800.0","15,800.0","15,800.0","","-0.05%"
"03/03/2005","15,808.0","15,808.0","15,808.0","15,808.0","","0.07%"
"02/03/2005","15,797.0","15,797.0","15,797.0","15,797.0","","-0.04%"
"01/03/2005","15,803.0","15,803.0","15,803.0","15,803.0","","0.03%"
"28/02/2005","15,798.0","15,798.0","15,798.0","15,798.0","","0.06%"
"25/02/2005","15,788.0","15,788.0","15,788.0","15,788.0","","-0.06%"
"24/02/2005","15,798.0","15,798.0","15,798.0","15,798.0","","0.02%"
"23/02/2005","15,795.0","15,795.0","15,795.0","15,795.0","","0.03%"
"22/02/2005","15,790.0","15,790.0","15,790.0","15,790.0","","0.00%"
"21/02/2005","15,790.0","15,790.0","15,790.0","15,790.0","","0.01%"
"18/02/2005","15,788.0","15,788.0","15,788.0","15,788.0","","0.04%"
"17/02/2005","15,781.0","15,781.0","15,781.0","15,781.0","","-0.09%"
"16/02/2005","15,795.0","15,795.0","15,795.0","15,795.0","","0.06%"
"15/02/2005","15,785.0","15,785.0","15,785.0","15,785.0","","-0.09%"
"14/02/2005","15,800.0","15,800.0","15,800.0","15,800.0","","0.00%"
"11/02/2005","15,800.0","15,800.0","15,800.0","15,800.0","","0.03%"
"10/02/2005","15,795.0","15,795.0","15,795.0","15,795.0","","0.00%"
"09/02/2005","15,795.0","15,795.0","15,795.0","15,795.0","","0.03%"
"08/02/2005","15,791.0","15,791.0","15,791.0","15,791.0","","0.03%"
"07/02/2005","15,786.0","15,786.0","15,786.0","15,786.0","","-0.06%"
"04/02/2005","15,795.0","15,795.0","15,795.0","15,795.0","","0.03%"
"03/02/2005","15,790.0","15,790.0","15,790.0","15,790.0","","-0.04%"
"02/02/2005","15,797.0","15,797.0","15,797.0","15,797.0","","-0.01%"
"01/02/2005","15,799.0","15,799.0","15,799.0","15,799.0","","0.11%"
"31/01/2005","15,781.0","15,781.0","15,781.0","15,781.0","","-0.03%"
"28/01/2005","15,786.0","15,786.0","15,786.0","15,786.0","","-0.03%"
"27/01/2005","15,790.0","15,790.0","15,790.0","15,790.0","","0.06%"
"26/01/2005","15,781.0","15,781.0","15,781.0","15,781.0","","0.01%"
"25/01/2005","15,780.0","15,780.0","15,780.0","15,780.0","","-0.04%"
"24/01/2005","15,786.0","15,786.0","15,786.0","15,786.0","","0.01%"
"21/01/2005","15,785.0","15,785.0","15,785.0","15,785.0","","0.03%"
"20/01/2005","15,781.0","15,781.0","15,781.0","15,781.0","","-0.01%"
"19/01/2005","15,782.0","15,782.0","15,782.0","15,782.0","","0.00%"
"18/01/2005","15,782.0","15,782.0","15,782.0","15,782.0","","0.02%"
"17/01/2005","15,779.0","15,779.0","15,779.0","15,779.0","","0.06%"
"14/01/2005","15,770.0","15,770.0","15,770.0","15,770.0","","-0.01%"
"13/01/2005","15,772.0","15,772.0","15,772.0","15,772.0","","0.04%"
"12/01/2005","15,765.0","15,765.0","15,765.0","15,765.0","","-0.03%"
"11/01/2005","15,770.0","15,770.0","15,770.0","15,770.0","","0.00%"
"10/01/2005","15,770.0","15,770.0","15,770.0","15,770.0","","-0.10%"
"07/01/2005","15,785.0","15,785.0","15,785.0","15,785.0","","0.02%"
"06/01/2005","15,782.0","15,782.0","15,782.0","15,782.0","","-0.01%"
"05/01/2005","15,783.0","15,783.0","15,783.0","15,783.0","","0.08%"
"04/01/2005","15,771.0","15,771.0","15,771.0","15,771.0","","0.01%"
"03/01/2005","15,770.0","15,770.0","15,770.0","15,770.0","","0.01%"
"31/12/2004","15,768.0","15,768.0","15,768.0","15,768.0","","-0.06%"
"30/12/2004","15,778.0","15,778.0","15,778.0","15,778.0","","-0.01%"
"29/12/2004","15,779.0","15,779.0","15,779.0","15,779.0","","0.01%"
"28/12/2004","15,777.0","15,777.0","15,777.0","15,777.0","","0.01%"
"27/12/2004","15,775.0","15,775.0","15,775.0","15,775.0","","0.03%"
"24/12/2004","15,770.0","15,770.0","15,770.0","15,770.0","","-0.01%"
"23/12/2004","15,772.0","15,772.0","15,772.0","15,772.0","","0.01%"
"22/12/2004","15,770.0","15,770.0","15,770.0","15,770.0","","-0.06%"
"21/12/2004","15,779.0","15,779.0","15,779.0","15,779.0","","0.08%"
"20/12/2004","15,766.0","15,766.0","15,766.0","15,766.0","","0.00%"
"17/12/2004","15,766.0","15,766.0","15,766.0","15,766.0","","-0.06%"
"16/12/2004","15,776.0","15,776.0","15,776.0","15,776.0","","0.07%"
"15/12/2004","15,765.0","15,765.0","15,765.0","15,765.0","","0.02%"
"14/12/2004","15,762.0","15,762.0","15,762.0","15,762.0","","-0.04%"
"13/12/2004","15,769.0","15,769.0","15,769.0","15,769.0","","-0.01%"
"10/12/2004","15,771.0","15,771.0","15,771.0","15,771.0","","0.03%"
"09/12/2004","15,766.0","15,766.0","15,766.0","15,766.0","","-0.03%"
"08/12/2004","15,770.0","15,770.0","15,770.0","15,770.0","","-0.01%"
"07/12/2004","15,772.0","15,772.0","15,772.0","15,772.0","","-0.03%"
"06/12/2004","15,776.0","15,776.0","15,776.0","15,776.0","","-0.03%"
"03/12/2004","15,780.0","15,780.0","15,780.0","15,780.0","","0.01%"
"02/12/2004","15,778.0","15,778.0","15,778.0","15,778.0","","0.08%"
"01/12/2004","15,766.0","15,766.0","15,766.0","15,766.0","","-0.01%"
"30/11/2004","15,768.0","15,768.0","15,768.0","15,768.0","","-0.07%"
"29/11/2004","15,779.0","15,779.0","15,779.0","15,779.0","","0.02%"
"26/11/2004","15,776.0","15,776.0","15,776.0","15,776.0","","0.01%"
"25/11/2004","15,775.0","15,775.0","15,775.0","15,775.0","","0.01%"
"24/11/2004","15,774.0","15,774.0","15,774.0","15,774.0","","0.03%"
"23/11/2004","15,770.0","15,770.0","15,770.0","15,770.0","","0.04%"
"22/11/2004","15,763.0","15,763.0","15,763.0","15,763.0","","0.04%"
"19/11/2004","15,756.0","15,756.0","15,756.0","15,756.0","","-0.04%"
"18/11/2004","15,762.0","15,762.0","15,762.0","15,762.0","","0.04%"
"17/11/2004","15,755.0","15,755.0","15,755.0","15,755.0","","0.03%"
"16/11/2004","15,750.0","15,750.0","15,750.0","15,750.0","","-0.01%"
"15/11/2004","15,752.0","15,752.0","15,752.0","15,752.0","","-0.01%"
"12/11/2004","15,754.0","15,754.0","15,754.0","15,754.0","","0.06%"
"11/11/2004","15,745.0","15,745.0","15,745.0","15,745.0","","0.03%"
"10/11/2004","15,740.0","15,740.0","15,740.0","15,740.0","","-0.03%"
"09/11/2004","15,745.0","15,745.0","15,745.0","15,745.0","","0.06%"
"08/11/2004","15,736.0","15,736.0","15,736.0","15,736.0","","-0.06%"
"05/11/2004","15,745.0","15,745.0","15,745.0","15,745.0","","-0.01%"
"04/11/2004","15,746.0","15,746.0","15,746.0","15,746.0","","0.04%"
"03/11/2004","15,740.0","15,740.0","15,740.0","15,740.0","","-0.02%"
"02/11/2004","15,743.0","15,743.0","15,743.0","15,743.0","","-0.04%"
"01/11/2004","15,750.0","15,750.0","15,750.0","15,750.0","","0.03%"
"29/10/2004","15,745.0","15,745.0","15,745.0","15,745.0","","0.00%"
"28/10/2004","15,745.0","15,745.0","15,745.0","15,745.0","","-0.06%"
"27/10/2004","15,755.0","15,755.0","15,755.0","15,755.0","","0.03%"
"26/10/2004","15,750.0","15,750.0","15,750.0","15,750.0","","0.00%"
"25/10/2004","15,750.0","15,750.0","15,750.0","15,750.0","","0.03%"
"22/10/2004","15,745.0","15,745.0","15,745.0","15,745.0","","-0.01%"
"21/10/2004","15,746.0","15,746.0","15,746.0","15,746.0","","0.01%"
"20/10/2004","15,745.0","15,745.0","15,745.0","15,745.0","","0.00%"
"19/10/2004","15,745.0","15,745.0","15,745.0","15,745.0","","-0.07%"
"18/10/2004","15,756.0","15,756.0","15,756.0","15,756.0","","0.00%"
"15/10/2004","15,756.0","15,756.0","15,756.0","15,756.0","","0.01%"
"14/10/2004","15,755.0","15,755.0","15,755.0","15,755.0","","0.06%"
"13/10/2004","15,745.0","15,745.0","15,745.0","15,745.0","","-0.11%"
"12/10/2004","15,762.0","15,762.0","15,762.0","15,762.0","","0.04%"
"11/10/2004","15,756.0","15,756.0","15,756.0","15,756.0","","0.01%"
"08/10/2004","15,755.0","15,755.0","15,755.0","15,755.0","","-0.01%"
"07/10/2004","15,756.0","15,756.0","15,756.0","15,756.0","","0.00%"
"06/10/2004","15,756.0","15,756.0","15,756.0","15,756.0","","0.01%"
"05/10/2004","15,755.0","15,755.0","15,755.0","15,755.0","","0.00%"
"04/10/2004","15,755.0","15,755.0","15,755.0","15,755.0","","0.06%"
"01/10/2004","15,745.0","15,745.0","15,745.0","15,745.0","","0.03%"
"30/09/2004","15,740.0","15,740.0","15,740.0","15,740.0","","0.00%"
"29/09/2004","15,740.0","15,740.0","15,740.0","15,740.0","","-0.09%"
"28/09/2004","15,754.0","15,754.0","15,754.0","15,754.0","","0.06%"
"27/09/2004","15,744.0","15,744.0","15,744.0","15,744.0","","-0.04%"
"24/09/2004","15,750.0","15,750.0","15,750.0","15,750.0","","0.06%"
"23/09/2004","15,740.0","15,740.0","15,740.0","15,740.0","","-0.03%"
"22/09/2004","15,745.0","15,745.0","15,745.0","15,745.0","","0.10%"
"21/09/2004","15,730.0","15,730.0","15,730.0","15,730.0","","-0.10%"
"20/09/2004","15,745.0","15,745.0","15,745.0","15,745.0","","0.06%"
"17/09/2004","15,736.0","15,736.0","15,736.0","15,736.0","","-0.06%"
"16/09/2004","15,745.0","15,745.0","15,745.0","15,745.0","","0.00%"
"15/09/2004","15,745.0","15,745.0","15,745.0","15,745.0","","-0.01%"
"14/09/2004","15,746.0","15,746.0","15,746.0","15,746.0","","-0.05%"
"13/09/2004","15,754.0","15,754.0","15,754.0","15,754.0","","0.03%"
"10/09/2004","15,750.0","15,750.0","15,750.0","15,750.0","","-0.02%"
"09/09/2004","15,753.0","15,753.0","15,753.0","15,753.0","","-0.05%"
"08/09/2004","15,761.0","15,761.0","15,761.0","15,761.0","","-0.06%"
"07/09/2004","15,771.0","15,771.0","15,771.0","15,771.0","","0.01%"
"06/09/2004","15,770.0","15,770.0","15,770.0","15,770.0","","0.01%"
"03/09/2004","15,769.0","15,769.0","15,769.0","15,769.0","","0.03%"
"02/09/2004","15,765.0","15,765.0","15,765.0","15,765.0","","0.00%"
"01/09/2004","15,765.0","15,765.0","15,765.0","15,765.0","","0.06%"
"31/08/2004","15,755.0","15,755.0","15,755.0","15,755.0","","-0.06%"
"30/08/2004","15,765.0","15,765.0","15,765.0","15,765.0","","-0.02%"
"27/08/2004","15,768.0","15,768.0","15,768.0","15,768.0","","-0.04%"
"26/08/2004","15,775.0","15,775.0","15,775.0","15,775.0","","0.06%"
"25/08/2004","15,765.0","15,765.0","15,765.0","15,765.0","","0.00%"
"24/08/2004","15,765.0","15,765.0","15,765.0","15,765.0","","0.01%"
"23/08/2004","15,763.0","15,763.0","15,763.0","15,763.0","","0.03%"
"20/08/2004","15,758.0","15,758.0","15,758.0","15,758.0","","0.06%"
"19/08/2004","15,748.0","15,748.0","15,748.0","15,748.0","","-0.05%"
"18/08/2004","15,756.0","15,756.0","15,756.0","15,756.0","","0.01%"
"17/08/2004","15,755.0","15,755.0","15,755.0","15,755.0","","0.03%"
"16/08/2004","15,750.0","15,750.0","15,750.0","15,750.0","","0.03%"
"13/08/2004","15,745.0","15,745.0","15,745.0","15,745.0","","0.03%"
"12/08/2004","15,741.0","15,741.0","15,741.0","15,741.0","","0.00%"
"11/08/2004","15,741.0","15,741.0","15,741.0","15,741.0","","-0.05%"
"10/08/2004","15,749.0","15,749.0","15,749.0","15,749.0","","-0.07%"
"09/08/2004","15,760.0","15,760.0","15,760.0","15,760.0","","-0.01%"
"06/08/2004","15,762.0","15,762.0","15,762.0","15,762.0","","-0.03%"
"05/08/2004","15,766.0","15,766.0","15,766.0","15,766.0","","0.05%"
"04/08/2004","15,758.0","15,758.0","15,758.0","15,758.0","","0.07%"
"03/08/2004","15,747.0","15,747.0","15,747.0","15,747.0","","0.06%"
"02/08/2004","15,738.0","15,738.0","15,738.0","15,738.0","","-0.03%"
"30/07/2004","15,743.0","15,743.0","15,743.0","15,743.0","","0.08%"
"29/07/2004","15,730.0","15,730.0","15,730.0","15,730.0","","0.02%"
"28/07/2004","15,727.0","15,727.0","15,727.0","15,727.0","","-0.08%"
"27/07/2004","15,740.0","15,740.0","15,740.0","15,740.0","","0.01%"
"26/07/2004","15,739.0","15,739.0","15,739.0","15,739.0","","0.04%"
"23/07/2004","15,732.0","15,732.0","15,732.0","15,732.0","","0.04%"
"22/07/2004","15,726.0","15,726.0","15,726.0","15,726.0","","-0.03%"
"21/07/2004","15,730.0","15,730.0","15,730.0","15,730.0","","-0.03%"
"20/07/2004","15,734.0","15,734.0","15,734.0","15,734.0","","0.01%"
"19/07/2004","15,733.0","15,733.0","15,733.0","15,733.0","","0.04%"
"16/07/2004","15,726.0","15,726.0","15,726.0","15,726.0","","-0.03%"
"15/07/2004","15,730.0","15,730.0","15,730.0","15,730.0","","0.03%"
"14/07/2004","15,725.0","15,725.0","15,725.0","15,725.0","","0.03%"
"13/07/2004","15,720.0","15,720.0","15,720.0","15,720.0","","0.04%"
"12/07/2004","15,713.0","15,713.0","15,713.0","15,713.0","","-0.03%"
"09/07/2004","15,718.0","15,718.0","15,718.0","15,718.0","","-0.03%"
"08/07/2004","15,723.0","15,723.0","15,723.0","15,723.0","","-0.04%"
"07/07/2004","15,729.0","15,729.0","15,729.0","15,729.0","","-0.03%"
"06/07/2004","15,734.0","15,734.0","15,734.0","15,734.0","","0.02%"
"05/07/2004","15,731.0","15,731.0","15,731.0","15,731.0","","0.01%"
"02/07/2004","15,729.0","15,729.0","15,729.0","15,729.0","","0.03%"
"01/07/2004","15,725.0","15,725.0","15,725.0","15,725.0","","0.04%"
"30/06/2004","15,719.0","15,719.0","15,719.0","15,719.0","","-0.06%"
"29/06/2004","15,728.0","15,728.0","15,728.0","15,728.0","","-0.03%"
"28/06/2004","15,733.0","15,733.0","15,733.0","15,733.0","","0.01%"
"25/06/2004","15,732.0","15,732.0","15,732.0","15,732.0","","0.03%"
"24/06/2004","15,728.0","15,728.0","15,728.0","15,728.0","","0.03%"
"23/06/2004","15,723.0","15,723.0","15,723.0","15,723.0","","-0.07%"
"22/06/2004","15,734.0","15,734.0","15,734.0","15,734.0","","0.06%"
"21/06/2004","15,724.0","15,724.0","15,724.0","15,724.0","","0.03%"
"18/06/2004","15,719.0","15,719.0","15,719.0","15,719.0","","0.06%"
"17/06/2004","15,709.0","15,709.0","15,709.0","15,709.0","","-0.04%"
"16/06/2004","15,716.0","15,716.0","15,716.0","15,716.0","","0.03%"
"15/06/2004","15,711.0","15,711.0","15,711.0","15,711.0","","-0.03%"
"14/06/2004","15,716.0","15,716.0","15,716.0","15,716.0","","-0.05%"
"11/06/2004","15,724.0","15,724.0","15,724.0","15,724.0","","0.00%"
"10/06/2004","15,724.0","15,724.0","15,724.0","15,724.0","","-0.04%"
"09/06/2004","15,731.0","15,731.0","15,731.0","15,731.0","","-0.03%"
"08/06/2004","15,736.0","15,736.0","15,736.0","15,736.0","","-0.03%"
"07/06/2004","15,740.0","15,740.0","15,740.0","15,740.0","","0.03%"
"04/06/2004","15,735.0","15,735.0","15,735.0","15,735.0","","0.02%"
"03/06/2004","15,732.0","15,732.0","15,732.0","15,732.0","","-0.04%"
"02/06/2004","15,738.0","15,738.0","15,738.0","15,738.0","","-0.05%"
"01/06/2004","15,746.0","15,746.0","15,746.0","15,746.0","","0.06%"
"31/05/2004","15,736.0","15,736.0","15,736.0","15,736.0","","-0.02%"
"28/05/2004","15,739.0","15,739.0","15,739.0","15,739.0","","-0.07%"
"27/05/2004","15,750.0","15,750.0","15,750.0","15,750.0","","0.01%"
"26/05/2004","15,748.0","15,748.0","15,748.0","15,748.0","","-0.04%"
"25/05/2004","15,755.0","15,755.0","15,755.0","15,755.0","","-0.04%"
"24/05/2004","15,761.0","15,761.0","15,761.0","15,761.0","","-0.04%"
"21/05/2004","15,767.0","15,767.0","15,767.0","15,767.0","","0.05%"
"20/05/2004","15,759.0","15,759.0","15,759.0","15,759.0","","0.05%"
"19/05/2004","15,751.0","15,751.0","15,751.0","15,751.0","","0.01%"
"18/05/2004","15,749.0","15,749.0","15,749.0","15,749.0","","0.04%"
"17/05/2004","15,743.0","15,743.0","15,743.0","15,743.0","","0.05%"
"14/05/2004","15,735.0","15,735.0","15,735.0","15,735.0","","0.00%"
"13/05/2004","15,735.0","15,735.0","15,735.0","15,735.0","","0.03%"
"12/05/2004","15,730.0","15,730.0","15,730.0","15,730.0","","-0.03%"
"11/05/2004","15,734.0","15,734.0","15,734.0","15,734.0","","0.00%"
"10/05/2004","15,734.0","15,734.0","15,734.0","15,734.0","","0.06%"
"07/05/2004","15,725.0","15,725.0","15,725.0","15,725.0","","0.04%"
"06/05/2004","15,719.0","15,719.0","15,719.0","15,719.0","","-0.03%"
"05/05/2004","15,723.0","15,723.0","15,723.0","15,723.0","","0.02%"
"04/05/2004","15,720.0","15,720.0","15,720.0","15,720.0","","0.04%"
"03/05/2004","15,713.0","15,713.0","15,713.0","15,713.0","","0.00%"
"30/04/2004","15,713.0","15,713.0","15,713.0","15,713.0","","0.00%"
"29/04/2004","15,713.0","15,713.0","15,713.0","15,713.0","","0.03%"
"28/04/2004","15,708.0","15,708.0","15,708.0","15,708.0","","-0.06%"
"27/04/2004","15,718.0","15,718.0","15,718.0","15,718.0","","-0.01%"
"26/04/2004","15,719.0","15,719.0","15,719.0","15,719.0","","0.01%"
"23/04/2004","15,717.0","15,717.0","15,717.0","15,717.0","","0.00%"
"22/04/2004","15,717.0","15,717.0","15,717.0","15,717.0","","0.04%"
"21/04/2004","15,711.0","15,711.0","15,711.0","15,711.0","","0.01%"
"20/04/2004","15,710.0","15,710.0","15,710.0","15,710.0","","-0.01%"
"19/04/2004","15,712.0","15,712.0","15,712.0","15,712.0","","-0.05%"
"16/04/2004","15,720.0","15,720.0","15,720.0","15,720.0","","-0.03%"
"15/04/2004","15,724.0","15,724.0","15,724.0","15,724.0","","0.03%"
"14/04/2004","15,719.0","15,719.0","15,719.0","15,719.0","","-0.03%"
"13/04/2004","15,723.0","15,723.0","15,723.0","15,723.0","","-0.03%"
"12/04/2004","15,728.0","15,728.0","15,728.0","15,728.0","","-0.03%"
"09/04/2004","15,733.0","15,733.0","15,733.0","15,733.0","","0.06%"
"08/04/2004","15,724.0","15,724.0","15,724.0","15,724.0","","-0.01%"
"07/04/2004","15,726.0","15,726.0","15,726.0","15,726.0","","0.02%"
"06/04/2004","15,723.0","15,723.0","15,723.0","15,723.0","","-0.01%"
"05/04/2004","15,725.0","15,725.0","15,725.0","15,725.0","","-0.06%"
"02/04/2004","15,735.0","15,735.0","15,735.0","15,735.0","","0.03%"
"01/04/2004","15,730.0","15,730.0","15,730.0","15,730.0","","0.08%"
"31/03/2004","15,717.0","15,717.0","15,717.0","15,717.0","","-0.05%"
"30/03/2004","15,725.0","15,725.0","15,725.0","15,725.0","","-0.08%"
"29/03/2004","15,737.0","15,737.0","15,737.0","15,737.0","","-0.08%"
"26/03/2004","15,749.0","15,749.0","15,749.0","15,749.0","","0.05%"
"25/03/2004","15,741.0","15,741.0","15,741.0","15,741.0","","-0.01%"
"24/03/2004","15,743.0","15,743.0","15,743.0","15,743.0","","0.01%"
"23/03/2004","15,742.0","15,742.0","15,742.0","15,742.0","","0.01%"
"22/03/2004","15,740.0","15,740.0","15,740.0","15,740.0","","0.03%"
"19/03/2004","15,736.0","15,736.0","15,736.0","15,736.0","","0.09%"
"18/03/2004","15,722.0","15,722.0","15,722.0","15,722.0","","-0.06%"
"17/03/2004","15,731.0","15,731.0","15,731.0","15,731.0","","-0.08%"
"16/03/2004","15,743.0","15,743.0","15,743.0","15,743.0","","-0.13%"
"15/03/2004","15,763.0","15,763.0","15,763.0","15,763.0","","-0.03%"
"12/03/2004","15,767.0","15,767.0","15,767.0","15,767.0","","0.06%"
"11/03/2004","15,757.0","15,757.0","15,757.0","15,757.0","","0.03%"
"10/03/2004","15,753.0","15,753.0","15,753.0","15,753.0","","-0.02%"
"09/03/2004","15,756.0","15,756.0","15,756.0","15,756.0","","-0.06%"
"08/03/2004","15,766.0","15,766.0","15,766.0","15,766.0","","-0.04%"
"05/03/2004","15,773.0","15,773.0","15,773.0","15,773.0","","-0.01%"
"04/03/2004","15,774.0","15,774.0","15,774.0","15,774.0","","0.07%"
"03/03/2004","15,763.0","15,763.0","15,763.0","15,763.0","","0.06%"
"02/03/2004","15,754.0","15,754.0","15,754.0","15,754.0","","0.00%"
"01/03/2004","15,754.0","15,754.0","15,754.0","15,754.0","","0.03%"
"27/02/2004","15,749.0","15,749.0","15,749.0","15,749.0","","0.10%"
"26/02/2004","15,733.0","15,733.0","15,733.0","15,733.0","","-0.07%"
"25/02/2004","15,744.0","15,744.0","15,744.0","15,744.0","","-0.03%"
"24/02/2004","15,749.0","15,749.0","15,749.0","15,749.0","","0.05%"
"23/02/2004","15,741.0","15,741.0","15,741.0","15,741.0","","0.04%"
"20/02/2004","15,735.0","15,735.0","15,735.0","15,735.0","","0.11%"
"19/02/2004","15,718.0","15,718.0","15,718.0","15,718.0","","-0.04%"
"18/02/2004","15,724.0","15,724.0","15,724.0","15,724.0","","-0.04%"
"17/02/2004","15,730.0","15,730.0","15,730.0","15,730.0","","0.07%"
"16/02/2004","15,719.0","15,719.0","15,719.0","15,719.0","","0.03%"
"13/02/2004","15,715.0","15,715.0","15,715.0","15,715.0","","0.15%"
"12/02/2004","15,691.0","15,691.0","15,691.0","15,691.0","","-0.03%"
"11/02/2004","15,695.0","15,695.0","15,695.0","15,695.0","","-0.08%"
"10/02/2004","15,707.0","15,707.0","15,707.0","15,707.0","","-0.13%"
"09/02/2004","15,727.0","15,727.0","15,727.0","15,727.0","","0.10%"
"06/02/2004","15,711.0","15,711.0","15,711.0","15,711.0","","-0.08%"
"05/02/2004","15,723.0","15,723.0","15,723.0","15,723.0","","-0.03%"
"04/02/2004","15,728.0","15,728.0","15,728.0","15,728.0","","0.06%"
"03/02/2004","15,718.0","15,718.0","15,718.0","15,718.0","","0.10%"
"02/02/2004","15,703.0","15,703.0","15,703.0","15,703.0","","0.06%"
"30/01/2004","15,693.0","15,693.0","15,693.0","15,693.0","","-0.02%"
"29/01/2004","15,696.0","15,696.0","15,696.0","15,696.0","","0.08%"
"28/01/2004","15,684.0","15,684.0","15,684.0","15,684.0","","-0.01%"
"27/01/2004","15,685.0","15,685.0","15,685.0","15,685.0","","0.13%"
"26/01/2004","15,665.0","15,665.0","15,665.0","15,665.0","","0.00%"
"23/01/2004","15,665.0","15,665.0","15,665.0","15,665.0","","0.00%"
"22/01/2004","15,665.0","15,665.0","15,665.0","15,665.0","","0.00%"
"21/01/2004","15,665.0","15,665.0","15,665.0","15,665.0","","0.00%"
"20/01/2004","15,665.0","15,665.0","15,665.0","15,665.0","","0.03%"
"19/01/2004","15,661.0","15,661.0","15,661.0","15,661.0","","-0.03%"
"16/01/2004","15,666.0","15,666.0","15,666.0","15,666.0","","0.03%"
"15/01/2004","15,662.0","15,662.0","15,662.0","15,662.0","","-0.01%"
"14/01/2004","15,663.0","15,663.0","15,663.0","15,663.0","","0.03%"
"13/01/2004","15,659.0","15,659.0","15,659.0","15,659.0","","0.06%"
"12/01/2004","15,650.0","15,650.0","15,650.0","15,650.0","","-0.06%"
"09/01/2004","15,659.0","15,659.0","15,659.0","15,659.0","","-0.01%"
"08/01/2004","15,660.0","15,660.0","15,660.0","15,660.0","","0.03%"
"07/01/2004","15,655.0","15,655.0","15,655.0","15,655.0","","-0.01%"
"06/01/2004","15,657.0","15,657.0","15,657.0","15,657.0","","0.09%"
"05/01/2004","15,643.0","15,643.0","15,643.0","15,643.0","","0.03%"
"02/01/2004","15,639.0","15,639.0","15,639.0","15,639.0","","0.01%"
"31/12/2003","15,637.0","15,637.0","15,637.0","15,637.0","","-0.06%"
"30/12/2003","15,647.0","15,647.0","15,647.0","15,647.0","","-0.01%"
"29/12/2003","15,648.0","15,648.0","15,648.0","15,648.0","","-0.03%"
"26/12/2003","15,653.0","15,653.0","15,653.0","15,653.0","","-0.03%"
"25/12/2003","15,657.0","15,657.0","15,657.0","15,657.0","","-0.06%"
"24/12/2003","15,667.0","15,667.0","15,667.0","15,667.0","","0.06%"
"23/12/2003","15,657.0","15,657.0","15,657.0","15,657.0","","-0.02%"
"22/12/2003","15,660.0","15,660.0","15,660.0","15,660.0","","-0.01%"
"19/12/2003","15,662.0","15,662.0","15,662.0","15,662.0","","0.04%"
"18/12/2003","15,655.0","15,655.0","15,655.0","15,655.0","","0.03%"
"17/12/2003","15,651.0","15,651.0","15,651.0","15,651.0","","0.00%"
"16/12/2003","15,651.0","15,651.0","15,651.0","15,651.0","","0.08%"
"15/12/2003","15,638.0","15,638.0","15,638.0","15,638.0","","0.02%"
"12/12/2003","15,635.0","15,635.0","15,635.0","15,635.0","","0.06%"
"11/12/2003","15,625.0","15,625.0","15,625.0","15,625.0","","0.01%"
"10/12/2003","15,623.0","15,623.0","15,623.0","15,623.0","","0.08%"
"09/12/2003","15,610.0","15,610.0","15,610.0","15,610.0","","0.02%"
"08/12/2003","15,607.0","15,607.0","15,607.0","15,607.0","","-0.02%"
"05/12/2003","15,610.0","15,610.0","15,610.0","15,610.0","","-0.03%"
"04/12/2003","15,615.0","15,615.0","15,615.0","15,615.0","","-0.03%"
"03/12/2003","15,620.0","15,620.0","15,620.0","15,620.0","","0.06%"
"02/12/2003","15,611.0","15,611.0","15,611.0","15,611.0","","-0.07%"
"01/12/2003","15,622.0","15,622.0","15,622.0","15,622.0","","0.01%"
"28/11/2003","15,621.0","15,621.0","15,621.0","15,621.0","","-0.02%"
"27/11/2003","15,624.0","15,624.0","15,624.0","15,624.0","","0.04%"
"26/11/2003","15,617.0","15,617.0","15,617.0","15,617.0","","-0.05%"
"25/11/2003","15,625.0","15,625.0","15,625.0","15,625.0","","-0.09%"
"24/11/2003","15,639.0","15,639.0","15,639.0","15,639.0","","0.00%"
"21/11/2003","15,639.0","15,639.0","15,639.0","15,639.0","","-0.03%"
"20/11/2003","15,643.0","15,643.0","15,643.0","15,643.0","","0.06%"
"19/11/2003","15,634.0","15,634.0","15,634.0","15,634.0","","-0.03%"
"18/11/2003","15,638.0","15,638.0","15,638.0","15,638.0","","-0.06%"
"17/11/2003","15,647.0","15,647.0","15,647.0","15,647.0","","0.07%"
"14/11/2003","15,636.0","15,636.0","15,636.0","15,636.0","","0.12%"
"13/11/2003","15,617.0","15,617.0","15,617.0","15,617.0","","-0.11%"
"12/11/2003","15,634.0","15,634.0","15,634.0","15,634.0","","-0.06%"
"11/11/2003","15,644.0","15,644.0","15,644.0","15,644.0","","-0.03%"
"10/11/2003","15,649.0","15,649.0","15,649.0","15,649.0","","0.12%"
"07/11/2003","15,630.0","15,630.0","15,630.0","15,630.0","","0.01%"
"06/11/2003","15,629.0","15,629.0","15,629.0","15,629.0","","-0.15%"
"05/11/2003","15,653.0","15,653.0","15,653.0","15,653.0","","0.05%"
"04/11/2003","15,645.0","15,645.0","15,645.0","15,645.0","","0.12%"
"03/11/2003","15,627.0","15,627.0","15,627.0","15,627.0","","-0.06%"
"31/10/2003","15,637.0","15,637.0","15,637.0","15,637.0","","0.17%"
"30/10/2003","15,610.0","15,610.0","15,610.0","15,610.0","","-0.11%"
"29/10/2003","15,627.0","15,627.0","15,627.0","15,627.0","","0.17%"
"28/10/2003","15,601.0","15,601.0","15,601.0","15,601.0","","0.14%"
"27/10/2003","15,579.0","15,579.0","15,579.0","15,579.0","","0.00%"
"24/10/2003","15,579.0","15,579.0","15,579.0","15,579.0","","0.09%"
"23/10/2003","15,565.0","15,565.0","15,565.0","15,565.0","","0.10%"
"22/10/2003","15,549.0","15,549.0","15,549.0","15,549.0","","0.15%"
"21/10/2003","15,525.0","15,525.0","15,525.0","15,525.0","","-0.08%"
"20/10/2003","15,537.0","15,537.0","15,537.0","15,537.0","","0.00%"
"17/10/2003","15,537.0","15,537.0","15,537.0","15,537.0","","-0.08%"
"16/10/2003","15,549.0","15,549.0","15,549.0","15,549.0","","-0.08%"
"15/10/2003","15,562.0","15,562.0","15,562.0","15,562.0","","-0.08%"
"14/10/2003","15,574.0","15,574.0","15,574.0","15,574.0","","0.10%"
"13/10/2003","15,559.0","15,559.0","15,559.0","15,559.0","","0.01%"
"10/10/2003","15,558.0","15,558.0","15,558.0","15,558.0","","-0.04%"
"09/10/2003","15,565.0","15,565.0","15,565.0","15,565.0","","0.00%"
"08/10/2003","15,565.0","15,565.0","15,565.0","15,565.0","","-0.01%"
"07/10/2003","15,567.0","15,567.0","15,567.0","15,567.0","","0.00%"
"06/10/2003","15,567.0","15,567.0","15,567.0","15,567.0","","0.08%"
"03/10/2003","15,554.0","15,554.0","15,554.0","15,554.0","","-0.04%"
"02/10/2003","15,560.0","15,560.0","15,560.0","15,560.0","","0.06%"
"01/10/2003","15,550.0","15,550.0","15,550.0","15,550.0","","0.01%"
"30/09/2003","15,549.0","15,549.0","15,549.0","15,549.0","","0.05%"
"29/09/2003","15,541.0","15,541.0","15,541.0","15,541.0","","-0.05%"
"26/09/2003","15,549.0","15,549.0","15,549.0","15,549.0","","0.03%"
"25/09/2003","15,544.0","15,544.0","15,544.0","15,544.0","","0.10%"
"24/09/2003","15,528.0","15,528.0","15,528.0","15,528.0","","-0.03%"
"23/09/2003","15,532.0","15,532.0","15,532.0","15,532.0","","-0.10%"
"22/09/2003","15,548.0","15,548.0","15,548.0","15,548.0","","0.00%"
"19/09/2003","15,548.0","15,548.0","15,548.0","15,548.0","","-0.05%"
"18/09/2003","15,555.0","15,555.0","15,555.0","15,555.0","","0.06%"
"17/09/2003","15,545.0","15,545.0","15,545.0","15,545.0","","0.04%"
"16/09/2003","15,539.0","15,539.0","15,539.0","15,539.0","","0.07%"
"15/09/2003","15,528.0","15,528.0","15,528.0","15,528.0","","0.03%"
"12/09/2003","15,524.0","15,524.0","15,524.0","15,524.0","","-0.03%"
"11/09/2003","15,528.0","15,528.0","15,528.0","15,528.0","","0.01%"
"10/09/2003","15,526.0","15,526.0","15,526.0","15,526.0","","0.06%"
"09/09/2003","15,517.0","15,517.0","15,517.0","15,517.0","","0.00%"
"08/09/2003","15,517.0","15,517.0","15,517.0","15,517.0","","-0.01%"
"05/09/2003","15,519.0","15,519.0","15,519.0","15,519.0","","0.00%"
"04/09/2003","15,519.0","15,519.0","15,519.0","15,519.0","","0.05%"
"03/09/2003","15,512.0","15,512.0","15,512.0","15,512.0","","-0.01%"
"02/09/2003","15,513.0","15,513.0","15,513.0","15,513.0","","0.00%"
"01/09/2003","15,513.0","15,513.0","15,513.0","15,513.0","","-0.02%"
"29/08/2003","15,516.0","15,516.0","15,516.0","15,516.0","","-0.02%"
"28/08/2003","15,519.0","15,519.0","15,519.0","15,519.0","","0.03%"
"27/08/2003","15,515.0","15,515.0","15,515.0","15,515.0","","0.06%"
"26/08/2003","15,506.0","15,506.0","15,506.0","15,506.0","","-0.01%"
"25/08/2003","15,507.0","15,507.0","15,507.0","15,507.0","","0.03%"
"22/08/2003","15,502.0","15,502.0","15,502.0","15,502.0","","-0.05%"
"21/08/2003","15,509.0","15,509.0","15,509.0","15,509.0","","-0.05%"
"20/08/2003","15,516.0","15,516.0","15,516.0","15,516.0","","0.01%"
"19/08/2003","15,514.0","15,514.0","15,514.0","15,514.0","","0.01%"
"18/08/2003","15,512.0","15,512.0","15,512.0","15,512.0","","0.00%"
"15/08/2003","15,512.0","15,512.0","15,512.0","15,512.0","","-0.01%"
"14/08/2003","15,514.0","15,514.0","15,514.0","15,514.0","","0.02%"
"13/08/2003","15,511.0","15,511.0","15,511.0","15,511.0","","-0.02%"
"12/08/2003","15,514.0","15,514.0","15,514.0","15,514.0","","0.00%"
"11/08/2003","15,514.0","15,514.0","15,514.0","15,514.0","","0.01%"
"08/08/2003","15,512.0","15,512.0","15,512.0","15,512.0","","0.01%"
"07/08/2003","15,510.0","15,510.0","15,510.0","15,510.0","","-0.02%"
"06/08/2003","15,513.0","15,513.0","15,513.0","15,513.0","","0.02%"
"05/08/2003","15,510.0","15,510.0","15,510.0","15,510.0","","-0.03%"
"04/08/2003","15,515.0","15,515.0","15,515.0","15,515.0","","0.00%"
"01/08/2003","15,515.0","15,515.0","15,515.0","15,515.0","","0.04%"
"31/07/2003","15,509.0","15,509.0","15,509.0","15,509.0","","0.02%"
"30/07/2003","15,506.0","15,506.0","15,506.0","15,506.0","","-0.03%"
"29/07/2003","15,510.0","15,510.0","15,510.0","15,510.0","","0.00%"
"28/07/2003","15,510.0","15,510.0","15,510.0","15,510.0","","0.04%"
"25/07/2003","15,504.0","15,504.0","15,504.0","15,504.0","","-0.05%"
"24/07/2003","15,511.0","15,511.0","15,511.0","15,511.0","","0.01%"
"23/07/2003","15,510.0","15,510.0","15,510.0","15,510.0","","0.01%"
"22/07/2003","15,509.0","15,509.0","15,509.0","15,509.0","","-0.02%"
"21/07/2003","15,512.0","15,512.0","15,512.0","15,512.0","","0.03%"
"18/07/2003","15,508.0","15,508.0","15,508.0","15,508.0","","-0.01%"
"17/07/2003","15,510.0","15,510.0","15,510.0","15,510.0","","0.03%"
"16/07/2003","15,505.0","15,505.0","15,505.0","15,505.0","","0.01%"
"15/07/2003","15,504.0","15,504.0","15,504.0","15,504.0","","0.02%"
"14/07/2003","15,501.0","15,501.0","15,501.0","15,501.0","","0.01%"
"11/07/2003","15,499.0","15,499.0","15,499.0","15,499.0","","-0.02%"
"10/07/2003","15,502.0","15,502.0","15,502.0","15,502.0","","0.00%"
"09/07/2003","15,502.0","15,502.0","15,502.0","15,502.0","","0.03%"
"08/07/2003","15,497.0","15,497.0","15,497.0","15,497.0","","0.00%"
"07/07/2003","15,497.0","15,497.0","15,497.0","15,497.0","","-0.03%"
"04/07/2003","15,501.0","15,501.0","15,501.0","15,501.0","","0.05%"
"03/07/2003","15,494.0","15,494.0","15,494.0","15,494.0","","0.00%"
"02/07/2003","15,494.0","15,494.0","15,494.0","15,494.0","","0.00%"
"01/07/2003","15,494.0","15,494.0","15,494.0","15,494.0","","0.01%"
"30/06/2003","15,492.0","15,492.0","15,492.0","15,492.0","","0.01%"
"26/06/2003","15,490.0","15,490.0","15,490.0","15,490.0","","0.00%"
"25/06/2003","15,490.0","15,490.0","15,490.0","15,490.0","","0.03%"
"24/06/2003","15,486.0","15,486.0","15,486.0","15,486.0","","0.01%"
"23/06/2003","15,485.0","15,485.0","15,485.0","15,485.0","","0.01%"
"20/06/2003","15,484.0","15,484.0","15,484.0","15,484.0","","0.01%"
"19/06/2003","15,482.0","15,482.0","15,482.0","15,482.0","","0.02%"
"18/06/2003","15,479.0","15,479.0","15,479.0","15,479.0","","0.01%"
"17/06/2003","15,478.0","15,478.0","15,478.0","15,478.0","","-0.01%"
"16/06/2003","15,480.0","15,480.0","15,480.0","15,480.0","","0.00%"
"13/06/2003","15,480.0","15,480.0","15,480.0","15,480.0","","0.00%"
"12/06/2003","15,480.0","15,480.0","15,480.0","15,480.0","","0.01%"
"11/06/2003","15,479.0","15,479.0","15,479.0","15,479.0","","0.01%"
"10/06/2003","15,478.0","15,478.0","15,478.0","15,478.0","","0.01%"
"09/06/2003","15,476.0","15,476.0","15,476.0","15,476.0","","0.01%"
"06/06/2003","15,474.0","15,474.0","15,474.0","15,474.0","","0.00%"
"05/06/2003","15,474.0","15,474.0","15,474.0","15,474.0","","0.03%"
"04/06/2003","15,469.0","15,469.0","15,469.0","15,469.0","","-0.02%"
"03/06/2003","15,472.0","15,472.0","15,472.0","15,472.0","","0.02%"
"02/06/2003","15,469.0","15,469.0","15,469.0","15,469.0","","0.00%"
"30/05/2003","15,469.0","15,469.0","15,469.0","15,469.0","","0.03%"
"29/05/2003","15,465.0","15,465.0","15,465.0","15,465.0","","0.03%"
"28/05/2003","15,461.0","15,461.0","15,461.0","15,461.0","","-0.03%"
"27/05/2003","15,465.0","15,465.0","15,465.0","15,465.0","","0.00%"
"26/05/2003","15,465.0","15,465.0","15,465.0","15,465.0","","0.01%"
"23/05/2003","15,463.0","15,463.0","15,463.0","15,463.0","","0.01%"
"22/05/2003","15,462.0","15,462.0","15,462.0","15,462.0","","-0.01%"
"21/05/2003","15,463.0","15,463.0","15,463.0","15,463.0","","0.03%"
"20/05/2003","15,459.0","15,459.0","15,459.0","15,459.0","","-0.02%"
"19/05/2003","15,462.0","15,462.0","15,462.0","15,462.0","","0.00%"
"16/05/2003","15,462.0","15,462.0","15,462.0","15,462.0","","0.01%"
"15/05/2003","15,460.0","15,460.0","15,460.0","15,460.0","","0.00%"
"14/05/2003","15,460.0","15,460.0","15,460.0","15,460.0","","0.01%"
"13/05/2003","15,459.0","15,459.0","15,459.0","15,459.0","","-0.02%"
"12/05/2003","15,462.0","15,462.0","15,462.0","15,462.0","","0.01%"
"09/05/2003","15,460.0","15,460.0","15,460.0","15,460.0","","-0.03%"
"08/05/2003","15,464.0","15,464.0","15,464.0","15,464.0","","-0.01%"
"07/05/2003","15,465.0","15,465.0","15,465.0","15,465.0","","0.01%"
"06/05/2003","15,464.0","15,464.0","15,464.0","15,464.0","","0.00%"
"05/05/2003","15,464.0","15,464.0","15,464.0","15,464.0","","0.02%"
"02/05/2003","15,461.0","15,461.0","15,461.0","15,461.0","","0.01%"
"01/05/2003","15,459.0","15,459.0","15,459.0","15,459.0","","0.00%"
"30/04/2003","15,459.0","15,459.0","15,459.0","15,459.0","","0.00%"
"29/04/2003","15,459.0","15,459.0","15,459.0","15,459.0","","-0.03%"
"28/04/2003","15,464.0","15,464.0","15,464.0","15,464.0","","0.02%"
"25/04/2003","15,461.0","15,461.0","15,461.0","15,461.0","","-0.03%"
"24/04/2003","15,466.0","15,466.0","15,466.0","15,466.0","","0.03%"
"23/04/2003","15,462.0","15,462.0","15,462.0","15,462.0","","0.02%"
"22/04/2003","15,459.0","15,459.0","15,459.0","15,459.0","","0.01%"
"21/04/2003","15,458.0","15,458.0","15,458.0","15,458.0","","0.02%"
"18/04/2003","15,455.0","15,455.0","15,455.0","15,455.0","","-0.01%"
"17/04/2003","15,456.0","15,456.0","15,456.0","15,456.0","","-0.01%"
"16/04/2003","15,458.0","15,458.0","15,458.0","15,458.0","","0.00%"
"15/04/2003","15,458.0","15,458.0","15,458.0","15,458.0","","0.01%"
"14/04/2003","15,457.0","15,457.0","15,457.0","15,457.0","","0.01%"
"11/04/2003","15,455.0","15,455.0","15,455.0","15,455.0","","0.01%"
"10/04/2003","15,454.0","15,454.0","15,454.0","15,454.0","","-0.01%"
"09/04/2003","15,455.0","15,455.0","15,455.0","15,455.0","","-0.01%"
"08/04/2003","15,456.0","15,456.0","15,456.0","15,456.0","","0.01%"
"07/04/2003","15,454.0","15,454.0","15,454.0","15,454.0","","0.03%"
"04/04/2003","15,449.0","15,449.0","15,449.0","15,449.0","","0.00%"
"03/04/2003","15,449.0","15,449.0","15,449.0","15,449.0","","0.03%"
"02/04/2003","15,444.0","15,444.0","15,444.0","15,444.0","","-0.02%"
"01/04/2003","15,447.0","15,447.0","15,447.0","15,447.0","","-0.02%"
"31/03/2003","15,450.0","15,450.0","15,450.0","15,450.0","","0.03%"
"28/03/2003","15,445.0","15,445.0","15,445.0","15,445.0","","-0.07%"
"27/03/2003","15,456.0","15,456.0","15,456.0","15,456.0","","0.06%"
"26/03/2003","15,447.0","15,447.0","15,447.0","15,447.0","","0.00%"
"25/03/2003","15,447.0","15,447.0","15,447.0","15,447.0","","0.00%"
"24/03/2003","15,447.0","15,447.0","15,447.0","15,447.0","","0.00%"
"21/03/2003","15,447.0","15,447.0","15,447.0","15,447.0","","0.02%"
"20/03/2003","15,444.0","15,444.0","15,444.0","15,444.0","","0.02%"
"19/03/2003","15,441.0","15,441.0","15,441.0","15,441.0","","0.04%"
"18/03/2003","15,435.0","15,435.0","15,435.0","15,435.0","","-0.01%"
"17/03/2003","15,437.0","15,437.0","15,437.0","15,437.0","","0.00%"
"14/03/2003","15,437.0","15,437.0","15,437.0","15,437.0","","0.06%"
"13/03/2003","15,428.0","15,428.0","15,428.0","15,428.0","","0.01%"
"12/03/2003","15,427.0","15,427.0","15,427.0","15,427.0","","-0.03%"
"11/03/2003","15,431.0","15,431.0","15,431.0","15,431.0","","0.01%"
"10/03/2003","15,430.0","15,430.0","15,430.0","15,430.0","","0.02%"
"07/03/2003","15,427.0","15,427.0","15,427.0","15,427.0","","-0.01%"
"06/03/2003","15,428.0","15,428.0","15,428.0","15,428.0","","0.02%"
"05/03/2003","15,425.0","15,425.0","15,425.0","15,425.0","","-0.02%"
"04/03/2003","15,428.0","15,428.0","15,428.0","15,428.0","","0.02%"
"03/03/2003","15,425.0","15,425.0","15,425.0","15,425.0","","-0.01%"
"28/02/2003","15,426.0","15,426.0","15,426.0","15,426.0","","0.03%"
"27/02/2003","15,421.0","15,421.0","15,421.0","15,421.0","","-0.03%"
"26/02/2003","15,425.0","15,425.0","15,425.0","15,425.0","","0.00%"
"25/02/2003","15,425.0","15,425.0","15,425.0","15,425.0","","-0.01%"
"24/02/2003","15,426.0","15,426.0","15,426.0","15,426.0","","0.00%"
"21/02/2003","15,426.0","15,426.0","15,426.0","15,426.0","","0.01%"
"20/02/2003","15,425.0","15,425.0","15,425.0","15,425.0","","-0.03%"
"19/02/2003","15,429.0","15,429.0","15,429.0","15,429.0","","-0.01%"
"18/02/2003","15,430.0","15,430.0","15,430.0","15,430.0","","0.01%"
"17/02/2003","15,429.0","15,429.0","15,429.0","15,429.0","","-0.03%"
"14/02/2003","15,434.0","15,434.0","15,434.0","15,434.0","","0.02%"
"13/02/2003","15,431.0","15,431.0","15,431.0","15,431.0","","-0.03%"
"12/02/2003","15,435.0","15,435.0","15,435.0","15,435.0","","0.05%"
"11/02/2003","15,428.0","15,428.0","15,428.0","15,428.0","","0.00%"
"10/02/2003","15,428.0","15,428.0","15,428.0","15,428.0","","-0.01%"
"07/02/2003","15,429.0","15,429.0","15,429.0","15,429.0","","0.01%"
"06/02/2003","15,428.0","15,428.0","15,428.0","15,428.0","","0.01%"
"05/02/2003","15,426.0","15,426.0","15,426.0","15,426.0","","0.00%"
"04/02/2003","15,426.0","15,426.0","15,426.0","15,426.0","","0.00%"
"03/02/2003","15,426.0","15,426.0","15,426.0","15,426.0","","0.00%"
"31/01/2003","15,426.0","15,426.0","15,426.0","15,426.0","","0.00%"
"30/01/2003","15,426.0","15,426.0","15,426.0","15,426.0","","0.01%"
"29/01/2003","15,424.0","15,424.0","15,424.0","15,424.0","","0.00%"
"28/01/2003","15,424.0","15,424.0","15,424.0","15,424.0","","0.05%"
"27/01/2003","15,416.0","15,416.0","15,416.0","15,416.0","","-0.03%"
"24/01/2003","15,420.0","15,420.0","15,420.0","15,420.0","","-0.01%"
"23/01/2003","15,422.0","15,422.0","15,422.0","15,422.0","","-0.01%"
"22/01/2003","15,424.0","15,424.0","15,424.0","15,424.0","","0.05%"
"21/01/2003","15,417.0","15,417.0","15,417.0","15,417.0","","0.00%"
"20/01/2003","15,417.0","15,417.0","15,417.0","15,417.0","","-0.03%"
"17/01/2003","15,421.0","15,421.0","15,421.0","15,421.0","","0.01%"
"16/01/2003","15,419.0","15,419.0","15,419.0","15,419.0","","0.06%"
"15/01/2003","15,410.0","15,410.0","15,410.0","15,410.0","","0.00%"
"14/01/2003","15,410.0","15,410.0","15,410.0","15,410.0","","0.01%"
"13/01/2003","15,409.0","15,409.0","15,409.0","15,409.0","","0.03%"
"10/01/2003","15,404.0","15,404.0","15,404.0","15,404.0","","0.00%"
"09/01/2003","15,404.0","15,404.0","15,404.0","15,404.0","","0.03%"
"08/01/2003","15,400.0","15,400.0","15,400.0","15,400.0","","0.01%"
"07/01/2003","15,398.0","15,398.0","15,398.0","15,398.0","","-0.04%"
"06/01/2003","15,404.0","15,404.0","15,404.0","15,404.0","","0.04%"
"03/01/2003","15,398.0","15,398.0","15,398.0","15,398.0","","0.01%"
"02/01/2003","15,396.0","15,396.0","15,396.0","15,396.0","","0.00%"
"01/01/2003","15,396.0","15,396.0","15,396.0","15,396.0","","0.00%"
"31/12/2002","15,396.0","15,396.0","15,396.0","15,396.0","","0.00%"
"30/12/2002","15,396.0","15,396.0","15,396.0","15,396.0","","0.03%"
"27/12/2002","15,391.0","15,391.0","15,391.0","15,391.0","","-0.03%"
"26/12/2002","15,395.0","15,395.0","15,395.0","15,395.0","","-0.03%"
"25/12/2002","15,400.0","15,400.0","15,400.0","15,400.0","","0.06%"
"24/12/2002","15,390.0","15,390.0","15,390.0","15,390.0","","-0.03%"
"23/12/2002","15,395.0","15,395.0","15,395.0","15,395.0","","0.00%"
"20/12/2002","15,395.0","15,395.0","15,395.0","15,395.0","","0.00%"
"19/12/2002","15,395.0","15,395.0","15,395.0","15,395.0","","0.03%"
"18/12/2002","15,390.0","15,390.0","15,390.0","15,390.0","","0.03%"
"17/12/2002","15,386.0","15,386.0","15,386.0","15,386.0","","-0.03%"
"16/12/2002","15,390.0","15,390.0","15,390.0","15,390.0","","0.00%"
"13/12/2002","15,390.0","15,390.0","15,390.0","15,390.0","","0.00%"
"12/12/2002","15,390.0","15,390.0","15,390.0","15,390.0","","0.00%"
"11/12/2002","15,390.0","15,390.0","15,390.0","15,390.0","","0.05%"
"10/12/2002","15,383.0","15,383.0","15,383.0","15,383.0","","-0.03%"
"09/12/2002","15,387.0","15,387.0","15,387.0","15,387.0","","-0.01%"
"06/12/2002","15,388.0","15,388.0","15,388.0","15,388.0","","0.03%"
"05/12/2002","15,384.0","15,384.0","15,384.0","15,384.0","","-0.03%"
"04/12/2002","15,388.0","15,388.0","15,388.0","15,388.0","","0.00%"
"03/12/2002","15,388.0","15,388.0","15,388.0","15,388.0","","0.03%"
"02/12/2002","15,383.0","15,383.0","15,383.0","15,383.0","","0.02%"
"29/11/2002","15,380.0","15,380.0","15,380.0","15,380.0","","0.02%"
"28/11/2002","15,377.0","15,377.0","15,377.0","15,377.0","","-0.02%"
"27/11/2002","15,380.0","15,380.0","15,380.0","15,380.0","","-0.01%"
"26/11/2002","15,381.0","15,381.0","15,381.0","15,381.0","","0.01%"
"25/11/2002","15,379.0","15,379.0","15,379.0","15,379.0","","0.01%"
"22/11/2002","15,377.0","15,377.0","15,377.0","15,377.0","","0.01%"
"21/11/2002","15,375.0","15,375.0","15,375.0","15,375.0","","0.03%"
"20/11/2002","15,371.0","15,371.0","15,371.0","15,371.0","","-0.01%"
"19/11/2002","15,373.0","15,373.0","15,373.0","15,373.0","","0.00%"
"18/11/2002","15,373.0","15,373.0","15,373.0","15,373.0","","0.03%"
"15/11/2002","15,368.0","15,368.0","15,368.0","15,368.0","","-0.01%"
"14/11/2002","15,370.0","15,370.0","15,370.0","15,370.0","","0.03%"
"13/11/2002","15,365.0","15,365.0","15,365.0","15,365.0","","0.01%"
"12/11/2002","15,363.0","15,363.0","15,363.0","15,363.0","","0.00%"
"11/11/2002","15,363.0","15,363.0","15,363.0","15,363.0","","-0.01%"
"08/11/2002","15,365.0","15,365.0","15,365.0","15,365.0","","-0.01%"
"07/11/2002","15,366.0","15,366.0","15,366.0","15,366.0","","0.01%"
"06/11/2002","15,365.0","15,365.0","15,365.0","15,365.0","","-0.01%"
"05/11/2002","15,366.0","15,366.0","15,366.0","15,366.0","","0.05%"
"04/11/2002","15,359.0","15,359.0","15,359.0","15,359.0","","0.01%"
"01/11/2002","15,358.0","15,358.0","15,358.0","15,358.0","","0.01%"
"31/10/2002","15,357.0","15,357.0","15,357.0","15,357.0","","-0.03%"
"30/10/2002","15,361.0","15,361.0","15,361.0","15,361.0","","0.00%"
"29/10/2002","15,361.0","15,361.0","15,361.0","15,361.0","","0.02%"
"28/10/2002","15,358.0","15,358.0","15,358.0","15,358.0","","-0.01%"
"25/10/2002","15,359.0","15,359.0","15,359.0","15,359.0","","0.04%"
"24/10/2002","15,353.0","15,353.0","15,353.0","15,353.0","","-0.03%"
"23/10/2002","15,357.0","15,357.0","15,357.0","15,357.0","","0.03%"
"22/10/2002","15,353.0","15,353.0","15,353.0","15,353.0","","-0.01%"
"21/10/2002","15,354.0","15,354.0","15,354.0","15,354.0","","0.03%"
"18/10/2002","15,349.0","15,349.0","15,349.0","15,349.0","","0.00%"
"17/10/2002","15,349.0","15,349.0","15,349.0","15,349.0","","-0.01%"
"16/10/2002","15,351.0","15,351.0","15,351.0","15,351.0","","0.00%"
"15/10/2002","15,351.0","15,351.0","15,351.0","15,351.0","","0.00%"
"14/10/2002","15,351.0","15,351.0","15,351.0","15,351.0","","0.02%"
"11/10/2002","15,348.0","15,348.0","15,348.0","15,348.0","","-0.01%"
"10/10/2002","15,349.0","15,349.0","15,349.0","15,349.0","","0.01%"
"09/10/2002","15,347.0","15,347.0","15,347.0","15,347.0","","0.00%"
"08/10/2002","15,347.0","15,347.0","15,347.0","15,347.0","","0.02%"
"07/10/2002","15,344.0","15,344.0","15,344.0","15,344.0","","0.03%"
"04/10/2002","15,340.0","15,340.0","15,340.0","15,340.0","","-0.02%"
"03/10/2002","15,343.0","15,343.0","15,343.0","15,343.0","","0.05%"
"02/10/2002","15,336.0","15,336.0","15,336.0","15,336.0","","-0.03%"
"01/10/2002","15,341.0","15,341.0","15,341.0","15,341.0","","0.01%"
"30/09/2002","15,340.0","15,340.0","15,340.0","15,340.0","","0.01%"
"27/09/2002","15,338.0","15,338.0","15,338.0","15,338.0","","0.00%"
"26/09/2002","15,338.0","15,338.0","15,338.0","15,338.0","","-0.01%"
"25/09/2002","15,339.0","15,339.0","15,339.0","15,339.0","","0.01%"
"24/09/2002","15,338.0","15,338.0","15,338.0","15,338.0","","0.02%"
"23/09/2002","15,335.0","15,335.0","15,335.0","15,335.0","","-0.01%"
"20/09/2002","15,337.0","15,337.0","15,337.0","15,337.0","","0.00%"
"19/09/2002","15,337.0","15,337.0","15,337.0","15,337.0","","0.00%"
"18/09/2002","15,337.0","15,337.0","15,337.0","15,337.0","","0.08%"
"17/09/2002","15,325.0","15,325.0","15,325.0","15,325.0","","-0.07%"
"16/09/2002","15,335.0","15,335.0","15,335.0","15,335.0","","0.04%"
"13/09/2002","15,329.0","15,329.0","15,329.0","15,329.0","","0.01%"
"12/09/2002","15,328.0","15,328.0","15,328.0","15,328.0","","-0.01%"
"11/09/2002","15,330.0","15,330.0","15,330.0","15,330.0","","0.01%"
"10/09/2002","15,328.0","15,328.0","15,328.0","15,328.0","","0.01%"
"09/09/2002","15,327.0","15,327.0","15,327.0","15,327.0","","0.03%"
"06/09/2002","15,322.0","15,322.0","15,322.0","15,322.0","","0.01%"
"05/09/2002","15,321.0","15,321.0","15,321.0","15,321.0","","-0.01%"
"04/09/2002","15,323.0","15,323.0","15,323.0","15,323.0","","-0.03%"
"03/09/2002","15,328.0","15,328.0","15,328.0","15,328.0","","0.02%"
"02/09/2002","15,325.0","15,325.0","15,325.0","15,325.0","","0.00%"
"30/08/2002","15,325.0","15,325.0","15,325.0","15,325.0","","-0.01%"
"29/08/2002","15,326.0","15,326.0","15,326.0","15,326.0","","-0.01%"
"28/08/2002","15,328.0","15,328.0","15,328.0","15,328.0","","-0.03%"
"27/08/2002","15,332.0","15,332.0","15,332.0","15,332.0","","0.00%"
"26/08/2002","15,332.0","15,332.0","15,332.0","15,332.0","","0.02%"
"23/08/2002","15,329.0","15,329.0","15,329.0","15,329.0","","0.06%"
"22/08/2002","15,320.0","15,320.0","15,320.0","15,320.0","","-0.01%"
"21/08/2002","15,322.0","15,322.0","15,322.0","15,322.0","","0.01%"
"20/08/2002","15,321.0","15,321.0","15,321.0","15,321.0","","0.00%"
"19/08/2002","15,321.0","15,321.0","15,321.0","15,321.0","","0.01%"
"16/08/2002","15,319.0","15,319.0","15,319.0","15,319.0","","0.01%"
"15/08/2002","15,318.0","15,318.0","15,318.0","15,318.0","","0.00%"
"14/08/2002","15,318.0","15,318.0","15,318.0","15,318.0","","-0.03%"
"13/08/2002","15,322.0","15,322.0","15,322.0","15,322.0","","0.00%"
"12/08/2002","15,322.0","15,322.0","15,322.0","15,322.0","","-0.02%"
"09/08/2002","15,325.0","15,325.0","15,325.0","15,325.0","","-0.01%"
"08/08/2002","15,326.0","15,326.0","15,326.0","15,326.0","","0.02%"
"07/08/2002","15,323.0","15,323.0","15,323.0","15,323.0","","0.03%"
"06/08/2002","15,319.0","15,319.0","15,319.0","15,319.0","","0.01%"
"05/08/2002","15,318.0","15,318.0","15,318.0","15,318.0","","0.00%"
"02/08/2002","15,318.0","15,318.0","15,318.0","15,318.0","","-0.01%"
"01/08/2002","15,320.0","15,320.0","15,320.0","15,320.0","","0.02%"
"31/07/2002","15,317.0","15,317.0","15,317.0","15,317.0","","0.03%"
"30/07/2002","15,313.0","15,313.0","15,313.0","15,313.0","","0.00%"
"29/07/2002","15,313.0","15,313.0","15,313.0","15,313.0","","0.03%"
"26/07/2002","15,308.0","15,308.0","15,308.0","15,308.0","","0.00%"
"25/07/2002","15,308.0","15,308.0","15,308.0","15,308.0","","0.03%"
"24/07/2002","15,303.0","15,303.0","15,303.0","15,303.0","","-0.03%"
"23/07/2002","15,307.0","15,307.0","15,307.0","15,307.0","","0.01%"
"22/07/2002","15,305.0","15,305.0","15,305.0","15,305.0","","0.03%"
"19/07/2002","15,300.0","15,300.0","15,300.0","15,300.0","","0.05%"
"18/07/2002","15,293.0","15,293.0","15,293.0","15,293.0","","-0.01%"
"17/07/2002","15,294.0","15,294.0","15,294.0","15,294.0","","0.03%"
"16/07/2002","15,290.0","15,290.0","15,290.0","15,290.0","","-0.01%"
"15/07/2002","15,291.0","15,291.0","15,291.0","15,291.0","","-0.03%"
"12/07/2002","15,296.0","15,296.0","15,296.0","15,296.0","","0.03%"
"11/07/2002","15,291.0","15,291.0","15,291.0","15,291.0","","0.00%"
"10/07/2002","15,291.0","15,291.0","15,291.0","15,291.0","","-0.03%"
"09/07/2002","15,295.0","15,295.0","15,295.0","15,295.0","","0.01%"
"08/07/2002","15,294.0","15,294.0","15,294.0","15,294.0","","0.01%"
"05/07/2002","15,293.0","15,293.0","15,293.0","15,293.0","","-0.03%"
"04/07/2002","15,297.0","15,297.0","15,297.0","15,297.0","","0.01%"
"03/07/2002","15,295.0","15,295.0","15,295.0","15,295.0","","-0.01%"
"02/07/2002","15,296.0","15,296.0","15,296.0","15,296.0","","-0.01%"
"01/07/2002","15,297.0","15,297.0","15,297.0","15,297.0","","0.16%"
"28/06/2002","15,273.0","15,273.0","15,273.0","15,273.0","","0.00%"
"27/06/2002","15,273.0","15,273.0","15,273.0","15,273.0","","0.02%"
"26/06/2002","15,270.0","15,270.0","15,270.0","15,270.0","","0.03%"
"25/06/2002","15,265.0","15,265.0","15,265.0","15,265.0","","0.00%"
"24/06/2002","15,265.0","15,265.0","15,265.0","15,265.0","","-0.01%"
"21/06/2002","15,266.0","15,266.0","15,266.0","15,266.0","","0.00%"
"20/06/2002","15,266.0","15,266.0","15,266.0","15,266.0","","-0.02%"
"19/06/2002","15,269.0","15,269.0","15,269.0","15,269.0","","0.01%"
"18/06/2002","15,268.0","15,268.0","15,268.0","15,268.0","","0.03%"
"17/06/2002","15,263.0","15,263.0","15,263.0","15,263.0","","0.02%"
"14/06/2002","15,260.0","15,260.0","15,260.0","15,260.0","","-0.01%"
"13/06/2002","15,261.0","15,261.0","15,261.0","15,261.0","","-0.01%"
"12/06/2002","15,263.0","15,263.0","15,263.0","15,263.0","","0.04%"
"11/06/2002","15,257.0","15,257.0","15,257.0","15,257.0","","0.00%"
"10/06/2002","15,257.0","15,257.0","15,257.0","15,257.0","","-0.01%"
"07/06/2002","15,258.0","15,258.0","15,258.0","15,258.0","","0.00%"
"06/06/2002","15,258.0","15,258.0","15,258.0","15,258.0","","0.01%"
"05/06/2002","15,256.0","15,256.0","15,256.0","15,256.0","","-0.01%"
"04/06/2002","15,258.0","15,258.0","15,258.0","15,258.0","","0.04%"
"03/06/2002","15,252.0","15,252.0","15,252.0","15,252.0","","0.03%"
"31/05/2002","15,247.0","15,247.0","15,247.0","15,247.0","","0.00%"
"30/05/2002","15,247.0","15,247.0","15,247.0","15,247.0","","0.00%"
"29/05/2002","15,247.0","15,247.0","15,247.0","15,247.0","","0.00%"
"28/05/2002","15,247.0","15,247.0","15,247.0","15,247.0","","0.00%"
"27/05/2002","15,247.0","15,247.0","15,247.0","15,247.0","","0.01%"
"24/05/2002","15,245.0","15,245.0","15,245.0","15,245.0","","-0.02%"
"23/05/2002","15,248.0","15,248.0","15,248.0","15,248.0","","-0.01%"
"22/05/2002","15,250.0","15,250.0","15,250.0","15,250.0","","0.03%"
"21/05/2002","15,245.0","15,245.0","15,245.0","15,245.0","","0.00%"
"20/05/2002","15,245.0","15,245.0","15,245.0","15,245.0","","-0.02%"
"17/05/2002","15,248.0","15,248.0","15,248.0","15,248.0","","0.01%"
"16/05/2002","15,246.0","15,246.0","15,246.0","15,246.0","","-0.01%"
"15/05/2002","15,247.0","15,247.0","15,247.0","15,247.0","","0.01%"
"14/05/2002","15,246.0","15,246.0","15,246.0","15,246.0","","0.05%"
"13/05/2002","15,238.0","15,238.0","15,238.0","15,238.0","","0.00%"
"10/05/2002","15,238.0","15,238.0","15,238.0","15,238.0","","0.00%"
"09/05/2002","15,238.0","15,238.0","15,238.0","15,238.0","","0.05%"
"08/05/2002","15,230.0","15,230.0","15,230.0","15,230.0","","0.00%"
"07/05/2002","15,230.0","15,230.0","15,230.0","15,230.0","","0.03%"
"06/05/2002","15,225.0","15,225.0","15,225.0","15,225.0","","0.01%"
"03/05/2002","15,223.0","15,223.0","15,223.0","15,223.0","","0.05%"
"02/05/2002","15,215.0","15,215.0","15,215.0","15,215.0","","-0.02%"
"01/05/2002","15,218.0","15,218.0","15,218.0","15,218.0","","0.00%"
"30/04/2002","15,218.0","15,218.0","15,218.0","15,218.0","","0.00%"
"29/04/2002","15,218.0","15,218.0","15,218.0","15,218.0","","-0.03%"
"26/04/2002","15,222.0","15,222.0","15,222.0","15,222.0","","-0.02%"
"25/04/2002","15,225.0","15,225.0","15,225.0","15,225.0","","0.04%"
"24/04/2002","15,219.0","15,219.0","15,219.0","15,219.0","","-0.01%"
"23/04/2002","15,220.0","15,220.0","15,220.0","15,220.0","","0.02%"
"22/04/2002","15,217.0","15,217.0","15,217.0","15,217.0","","0.00%"
"19/04/2002","15,217.0","15,217.0","15,217.0","15,217.0","","0.00%"
"18/04/2002","15,217.0","15,217.0","15,217.0","15,217.0","","0.00%"
"17/04/2002","15,217.0","15,217.0","15,217.0","15,217.0","","-0.02%"
"16/04/2002","15,220.0","15,220.0","15,220.0","15,220.0","","0.02%"
"15/04/2002","15,217.0","15,217.0","15,217.0","15,217.0","","0.01%"
"12/04/2002","15,216.0","15,216.0","15,216.0","15,216.0","","0.02%"
"11/04/2002","15,213.0","15,213.0","15,213.0","15,213.0","","-0.01%"
"10/04/2002","15,214.0","15,214.0","15,214.0","15,214.0","","0.01%"
"09/04/2002","15,212.0","15,212.0","15,212.0","15,212.0","","0.01%"
"08/04/2002","15,211.0","15,211.0","15,211.0","15,211.0","","0.04%"
"05/04/2002","15,205.0","15,205.0","15,205.0","15,205.0","","0.01%"
"04/04/2002","15,203.0","15,203.0","15,203.0","15,203.0","","0.01%"
"03/04/2002","15,201.0","15,201.0","15,201.0","15,201.0","","0.01%"
"02/04/2002","15,199.0","15,199.0","15,199.0","15,199.0","","0.04%"
"01/04/2002","15,193.0","15,193.0","15,193.0","15,193.0","","0.03%"
"29/03/2002","15,189.0","15,189.0","15,189.0","15,189.0","","0.00%"
"28/03/2002","15,189.0","15,189.0","15,189.0","15,189.0","","0.03%"
"27/03/2002","15,184.0","15,184.0","15,184.0","15,184.0","","0.01%"
"26/03/2002","15,183.0","15,183.0","15,183.0","15,183.0","","0.03%"
"25/03/2002","15,179.0","15,179.0","15,179.0","15,179.0","","0.09%"
"22/03/2002","15,165.0","15,165.0","15,165.0","15,165.0","","-0.06%"
"21/03/2002","15,174.0","15,174.0","15,174.0","15,174.0","","0.05%"
"20/03/2002","15,167.0","15,167.0","15,167.0","15,167.0","","0.05%"
"19/03/2002","15,160.0","15,160.0","15,160.0","15,160.0","","0.00%"
"18/03/2002","15,160.0","15,160.0","15,160.0","15,160.0","","0.03%"
"15/03/2002","15,155.0","15,155.0","15,155.0","15,155.0","","0.00%"
"14/03/2002","15,155.0","15,155.0","15,155.0","15,155.0","","0.00%"
"13/03/2002","15,155.0","15,155.0","15,155.0","15,155.0","","0.01%"
"12/03/2002","15,153.0","15,153.0","15,153.0","15,153.0","","0.05%"
"11/03/2002","15,145.0","15,145.0","15,145.0","15,145.0","","-0.02%"
"08/03/2002","15,148.0","15,148.0","15,148.0","15,148.0","","-0.01%"
"07/03/2002","15,150.0","15,150.0","15,150.0","15,150.0","","0.01%"
"06/03/2002","15,148.0","15,148.0","15,148.0","15,148.0","","0.02%"
"05/03/2002","15,145.0","15,145.0","15,145.0","15,145.0","","0.01%"
"04/03/2002","15,143.0","15,143.0","15,143.0","15,143.0","","0.03%"
"01/03/2002","15,139.0","15,139.0","15,139.0","15,139.0","","0.00%"
"28/02/2002","15,139.0","15,139.0","15,139.0","15,139.0","","0.03%"
"27/02/2002","15,135.0","15,135.0","15,135.0","15,135.0","","0.03%"
"26/02/2002","15,131.0","15,131.0","15,131.0","15,131.0","","-0.03%"
"25/02/2002","15,135.0","15,135.0","15,135.0","15,135.0","","0.00%"
"22/02/2002","15,135.0","15,135.0","15,135.0","15,135.0","","0.03%"
"21/02/2002","15,130.0","15,130.0","15,130.0","15,130.0","","-0.02%"
"20/02/2002","15,133.0","15,133.0","15,133.0","15,133.0","","0.05%"
"19/02/2002","15,126.0","15,126.0","15,126.0","15,126.0","","0.00%"
"18/02/2002","15,126.0","15,126.0","15,126.0","15,126.0","","0.00%"
"15/02/2002","15,126.0","15,126.0","15,126.0","15,126.0","","0.00%"
"14/02/2002","15,126.0","15,126.0","15,126.0","15,126.0","","0.00%"
"13/02/2002","15,126.0","15,126.0","15,126.0","15,126.0","","0.00%"
"12/02/2002","15,126.0","15,126.0","15,126.0","15,126.0","","0.00%"
"11/02/2002","15,126.0","15,126.0","15,126.0","15,126.0","","0.00%"
"08/02/2002","15,126.0","15,126.0","15,126.0","15,126.0","","0.00%"
"07/02/2002","15,126.0","15,126.0","15,126.0","15,126.0","","0.03%"
"06/02/2002","15,122.0","15,122.0","15,122.0","15,122.0","","0.00%"
"05/02/2002","15,122.0","15,122.0","15,122.0","15,122.0","","-0.05%"
"04/02/2002","15,129.0","15,129.0","15,129.0","15,129.0","","0.03%"
"01/02/2002","15,124.0","15,124.0","15,124.0","15,124.0","","0.03%"
"31/01/2002","15,119.0","15,119.0","15,119.0","15,119.0","","-0.03%"
"30/01/2002","15,123.0","15,123.0","15,123.0","15,123.0","","0.03%"
"29/01/2002","15,119.0","15,119.0","15,119.0","15,119.0","","0.00%"
"28/01/2002","15,119.0","15,119.0","15,119.0","15,119.0","","0.00%"
"25/01/2002","15,119.0","15,119.0","15,119.0","15,119.0","","0.06%"
"24/01/2002","15,110.0","15,110.0","15,110.0","15,110.0","","0.01%"
"23/01/2002","15,108.0","15,108.0","15,108.0","15,108.0","","0.00%"
"22/01/2002","15,108.0","15,108.0","15,108.0","15,108.0","","-0.01%"
"21/01/2002","15,109.0","15,109.0","15,109.0","15,109.0","","0.03%"
"18/01/2002","15,104.0","15,104.0","15,104.0","15,104.0","","0.00%"
"17/01/2002","15,104.0","15,104.0","15,104.0","15,104.0","","0.01%"
"16/01/2002","15,102.0","15,102.0","15,102.0","15,102.0","","0.01%"
"15/01/2002","15,101.0","15,101.0","15,101.0","15,101.0","","0.00%"
"14/01/2002","15,101.0","15,101.0","15,101.0","15,101.0","","0.04%"
"11/01/2002","15,095.0","15,095.0","15,095.0","15,095.0","","-0.01%"
"10/01/2002","15,096.0","15,096.0","15,096.0","15,096.0","","0.00%"
"09/01/2002","15,096.0","15,096.0","15,096.0","15,096.0","","0.03%"
"08/01/2002","15,091.0","15,091.0","15,091.0","15,091.0","","0.03%"
"07/01/2002","15,086.0","15,086.0","15,086.0","15,086.0","","0.00%"
"04/01/2002","15,086.0","15,086.0","15,086.0","15,086.0","","0.00%"
"03/01/2002","15,086.0","15,086.0","15,086.0","15,086.0","","0.02%"
"02/01/2002","15,083.0","15,083.0","15,083.0","15,083.0","","0.01%"
"31/12/2001","15,081.0","15,081.0","15,081.0","15,081.0","","0.01%"
"28/12/2001","15,079.0","15,079.0","15,079.0","15,079.0","","0.02%"
"27/12/2001","15,076.0","15,076.0","15,076.0","15,076.0","","0.01%"
"26/12/2001","15,074.0","15,074.0","15,074.0","15,074.0","","-0.02%"
"25/12/2001","15,077.0","15,077.0","15,077.0","15,077.0","","0.03%"
"24/12/2001","15,072.0","15,072.0","15,072.0","15,072.0","","0.02%"
"21/12/2001","15,069.0","15,069.0","15,069.0","15,069.0","","0.03%"
"20/12/2001","15,064.0","15,064.0","15,064.0","15,064.0","","0.00%"
"19/12/2001","15,064.0","15,064.0","15,064.0","15,064.0","","0.00%"
"18/12/2001","15,064.0","15,064.0","15,064.0","15,064.0","","0.01%"
"17/12/2001","15,062.0","15,062.0","15,062.0","15,062.0","","0.02%"
"14/12/2001","15,059.0","15,059.0","15,059.0","15,059.0","","0.00%"
"13/12/2001","15,059.0","15,059.0","15,059.0","15,059.0","","-0.01%"
"12/12/2001","15,061.0","15,061.0","15,061.0","15,061.0","","0.00%"
"11/12/2001","15,061.0","15,061.0","15,061.0","15,061.0","","0.00%"
"10/12/2001","15,061.0","15,061.0","15,061.0","15,061.0","","-0.02%"
"07/12/2001","15,064.0","15,064.0","15,064.0","15,064.0","","0.00%"
"06/12/2001","15,064.0","15,064.0","15,064.0","15,064.0","","-0.01%"
"05/12/2001","15,066.0","15,066.0","15,066.0","15,066.0","","0.01%"
"04/12/2001","15,065.0","15,065.0","15,065.0","15,065.0","","-0.02%"
"03/12/2001","15,068.0","15,068.0","15,068.0","15,068.0","","0.02%"
"30/11/2001","15,065.0","15,065.0","15,065.0","15,065.0","","0.03%"
"29/11/2001","15,061.0","15,061.0","15,061.0","15,061.0","","0.00%"
"28/11/2001","15,061.0","15,061.0","15,061.0","15,061.0","","0.03%"
"27/11/2001","15,056.0","15,056.0","15,056.0","15,056.0","","-0.02%"
"26/11/2001","15,059.0","15,059.0","15,059.0","15,059.0","","-0.01%"
"23/11/2001","15,061.0","15,061.0","15,061.0","15,061.0","","0.04%"
"22/11/2001","15,055.0","15,055.0","15,055.0","15,055.0","","-0.01%"
"21/11/2001","15,057.0","15,057.0","15,057.0","15,057.0","","0.00%"
"20/11/2001","15,057.0","15,057.0","15,057.0","15,057.0","","0.03%"
"19/11/2001","15,052.0","15,052.0","15,052.0","15,052.0","","-0.01%"
"16/11/2001","15,054.0","15,054.0","15,054.0","15,054.0","","-0.01%"
"15/11/2001","15,056.0","15,056.0","15,056.0","15,056.0","","0.03%"
"14/11/2001","15,051.0","15,051.0","15,051.0","15,051.0","","0.00%"
"13/11/2001","15,051.0","15,051.0","15,051.0","15,051.0","","0.02%"
"12/11/2001","15,048.0","15,048.0","15,048.0","15,048.0","","0.01%"
"09/11/2001","15,046.0","15,046.0","15,046.0","15,046.0","","0.02%"
"08/11/2001","15,043.0","15,043.0","15,043.0","15,043.0","","0.01%"
"07/11/2001","15,041.0","15,041.0","15,041.0","15,041.0","","0.02%"
"06/11/2001","15,038.0","15,038.0","15,038.0","15,038.0","","0.01%"
"05/11/2001","15,037.0","15,037.0","15,037.0","15,037.0","","0.01%"
"02/11/2001","15,035.0","15,035.0","15,035.0","15,035.0","","0.02%"
"01/11/2001","15,032.0","15,032.0","15,032.0","15,032.0","","0.01%"
"31/10/2001","15,030.0","15,030.0","15,030.0","15,030.0","","0.00%"
"30/10/2001","15,030.0","15,030.0","15,030.0","15,030.0","","0.00%"
"29/10/2001","15,030.0","15,030.0","15,030.0","15,030.0","","0.02%"
"26/10/2001","15,027.0","15,027.0","15,027.0","15,027.0","","0.01%"
"25/10/2001","15,025.0","15,025.0","15,025.0","15,025.0","","0.00%"
"24/10/2001","15,025.0","15,025.0","15,025.0","15,025.0","","0.00%"
"23/10/2001","15,025.0","15,025.0","15,025.0","15,025.0","","0.01%"
"22/10/2001","15,024.0","15,024.0","15,024.0","15,024.0","","0.00%"
"19/10/2001","15,024.0","15,024.0","15,024.0","15,024.0","","0.00%"
"18/10/2001","15,024.0","15,024.0","15,024.0","15,024.0","","0.01%"
"17/10/2001","15,023.0","15,023.0","15,023.0","15,023.0","","0.00%"
"16/10/2001","15,023.0","15,023.0","15,023.0","15,023.0","","0.00%"
"15/10/2001","15,023.0","15,023.0","15,023.0","15,023.0","","0.01%"
"12/10/2001","15,021.0","15,021.0","15,021.0","15,021.0","","0.01%"
"11/10/2001","15,020.0","15,020.0","15,020.0","15,020.0","","0.02%"
"10/10/2001","15,017.0","15,017.0","15,017.0","15,017.0","","0.01%"
"09/10/2001","15,015.0","15,015.0","15,015.0","15,015.0","","0.00%"
"08/10/2001","15,015.0","15,015.0","15,015.0","15,015.0","","0.03%"
"05/10/2001","15,010.0","15,010.0","15,010.0","15,010.0","","0.00%"
"04/10/2001","15,010.0","15,010.0","15,010.0","15,010.0","","0.01%"
"03/10/2001","15,008.0","15,008.0","15,008.0","15,008.0","","0.01%"
"02/10/2001","15,006.0","15,006.0","15,006.0","15,006.0","","0.02%"
"01/10/2001","15,003.0","15,003.0","15,003.0","15,003.0","","0.01%"
"28/09/2001","15,001.0","15,001.0","15,001.0","15,001.0","","0.01%"
"27/09/2001","15,000.0","15,000.0","15,000.0","15,000.0","","0.03%"
"26/09/2001","14,996.0","14,996.0","14,996.0","14,996.0","","0.00%"
"25/09/2001","14,996.0","14,996.0","14,996.0","14,996.0","","0.00%"
"24/09/2001","14,996.0","14,996.0","14,996.0","14,996.0","","0.01%"
"21/09/2001","14,995.0","14,995.0","14,995.0","14,995.0","","0.01%"
"20/09/2001","14,994.0","14,994.0","14,994.0","14,994.0","","-0.01%"
"19/09/2001","14,995.0","14,995.0","14,995.0","14,995.0","","0.00%"
"18/09/2001","14,995.0","14,995.0","14,995.0","14,995.0","","-0.01%"
"17/09/2001","14,996.0","14,996.0","14,996.0","14,996.0","","-0.01%"
"14/09/2001","14,998.0","14,998.0","14,998.0","14,998.0","","-0.02%"
"13/09/2001","15,001.0","15,001.0","15,001.0","15,001.0","","-0.01%"
"12/09/2001","15,002.0","15,002.0","15,002.0","15,002.0","","0.01%"
"11/09/2001","15,000.0","15,000.0","15,000.0","15,000.0","","-0.01%"
"10/09/2001","15,001.0","15,001.0","15,001.0","15,001.0","","0.01%"
"07/09/2001","15,000.0","15,000.0","15,000.0","15,000.0","","0.01%"
"06/09/2001","14,998.0","14,998.0","14,998.0","14,998.0","","0.02%"
"05/09/2001","14,995.0","14,995.0","14,995.0","14,995.0","","0.01%"
"04/09/2001","14,994.0","14,994.0","14,994.0","14,994.0","","0.02%"
"03/09/2001","14,991.0","14,991.0","14,991.0","14,991.0","","0.00%"
"31/08/2001","14,991.0","14,991.0","14,991.0","14,991.0","","0.00%"
"30/08/2001","14,991.0","14,991.0","14,991.0","14,991.0","","0.01%"
"29/08/2001","14,989.0","14,989.0","14,989.0","14,989.0","","0.00%"
"28/08/2001","14,989.0","14,989.0","14,989.0","14,989.0","","0.03%"
"27/08/2001","14,985.0","14,985.0","14,985.0","14,985.0","","0.02%"
"24/08/2001","14,982.0","14,982.0","14,982.0","14,982.0","","0.00%"
"23/08/2001","14,982.0","14,982.0","14,982.0","14,982.0","","0.00%"
"22/08/2001","14,982.0","14,982.0","14,982.0","14,982.0","","-0.01%"
"21/08/2001","14,983.0","14,983.0","14,983.0","14,983.0","","-0.03%"
"20/08/2001","14,987.0","14,987.0","14,987.0","14,987.0","","0.00%"
"17/08/2001","14,987.0","14,987.0","14,987.0","14,987.0","","0.00%"
"16/08/2001","14,987.0","14,987.0","14,987.0","14,987.0","","0.02%"
"15/08/2001","14,984.0","14,984.0","14,984.0","14,984.0","","0.03%"
"14/08/2001","14,979.0","14,979.0","14,979.0","14,979.0","","0.03%"
"13/08/2001","14,974.0","14,974.0","14,974.0","14,974.0","","0.00%"
"10/08/2001","14,974.0","14,974.0","14,974.0","14,974.0","","0.04%"
"09/08/2001","14,968.0","14,968.0","14,968.0","14,968.0","","0.01%"
"08/08/2001","14,966.0","14,966.0","14,966.0","14,966.0","","0.05%"
"07/08/2001","14,959.0","14,959.0","14,959.0","14,959.0","","0.00%"
"06/08/2001","14,959.0","14,959.0","14,959.0","14,959.0","","0.04%"
"03/08/2001","14,953.0","14,953.0","14,953.0","14,953.0","","0.03%"
"02/08/2001","14,948.0","14,948.0","14,948.0","14,948.0","","0.05%"
"01/08/2001","14,941.0","14,941.0","14,941.0","14,941.0","","0.00%"
"31/07/2001","14,941.0","14,941.0","14,941.0","14,941.0","","0.02%"
"30/07/2001","14,938.0","14,938.0","14,938.0","14,938.0","","0.03%"
"27/07/2001","14,933.0","14,933.0","14,933.0","14,933.0","","0.03%"
"26/07/2001","14,928.0","14,928.0","14,928.0","14,928.0","","0.03%"
"25/07/2001","14,923.0","14,923.0","14,923.0","14,923.0","","0.05%"
"24/07/2001","14,916.0","14,916.0","14,916.0","14,916.0","","0.01%"
"23/07/2001","14,914.0","14,914.0","14,914.0","14,914.0","","0.03%"
"20/07/2001","14,909.0","14,909.0","14,909.0","14,909.0","","0.07%"
"19/07/2001","14,899.0","14,899.0","14,899.0","14,899.0","","-0.01%"
"18/07/2001","14,901.0","14,901.0","14,901.0","14,901.0","","0.03%"
"17/07/2001","14,896.0","14,896.0","14,896.0","14,896.0","","0.02%"
"16/07/2001","14,893.0","14,893.0","14,893.0","14,893.0","","0.02%"
"13/07/2001","14,890.0","14,890.0","14,890.0","14,890.0","","0.03%"
"12/07/2001","14,885.0","14,885.0","14,885.0","14,885.0","","0.03%"
"11/07/2001","14,880.0","14,880.0","14,880.0","14,880.0","","0.05%"
"10/07/2001","14,873.0","14,873.0","14,873.0","14,873.0","","0.03%"
"09/07/2001","14,868.0","14,868.0","14,868.0","14,868.0","","0.05%"
"06/07/2001","14,861.0","14,861.0","14,861.0","14,861.0","","0.02%"
"05/07/2001","14,858.0","14,858.0","14,858.0","14,858.0","","-0.03%"
"04/07/2001","14,862.0","14,862.0","14,862.0","14,862.0","","0.04%"
"03/07/2001","14,856.0","14,856.0","14,856.0","14,856.0","","0.05%"
"02/07/2001","14,849.0","14,849.0","14,849.0","14,849.0","","0.05%"
"29/06/2001","14,842.0","14,842.0","14,842.0","14,842.0","","0.03%"
"28/06/2001","14,837.0","14,837.0","14,837.0","14,837.0","","0.04%"
"27/06/2001","14,831.0","14,831.0","14,831.0","14,831.0","","0.03%"
"26/06/2001","14,826.0","14,826.0","14,826.0","14,826.0","","0.00%"
"25/06/2001","14,826.0","14,826.0","14,826.0","14,826.0","","0.05%"
"22/06/2001","14,819.0","14,819.0","14,819.0","14,819.0","","0.05%"
"21/06/2001","14,812.0","14,812.0","14,812.0","14,812.0","","0.06%"
"20/06/2001","14,803.0","14,803.0","14,803.0","14,803.0","","0.07%"
"19/06/2001","14,793.0","14,793.0","14,793.0","14,793.0","","0.06%"
"18/06/2001","14,784.0","14,784.0","14,784.0","14,784.0","","0.07%"
"15/06/2001","14,774.0","14,774.0","14,774.0","14,774.0","","0.14%"
"14/06/2001","14,754.0","14,754.0","14,754.0","14,754.0","","0.00%"
"13/06/2001","14,754.0","14,754.0","14,754.0","14,754.0","","0.09%"
"12/06/2001","14,740.0","14,740.0","14,740.0","14,740.0","","0.14%"
"11/06/2001","14,719.0","14,719.0","14,719.0","14,719.0","","0.00%"
"08/06/2001","14,719.0","14,719.0","14,719.0","14,719.0","","0.07%"
"07/06/2001","14,709.0","14,709.0","14,709.0","14,709.0","","0.07%"
"06/06/2001","14,698.0","14,698.0","14,698.0","14,698.0","","0.08%"
"05/06/2001","14,686.0","14,686.0","14,686.0","14,686.0","","0.09%"
"04/06/2001","14,673.0","14,673.0","14,673.0","14,673.0","","0.00%"
"01/06/2001","14,673.0","14,673.0","14,673.0","14,673.0","","0.10%"
"31/05/2001","14,659.0","14,659.0","14,659.0","14,659.0","","0.10%"
"30/05/2001","14,645.0","14,645.0","14,645.0","14,645.0","","0.07%"
"29/05/2001","14,635.0","14,635.0","14,635.0","14,635.0","","0.03%"
"28/05/2001","14,631.0","14,631.0","14,631.0","14,631.0","","0.03%"
"25/05/2001","14,627.0","14,627.0","14,627.0","14,627.0","","0.05%"
"24/05/2001","14,620.0","14,620.0","14,620.0","14,620.0","","0.03%"
"23/05/2001","14,616.0","14,616.0","14,616.0","14,616.0","","0.02%"
"22/05/2001","14,613.0","14,613.0","14,613.0","14,613.0","","0.03%"
"21/05/2001","14,609.0","14,609.0","14,609.0","14,609.0","","0.03%"
"18/05/2001","14,604.0","14,604.0","14,604.0","14,604.0","","0.02%"
"17/05/2001","14,601.0","14,601.0","14,601.0","14,601.0","","0.03%"
"16/05/2001","14,596.0","14,596.0","14,596.0","14,596.0","","0.03%"
"15/05/2001","14,591.0","14,591.0","14,591.0","14,591.0","","0.01%"
"14/05/2001","14,589.0","14,589.0","14,589.0","14,589.0","","0.02%"
"11/05/2001","14,586.0","14,586.0","14,586.0","14,586.0","","0.01%"
"10/05/2001","14,584.0","14,584.0","14,584.0","14,584.0","","0.03%"
"09/05/2001","14,579.0","14,579.0","14,579.0","14,579.0","","0.02%"
"08/05/2001","14,576.0","14,576.0","14,576.0","14,576.0","","0.03%"
"07/05/2001","14,571.0","14,571.0","14,571.0","14,571.0","","0.03%"
"04/05/2001","14,566.0","14,566.0","14,566.0","14,566.0","","0.00%"
"03/05/2001","14,566.0","14,566.0","14,566.0","14,566.0","","0.01%"
"02/05/2001","14,564.0","14,564.0","14,564.0","14,564.0","","0.00%"
"01/05/2001","14,564.0","14,564.0","14,564.0","14,564.0","","0.00%"
"30/04/2001","14,564.0","14,564.0","14,564.0","14,564.0","","0.00%"
"27/04/2001","14,564.0","14,564.0","14,564.0","14,564.0","","0.00%"
"26/04/2001","14,564.0","14,564.0","14,564.0","14,564.0","","0.01%"
"25/04/2001","14,562.0","14,562.0","14,562.0","14,562.0","","0.00%"
"24/04/2001","14,562.0","14,562.0","14,562.0","14,562.0","","0.02%"
"23/04/2001","14,559.0","14,559.0","14,559.0","14,559.0","","0.00%"
"20/04/2001","14,559.0","14,559.0","14,559.0","14,559.0","","0.01%"
"19/04/2001","14,557.0","14,557.0","14,557.0","14,557.0","","0.01%"
"18/04/2001","14,555.0","14,555.0","14,555.0","14,555.0","","-0.01%"
"17/04/2001","14,557.0","14,557.0","14,557.0","14,557.0","","0.00%"
"16/04/2001","14,557.0","14,557.0","14,557.0","14,557.0","","-0.01%"
"13/04/2001","14,559.0","14,559.0","14,559.0","14,559.0","","0.01%"
"12/04/2001","14,557.0","14,557.0","14,557.0","14,557.0","","0.03%"
"11/04/2001","14,553.0","14,553.0","14,553.0","14,553.0","","0.00%"
"10/04/2001","14,553.0","14,553.0","14,553.0","14,553.0","","0.05%"
"09/04/2001","14,546.0","14,546.0","14,546.0","14,546.0","","0.00%"
"06/04/2001","14,546.0","14,546.0","14,546.0","14,546.0","","0.01%"
"05/04/2001","14,544.0","14,544.0","14,544.0","14,544.0","","0.01%"
"04/04/2001","14,542.0","14,542.0","14,542.0","14,542.0","","0.01%"
"03/04/2001","14,541.0","14,541.0","14,541.0","14,541.0","","-0.01%"
"02/04/2001","14,542.0","14,542.0","14,542.0","14,542.0","","0.00%"
"30/03/2001","14,542.0","14,542.0","14,542.0","14,542.0","","0.00%"
"29/03/2001","14,542.0","14,542.0","14,542.0","14,542.0","","-0.01%"
"28/03/2001","14,544.0","14,544.0","14,544.0","14,544.0","","0.00%"
"27/03/2001","14,544.0","14,544.0","14,544.0","14,544.0","","0.00%"
"26/03/2001","14,544.0","14,544.0","14,544.0","14,544.0","","0.00%"
"23/03/2001","14,544.0","14,544.0","14,544.0","14,544.0","","0.00%"
"22/03/2001","14,544.0","14,544.0","14,544.0","14,544.0","","-0.01%"
"21/03/2001","14,545.0","14,545.0","14,545.0","14,545.0","","0.00%"
"20/03/2001","14,545.0","14,545.0","14,545.0","14,545.0","","-0.01%"
"19/03/2001","14,547.0","14,547.0","14,547.0","14,547.0","","0.00%"
"16/03/2001","14,547.0","14,547.0","14,547.0","14,547.0","","-0.01%"
"15/03/2001","14,549.0","14,549.0","14,549.0","14,549.0","","0.00%"
"14/03/2001","14,549.0","14,549.0","14,549.0","14,549.0","","-0.03%"
"13/03/2001","14,553.0","14,553.0","14,553.0","14,553.0","","0.00%"
"12/03/2001","14,553.0","14,553.0","14,553.0","14,553.0","","0.00%"
"09/03/2001","14,553.0","14,553.0","14,553.0","14,553.0","","0.00%"
"08/03/2001","14,553.0","14,553.0","14,553.0","14,553.0","","0.00%"
"07/03/2001","14,553.0","14,553.0","14,553.0","14,553.0","","-0.02%"
"06/03/2001","14,556.0","14,556.0","14,556.0","14,556.0","","-0.01%"
"05/03/2001","14,558.0","14,558.0","14,558.0","14,558.0","","0.00%"
"02/03/2001","14,558.0","14,558.0","14,558.0","14,558.0","","-0.01%"
"01/03/2001","14,559.0","14,559.0","14,559.0","14,559.0","","-0.02%"
"28/02/2001","14,562.0","14,562.0","14,562.0","14,562.0","","-0.02%"
"27/02/2001","14,565.0","14,565.0","14,565.0","14,565.0","","0.00%"
"26/02/2001","14,565.0","14,565.0","14,565.0","14,565.0","","0.00%"
"23/02/2001","14,565.0","14,565.0","14,565.0","14,565.0","","0.03%"
"22/02/2001","14,561.0","14,561.0","14,561.0","14,561.0","","0.00%"
"21/02/2001","14,561.0","14,561.0","14,561.0","14,561.0","","0.02%"
"20/02/2001","14,558.0","14,558.0","14,558.0","14,558.0","","0.00%"
"19/02/2001","14,558.0","14,558.0","14,558.0","14,558.0","","0.01%"
"16/02/2001","14,556.0","14,556.0","14,556.0","14,556.0","","0.00%"
"15/02/2001","14,556.0","14,556.0","14,556.0","14,556.0","","0.03%"
"14/02/2001","14,552.0","14,552.0","14,552.0","14,552.0","","0.02%"
"13/02/2001","14,549.0","14,549.0","14,549.0","14,549.0","","0.00%"
"12/02/2001","14,549.0","14,549.0","14,549.0","14,549.0","","-0.01%"
"09/02/2001","14,551.0","14,551.0","14,551.0","14,551.0","","0.00%"
"08/02/2001","14,551.0","14,551.0","14,551.0","14,551.0","","0.02%"
"07/02/2001","14,548.0","14,548.0","14,548.0","14,548.0","","0.00%"
"06/02/2001","14,548.0","14,548.0","14,548.0","14,548.0","","0.02%"
"05/02/2001","14,545.0","14,545.0","14,545.0","14,545.0","","0.03%"
"02/02/2001","14,541.0","14,541.0","14,541.0","14,541.0","","0.00%"
"01/02/2001","14,541.0","14,541.0","14,541.0","14,541.0","","-0.01%"
"31/01/2001","14,543.0","14,543.0","14,543.0","14,543.0","","0.00%"
"30/01/2001","14,543.0","14,543.0","14,543.0","14,543.0","","-0.02%"
"29/01/2001","14,546.0","14,546.0","14,546.0","14,546.0","","0.03%"
"26/01/2001","14,541.0","14,541.0","14,541.0","14,541.0","","0.00%"
"25/01/2001","14,541.0","14,541.0","14,541.0","14,541.0","","0.00%"
"24/01/2001","14,541.0","14,541.0","14,541.0","14,541.0","","0.00%"
"23/01/2001","14,541.0","14,541.0","14,541.0","14,541.0","","0.00%"
"22/01/2001","14,541.0","14,541.0","14,541.0","14,541.0","","0.00%"
"19/01/2001","14,541.0","14,541.0","14,541.0","14,541.0","","0.01%"
"18/01/2001","14,539.0","14,539.0","14,539.0","14,539.0","","0.02%"
"17/01/2001","14,536.0","14,536.0","14,536.0","14,536.0","","0.08%"
"16/01/2001","14,524.0","14,524.0","14,524.0","14,524.0","","0.00%"
"15/01/2001","14,524.0","14,524.0","14,524.0","14,524.0","","0.00%"
"12/01/2001","14,524.0","14,524.0","14,524.0","14,524.0","","0.00%"
"11/01/2001","14,524.0","14,524.0","14,524.0","14,524.0","","0.00%"
"10/01/2001","14,524.0","14,524.0","14,524.0","14,524.0","","0.01%"
"09/01/2001","14,522.0","14,522.0","14,522.0","14,522.0","","0.00%"
"08/01/2001","14,522.0","14,522.0","14,522.0","14,522.0","","0.01%"
"05/01/2001","14,520.0","14,520.0","14,520.0","14,520.0","","0.01%"
"04/01/2001","14,519.0","14,519.0","14,519.0","14,519.0","","0.00%"
"03/01/2001","14,519.0","14,519.0","14,519.0","14,519.0","","0.03%"
"02/01/2001","14,515.0","14,515.0","14,515.0","14,515.0","","0.02%"
"29/12/2000","14,512.0","14,512.0","14,512.0","14,512.0","","0.00%"
"28/12/2000","14,512.0","14,512.0","14,512.0","14,512.0","","0.01%"
"27/12/2000","14,511.0","14,511.0","14,511.0","14,511.0","","-0.02%"
"26/12/2000","14,514.0","14,514.0","14,514.0","14,514.0","","0.01%"
"25/12/2000","14,513.0","14,513.0","14,513.0","14,513.0","","0.05%"
"22/12/2000","14,506.0","14,506.0","14,506.0","14,506.0","","0.00%"
"21/12/2000","14,506.0","14,506.0","14,506.0","14,506.0","","0.00%"
"20/12/2000","14,506.0","14,506.0","14,506.0","14,506.0","","-0.01%"
"19/12/2000","14,507.0","14,507.0","14,507.0","14,507.0","","0.00%"
"18/12/2000","14,507.0","14,507.0","14,507.0","14,507.0","","-0.01%"
"15/12/2000","14,509.0","14,509.0","14,509.0","14,509.0","","-0.02%"
"14/12/2000","14,512.0","14,512.0","14,512.0","14,512.0","","-0.01%"
"13/12/2000","14,513.0","14,513.0","14,513.0","14,513.0","","0.01%"
"12/12/2000","14,511.0","14,511.0","14,511.0","14,511.0","","0.03%"
"11/12/2000","14,506.0","14,506.0","14,506.0","14,506.0","","-0.01%"
"08/12/2000","14,508.0","14,508.0","14,508.0","14,508.0","","0.00%"
"07/12/2000","14,508.0","14,508.0","14,508.0","14,508.0","","0.00%"
"06/12/2000","14,508.0","14,508.0","14,508.0","14,508.0","","0.03%"
"05/12/2000","14,503.0","14,503.0","14,503.0","14,503.0","","0.00%"
"04/12/2000","14,503.0","14,503.0","14,503.0","14,503.0","","0.05%"
"01/12/2000","14,496.0","14,496.0","14,496.0","14,496.0","","0.00%"
"30/11/2000","14,496.0","14,496.0","14,496.0","14,496.0","","0.03%"
"29/11/2000","14,491.0","14,491.0","14,491.0","14,491.0","","0.00%"
"28/11/2000","14,491.0","14,491.0","14,491.0","14,491.0","","0.04%"
"27/11/2000","14,485.0","14,485.0","14,485.0","14,485.0","","0.08%"
"24/11/2000","14,474.0","14,474.0","14,474.0","14,474.0","","-0.03%"
"23/11/2000","14,479.0","14,479.0","14,479.0","14,479.0","","0.03%"
"22/11/2000","14,474.0","14,474.0","14,474.0","14,474.0","","0.05%"
"21/11/2000","14,467.0","14,467.0","14,467.0","14,467.0","","0.00%"
"20/11/2000","14,467.0","14,467.0","14,467.0","14,467.0","","0.06%"
"17/11/2000","14,459.0","14,459.0","14,459.0","14,459.0","","0.00%"
"16/11/2000","14,459.0","14,459.0","14,459.0","14,459.0","","0.05%"
"15/11/2000","14,452.0","14,452.0","14,452.0","14,452.0","","0.03%"
"14/11/2000","14,447.0","14,447.0","14,447.0","14,447.0","","0.07%"
"13/11/2000","14,437.0","14,437.0","14,437.0","14,437.0","","0.03%"
"10/11/2000","14,432.0","14,432.0","14,432.0","14,432.0","","0.00%"
"09/11/2000","14,432.0","14,432.0","14,432.0","14,432.0","","0.07%"
"08/11/2000","14,422.0","14,422.0","14,422.0","14,422.0","","0.08%"
"07/11/2000","14,410.0","14,410.0","14,410.0","14,410.0","","0.03%"
"06/11/2000","14,405.0","14,405.0","14,405.0","14,405.0","","0.05%"
"03/11/2000","14,398.0","14,398.0","14,398.0","14,398.0","","0.00%"
"02/11/2000","14,398.0","14,398.0","14,398.0","14,398.0","","0.16%"
"01/11/2000","14,375.0","14,375.0","14,375.0","14,375.0","","0.00%"
"31/10/2000","14,375.0","14,375.0","14,375.0","14,375.0","","0.03%"
"30/10/2000","14,370.0","14,370.0","14,370.0","14,370.0","","0.07%"
"27/10/2000","14,360.0","14,360.0","14,360.0","14,360.0","","0.07%"
"26/10/2000","14,350.0","14,350.0","14,350.0","14,350.0","","0.07%"
"25/10/2000","14,340.0","14,340.0","14,340.0","14,340.0","","0.00%"
"24/10/2000","14,340.0","14,340.0","14,340.0","14,340.0","","0.03%"
"23/10/2000","14,335.0","14,335.0","14,335.0","14,335.0","","0.00%"
"20/10/2000","14,335.0","14,335.0","14,335.0","14,335.0","","0.07%"
"19/10/2000","14,325.0","14,325.0","14,325.0","14,325.0","","0.00%"
"18/10/2000","14,325.0","14,325.0","14,325.0","14,325.0","","0.10%"
"17/10/2000","14,310.0","14,310.0","14,310.0","14,310.0","","0.00%"
"16/10/2000","14,310.0","14,310.0","14,310.0","14,310.0","","0.44%"
"13/10/2000","14,248.0","14,248.0","14,248.0","14,248.0","","0.00%"
"12/10/2000","14,248.0","14,248.0","14,248.0","14,248.0","","0.00%"
"11/10/2000","14,248.0","14,248.0","14,248.0","14,248.0","","0.00%"
"10/10/2000","14,248.0","14,248.0","14,248.0","14,248.0","","-0.09%"
"09/10/2000","14,261.0","14,261.0","14,261.0","14,261.0","","0.09%"
"06/10/2000","14,248.0","14,248.0","14,248.0","14,248.0","","0.00%"
"05/10/2000","14,248.0","14,248.0","14,248.0","14,248.0","","0.06%"
"04/10/2000","14,240.0","14,240.0","14,240.0","14,240.0","","0.06%"
"03/10/2000","14,232.0","14,232.0","14,232.0","14,232.0","","0.10%"
"02/10/2000","14,218.0","14,218.0","14,218.0","14,218.0","","0.04%"
"29/09/2000","14,212.0","14,212.0","14,212.0","14,212.0","","0.04%"
"28/09/2000","14,207.0","14,207.0","14,207.0","14,207.0","","0.00%"
"27/09/2000","14,207.0","14,207.0","14,207.0","14,207.0","","0.04%"
"26/09/2000","14,202.0","14,202.0","14,202.0","14,202.0","","0.08%"
"25/09/2000","14,190.0","14,190.0","14,190.0","14,190.0","","0.08%"
"22/09/2000","14,178.0","14,178.0","14,178.0","14,178.0","","0.06%"
"21/09/2000","14,170.0","14,170.0","14,170.0","14,170.0","","-0.03%"
"20/09/2000","14,174.0","14,174.0","14,174.0","14,174.0","","0.10%"
"19/09/2000","14,160.0","14,160.0","14,160.0","14,160.0","","-0.01%"
"18/09/2000","14,162.0","14,162.0","14,162.0","14,162.0","","0.11%"
"15/09/2000","14,146.0","14,146.0","14,146.0","14,146.0","","0.02%"
"14/09/2000","14,143.0","14,143.0","14,143.0","14,143.0","","0.04%"
"13/09/2000","14,138.0","14,138.0","14,138.0","14,138.0","","0.00%"
"12/09/2000","14,138.0","14,138.0","14,138.0","14,138.0","","-0.01%"
"11/09/2000","14,140.0","14,140.0","14,140.0","14,140.0","","0.05%"
"08/09/2000","14,133.0","14,133.0","14,133.0","14,133.0","","0.03%"
"07/09/2000","14,129.0","14,129.0","14,129.0","14,129.0","","0.04%"
"06/09/2000","14,124.0","14,124.0","14,124.0","14,124.0","","0.00%"
"05/09/2000","14,124.0","14,124.0","14,124.0","14,124.0","","0.04%"
"04/09/2000","14,118.0","14,118.0","14,118.0","14,118.0","","0.00%"
"01/09/2000","14,118.0","14,118.0","14,118.0","14,118.0","","0.00%"
"31/08/2000","14,118.0","14,118.0","14,118.0","14,118.0","","0.04%"
"30/08/2000","14,113.0","14,113.0","14,113.0","14,113.0","","-0.01%"
"29/08/2000","14,115.0","14,115.0","14,115.0","14,115.0","","0.00%"
"28/08/2000","14,115.0","14,115.0","14,115.0","14,115.0","","0.04%"
"25/08/2000","14,110.0","14,110.0","14,110.0","14,110.0","","0.01%"
"24/08/2000","14,108.0","14,108.0","14,108.0","14,108.0","","-0.01%"
"23/08/2000","14,109.0","14,109.0","14,109.0","14,109.0","","0.03%"
"22/08/2000","14,105.0","14,105.0","14,105.0","14,105.0","","0.00%"
"21/08/2000","14,105.0","14,105.0","14,105.0","14,105.0","","-0.01%"
"18/08/2000","14,107.0","14,107.0","14,107.0","14,107.0","","0.04%"
"17/08/2000","14,102.0","14,102.0","14,102.0","14,102.0","","-0.01%"
"16/08/2000","14,103.0","14,103.0","14,103.0","14,103.0","","0.03%"
"15/08/2000","14,099.0","14,099.0","14,099.0","14,099.0","","0.00%"
"14/08/2000","14,099.0","14,099.0","14,099.0","14,099.0","","0.00%"
"11/08/2000","14,099.0","14,099.0","14,099.0","14,099.0","","0.02%"
"10/08/2000","14,096.0","14,096.0","14,096.0","14,096.0","","0.00%"
"09/08/2000","14,096.0","14,096.0","14,096.0","14,096.0","","0.00%"
"08/08/2000","14,096.0","14,096.0","14,096.0","14,096.0","","-0.01%"
"07/08/2000","14,097.0","14,097.0","14,097.0","14,097.0","","0.02%"
"04/08/2000","14,094.0","14,094.0","14,094.0","14,094.0","","0.00%"
"03/08/2000","14,094.0","14,094.0","14,094.0","14,094.0","","0.01%"
"02/08/2000","14,093.0","14,093.0","14,093.0","14,093.0","","0.02%"
"01/08/2000","14,090.0","14,090.0","14,090.0","14,090.0","","0.00%"
"31/07/2000","14,090.0","14,090.0","14,090.0","14,090.0","","0.00%"
"28/07/2000","14,090.0","14,090.0","14,090.0","14,090.0","","0.00%"
"27/07/2000","14,090.0","14,090.0","14,090.0","14,090.0","","-0.02%"
"26/07/2000","14,093.0","14,093.0","14,093.0","14,093.0","","0.02%"
"25/07/2000","14,090.0","14,090.0","14,090.0","14,090.0","","-0.01%"
"24/07/2000","14,092.0","14,092.0","14,092.0","14,092.0","","0.00%"
"21/07/2000","14,092.0","14,092.0","14,092.0","14,092.0","","0.00%"
"20/07/2000","14,092.0","14,092.0","14,092.0","14,092.0","","0.01%"
"19/07/2000","14,090.0","14,090.0","14,090.0","14,090.0","","0.00%"
"18/07/2000","14,090.0","14,090.0","14,090.0","14,090.0","","0.01%"
"17/07/2000","14,088.0","14,088.0","14,088.0","14,088.0","","0.00%"
"14/07/2000","14,088.0","14,088.0","14,088.0","14,088.0","","0.00%"
"13/07/2000","14,088.0","14,088.0","14,088.0","14,088.0","","-0.01%"
"12/07/2000","14,089.0","14,089.0","14,089.0","14,089.0","","0.02%"
"11/07/2000","14,086.0","14,086.0","14,086.0","14,086.0","","0.00%"
"10/07/2000","14,086.0","14,086.0","14,086.0","14,086.0","","0.00%"
"07/07/2000","14,086.0","14,086.0","14,086.0","14,086.0","","0.02%"
"06/07/2000","14,083.0","14,083.0","14,083.0","14,083.0","","-0.01%"
"05/07/2000","14,085.0","14,085.0","14,085.0","14,085.0","","0.01%"
"04/07/2000","14,084.0","14,084.0","14,084.0","14,084.0","","0.00%"
"03/07/2000","14,084.0","14,084.0","14,084.0","14,084.0","","0.02%"
"30/06/2000","14,081.0","14,081.0","14,081.0","14,081.0","","-0.01%"
"29/06/2000","14,082.0","14,082.0","14,082.0","14,082.0","","0.00%"
"28/06/2000","14,082.0","14,082.0","14,082.0","14,082.0","","-0.02%"
"27/06/2000","14,085.0","14,085.0","14,085.0","14,085.0","","0.00%"
"26/06/2000","14,085.0","14,085.0","14,085.0","14,085.0","","0.01%"
"23/06/2000","14,084.0","14,084.0","14,084.0","14,084.0","","0.00%"
"22/06/2000","14,084.0","14,084.0","14,084.0","14,084.0","","0.00%"
"21/06/2000","14,084.0","14,084.0","14,084.0","14,084.0","","0.00%"
"20/06/2000","14,084.0","14,084.0","14,084.0","14,084.0","","0.00%"
"19/06/2000","14,084.0","14,084.0","14,084.0","14,084.0","","0.01%"
"16/06/2000","14,083.0","14,083.0","14,083.0","14,083.0","","0.00%"
"15/06/2000","14,083.0","14,083.0","14,083.0","14,083.0","","0.00%"
"14/06/2000","14,083.0","14,083.0","14,083.0","14,083.0","","0.00%"
"13/06/2000","14,083.0","14,083.0","14,083.0","14,083.0","","0.00%"
"12/06/2000","14,083.0","14,083.0","14,083.0","14,083.0","","0.01%"
"09/06/2000","14,081.0","14,081.0","14,081.0","14,081.0","","-0.01%"
"08/06/2000","14,082.0","14,082.0","14,082.0","14,082.0","","0.01%"
"07/06/2000","14,080.0","14,080.0","14,080.0","14,080.0","","0.00%"
"06/06/2000","14,080.0","14,080.0","14,080.0","14,080.0","","0.01%"
"05/06/2000","14,079.0","14,079.0","14,079.0","14,079.0","","-0.01%"
"02/06/2000","14,081.0","14,081.0","14,081.0","14,081.0","","-0.01%"
"01/06/2000","14,083.0","14,083.0","14,083.0","14,083.0","","0.01%"
"31/05/2000","14,082.0","14,082.0","14,082.0","14,082.0","","0.00%"
"30/05/2000","14,082.0","14,082.0","14,082.0","14,082.0","","0.01%"
"29/05/2000","14,080.0","14,080.0","14,080.0","14,080.0","","0.00%"
"26/05/2000","14,080.0","14,080.0","14,080.0","14,080.0","","0.00%"
"25/05/2000","14,080.0","14,080.0","14,080.0","14,080.0","","0.01%"
"24/05/2000","14,079.0","14,079.0","14,079.0","14,079.0","","0.00%"
"23/05/2000","14,079.0","14,079.0","14,079.0","14,079.0","","0.01%"
"22/05/2000","14,077.0","14,077.0","14,077.0","14,077.0","","0.01%"
"19/05/2000","14,076.0","14,076.0","14,076.0","14,076.0","","0.01%"
"18/05/2000","14,074.0","14,074.0","14,074.0","14,074.0","","0.02%"
"17/05/2000","14,071.0","14,071.0","14,071.0","14,071.0","","0.00%"
"16/05/2000","14,071.0","14,071.0","14,071.0","14,071.0","","-0.01%"
"15/05/2000","14,073.0","14,073.0","14,073.0","14,073.0","","0.00%"
"12/05/2000","14,073.0","14,073.0","14,073.0","14,073.0","","0.01%"
"11/05/2000","14,072.0","14,072.0","14,072.0","14,072.0","","0.01%"
"10/05/2000","14,071.0","14,071.0","14,071.0","14,071.0","","0.00%"
"09/05/2000","14,071.0","14,071.0","14,071.0","14,071.0","","0.00%"
"08/05/2000","14,071.0","14,071.0","14,071.0","14,071.0","","0.01%"
"05/05/2000","14,069.0","14,069.0","14,069.0","14,069.0","","0.00%"
"04/05/2000","14,069.0","14,069.0","14,069.0","14,069.0","","0.01%"
"03/05/2000","14,067.0","14,067.0","14,067.0","14,067.0","","0.01%"
"02/05/2000","14,065.0","14,065.0","14,065.0","14,065.0","","0.00%"
"01/05/2000","14,065.0","14,065.0","14,065.0","14,065.0","","0.00%"
"28/04/2000","14,065.0","14,065.0","14,065.0","14,065.0","","0.00%"
"27/04/2000","14,065.0","14,065.0","14,065.0","14,065.0","","0.00%"
"26/04/2000","14,065.0","14,065.0","14,065.0","14,065.0","","-0.01%"
"25/04/2000","14,066.0","14,066.0","14,066.0","14,066.0","","0.02%"
"24/04/2000","14,063.0","14,063.0","14,063.0","14,063.0","","-0.02%"
"21/04/2000","14,066.0","14,066.0","14,066.0","14,066.0","","0.03%"
"20/04/2000","14,062.0","14,062.0","14,062.0","14,062.0","","-0.01%"
"19/04/2000","14,064.0","14,064.0","14,064.0","14,064.0","","0.03%"
"18/04/2000","14,060.0","14,060.0","14,060.0","14,060.0","","0.00%"
"17/04/2000","14,060.0","14,060.0","14,060.0","14,060.0","","0.00%"
"14/04/2000","14,060.0","14,060.0","14,060.0","14,060.0","","-0.03%"
"13/04/2000","14,064.0","14,064.0","14,064.0","14,064.0","","0.04%"
"12/04/2000","14,058.0","14,058.0","14,058.0","14,058.0","","0.01%"
"11/04/2000","14,056.0","14,056.0","14,056.0","14,056.0","","0.01%"
"10/04/2000","14,055.0","14,055.0","14,055.0","14,055.0","","0.00%"
"07/04/2000","14,055.0","14,055.0","14,055.0","14,055.0","","-0.01%"
"06/04/2000","14,056.0","14,056.0","14,056.0","14,056.0","","-0.02%"
"05/04/2000","14,059.0","14,059.0","14,059.0","14,059.0","","0.00%"
"04/04/2000","14,059.0","14,059.0","14,059.0","14,059.0","","0.00%"
"03/04/2000","14,059.0","14,059.0","14,059.0","14,059.0","","0.00%"
"31/03/2000","14,059.0","14,059.0","14,059.0","14,059.0","","-0.02%"
"30/03/2000","14,062.0","14,062.0","14,062.0","14,062.0","","0.01%"
"29/03/2000","14,060.0","14,060.0","14,060.0","14,060.0","","-0.03%"
"28/03/2000","14,064.0","14,064.0","14,064.0","14,064.0","","0.01%"
"27/03/2000","14,063.0","14,063.0","14,063.0","14,063.0","","0.03%"
"24/03/2000","14,059.0","14,059.0","14,059.0","14,059.0","","-0.02%"
"23/03/2000","14,062.0","14,062.0","14,062.0","14,062.0","","0.01%"
"22/03/2000","14,061.0","14,061.0","14,061.0","14,061.0","","0.01%"
"21/03/2000","14,059.0","14,059.0","14,059.0","14,059.0","","-0.02%"
"20/03/2000","14,062.0","14,062.0","14,062.0","14,062.0","","-0.01%"
"17/03/2000","14,064.0","14,064.0","14,064.0","14,064.0","","0.00%"
"16/03/2000","14,064.0","14,064.0","14,064.0","14,064.0","","0.01%"
"15/03/2000","14,062.0","14,062.0","14,062.0","14,062.0","","0.01%"
"14/03/2000","14,060.0","14,060.0","14,060.0","14,060.0","","0.00%"
"13/03/2000","14,060.0","14,060.0","14,060.0","14,060.0","","-0.01%"
"10/03/2000","14,061.0","14,061.0","14,061.0","14,061.0","","0.01%"
"09/03/2000","14,059.0","14,059.0","14,059.0","14,059.0","","0.01%"
"08/03/2000","14,058.0","14,058.0","14,058.0","14,058.0","","0.01%"
"07/03/2000","14,057.0","14,057.0","14,057.0","14,057.0","","-0.02%"
"06/03/2000","14,060.0","14,060.0","14,060.0","14,060.0","","0.04%"
"03/03/2000","14,054.0","14,054.0","14,054.0","14,054.0","","0.00%"
"02/03/2000","14,054.0","14,054.0","14,054.0","14,054.0","","0.00%"
"01/03/2000","14,054.0","14,054.0","14,054.0","14,054.0","","-0.01%"
"29/02/2000","14,055.0","14,055.0","14,055.0","14,055.0","","0.00%"
"28/02/2000","14,055.0","14,055.0","14,055.0","14,055.0","","0.00%"
"25/02/2000","14,055.0","14,055.0","14,055.0","14,055.0","","0.00%"
"24/02/2000","14,055.0","14,055.0","14,055.0","14,055.0","","0.00%"
"23/02/2000","14,055.0","14,055.0","14,055.0","14,055.0","","-0.02%"
"22/02/2000","14,058.0","14,058.0","14,058.0","14,058.0","","-0.01%"
"21/02/2000","14,060.0","14,060.0","14,060.0","14,060.0","","0.00%"
"18/02/2000","14,060.0","14,060.0","14,060.0","14,060.0","","0.02%"
"17/02/2000","14,057.0","14,057.0","14,057.0","14,057.0","","0.00%"
"16/02/2000","14,057.0","14,057.0","14,057.0","14,057.0","","0.00%"
"15/02/2000","14,057.0","14,057.0","14,057.0","14,057.0","","0.00%"
"14/02/2000","14,057.0","14,057.0","14,057.0","14,057.0","","0.01%"
"11/02/2000","14,055.0","14,055.0","14,055.0","14,055.0","","0.00%"
"10/02/2000","14,055.0","14,055.0","14,055.0","14,055.0","","0.00%"
"09/02/2000","14,055.0","14,055.0","14,055.0","14,055.0","","0.00%"
"08/02/2000","14,055.0","14,055.0","14,055.0","14,055.0","","0.00%"
"07/02/2000","14,055.0","14,055.0","14,055.0","14,055.0","","0.00%"
"04/02/2000","14,055.0","14,055.0","14,055.0","14,055.0","","0.00%"
"03/02/2000","14,055.0","14,055.0","14,055.0","14,055.0","","0.00%"
"02/02/2000","14,055.0","14,055.0","14,055.0","14,055.0","","0.04%"
"01/02/2000","14,050.0","14,050.0","14,050.0","14,050.0","","0.00%"
"31/01/2000","14,050.0","14,050.0","14,050.0","14,050.0","","-0.02%"
"28/01/2000","14,053.0","14,053.0","14,053.0","14,053.0","","0.02%"
"27/01/2000","14,050.0","14,050.0","14,050.0","14,050.0","","0.01%"
"26/01/2000","14,048.0","14,048.0","14,048.0","14,048.0","","0.00%"
"25/01/2000","14,048.0","14,048.0","14,048.0","14,048.0","","0.04%"
"24/01/2000","14,042.0","14,042.0","14,042.0","14,042.0","","0.00%"
"21/01/2000","14,042.0","14,042.0","14,042.0","14,042.0","","0.01%"
"20/01/2000","14,041.0","14,041.0","14,041.0","14,041.0","","0.01%"
"19/01/2000","14,040.0","14,040.0","14,040.0","14,040.0","","0.00%"
"18/01/2000","14,040.0","14,040.0","14,040.0","14,040.0","","-0.02%"
"17/01/2000","14,043.0","14,043.0","14,043.0","14,043.0","","0.03%"
"14/01/2000","14,039.0","14,039.0","14,039.0","14,039.0","","0.01%"
"13/01/2000","14,038.0","14,038.0","14,038.0","14,038.0","","0.01%"
"12/01/2000","14,037.0","14,037.0","14,037.0","14,037.0","","0.00%"
"11/01/2000","14,037.0","14,037.0","14,037.0","14,037.0","","0.00%"
"10/01/2000","14,037.0","14,037.0","14,037.0","14,037.0","","0.04%"
"07/01/2000","14,032.0","14,032.0","14,032.0","14,032.0","","0.00%"
"06/01/2000","14,032.0","14,032.0","14,032.0","14,032.0","","-0.01%"
"05/01/2000","14,033.0","14,033.0","14,033.0","14,033.0","","0.03%"
"04/01/2000","14,029.0","14,029.0","14,029.0","14,029.0","","0.01%"
"03/01/2000","14,027.0","14,027.0","14,027.0","14,027.0","","0.00%"