"Date","Price","Open","High","Low","Vol.","Change %"
"01/01/2026","0.38020000","0.38020000","0.38020000","0.38020000","","0.00%"
"12/31/2025","0.38020000","0.38060001","0.38075000","0.37979999","","-0.13%"
"12/30/2025","0.38069999","0.38040000","0.38104999","0.38014999","","0.08%"
"12/29/2025","0.38040000","0.38034999","0.38069999","0.38000000","","0.03%"
"12/26/2025","0.38029999","0.38040000","0.38075000","0.37985000","","-0.04%"
"12/25/2025","0.38045001","0.38029999","0.38080001","0.37990001","","0.14%"
"12/24/2025","0.37990001","0.37959999","0.38034999","0.37944999","","0.04%"
"12/23/2025","0.37975001","0.37970001","0.37990001","0.37940001","","0.04%"
"12/22/2025","0.37959999","0.37994999","0.38029999","0.37924999","","-0.11%"
"12/19/2025","0.38000000","0.37970001","0.38034999","0.37950000","","0.05%"
"12/18/2025","0.37979999","0.37970001","0.38005000","0.37944999","","0.03%"
"12/17/2025","0.37970001","0.37955001","0.38010001","0.37915000","","0.05%"
"12/16/2025","0.37950000","0.37985000","0.38045001","0.37930000","","-0.11%"
"12/15/2025","0.37990001","0.38060001","0.38060001","0.37970001","","-0.04%"
"12/12/2025","0.38005000","0.37994999","0.38060001","0.37915000","","0.07%"
"12/11/2025","0.37979999","0.37940001","0.37994999","0.37915000","","0.12%"
"12/10/2025","0.37935001","0.37915000","0.37944999","0.37915000","","0.05%"
"12/09/2025","0.37915000","0.37930000","0.37950000","0.37900001","","-0.04%"
"12/08/2025","0.37930000","0.37935001","0.37975001","0.37895000","","0.00%"
"12/05/2025","0.37930000","0.37904999","0.37950000","0.37885001","","0.05%"
"12/04/2025","0.37909999","0.37924999","0.37944999","0.37885001","","0.00%"
"12/03/2025","0.37909999","0.37904999","0.37985000","0.37880000","","0.00%"
"12/02/2025","0.37909999","0.37920001","0.37950000","0.37880000","","-0.01%"
"12/01/2025","0.37915000","0.37935001","0.37985000","0.37889999","","-0.01%"
"11/28/2025","0.37920001","0.37915000","0.37955001","0.37885001","","0.04%"
"11/27/2025","0.37904999","0.37904999","0.37930000","0.37889999","","-0.01%"
"11/26/2025","0.37909999","0.37920001","0.37940001","0.37889999","","-0.01%"
"11/25/2025","0.37915000","0.37904999","0.37935001","0.37885001","","0.01%"
"11/24/2025","0.37909999","0.37930000","0.38000000","0.37885001","","-0.09%"
"11/21/2025","0.37944999","0.37900001","0.37944999","0.37895000","","0.11%"
"11/20/2025","0.37904999","0.37900001","0.37940001","0.37895000","","-0.01%"
"11/19/2025","0.37909999","0.37895000","0.37944999","0.37889999","","0.03%"
"11/18/2025","0.37900001","0.37924999","0.37985000","0.37895000","","-0.11%"
"11/17/2025","0.37940001","0.37944999","0.38000000","0.37920001","","-0.01%"
"11/14/2025","0.37944999","0.37935001","0.37970001","0.37920001","","0.01%"
"11/13/2025","0.37940001","0.37955001","0.38010001","0.37915000","","0.00%"
"11/12/2025","0.37940001","0.37985000","0.38010001","0.37920001","","-0.16%"
"11/11/2025","0.38000000","0.38000000","0.38029999","0.37970001","","-0.04%"
"11/10/2025","0.38014999","0.37994999","0.38045001","0.37979999","","0.03%"
"11/07/2025","0.38005000","0.37994999","0.38029999","0.37975001","","0.03%"
"11/06/2025","0.37994999","0.37985000","0.38020000","0.37965000","","0.03%"
"11/05/2025","0.37985000","0.37985000","0.38014999","0.37955001","","-0.01%"
"11/04/2025","0.37990001","0.37994999","0.38014999","0.37959999","","-0.03%"
"11/03/2025","0.38000000","0.38010001","0.38055000","0.37979999","","0.01%"
"10/31/2025","0.37994999","0.37975001","0.38029999","0.37959999","","0.05%"
"10/30/2025","0.37975001","0.37970001","0.38025001","0.37955001","","0.03%"
"10/29/2025","0.37965000","0.37975001","0.38010001","0.37959999","","-0.04%"
"10/28/2025","0.37979999","0.38014999","0.38034999","0.37965000","","-0.08%"
"10/27/2025","0.38010001","0.38014999","0.38055000","0.37955001","","0.00%"
"10/24/2025","0.38010001","0.37970001","0.38029999","0.37950000","","0.11%"
"10/23/2025","0.37970001","0.37959999","0.37994999","0.37944999","","0.05%"
"10/22/2025","0.37950000","0.37955001","0.38034999","0.37935001","","-0.01%"
"10/21/2025","0.37955001","0.37955001","0.37975001","0.37940001","","0.00%"
"10/20/2025","0.37955001","0.37959999","0.37965000","0.37930000","","0.00%"
"10/17/2025","0.37955001","0.37965000","0.37975001","0.37944999","","-0.03%"
"10/16/2025","0.37965000","0.37959999","0.37985000","0.37935001","","0.01%"
"10/15/2025","0.37959999","0.37935001","0.37985000","0.37930000","","0.05%"
"10/14/2025","0.37940001","0.37950000","0.38010001","0.37924999","","-0.03%"
"10/13/2025","0.37950000","0.37970001","0.37985000","0.37935001","","-0.03%"
"10/10/2025","0.37959999","0.37955001","0.37979999","0.37875000","","0.03%"
"10/09/2025","0.37950000","0.37930000","0.37965000","0.37834999","","0.04%"
"10/08/2025","0.37935001","0.37935001","0.37955001","0.37915000","","0.03%"
"10/07/2025","0.37924999","0.37935001","0.37950000","0.37895000","","0.00%"
"10/06/2025","0.37924999","0.37915000","0.37950000","0.37865001","","0.07%"
"10/03/2025","0.37900001","0.37904999","0.37930000","0.37875000","","0.05%"
"10/02/2025","0.37880000","0.37854999","0.37920001","0.37840000","","0.05%"
"10/01/2025","0.37860000","0.37834999","0.37944999","0.37830001","","0.07%"
"09/30/2025","0.37834999","0.37834999","0.37869999","0.37825000","","-0.01%"
"09/29/2025","0.37840000","0.37860000","0.37880000","0.37830001","","-0.05%"
"09/26/2025","0.37860000","0.37880000","0.37900001","0.37840000","","-0.01%"
"09/25/2025","0.37865001","0.37850001","0.37885001","0.37834999","","0.05%"
"09/24/2025","0.37845001","0.37854999","0.37924999","0.37825000","","0.00%"
"09/23/2025","0.37845001","0.37850001","0.37915000","0.37825000","","-0.01%"
"09/22/2025","0.37850001","0.37895000","0.37930000","0.37834999","","-0.13%"
"09/19/2025","0.37900001","0.37895000","0.37930000","0.37869999","","0.01%"
"09/18/2025","0.37895000","0.37930000","0.37940001","0.37875000","","-0.04%"
"09/17/2025","0.37909999","0.37920001","0.37950000","0.37880000","","0.03%"
"09/16/2025","0.37900001","0.37904999","0.37930000","0.37869999","","0.01%"
"09/15/2025","0.37895000","0.37889999","0.37930000","0.37869999","","0.00%"
"09/12/2025","0.37895000","0.37889999","0.37915000","0.37860000","","0.07%"
"09/11/2025","0.37869999","0.37880000","0.37915000","0.37850001","","-0.04%"
"09/10/2025","0.37885001","0.37895000","0.37935001","0.37860000","","-0.01%"
"09/09/2025","0.37889999","0.37865001","0.37924999","0.37834999","","0.09%"
"09/08/2025","0.37854999","0.37909999","0.37920001","0.37830001","","-0.05%"
"09/05/2025","0.37875000","0.37885001","0.37904999","0.37850001","","-0.04%"
"09/04/2025","0.37889999","0.37895000","0.37920001","0.37869999","","0.00%"
"09/03/2025","0.37889999","0.37975001","0.38025001","0.37889999","","-0.17%"
"09/02/2025","0.37955001","0.37955001","0.37955001","0.37955001","","0.00%"
"09/01/2025","0.37955001","0.37955001","0.37955001","0.37955001","","0.00%"
"08/29/2025","0.37955001","0.37955001","0.37970001","0.37909999","","0.12%"
"08/28/2025","0.37909999","0.37935001","0.37979999","0.37900001","","0.03%"
"08/27/2025","0.37900001","0.37915000","0.37979999","0.37869999","","-0.07%"
"08/26/2025","0.37924999","0.37990001","0.38025001","0.37904999","","-0.22%"
"08/25/2025","0.38010001","0.38014999","0.38034999","0.37920001","","0.17%"
"08/22/2025","0.37944999","0.37834999","0.37990001","0.37805000","","0.30%"
"08/21/2025","0.37830001","0.37875000","0.37975001","0.37790000","","-0.16%"
"08/20/2025","0.37889999","0.37990001","0.38034999","0.37889999","","-0.26%"
"08/19/2025","0.37990001","0.38010001","0.38040000","0.37975001","","-0.07%"
"08/18/2025","0.38014999","0.38060001","0.38095000","0.38005000","","-0.12%"
"08/15/2025","0.38060001","0.38065001","0.38095000","0.37975001","","-0.03%"
"08/14/2025","0.38069999","0.38045001","0.38100001","0.38014999","","0.09%"
"08/13/2025","0.38034999","0.38075000","0.38119999","0.37970001","","-0.08%"
"08/12/2025","0.38065001","0.38104999","0.38165000","0.38045001","","-0.13%"
"08/11/2025","0.38115001","0.38124999","0.38135001","0.38104999","","-0.03%"
"08/08/2025","0.38124999","0.38150001","0.38205001","0.38110000","","-0.04%"
"08/07/2025","0.38139999","0.38145000","0.38165000","0.38110000","","0.04%"
"08/06/2025","0.38124999","0.38095000","0.38185000","0.38045001","","0.09%"
"08/05/2025","0.38090000","0.38185000","0.38220000","0.38069999","","-0.27%"
"08/04/2025","0.38194999","0.38155001","0.38240001","0.38124999","","0.16%"
"08/01/2025","0.38135001","0.38145000","0.38205001","0.38115001","","-0.08%"
"07/31/2025","0.38165000","0.38124999","0.38200000","0.38115001","","0.01%"
"07/30/2025","0.38159999","0.38124999","0.38180000","0.38065001","","0.09%"
"07/29/2025","0.38124999","0.38214999","0.38214999","0.38075000","","-0.09%"
"07/28/2025","0.38159999","0.38245001","0.38270000","0.38130000","","-0.22%"
"07/25/2025","0.38245001","0.38260001","0.38290000","0.38225001","","-0.03%"
"07/24/2025","0.38255000","0.38225001","0.38284999","0.38214999","","0.05%"
"07/23/2025","0.38235000","0.38240001","0.38280001","0.38214999","","-0.03%"
"07/22/2025","0.38245001","0.38245001","0.38264999","0.38220000","","0.04%"
"07/21/2025","0.38229999","0.38225001","0.38255000","0.38209999","","0.03%"
"07/18/2025","0.38220000","0.38225001","0.38255000","0.38200000","","0.00%"
"07/17/2025","0.38220000","0.38209999","0.38264999","0.38200000","","0.00%"
"07/16/2025","0.38220000","0.38220000","0.38275000","0.38185000","","-0.09%"
"07/15/2025","0.38255000","0.38249999","0.38310000","0.38235000","","-0.05%"
"07/14/2025","0.38275000","0.38295001","0.38330001","0.38255000","","-0.04%"
"07/11/2025","0.38290000","0.38304999","0.38360000","0.38255000","","0.00%"
"07/10/2025","0.38290000","0.38255000","0.38315001","0.38235000","","0.10%"
"07/09/2025","0.38249999","0.38255000","0.38280001","0.38225001","","-0.01%"
"07/08/2025","0.38255000","0.38240001","0.38330001","0.38229999","","0.03%"
"07/07/2025","0.38245001","0.38155001","0.38330001","0.38155001","","0.14%"
"07/04/2025","0.38190001","0.38145000","0.38229999","0.38069999","","0.07%"
"07/03/2025","0.38165000","0.38145000","0.38245001","0.38100001","","-0.12%"
"07/02/2025","0.38209999","0.38270000","0.38315001","0.38185000","","-0.14%"
"07/01/2025","0.38264999","0.38304999","0.38360000","0.38205001","","-0.04%"
"06/30/2025","0.38280001","0.38335001","0.38374999","0.38264999","","-0.09%"
"06/27/2025","0.38315001","0.38280001","0.38370001","0.38249999","","0.09%"
"06/26/2025","0.38280001","0.38249999","0.38310000","0.38240001","","0.13%"
"06/25/2025","0.38229999","0.38229999","0.38264999","0.38194999","","0.05%"
"06/24/2025","0.38209999","0.38194999","0.38264999","0.38174999","","0.18%"
"06/23/2025","0.38139999","0.38260001","0.38284999","0.38130000","","-0.33%"
"06/20/2025","0.38264999","0.38275000","0.38290000","0.38229999","","-0.01%"
"06/19/2025","0.38270000","0.38304999","0.38330001","0.38245001","","-0.09%"
"06/18/2025","0.38304999","0.38315001","0.38360000","0.38290000","","-0.08%"
"06/17/2025","0.38335001","0.38354999","0.38385001","0.38319999","","-0.08%"
"06/16/2025","0.38365000","0.38354999","0.38395000","0.38304999","","0.05%"
"06/13/2025","0.38345000","0.38374999","0.38420001","0.38310000","","-0.16%"
"06/12/2025","0.38405001","0.38429999","0.38444999","0.38395000","","-0.01%"
"06/11/2025","0.38409999","0.38450000","0.38455001","0.38395000","","-0.07%"
"06/10/2025","0.38435000","0.38395000","0.38440001","0.38360000","","0.10%"
"06/09/2025","0.38395000","0.38315001","0.38420001","0.38315001","","0.04%"
"06/06/2025","0.38380000","0.38345000","0.38415000","0.38310000","","0.12%"
"06/05/2025","0.38335001","0.38335001","0.38370001","0.38270000","","0.01%"
"06/04/2025","0.38330001","0.38395000","0.38420001","0.38310000","","-0.12%"
"06/03/2025","0.38374999","0.38415000","0.38460001","0.38330001","","-0.09%"
"06/02/2025","0.38409999","0.38415000","0.38485000","0.38389999","","-0.04%"
"05/30/2025","0.38424999","0.38475001","0.38554999","0.38389999","","0.01%"
"05/29/2025","0.38420001","0.38464999","0.38464999","0.38345000","","-0.21%"
"05/28/2025","0.38499999","0.38585001","0.38589999","0.38495001","","-0.21%"
"05/27/2025","0.38580000","0.38585001","0.38620001","0.38514999","","-0.01%"
"05/26/2025","0.38585001","0.38514999","0.38615000","0.38510001","","0.16%"
"05/23/2025","0.38525000","0.38499999","0.38545001","0.38479999","","0.08%"
"05/22/2025","0.38495001","0.38485000","0.38540000","0.38475001","","0.00%"
"05/21/2025","0.38495001","0.38505000","0.38565001","0.38479999","","-0.01%"
"05/20/2025","0.38499999","0.38530001","0.38554999","0.38490000","","-0.09%"
"05/19/2025","0.38534999","0.38575000","0.38595000","0.38514999","","-0.10%"
"05/16/2025","0.38575000","0.38565001","0.38600001","0.38499999","","0.10%"
"05/15/2025","0.38534999","0.38560000","0.38595000","0.38510001","","-0.06%"
"05/14/2025","0.38560000","0.38534999","0.38585001","0.38479999","","0.12%"
"05/13/2025","0.38514999","0.38495001","0.38585001","0.38479999","","0.04%"
"05/12/2025","0.38499999","0.38499999","0.38575000","0.38479999","","0.03%"
"05/09/2025","0.38490000","0.38505000","0.38534999","0.38460001","","-0.05%"
"05/08/2025","0.38510001","0.38514999","0.38530001","0.38475001","","-0.01%"
"05/07/2025","0.38514999","0.38510001","0.38585001","0.38485000","","0.01%"
"05/06/2025","0.38510001","0.38525000","0.38530001","0.38470000","","-0.03%"
"05/05/2025","0.38519999","0.38455001","0.38554999","0.38429999","","0.18%"
"05/02/2025","0.38450000","0.38450000","0.38450000","0.38450000","","0.00%"
"05/01/2025","0.38450000","0.38450000","0.38450000","0.38450000","","0.00%"
"04/30/2025","0.38450000","0.38450000","0.38450000","0.38450000","","0.00%"
"04/29/2025","0.38450000","0.38460001","0.38514999","0.38440001","","-0.03%"
"04/28/2025","0.38460001","0.38455001","0.38565001","0.38385001","","0.09%"
"04/25/2025","0.38424999","0.38385001","0.38444999","0.38365000","","0.03%"
"04/24/2025","0.38415000","0.38409999","0.38479999","0.38354999","","-0.13%"
"04/23/2025","0.38464999","0.38444999","0.38565001","0.38424999","","-0.12%"
"04/22/2025","0.38510001","0.38604999","0.38620001","0.38464999","","-0.27%"
"04/21/2025","0.38615000","0.38534999","0.38665000","0.38510001","","0.22%"
"04/18/2025","0.38530001","0.38604999","0.38655001","0.38490000","","-0.31%"
"04/17/2025","0.38650000","0.38675001","0.38679999","0.38604999","","-0.09%"
"04/16/2025","0.38685000","0.38705000","0.38760000","0.38600001","","-0.10%"
"04/15/2025","0.38725001","0.38679999","0.38745001","0.38569999","","0.04%"
"04/14/2025","0.38710001","0.38855001","0.38894999","0.38690001","","-0.27%"
"04/11/2025","0.38815001","0.38949999","0.38964999","0.38784999","","0.01%"
"04/10/2025","0.38810000","0.38685000","0.38824999","0.38644999","","0.87%"
"04/09/2025","0.38475001","0.38420001","0.38485000","0.38264999","","0.14%"
"04/08/2025","0.38420001","0.38679999","0.38699999","0.38409999","","-0.85%"
"04/07/2025","0.38749999","0.38749999","0.38749999","0.38749999","","0.00%"
"04/04/2025","0.38749999","0.38745001","0.38815001","0.38734999","","0.01%"
"04/03/2025","0.38745001","0.38905001","0.38905001","0.38694999","","-0.69%"
"04/02/2025","0.39015001","0.38980001","0.39039999","0.38970000","","0.03%"
"04/01/2025","0.39004999","0.39050001","0.39140001","0.38970000","","-0.19%"
"03/31/2025","0.39080000","0.39150000","0.39150000","0.39070001","","-0.04%"
"03/28/2025","0.39094999","0.39054999","0.39125001","0.39025000","","0.00%"
"03/27/2025","0.39094999","0.39089999","0.39115000","0.39010000","","-0.03%"
"03/26/2025","0.39105001","0.39035001","0.39105001","0.39004999","","0.19%"
"03/25/2025","0.39030001","0.38975000","0.39039999","0.38960001","","0.08%"
"03/24/2025","0.38999999","0.39155000","0.39155000","0.38970000","","-0.13%"
"03/21/2025","0.39050001","0.39120001","0.39140001","0.39050001","","-0.18%"
"03/20/2025","0.39120001","0.39144999","0.39144999","0.39109999","","-0.06%"
"03/19/2025","0.39144999","0.39164999","0.39175001","0.39135000","","-0.08%"
"03/18/2025","0.39175001","0.39175001","0.39179999","0.39135000","","0.03%"
"03/17/2025","0.39164999","0.39179999","0.39250001","0.39080000","","-0.05%"
"03/14/2025","0.39184999","0.39179999","0.39265001","0.39160001","","-0.03%"
"03/13/2025","0.39195001","0.39250001","0.39265001","0.39190000","","-0.20%"
"03/12/2025","0.39274999","0.39234999","0.39285001","0.39190000","","0.04%"
"03/11/2025","0.39260000","0.39190000","0.39269999","0.39179999","","0.24%"
"03/10/2025","0.39164999","0.39190000","0.39195001","0.39105001","","-0.09%"
"03/07/2025","0.39199999","0.39289999","0.39309999","0.39129999","","0.01%"
"03/06/2025","0.39195001","0.39285001","0.39315000","0.39184999","","-0.03%"
"03/05/2025","0.39205000","0.39184999","0.39219999","0.39080000","","0.22%"
"03/04/2025","0.39120001","0.39089999","0.39125001","0.39060000","","0.14%"
"03/03/2025","0.39065000","0.39125001","0.39135000","0.39030001","","-0.15%"
"02/28/2025","0.39125001","0.39125001","0.39144999","0.39100000","","-0.08%"
"02/27/2025","0.39155000","0.39135000","0.39225000","0.39109999","","0.03%"
"02/26/2025","0.39144999","0.39234999","0.39234999","0.39100000","","-0.03%"
"02/25/2025","0.39155000","0.39254999","0.39260000","0.39150000","","-0.25%"
"02/24/2025","0.39254999","0.39234999","0.39254999","0.39155000","","0.20%"
"02/21/2025","0.39175001","0.39240000","0.39250001","0.39140001","","-0.01%"
"02/20/2025","0.39179999","0.39175001","0.39184999","0.39094999","","0.00%"
"02/19/2025","0.39179999","0.39164999","0.39215001","0.39094999","","0.00%"
"02/18/2025","0.39179999","0.39195001","0.39324999","0.39085001","","-0.15%"
"02/17/2025","0.39240000","0.39379999","0.39379999","0.39240000","","-0.36%"
"02/14/2025","0.39379999","0.39344999","0.39390001","0.39274999","","0.29%"
"02/13/2025","0.39265001","0.39155000","0.39365000","0.39155000","","0.40%"
"02/12/2025","0.39109999","0.39225000","0.39225000","0.39045000","","-0.09%"
"02/11/2025","0.39144999","0.39335001","0.39335001","0.39144999","","-0.61%"
"02/10/2025","0.39385000","0.39405000","0.39414999","0.39355001","","-0.30%"
"02/07/2025","0.39504999","0.39455000","0.39550000","0.39449999","","-0.15%"
"02/06/2025","0.39565000","0.39735001","0.39760000","0.39559999","","-0.39%"
"02/05/2025","0.39719999","0.39684999","0.39815000","0.39684999","","0.03%"
"02/04/2025","0.39710000","0.39550000","0.39739999","0.39550000","","0.48%"
"02/03/2025","0.39520001","0.39954999","0.39954999","0.39434999","","-0.88%"
"01/31/2025","0.39870000","0.39870000","0.39870000","0.39870000","","0.00%"
"01/30/2025","0.39870000","0.39870000","0.39870000","0.39870000","","0.00%"
"01/29/2025","0.39870000","0.39870000","0.39870000","0.39870000","","0.00%"
"01/28/2025","0.39870000","0.39870000","0.39870000","0.39870000","","0.00%"
"01/27/2025","0.39870000","0.39870000","0.39870000","0.39870000","","0.00%"
"01/24/2025","0.39870000","0.39789999","0.39954999","0.39765000","","0.20%"
"01/23/2025","0.39789999","0.39915001","0.39985001","0.39745000","","-0.16%"
"01/22/2025","0.39855000","0.39590001","0.39879999","0.39565000","","0.73%"
"01/21/2025","0.39565000","0.39524999","0.39605001","0.39500001","","0.20%"
"01/20/2025","0.39484999","0.39475000","0.39555001","0.39394999","","0.01%"
"01/17/2025","0.39480001","0.39434999","0.39495000","0.39390001","","0.20%"
"01/16/2025","0.39399999","0.39385000","0.39410001","0.39379999","","0.04%"
"01/15/2025","0.39385000","0.39390001","0.39390001","0.39375001","","0.00%"
"01/14/2025","0.39385000","0.39375001","0.39405000","0.39365000","","0.05%"
"01/13/2025","0.39365000","0.39405000","0.39410001","0.39315000","","-0.13%"
"01/10/2025","0.39414999","0.39394999","0.39414999","0.39390001","","0.06%"
"01/09/2025","0.39390001","0.39390001","0.39405000","0.39379999","","0.00%"
"01/08/2025","0.39390001","0.39385000","0.39399999","0.39375001","","-0.06%"
"01/07/2025","0.39414999","0.39379999","0.39420000","0.39330000","","0.05%"
"01/06/2025","0.39394999","0.39385000","0.39405000","0.39280000","","0.17%"
"01/03/2025","0.39330000","0.39274999","0.39335001","0.39269999","","0.14%"
"01/02/2025","0.39274999","0.39274999","0.39295000","0.39234999","","0.10%"
"01/01/2025","0.39234999","0.39234999","0.39234999","0.39234999","","0.00%"
"12/31/2024","0.39234999","0.39219999","0.39295000","0.39190000","","0.00%"
"12/30/2024","0.39234999","0.39295000","0.39295000","0.39234999","","-0.11%"
"12/27/2024","0.39280000","0.39295000","0.39324999","0.39274999","","-0.09%"
"12/26/2024","0.39315000","0.39335001","0.39335001","0.39285001","","0.00%"
"12/25/2024","0.39315000","0.39309999","0.39340001","0.39280000","","0.03%"
"12/24/2024","0.39304999","0.39285001","0.39315000","0.39265001","","0.05%"
"12/23/2024","0.39285001","0.39304999","0.39324999","0.39265001","","0.01%"
"12/20/2024","0.39280000","0.39265001","0.39289999","0.39260000","","0.03%"
"12/19/2024","0.39269999","0.39265001","0.39289999","0.39260000","","-0.03%"
"12/18/2024","0.39280000","0.39295000","0.39375001","0.39274999","","-0.06%"
"12/17/2024","0.39304999","0.39379999","0.39445001","0.39304999","","-0.18%"
"12/16/2024","0.39375001","0.39385000","0.39445001","0.39359999","","0.04%"
"12/13/2024","0.39359999","0.39359999","0.39390001","0.39350000","","-0.03%"
"12/12/2024","0.39370000","0.39414999","0.39425001","0.39370000","","-0.04%"
"12/11/2024","0.39385000","0.39425001","0.39445001","0.39385000","","-0.09%"
"12/10/2024","0.39420000","0.39394999","0.39420000","0.39390001","","0.06%"
"12/09/2024","0.39394999","0.39405000","0.39420000","0.39375001","","0.03%"
"12/06/2024","0.39385000","0.39375001","0.39420000","0.39375001","","0.00%"
"12/05/2024","0.39385000","0.39350000","0.39445001","0.39344999","","0.09%"
"12/04/2024","0.39350000","0.39355001","0.39420000","0.39344999","","-0.01%"
"12/03/2024","0.39355001","0.39365000","0.39445001","0.39350000","","-0.13%"
"12/02/2024","0.39405000","0.39414999","0.39460000","0.39379999","","-0.10%"
"11/29/2024","0.39445001","0.39460000","0.39460000","0.39359999","","0.10%"
"11/28/2024","0.39405000","0.39434999","0.39480001","0.39355001","","0.05%"
"11/27/2024","0.39385000","0.39355001","0.39385000","0.39340001","","0.10%"
"11/26/2024","0.39344999","0.39324999","0.39359999","0.39324999","","0.03%"
"11/25/2024","0.39335001","0.39340001","0.39385000","0.39324999","","0.00%"
"11/22/2024","0.39335001","0.39330000","0.39340001","0.39315000","","0.01%"
"11/21/2024","0.39330000","0.39324999","0.39359999","0.39315000","","0.01%"
"11/20/2024","0.39324999","0.39365000","0.39375001","0.39324999","","-0.08%"
"11/19/2024","0.39355001","0.39375001","0.39405000","0.39340001","","0.03%"
"11/18/2024","0.39344999","0.39385000","0.39455000","0.39340001","","-0.10%"
"11/15/2024","0.39385000","0.39390001","0.39405000","0.39370000","","0.05%"
"11/14/2024","0.39365000","0.39405000","0.39465001","0.39355001","","-0.22%"
"11/13/2024","0.39449999","0.39445001","0.39530000","0.39420000","","0.01%"
"11/12/2024","0.39445001","0.39434999","0.39515001","0.39430001","","-0.08%"
"11/11/2024","0.39475000","0.39545000","0.39590001","0.39469999","","-0.21%"
"11/08/2024","0.39559999","0.39515001","0.39559999","0.39500001","","0.36%"
"11/07/2024","0.39420000","0.39344999","0.39420000","0.39335001","","0.08%"
"11/06/2024","0.39390001","0.39394999","0.39434999","0.39340001","","-0.15%"
"11/05/2024","0.39449999","0.39489999","0.39535001","0.39420000","","-0.10%"
"11/04/2024","0.39489999","0.39550000","0.39570001","0.39465001","","-0.08%"
"11/01/2024","0.39520001","0.39555001","0.39585000","0.39449999","","-0.09%"
"10/31/2024","0.39555001","0.39475000","0.39559999","0.39440000","","0.06%"
"10/30/2024","0.39530000","0.39449999","0.39535001","0.39359999","","0.06%"
"10/29/2024","0.39504999","0.39434999","0.39555001","0.39434999","","0.18%"
"10/28/2024","0.39434999","0.39365000","0.39445001","0.39309999","","0.06%"
"10/25/2024","0.39410001","0.39350000","0.39410001","0.39320001","","0.11%"
"10/24/2024","0.39365000","0.39375001","0.39390001","0.39280000","","0.04%"
"10/23/2024","0.39350000","0.39344999","0.39405000","0.39315000","","-0.01%"
"10/22/2024","0.39355001","0.39379999","0.39425001","0.39355001","","-0.39%"
"10/21/2024","0.39510000","0.39735001","0.39735001","0.39510000","","-0.57%"
"10/18/2024","0.39735001","0.39635000","0.39735001","0.39559999","","0.13%"
"10/17/2024","0.39684999","0.39950001","0.39950001","0.39669999","","-0.81%"
"10/16/2024","0.40009999","0.40035000","0.40165001","0.39980000","","-0.21%"
"10/15/2024","0.40095001","0.40215001","0.40259999","0.40059999","","-0.35%"
"10/14/2024","0.40235001","0.40290001","0.40310001","0.40230000","","-0.12%"
"10/11/2024","0.40285000","0.40255001","0.40310001","0.40224999","","0.10%"
"10/10/2024","0.40245000","0.40204999","0.40279999","0.40204999","","-0.04%"
"10/09/2024","0.40259999","0.40259999","0.40285000","0.40239999","","0.04%"
"10/08/2024","0.40245000","0.40245000","0.40270001","0.40230000","","0.05%"
"10/07/2024","0.40224999","0.40224999","0.40255001","0.40220001","","-0.35%"
"10/04/2024","0.40364999","0.40364999","0.40450001","0.40360001","","-0.06%"
"10/03/2024","0.40390000","0.40465000","0.40580001","0.40380001","","-0.37%"
"10/02/2024","0.40540001","0.40595001","0.40660000","0.40525001","","-0.21%"
"10/01/2024","0.40625000","0.40685001","0.40724999","0.40619999","","-0.20%"
"09/30/2024","0.40705001","0.40674999","0.40735000","0.40619999","","0.18%"
"09/27/2024","0.40630001","0.40615001","0.40669999","0.40595001","","0.06%"
"09/26/2024","0.40605000","0.40605000","0.40724999","0.40580001","","-0.12%"
"09/25/2024","0.40654999","0.40735000","0.40750000","0.40634999","","0.05%"
"09/24/2024","0.40634999","0.40555000","0.40669999","0.40555000","","0.06%"
"09/23/2024","0.40610000","0.40610000","0.40755001","0.40555000","","-0.06%"
"09/20/2024","0.40634999","0.40695000","0.40764999","0.40590000","","-0.10%"
"09/19/2024","0.40674999","0.40580001","0.40685001","0.40525001","","0.17%"
"09/18/2024","0.40605000","0.40555000","0.40630001","0.40500000","","0.05%"
"09/17/2024","0.40584999","0.40674999","0.40720001","0.40584999","","-0.37%"
"09/16/2024","0.40735000","0.40735000","0.40744999","0.40615001","","0.00%"
"09/13/2024","0.40735000","0.40669999","0.40779999","0.40650001","","0.16%"
"09/12/2024","0.40669999","0.40669999","0.40764999","0.40640000","","-0.09%"
"09/11/2024","0.40705001","0.40564999","0.40750000","0.40540001","","0.43%"
"09/10/2024","0.40529999","0.40480000","0.40610000","0.40474999","","0.11%"
"09/09/2024","0.40485001","0.40584999","0.40634999","0.40485001","","-0.34%"
"09/06/2024","0.40625000","0.40540001","0.40665001","0.40459999","","0.52%"
"09/05/2024","0.40415001","0.40255001","0.40425000","0.40255001","","0.50%"
"09/04/2024","0.40215001","0.40180001","0.40235001","0.40160000","","0.05%"
"09/03/2024","0.40195000","0.40195000","0.40195000","0.40195000","","0.00%"
"09/02/2024","0.40195000","0.40195000","0.40195000","0.40195000","","0.00%"
"08/30/2024","0.40195000","0.40165001","0.40210000","0.40154999","","0.02%"
"08/29/2024","0.40184999","0.40165001","0.40279999","0.40145001","","-0.07%"
"08/28/2024","0.40215001","0.40274999","0.40290001","0.40169999","","-0.14%"
"08/27/2024","0.40270001","0.40230000","0.40305001","0.40210000","","0.17%"
"08/26/2024","0.40200001","0.40175000","0.40224999","0.40079999","","0.42%"
"08/23/2024","0.40030000","0.40105000","0.40105000","0.39969999","","-0.02%"
"08/22/2024","0.40040001","0.40099999","0.40149999","0.40035000","","-0.14%"
"08/21/2024","0.40095001","0.40134999","0.40149999","0.40085000","","-0.05%"
"08/20/2024","0.40114999","0.40125000","0.40130001","0.40044999","","0.19%"
"08/19/2024","0.40040001","0.39884999","0.40044999","0.39884999","","0.35%"
"08/16/2024","0.39899999","0.39884999","0.39940000","0.39855000","","-0.06%"
"08/15/2024","0.39925000","0.39934999","0.39954999","0.39844999","","-0.04%"
"08/14/2024","0.39940000","0.39864999","0.39940000","0.39794999","","0.36%"
"08/13/2024","0.39794999","0.39785001","0.39860001","0.39785001","","0.03%"
"08/12/2024","0.39785001","0.39794999","0.39875001","0.39785001","","-0.10%"
"08/09/2024","0.39825001","0.39745000","0.39829999","0.39739999","","0.15%"
"08/08/2024","0.39765000","0.39739999","0.39829999","0.39739999","","0.08%"
"08/07/2024","0.39735001","0.39745000","0.39829999","0.39710000","","-0.10%"
"08/06/2024","0.39774999","0.39800000","0.39835000","0.39754999","","-0.16%"
"08/05/2024","0.39840001","0.39820001","0.39875001","0.39794999","","0.48%"
"08/02/2024","0.39649999","0.39635000","0.39690000","0.39555001","","0.04%"
"08/01/2024","0.39635000","0.39655000","0.39695001","0.39594999","","0.09%"
"07/31/2024","0.39600000","0.39545000","0.39625001","0.39475000","","0.14%"
"07/30/2024","0.39545000","0.39535001","0.39570001","0.39515001","","0.00%"
"07/29/2024","0.39545000","0.39495000","0.39555001","0.39469999","","0.13%"
"07/26/2024","0.39495000","0.39465001","0.39530000","0.39460000","","-0.08%"
"07/25/2024","0.39524999","0.39445001","0.39524999","0.39399999","","0.25%"
"07/24/2024","0.39425001","0.39414999","0.39475000","0.39350000","","0.03%"
"07/23/2024","0.39414999","0.39434999","0.39445001","0.39414999","","-0.13%"
"07/22/2024","0.39465001","0.39465001","0.39484999","0.39455000","","-0.05%"
"07/19/2024","0.39484999","0.39475000","0.39535001","0.39410001","","-0.03%"
"07/18/2024","0.39495000","0.39515001","0.39565000","0.39405000","","0.03%"
"07/17/2024","0.39484999","0.39394999","0.39489999","0.39394999","","0.23%"
"07/16/2024","0.39394999","0.39405000","0.39405000","0.39320001","","-0.05%"
"07/15/2024","0.39414999","0.39340001","0.39414999","0.39330000","","0.19%"
"07/12/2024","0.39340001","0.39335001","0.39340001","0.39295000","","0.05%"
"07/11/2024","0.39320001","0.39330000","0.39335001","0.39320001","","-0.04%"
"07/10/2024","0.39335001","0.39335001","0.39344999","0.39295000","","0.00%"
"07/09/2024","0.39335001","0.39340001","0.39344999","0.39280000","","0.00%"
"07/08/2024","0.39335001","0.39350000","0.39359999","0.39280000","","-0.01%"
"07/05/2024","0.39340001","0.39289999","0.39420000","0.39280000","","0.15%"
"07/04/2024","0.39280000","0.39285001","0.39295000","0.39274999","","0.00%"
"07/03/2024","0.39280000","0.39295000","0.39295000","0.39274999","","0.00%"
"07/02/2024","0.39280000","0.39295000","0.39295000","0.39274999","","0.00%"
"07/01/2024","0.39280000","0.39289999","0.39295000","0.39274999","","0.00%"
"06/28/2024","0.39280000","0.39269999","0.39295000","0.39265001","","0.01%"
"06/27/2024","0.39274999","0.39254999","0.39274999","0.39254999","","0.04%"
"06/26/2024","0.39260000","0.39280000","0.39285001","0.39260000","","-0.03%"
"06/25/2024","0.39269999","0.39274999","0.39295000","0.39265001","","-0.01%"
"06/24/2024","0.39274999","0.39280000","0.39285001","0.39274999","","0.00%"
"06/21/2024","0.39274999","0.39280000","0.39289999","0.39269999","","-0.01%"
"06/20/2024","0.39280000","0.39280000","0.39320001","0.39274999","","-0.01%"
"06/19/2024","0.39285001","0.39285001","0.39304999","0.39280000","","0.00%"
"06/18/2024","0.39285001","0.39280000","0.39295000","0.39274999","","0.01%"
"06/17/2024","0.39280000","0.39274999","0.39344999","0.39269999","","0.00%"
"06/14/2024","0.39280000","0.39285001","0.39340001","0.39280000","","-0.05%"
"06/13/2024","0.39300001","0.39309999","0.39335001","0.39295000","","0.00%"
"06/12/2024","0.39300001","0.39300001","0.39340001","0.39285001","","0.00%"
"06/11/2024","0.39300001","0.39320001","0.39340001","0.39295000","","-0.08%"
"06/10/2024","0.39330000","0.39335001","0.39350000","0.39280000","","-0.05%"
"06/07/2024","0.39350000","0.39315000","0.39355001","0.39309999","","0.08%"
"06/06/2024","0.39320001","0.39324999","0.39359999","0.39315000","","-0.03%"
"06/05/2024","0.39330000","0.39344999","0.39359999","0.39330000","","-0.03%"
"06/04/2024","0.39340001","0.39344999","0.39359999","0.39315000","","0.08%"
"06/03/2024","0.39309999","0.39304999","0.39359999","0.39280000","","0.06%"
"05/31/2024","0.39285001","0.39269999","0.39295000","0.39269999","","0.03%"
"05/30/2024","0.39274999","0.39274999","0.39289999","0.39269999","","0.00%"
"05/29/2024","0.39274999","0.39274999","0.39295000","0.39269999","","-0.03%"
"05/28/2024","0.39285001","0.39254999","0.39295000","0.39254999","","0.00%"
"05/27/2024","0.39285001","0.39285001","0.39289999","0.39245000","","0.08%"
"05/24/2024","0.39254999","0.39250001","0.39265001","0.39250001","","-0.01%"
"05/23/2024","0.39260000","0.39260000","0.39295000","0.39260000","","-0.01%"
"05/22/2024","0.39265001","0.39265001","0.39295000","0.39260000","","-0.01%"
"05/21/2024","0.39269999","0.39274999","0.39320001","0.39269999","","-0.03%"
"05/20/2024","0.39280000","0.39274999","0.39295000","0.39274999","","-0.03%"
"05/17/2024","0.39289999","0.39280000","0.39309999","0.39280000","","-0.03%"
"05/16/2024","0.39300001","0.39315000","0.39365000","0.39274999","","0.04%"
"05/15/2024","0.39285001","0.39289999","0.39295000","0.39274999","","0.03%"
"05/14/2024","0.39274999","0.39274999","0.39295000","0.39269999","","-0.01%"
"05/13/2024","0.39280000","0.39289999","0.39309999","0.39274999","","0.00%"
"05/10/2024","0.39280000","0.39289999","0.39315000","0.39265001","","-0.03%"
"05/09/2024","0.39289999","0.39295000","0.39324999","0.39289999","","-0.06%"
"05/08/2024","0.39315000","0.39315000","0.39375001","0.39309999","","-0.09%"
"05/07/2024","0.39350000","0.39355001","0.39405000","0.39344999","","-0.11%"
"05/06/2024","0.39394999","0.39385000","0.39425001","0.39340001","","0.13%"
"05/03/2024","0.39344999","0.39340001","0.39355001","0.39330000","","-0.03%"
"05/02/2024","0.39355001","0.39425001","0.39489999","0.39355001","","-0.24%"
"05/01/2024","0.39449999","0.39449999","0.39449999","0.39449999","","0.00%"
"04/30/2024","0.39449999","0.39449999","0.39449999","0.39449999","","0.00%"
"04/29/2024","0.39449999","0.39449999","0.39449999","0.39449999","","0.00%"
"04/26/2024","0.39449999","0.39434999","0.39495000","0.39405000","","0.06%"
"04/25/2024","0.39425001","0.39375001","0.39495000","0.39295000","","0.23%"
"04/24/2024","0.39335001","0.39295000","0.39359999","0.39269999","","0.10%"
"04/23/2024","0.39295000","0.39274999","0.39295000","0.39269999","","0.06%"
"04/22/2024","0.39269999","0.39295000","0.39304999","0.39269999","","-0.06%"
"04/19/2024","0.39295000","0.39269999","0.39359999","0.39265001","","-0.17%"
"04/18/2024","0.39359999","0.39359999","0.39359999","0.39359999","","0.00%"
"04/17/2024","0.39359999","0.39440000","0.39449999","0.39315000","","-0.44%"
"04/16/2024","0.39535001","0.39574999","0.39605001","0.39524999","","-0.38%"
"04/15/2024","0.39684999","0.39940000","0.40005001","0.39684999","","-0.68%"
"04/12/2024","0.39954999","0.40015000","0.40044999","0.39954999","","-0.15%"
"04/11/2024","0.40015000","0.39995000","0.40075001","0.39974999","","-0.17%"
"04/10/2024","0.40085000","0.40064999","0.40085000","0.40055001","","0.05%"
"04/09/2024","0.40064999","0.40055001","0.40085000","0.39980000","","0.02%"
"04/08/2024","0.40055001","0.40105000","0.40105000","0.40035000","","0.00%"
"04/05/2024","0.40055001","0.40044999","0.40075001","0.39989999","","-0.05%"
"04/04/2024","0.40075001","0.39995000","0.40125000","0.39969999","","0.24%"
"04/03/2024","0.39980000","0.40099999","0.40134999","0.39980000","","-0.39%"
"04/02/2024","0.40134999","0.40294999","0.40314999","0.40099999","","-0.43%"
"04/01/2024","0.40310001","0.40290001","0.40364999","0.40290001","","0.04%"
"03/29/2024","0.40294999","0.40325001","0.40329999","0.40279999","","-0.07%"
"03/28/2024","0.40325001","0.40305001","0.40360001","0.40290001","","0.00%"
"03/27/2024","0.40325001","0.40349999","0.40355000","0.40320000","","-0.06%"
"03/26/2024","0.40349999","0.40364999","0.40400001","0.40329999","","-0.12%"
"03/25/2024","0.40400001","0.40320000","0.40404999","0.40305001","","0.09%"
"03/22/2024","0.40364999","0.40310001","0.40390000","0.40285000","","0.07%"
"03/21/2024","0.40335000","0.40375000","0.40375000","0.40314999","","0.00%"
"03/20/2024","0.40335000","0.40364999","0.40454999","0.40335000","","-0.16%"
"03/19/2024","0.40400001","0.40435001","0.40490001","0.40390000","","-0.10%"
"03/18/2024","0.40439999","0.40404999","0.40494999","0.40404999","","-0.01%"
"03/15/2024","0.40445000","0.40439999","0.40480000","0.40410000","","-0.09%"
"03/14/2024","0.40480000","0.40505001","0.40584999","0.40470001","","-0.09%"
"03/13/2024","0.40515000","0.40564999","0.40580001","0.40500000","","-0.11%"
"03/12/2024","0.40560001","0.40555000","0.40605000","0.40515000","","-0.02%"
"03/11/2024","0.40570000","0.40570000","0.40640000","0.40529999","","0.04%"
"03/08/2024","0.40555000","0.40505001","0.40590000","0.40480000","","0.15%"
"03/07/2024","0.40494999","0.40575001","0.40575001","0.40454999","","-0.05%"
"03/06/2024","0.40515000","0.40470001","0.40575001","0.40445000","","0.09%"
"03/05/2024","0.40480000","0.40494999","0.40564999","0.40474999","","-0.06%"
"03/04/2024","0.40505001","0.40544999","0.40564999","0.40480000","","-0.12%"
"03/01/2024","0.40555000","0.40560001","0.40580001","0.40544999","","-0.02%"
"02/29/2024","0.40564999","0.40570000","0.40580001","0.40549999","","-0.07%"
"02/28/2024","0.40595001","0.40570000","0.40640000","0.40555000","","0.02%"
"02/27/2024","0.40584999","0.40529999","0.40590000","0.40525001","","0.14%"
"02/26/2024","0.40529999","0.40564999","0.40580001","0.40470001","","-0.12%"
"02/23/2024","0.40580001","0.40625000","0.40650001","0.40544999","","-0.15%"
"02/22/2024","0.40640000","0.40720001","0.40720001","0.40625000","","-0.28%"
"02/21/2024","0.40755001","0.40755001","0.40825000","0.40724999","","0.00%"
"02/20/2024","0.40755001","0.40735000","0.40764999","0.40724999","","0.01%"
"02/19/2024","0.40750000","0.40759999","0.40825000","0.40744999","","-0.02%"
"02/16/2024","0.40759999","0.40939999","0.40939999","0.40724999","","-0.27%"
"02/15/2024","0.40869999","0.40885001","0.40979999","0.40865001","","-0.16%"
"02/14/2024","0.40935001","0.40935001","0.40935001","0.40935001","","0.00%"
"02/13/2024","0.40935001","0.40935001","0.40935001","0.40935001","","0.00%"
"02/12/2024","0.40935001","0.40935001","0.40935001","0.40935001","","0.00%"
"02/09/2024","0.40935001","0.40935001","0.40935001","0.40935001","","0.00%"
"02/08/2024","0.40935001","0.40935001","0.40935001","0.40935001","","0.00%"
"02/07/2024","0.40935001","0.41020000","0.41029999","0.40865001","","-0.22%"
"02/06/2024","0.41025001","0.41005000","0.41075000","0.41000000","","0.04%"
"02/05/2024","0.41010001","0.40955001","0.41045001","0.40950000","","-0.13%"
"02/02/2024","0.41065001","0.40979999","0.41095001","0.40950000","","0.24%"
"02/01/2024","0.40965000","0.40955001","0.41040000","0.40924999","","0.07%"
"01/31/2024","0.40935001","0.40979999","0.40985000","0.40869999","","-0.07%"
"01/30/2024","0.40965000","0.40795001","0.40985000","0.40795001","","0.54%"
"01/29/2024","0.40744999","0.40654999","0.40755001","0.40630001","","0.27%"
"01/26/2024","0.40634999","0.40615001","0.40645000","0.40605000","","0.02%"
"01/25/2024","0.40625000","0.40654999","0.40685001","0.40619999","","-0.01%"
"01/24/2024","0.40630001","0.40685001","0.40744999","0.40615001","","-0.14%"
"01/23/2024","0.40685001","0.40705001","0.40795001","0.40685001","","-0.05%"
"01/22/2024","0.40705001","0.40755001","0.40795001","0.40705001","","-0.05%"
"01/19/2024","0.40724999","0.40724999","0.40750000","0.40695000","","0.02%"
"01/18/2024","0.40715000","0.40775001","0.40775001","0.40680000","","-0.07%"
"01/17/2024","0.40744999","0.40775001","0.40775001","0.40720001","","-0.07%"
"01/16/2024","0.40775001","0.40805000","0.40860000","0.40730000","","-0.17%"
"01/15/2024","0.40845001","0.40880001","0.40880001","0.40825000","","0.10%"
"01/12/2024","0.40805000","0.40814999","0.40845001","0.40755001","","-0.05%"
"01/11/2024","0.40825000","0.40885001","0.40904999","0.40820000","","-0.29%"
"01/10/2024","0.40944999","0.41029999","0.41069999","0.40944999","","-0.21%"
"01/09/2024","0.41029999","0.41065001","0.41084999","0.40990001","","-0.11%"
"01/08/2024","0.41075000","0.41029999","0.41100001","0.40994999","","0.15%"
"01/05/2024","0.41014999","0.41029999","0.41084999","0.41014999","","-0.04%"
"01/04/2024","0.41029999","0.41034999","0.41049999","0.40979999","","0.06%"
"01/03/2024","0.41005000","0.41075000","0.41130000","0.41000000","","-0.19%"
"01/02/2024","0.41084999","0.41205001","0.41235000","0.41084999","","-0.28%"
"01/01/2024","0.41200000","0.41200000","0.41200000","0.41200000","","0.00%"
"12/29/2023","0.41200000","0.41194999","0.41249999","0.41145000","","-0.08%"
"12/28/2023","0.41235000","0.41145000","0.41235000","0.41055000","","0.46%"
"12/27/2023","0.41045001","0.41025001","0.41125000","0.40994999","","-0.10%"
"12/26/2023","0.41084999","0.41235000","0.41299999","0.41084999","","-0.39%"
"12/25/2023","0.41244999","0.41284999","0.41350001","0.41209999","","0.02%"
"12/22/2023","0.41235000","0.41145000","0.41255000","0.41119999","","0.34%"
"12/21/2023","0.41095001","0.41075000","0.41110000","0.41049999","","0.06%"
"12/20/2023","0.41069999","0.41095001","0.41190001","0.41060001","","0.05%"
"12/19/2023","0.41049999","0.41045001","0.41080001","0.41014999","","0.01%"
"12/18/2023","0.41045001","0.41209999","0.41264999","0.41025001","","-0.35%"
"12/15/2023","0.41190001","0.41244999","0.41284999","0.41190001","","-0.10%"
"12/14/2023","0.41229999","0.41270000","0.41315001","0.41209999","","0.12%"
"12/13/2023","0.41180000","0.41209999","0.41220000","0.41174999","","-0.05%"
"12/12/2023","0.41200000","0.41200000","0.41209999","0.41180000","","-0.05%"
"12/11/2023","0.41220000","0.41299999","0.41350001","0.41185001","","-0.11%"
"12/08/2023","0.41264999","0.41215000","0.41264999","0.41205001","","0.22%"
"12/07/2023","0.41174999","0.41180000","0.41205001","0.41165000","","-0.01%"
"12/06/2023","0.41180000","0.41180000","0.41209999","0.41139999","","-0.04%"
"12/05/2023","0.41194999","0.41225001","0.41249999","0.41174999","","-0.07%"
"12/04/2023","0.41225001","0.41185001","0.41275001","0.41154999","","0.19%"
"12/01/2023","0.41145000","0.41145000","0.41215000","0.41119999","","-0.17%"
"11/30/2023","0.41215000","0.41215000","0.41319999","0.41185001","","0.04%"
"11/29/2023","0.41200000","0.41334999","0.41345000","0.41200000","","-0.12%"
"11/28/2023","0.41249999","0.41220000","0.41264999","0.41215000","","0.00%"
"11/27/2023","0.41249999","0.41264999","0.41280001","0.41200000","","0.15%"
"11/24/2023","0.41190001","0.41215000","0.41299999","0.41174999","","-0.11%"
"11/23/2023","0.41235000","0.41299999","0.41380000","0.41235000","","-0.13%"
"11/22/2023","0.41290000","0.41415000","0.41415000","0.41290000","","-0.31%"
"11/21/2023","0.41420001","0.41470000","0.41495001","0.41365001","","0.17%"
"11/20/2023","0.41350001","0.41295001","0.41389999","0.41255000","","0.35%"
"11/17/2023","0.41205001","0.41145000","0.41275001","0.41135001","","0.10%"
"11/16/2023","0.41165000","0.41165000","0.41190001","0.41125000","","0.04%"
"11/15/2023","0.41150001","0.41014999","0.41200000","0.41010001","","0.30%"
"11/14/2023","0.41025001","0.41005000","0.41055000","0.41000000","","0.05%"
"11/13/2023","0.41005000","0.41115001","0.41115001","0.40985000","","-0.24%"
"11/10/2023","0.41104999","0.41014999","0.41135001","0.41014999","","0.10%"
"11/09/2023","0.41065001","0.41020000","0.41095001","0.40985000","","0.12%"
"11/08/2023","0.41014999","0.41075000","0.41165000","0.41005000","","-0.22%"
"11/07/2023","0.41104999","0.41045001","0.41209999","0.41014999","","0.09%"
"11/06/2023","0.41069999","0.40705001","0.41125000","0.40705001","","0.77%"
"11/03/2023","0.40755001","0.40685001","0.40755001","0.40680000","","0.17%"
"11/02/2023","0.40685001","0.40705001","0.40715000","0.40669999","","0.06%"
"11/01/2023","0.40660000","0.40685001","0.40715000","0.40660000","","-0.10%"
"10/31/2023","0.40700001","0.40720001","0.40724999","0.40689999","","0.01%"
"10/30/2023","0.40695000","0.40695000","0.40720001","0.40665001","","0.04%"
"10/27/2023","0.40680000","0.40634999","0.40720001","0.40625000","","0.11%"
"10/26/2023","0.40634999","0.40665001","0.40695000","0.40615001","","-0.12%"
"10/25/2023","0.40685001","0.40705001","0.40724999","0.40669999","","-0.07%"
"10/24/2023","0.40715000","0.40709999","0.40770000","0.40650001","","0.17%"
"10/23/2023","0.40645000","0.40750000","0.40834999","0.40619999","","-0.25%"
"10/20/2023","0.40744999","0.40705001","0.40845001","0.40674999","","0.10%"
"10/19/2023","0.40705001","0.40674999","0.40825000","0.40650001","","0.02%"
"10/18/2023","0.40695000","0.40830001","0.40845001","0.40685001","","-0.28%"
"10/17/2023","0.40810001","0.40885001","0.40885001","0.40805000","","-0.11%"
"10/16/2023","0.40854999","0.40889999","0.40904999","0.40845001","","-0.07%"
"10/13/2023","0.40885001","0.40834999","0.40920001","0.40834999","","-0.05%"
"10/12/2023","0.40904999","0.40910000","0.40939999","0.40875000","","0.02%"
"10/11/2023","0.40895000","0.40975001","0.41010001","0.40885001","","-0.20%"
"10/10/2023","0.40975001","0.40994999","0.41025001","0.40935001","","-0.07%"
"10/09/2023","0.41005000","0.41029999","0.41060001","0.40975001","","0.00%"
"10/06/2023","0.41005000","0.41020000","0.41040000","0.40930000","","0.06%"
"10/05/2023","0.40979999","0.40965000","0.41014999","0.40930000","","0.15%"
"10/04/2023","0.40920001","0.40985000","0.41014999","0.40910000","","-0.16%"
"10/03/2023","0.40985000","0.41025001","0.41025001","0.40959999","","-0.17%"
"10/02/2023","0.41055000","0.41135001","0.41150001","0.41000000","","-0.21%"
"09/29/2023","0.41139999","0.40955001","0.41205001","0.40944999","","0.40%"
"09/28/2023","0.40975001","0.40920001","0.40994999","0.40904999","","0.00%"
"09/27/2023","0.40975001","0.40920001","0.41020000","0.40915000","","-0.07%"
"09/26/2023","0.41005000","0.41055000","0.41055000","0.40904999","","0.05%"
"09/25/2023","0.40985000","0.41080001","0.41104999","0.40979999","","-0.10%"
"09/22/2023","0.41025001","0.41115001","0.41170001","0.41025001","","-0.19%"
"09/21/2023","0.41104999","0.41154999","0.41225001","0.41084999","","-0.15%"
"09/20/2023","0.41165000","0.41025001","0.41174999","0.41014999","","0.39%"
"09/19/2023","0.41005000","0.41005000","0.41010001","0.40955001","","0.00%"
"09/18/2023","0.41005000","0.41190001","0.41225001","0.41005000","","-0.49%"
"09/15/2023","0.41205001","0.41225001","0.41264999","0.41200000","","-0.15%"
"09/14/2023","0.41264999","0.41374999","0.41385001","0.41249999","","-0.27%"
"09/13/2023","0.41374999","0.41485000","0.41495001","0.41354999","","-0.22%"
"09/12/2023","0.41464999","0.41514999","0.41525000","0.41464999","","-0.12%"
"09/11/2023","0.41514999","0.41540000","0.41585001","0.41514999","","-0.12%"
"09/08/2023","0.41565001","0.41569999","0.41569999","0.41444999","","0.06%"
"09/07/2023","0.41540000","0.41560000","0.41595000","0.41495001","","-0.05%"
"09/06/2023","0.41560000","0.41514999","0.41670001","0.41479999","","0.02%"
"09/05/2023","0.41549999","0.41455001","0.41560000","0.41455001","","0.08%"
"09/04/2023","0.41514999","0.41514999","0.41514999","0.41514999","","0.00%"
"09/01/2023","0.41514999","0.41514999","0.41514999","0.41514999","","0.00%"
"08/31/2023","0.41514999","0.41485000","0.41569999","0.41450000","","0.19%"
"08/30/2023","0.41435000","0.41374999","0.41470000","0.41334999","","0.24%"
"08/29/2023","0.41334999","0.41360000","0.41405001","0.41319999","","-0.39%"
"08/28/2023","0.41495001","0.41670001","0.41714999","0.41495001","","-0.26%"
"08/25/2023","0.41604999","0.41595000","0.41694999","0.41595000","","-0.10%"
"08/24/2023","0.41644999","0.41670001","0.41720000","0.41644999","","-0.06%"
"08/23/2023","0.41670001","0.41659999","0.41725001","0.41624999","","-0.25%"
"08/22/2023","0.41775000","0.41990000","0.41999999","0.41775000","","-0.49%"
"08/21/2023","0.41980001","0.42019999","0.42105001","0.41980001","","0.01%"
"08/18/2023","0.41975001","0.41890001","0.42045000","0.41880000","","0.19%"
"08/17/2023","0.41894999","0.41725001","0.41894999","0.41705000","","0.34%"
"08/16/2023","0.41755000","0.41705000","0.41810000","0.41650000","","0.12%"
"08/15/2023","0.41705000","0.41914999","0.41960001","0.41694999","","-0.63%"
"08/14/2023","0.41970000","0.42065001","0.42140001","0.41964999","","-0.26%"
"08/11/2023","0.42080000","0.42100000","0.42210001","0.42080000","","-0.06%"
"08/10/2023","0.42105001","0.42120001","0.42170000","0.42089999","","-0.01%"
"08/09/2023","0.42109999","0.42124999","0.42219999","0.42100000","","-0.02%"
"08/08/2023","0.42120001","0.42109999","0.42199999","0.42105001","","-0.04%"
"08/07/2023","0.42135000","0.42170000","0.42230001","0.42100000","","0.02%"
"08/04/2023","0.42124999","0.42100000","0.42214999","0.42074999","","0.11%"
"08/03/2023","0.42080000","0.42065001","0.42109999","0.42054999","","-0.11%"
"08/02/2023","0.42124999","0.42205000","0.42240000","0.42095000","","-0.19%"
"08/01/2023","0.42205000","0.42230001","0.42250001","0.42199999","","-0.01%"
"07/31/2023","0.42210001","0.42219999","0.42240000","0.42205000","","0.02%"
"07/28/2023","0.42199999","0.42260000","0.42260000","0.42190000","","-0.12%"
"07/27/2023","0.42250001","0.42234999","0.42265001","0.42225000","","0.04%"
"07/26/2023","0.42234999","0.42245001","0.42260000","0.42219999","","-0.04%"
"07/25/2023","0.42250001","0.42230001","0.42269999","0.42144999","","0.04%"
"07/24/2023","0.42234999","0.42250001","0.42285001","0.42234999","","-0.07%"
"07/21/2023","0.42265001","0.42250001","0.42300001","0.42240000","","-0.01%"
"07/20/2023","0.42269999","0.42195001","0.42300001","0.42195001","","-0.06%"
"07/19/2023","0.42295000","0.42295000","0.42315000","0.42269999","","0.00%"
"07/18/2023","0.42295000","0.42304999","0.42320001","0.42275000","","0.00%"
"07/17/2023","0.42295000","0.42289999","0.42320001","0.42240000","","0.01%"
"07/14/2023","0.42289999","0.42260000","0.42320001","0.42250001","","0.13%"
"07/13/2023","0.42234999","0.42315000","0.42324999","0.42230001","","-0.01%"
"07/12/2023","0.42240000","0.42190000","0.42269999","0.42190000","","0.12%"
"07/11/2023","0.42190000","0.42304999","0.42315000","0.42160001","","-0.20%"
"07/10/2023","0.42275000","0.42315000","0.42365000","0.42234999","","-0.01%"
"07/07/2023","0.42280000","0.42164999","0.42295000","0.42155001","","0.30%"
"07/06/2023","0.42155001","0.42060000","0.42170000","0.42060000","","0.15%"
"07/05/2023","0.42089999","0.42155001","0.42155001","0.42030001","","-0.19%"
"07/04/2023","0.42170000","0.42205000","0.42269999","0.42170000","","0.00%"
"07/03/2023","0.42170000","0.42465001","0.42465001","0.42170000","","-0.53%"
"06/30/2023","0.42394999","0.42394999","0.42495000","0.42375001","","-0.05%"
"06/29/2023","0.42414999","0.42405000","0.42484999","0.42399999","","-0.05%"
"06/28/2023","0.42434999","0.42480001","0.42500001","0.42434999","","-0.14%"
"06/27/2023","0.42495000","0.42480001","0.42519999","0.42475000","","0.05%"
"06/26/2023","0.42475000","0.42500001","0.42570001","0.42475000","","-0.06%"
"06/23/2023","0.42500001","0.42510000","0.42555001","0.42495000","","0.00%"
"06/22/2023","0.42500001","0.42545000","0.42545000","0.42495000","","-0.07%"
"06/21/2023","0.42530000","0.42500001","0.42530000","0.42490000","","0.08%"
"06/20/2023","0.42495000","0.42480001","0.42515001","0.42480001","","0.00%"
"06/19/2023","0.42495000","0.42495000","0.42539999","0.42495000","","0.00%"
"06/16/2023","0.42495000","0.42495000","0.42524999","0.42469999","","0.02%"
"06/15/2023","0.42484999","0.42524999","0.42585000","0.42465001","","-0.12%"
"06/14/2023","0.42535001","0.42535001","0.42539999","0.42519999","","-0.02%"
"06/13/2023","0.42545000","0.42550001","0.42580000","0.42539999","","-0.06%"
"06/12/2023","0.42570001","0.42594999","0.42600000","0.42570001","","-0.04%"
"06/09/2023","0.42585000","0.42570001","0.42590001","0.42559999","","0.06%"
"06/08/2023","0.42559999","0.42570001","0.42580000","0.42550001","","-0.04%"
"06/07/2023","0.42574999","0.42574999","0.42590001","0.42565000","","0.01%"
"06/06/2023","0.42570001","0.42559999","0.42600000","0.42550001","","0.05%"
"06/05/2023","0.42550001","0.42570001","0.42594999","0.42530000","","-0.07%"
"06/02/2023","0.42580000","0.42585000","0.42629999","0.42580000","","0.01%"
"06/01/2023","0.42574999","0.42565000","0.42590001","0.42565000","","0.02%"
"05/31/2023","0.42565000","0.42574999","0.42574999","0.42555001","","-0.02%"
"05/30/2023","0.42574999","0.42590001","0.42594999","0.42559999","","-0.05%"
"05/29/2023","0.42594999","0.42580000","0.42609999","0.42580000","","0.04%"
"05/26/2023","0.42580000","0.42590001","0.42594999","0.42574999","","-0.02%"
"05/25/2023","0.42590001","0.42574999","0.42605001","0.42565000","","0.00%"
"05/24/2023","0.42590001","0.42555001","0.42649999","0.42530000","","0.01%"
"05/23/2023","0.42585000","0.42649999","0.42655000","0.42580000","","-0.15%"
"05/22/2023","0.42649999","0.42629999","0.42660001","0.42605001","","0.12%"
"05/19/2023","0.42600000","0.42609999","0.42680001","0.42465001","","-0.06%"
"05/18/2023","0.42625001","0.42629999","0.42710000","0.42620000","","-0.01%"
"05/17/2023","0.42629999","0.42629999","0.42645001","0.42629999","","-0.01%"
"05/16/2023","0.42635000","0.42629999","0.42640001","0.42594999","","0.04%"
"05/15/2023","0.42620000","0.42609999","0.42645001","0.42600000","","0.00%"
"05/12/2023","0.42620000","0.42620000","0.42629999","0.42590001","","0.04%"
"05/11/2023","0.42605001","0.42600000","0.42614999","0.42590001","","0.02%"
"05/10/2023","0.42594999","0.42605001","0.42640001","0.42590001","","-0.02%"
"05/09/2023","0.42605001","0.42635000","0.42645001","0.42605001","","-0.08%"
"05/08/2023","0.42640001","0.42640001","0.42649999","0.42620000","","-0.01%"
"05/05/2023","0.42645001","0.42635000","0.42649999","0.42629999","","0.02%"
"05/04/2023","0.42635000","0.42635000","0.42649999","0.42625001","","0.06%"
"05/03/2023","0.42609999","0.42609999","0.42609999","0.42609999","","0.00%"
"05/02/2023","0.42609999","0.42609999","0.42609999","0.42609999","","0.00%"
"05/01/2023","0.42609999","0.42609999","0.42609999","0.42609999","","0.00%"
"04/28/2023","0.42609999","0.42629999","0.42640001","0.42574999","","-0.05%"
"04/27/2023","0.42629999","0.42594999","0.42629999","0.42565000","","0.08%"
"04/26/2023","0.42594999","0.42565000","0.42594999","0.42559999","","0.00%"
"04/25/2023","0.42594999","0.42585000","0.42594999","0.42555001","","0.09%"
"04/24/2023","0.42555001","0.42565000","0.42590001","0.42555001","","-0.01%"
"04/21/2023","0.42559999","0.42565000","0.42640001","0.42530000","","-0.01%"
"04/20/2023","0.42565000","0.42550001","0.42580000","0.42434999","","0.09%"
"04/19/2023","0.42524999","0.42515001","0.42635000","0.42515001","","0.01%"
"04/18/2023","0.42519999","0.42530000","0.42594999","0.42515001","","-0.12%"
"04/17/2023","0.42570001","0.42629999","0.42645001","0.42559999","","-0.18%"
"04/14/2023","0.42645001","0.42649999","0.42655000","0.42635000","","-0.01%"
"04/13/2023","0.42649999","0.42645001","0.42660001","0.42629999","","0.01%"
"04/12/2023","0.42645001","0.42640001","0.42649999","0.42629999","","0.01%"
"04/11/2023","0.42640001","0.42645001","0.42649999","0.42625001","","-0.01%"
"04/10/2023","0.42645001","0.42640001","0.42649999","0.42635000","","0.00%"
"04/07/2023","0.42645001","0.42640001","0.42649999","0.42620000","","0.02%"
"04/06/2023","0.42635000","0.42625001","0.42645001","0.42590001","","0.07%"
"04/05/2023","0.42605001","0.42600000","0.42629999","0.42550001","","0.00%"
"04/04/2023","0.42605001","0.42574999","0.42629999","0.42559999","","0.07%"
"04/03/2023","0.42574999","0.42609999","0.42629999","0.42519999","","-0.08%"
"03/31/2023","0.42609999","0.42600000","0.42629999","0.42530000","","0.06%"
"03/30/2023","0.42585000","0.42585000","0.42600000","0.42570001","","0.05%"
"03/29/2023","0.42565000","0.42519999","0.42580000","0.42519999","","0.02%"
"03/28/2023","0.42555001","0.42519999","0.42559999","0.42510000","","0.08%"
"03/27/2023","0.42519999","0.42519999","0.42530000","0.42490000","","0.04%"
"03/24/2023","0.42504999","0.42519999","0.42559999","0.42504999","","-0.11%"
"03/23/2023","0.42550001","0.42539999","0.42565000","0.42510000","","0.11%"
"03/22/2023","0.42504999","0.42429999","0.42565000","0.42425001","","0.26%"
"03/21/2023","0.42394999","0.42385000","0.42405000","0.42375001","","0.00%"
"03/20/2023","0.42394999","0.42385000","0.42410001","0.42385000","","0.02%"
"03/17/2023","0.42385000","0.42394999","0.42410001","0.42355001","","-0.07%"
"03/16/2023","0.42414999","0.42399999","0.42434999","0.42390001","","0.01%"
"03/15/2023","0.42410001","0.42394999","0.42414999","0.42365000","","0.04%"
"03/14/2023","0.42394999","0.42405000","0.42425001","0.42350000","","0.01%"
"03/13/2023","0.42390001","0.42234999","0.42480001","0.42234999","","0.37%"
"03/10/2023","0.42234999","0.42195001","0.42234999","0.42179999","","0.09%"
"03/09/2023","0.42195001","0.42144999","0.42195001","0.42089999","","0.09%"
"03/08/2023","0.42155001","0.42144999","0.42195001","0.42085001","","-0.30%"
"03/07/2023","0.42280000","0.42304999","0.42370000","0.42245001","","0.07%"
"03/06/2023","0.42250001","0.42144999","0.42265001","0.42129999","","0.25%"
"03/03/2023","0.42144999","0.42135000","0.42160001","0.42120001","","-0.02%"
"03/02/2023","0.42155001","0.42164999","0.42190000","0.42129999","","0.02%"
"03/01/2023","0.42144999","0.42109999","0.42155001","0.42030001","","0.14%"
"02/28/2023","0.42085001","0.42019999","0.42085001","0.41999999","","0.26%"
"02/27/2023","0.41975001","0.41964999","0.42030001","0.41949999","","-0.11%"
"02/24/2023","0.42019999","0.41960001","0.42060000","0.41929999","","0.14%"
"02/23/2023","0.41960001","0.41885000","0.42100000","0.41885000","","-0.13%"
"02/22/2023","0.42015001","0.42124999","0.42124999","0.42005000","","-0.33%"
"02/21/2023","0.42155001","0.42115000","0.42195001","0.41999999","","0.09%"
"02/20/2023","0.42115000","0.41960001","0.42205000","0.41914999","","0.33%"
"02/17/2023","0.41975001","0.42045000","0.42089999","0.41949999","","-0.49%"
"02/16/2023","0.42179999","0.42295000","0.42355001","0.42179999","","-0.34%"
"02/15/2023","0.42324999","0.42350000","0.42359999","0.42295000","","-0.06%"
"02/14/2023","0.42350000","0.42359999","0.42385000","0.42324999","","-0.02%"
"02/13/2023","0.42359999","0.42385000","0.42434999","0.42350000","","-0.12%"
"02/10/2023","0.42410001","0.42410001","0.42429999","0.42315000","","-0.02%"
"02/09/2023","0.42420000","0.42350000","0.42429999","0.42295000","","0.09%"
"02/08/2023","0.42379999","0.42324999","0.42390001","0.42304999","","0.07%"
"02/07/2023","0.42350000","0.42539999","0.42539999","0.42340001","","-0.54%"
"02/06/2023","0.42580000","0.42640001","0.42640001","0.42539999","","-0.14%"
"02/03/2023","0.42640001","0.42645001","0.42649999","0.42539999","","0.00%"
"02/02/2023","0.42640001","0.42640001","0.42655000","0.42629999","","0.00%"
"02/01/2023","0.42640001","0.42640001","0.42649999","0.42559999","","-0.01%"
"01/31/2023","0.42645001","0.42640001","0.42649999","0.42590001","","0.12%"
"01/30/2023","0.42594999","0.42594999","0.42645001","0.42590001","","-0.02%"
"01/27/2023","0.42605001","0.42574999","0.42649999","0.42574999","","-0.08%"
"01/26/2023","0.42640001","0.42640001","0.42640001","0.42640001","","0.00%"
"01/25/2023","0.42640001","0.42640001","0.42640001","0.42640001","","0.00%"
"01/24/2023","0.42640001","0.42640001","0.42640001","0.42640001","","0.00%"
"01/23/2023","0.42640001","0.42640001","0.42640001","0.42640001","","0.00%"
"01/20/2023","0.42640001","0.42640001","0.42640001","0.42640001","","0.00%"
"01/19/2023","0.42640001","0.42640001","0.42670000","0.42574999","","-0.02%"
"01/18/2023","0.42649999","0.42670000","0.42675000","0.42605001","","-0.05%"
"01/17/2023","0.42670000","0.42660001","0.42675000","0.42640001","","0.07%"
"01/16/2023","0.42640001","0.42660001","0.42680001","0.42640001","","-0.05%"
"01/13/2023","0.42660001","0.42655000","0.42660001","0.42635000","","0.02%"
"01/12/2023","0.42649999","0.42649999","0.42655000","0.42620000","","0.00%"
"01/11/2023","0.42649999","0.42640001","0.42649999","0.42609999","","0.02%"
"01/10/2023","0.42640001","0.42640001","0.42645001","0.42580000","","0.01%"
"01/09/2023","0.42635000","0.42600000","0.42635000","0.42574999","","0.08%"
"01/06/2023","0.42600000","0.42574999","0.42620000","0.42519999","","0.06%"
"01/05/2023","0.42574999","0.42510000","0.42600000","0.42504999","","0.16%"
"01/04/2023","0.42504999","0.42495000","0.42539999","0.42434999","","0.05%"
"01/03/2023","0.42484999","0.42414999","0.42565000","0.42385000","","0.43%"
"01/02/2023","0.42304999","0.42304999","0.42304999","0.42304999","","0.00%"
"12/30/2022","0.42304999","0.42335001","0.42449999","0.42285001","","-0.07%"
"12/29/2022","0.42335001","0.42295000","0.42335001","0.42234999","","0.07%"
"12/28/2022","0.42304999","0.42365000","0.42405000","0.42289999","","-0.14%"
"12/27/2022","0.42365000","0.42359999","0.42429999","0.42315000","","0.01%"
"12/26/2022","0.42359999","0.42355001","0.42390001","0.42265001","","-0.08%"
"12/23/2022","0.42394999","0.42295000","0.42425001","0.42234999","","0.28%"
"12/22/2022","0.42275000","0.42164999","0.42280000","0.42105001","","0.31%"
"12/21/2022","0.42144999","0.42115000","0.42199999","0.42085001","","0.12%"
"12/20/2022","0.42095000","0.42034999","0.42135000","0.41914999","","-0.17%"
"12/19/2022","0.42164999","0.42359999","0.42385000","0.42164999","","-0.45%"
"12/16/2022","0.42355001","0.42445001","0.42500001","0.42350000","","-0.35%"
"12/15/2022","0.42504999","0.42465001","0.42559999","0.42385000","","0.09%"
"12/14/2022","0.42465001","0.42465001","0.42594999","0.42414999","","0.33%"
"12/13/2022","0.42324999","0.42179999","0.42414999","0.42179999","","0.34%"
"12/12/2022","0.42179999","0.42414999","0.42504999","0.42179999","","-0.55%"
"12/09/2022","0.42414999","0.42420000","0.42524999","0.42359999","","0.98%"
"12/08/2022","0.42005000","0.41845000","0.42005000","0.41784999","","0.50%"
"12/07/2022","0.41795000","0.41665000","0.41964999","0.41635001","","0.31%"
"12/06/2022","0.41665000","0.41620001","0.41665000","0.41495001","","-0.01%"
"12/05/2022","0.41670001","0.41679999","0.41795000","0.41620001","","1.55%"
"12/02/2022","0.41034999","0.40885001","0.41040000","0.40885001","","0.59%"
"12/01/2022","0.40795001","0.40759999","0.40825000","0.40724999","","0.54%"
"11/30/2022","0.40575001","0.40415001","0.40590000","0.40415001","","0.47%"
"11/29/2022","0.40384999","0.40375000","0.40450001","0.40325001","","0.09%"
"11/28/2022","0.40349999","0.40349999","0.40369999","0.40274999","","-0.04%"
"11/25/2022","0.40364999","0.40259999","0.40390000","0.40235001","","0.27%"
"11/24/2022","0.40255001","0.40245000","0.40259999","0.40235001","","0.04%"
"11/23/2022","0.40239999","0.40255001","0.40255001","0.40235001","","0.01%"
"11/22/2022","0.40235001","0.40245000","0.40285000","0.40230000","","-0.04%"
"11/21/2022","0.40250000","0.40290001","0.40325001","0.40250000","","-0.14%"
"11/18/2022","0.40305001","0.40314999","0.40335000","0.40290001","","0.02%"
"11/17/2022","0.40294999","0.40345001","0.40345001","0.40259999","","-0.12%"
"11/16/2022","0.40345001","0.40364999","0.40375000","0.40305001","","-0.02%"
"11/15/2022","0.40355000","0.40375000","0.40384999","0.40239999","","-0.12%"
"11/14/2022","0.40404999","0.40305001","0.40425000","0.40270001","","0.27%"
"11/11/2022","0.40294999","0.40224999","0.40314999","0.40204999","","0.22%"
"11/10/2022","0.40204999","0.40220001","0.40230000","0.40204999","","-0.01%"
"11/09/2022","0.40210000","0.40220001","0.40220001","0.40200001","","0.02%"
"11/08/2022","0.40200001","0.40220001","0.40220001","0.40200001","","0.00%"
"11/07/2022","0.40200001","0.40215001","0.40255001","0.40195000","","0.01%"
"11/04/2022","0.40195000","0.40210000","0.40255001","0.40180001","","-0.04%"
"11/03/2022","0.40210000","0.40224999","0.40230000","0.40200001","","-0.09%"
"11/02/2022","0.40245000","0.40220001","0.40255001","0.40200001","","0.07%"
"11/01/2022","0.40215001","0.40224999","0.40285000","0.40195000","","-0.05%"
"10/31/2022","0.40235001","0.40270001","0.40270001","0.40220001","","-0.07%"
"10/28/2022","0.40265000","0.40235001","0.40300000","0.40235001","","0.02%"
"10/27/2022","0.40255001","0.40270001","0.40305001","0.40235001","","0.02%"
"10/26/2022","0.40245000","0.40224999","0.40265000","0.40215001","","0.05%"
"10/25/2022","0.40224999","0.40235001","0.40274999","0.40210000","","-0.01%"
"10/24/2022","0.40230000","0.40230000","0.40300000","0.40200001","","-0.04%"
"10/21/2022","0.40245000","0.40720001","0.40724999","0.40245000","","-1.19%"
"10/20/2022","0.40730000","0.40885001","0.40885001","0.40705001","","-0.29%"
"10/19/2022","0.40849999","0.40895000","0.40904999","0.40680000","","-0.15%"
"10/18/2022","0.40910000","0.41080001","0.41104999","0.40904999","","-0.44%"
"10/17/2022","0.41090000","0.41429999","0.41429999","0.41055000","","-0.82%"
"10/14/2022","0.41429999","0.41479999","0.41485000","0.41345000","","0.05%"
"10/13/2022","0.41409999","0.41725001","0.41725001","0.41395000","","-0.78%"
"10/12/2022","0.41734999","0.41775000","0.41850001","0.41700000","","-0.10%"
"10/11/2022","0.41775000","0.41855001","0.41859999","0.41760001","","-0.23%"
"10/10/2022","0.41870001","0.41855001","0.41874999","0.41845000","","0.02%"
"10/07/2022","0.41859999","0.41859999","0.41905001","0.41845000","","-0.02%"
"10/06/2022","0.41870001","0.41880000","0.41970000","0.41855001","","-0.02%"
"10/05/2022","0.41880000","0.41949999","0.41949999","0.41824999","","0.05%"
"10/04/2022","0.41859999","0.41885000","0.41905001","0.41824999","","0.01%"
"10/03/2022","0.41855001","0.41949999","0.41949999","0.41810000","","-0.10%"
"09/30/2022","0.41894999","0.41964999","0.41984999","0.41859999","","-0.13%"
"09/29/2022","0.41949999","0.42115000","0.42115000","0.41905001","","-0.40%"
"09/28/2022","0.42120001","0.42135000","0.42135000","0.42045000","","0.00%"
"09/27/2022","0.42120001","0.42140001","0.42150000","0.42115000","","-0.06%"
"09/26/2022","0.42144999","0.42120001","0.42175001","0.42115000","","-0.06%"
"09/23/2022","0.42170000","0.42160001","0.42179999","0.42160001","","0.00%"
"09/22/2022","0.42170000","0.42170000","0.42185000","0.42160001","","-0.07%"
"09/21/2022","0.42199999","0.42225000","0.42245001","0.42190000","","-0.07%"
"09/20/2022","0.42230001","0.42230001","0.42250001","0.42225000","","0.00%"
"09/19/2022","0.42230001","0.42260000","0.42289999","0.42225000","","-0.07%"
"09/16/2022","0.42260000","0.42289999","0.42385000","0.42234999","","-0.13%"
"09/15/2022","0.42315000","0.42370000","0.42379999","0.42315000","","-0.13%"
"09/14/2022","0.42370000","0.42385000","0.42399999","0.42355001","","-0.16%"
"09/13/2022","0.42440000","0.42484999","0.42515001","0.42440000","","-0.14%"
"09/12/2022","0.42500001","0.42504999","0.42530000","0.42425001","","0.00%"
"09/09/2022","0.42500001","0.42460001","0.42504999","0.42330000","","0.11%"
"09/08/2022","0.42455000","0.42370000","0.42530000","0.42309999","","0.17%"
"09/07/2022","0.42385000","0.42460001","0.42495000","0.42304999","","-0.26%"
"09/06/2022","0.42495000","0.42495000","0.42590001","0.42455000","","-0.06%"
"09/05/2022","0.42519999","0.42605001","0.42649999","0.42425001","","-0.22%"
"09/02/2022","0.42614999","0.42614999","0.42614999","0.42614999","","0.00%"
"09/01/2022","0.42614999","0.42614999","0.42614999","0.42614999","","0.00%"
"08/31/2022","0.42614999","0.42664999","0.42690000","0.42605001","","-0.18%"
"08/30/2022","0.42690000","0.42670000","0.42725000","0.42670000","","0.05%"
"08/29/2022","0.42670000","0.42690000","0.42735001","0.42649999","","-0.07%"
"08/26/2022","0.42699999","0.42684999","0.42710000","0.42655000","","0.05%"
"08/25/2022","0.42680001","0.42660001","0.42699999","0.42620000","","0.06%"
"08/24/2022","0.42655000","0.42670000","0.42719999","0.42565000","","-0.04%"
"08/23/2022","0.42670000","0.42690000","0.42719999","0.42670000","","-0.07%"
"08/22/2022","0.42699999","0.42719999","0.42730001","0.42699999","","-0.05%"
"08/19/2022","0.42719999","0.42719999","0.42735001","0.42719999","","0.00%"
"08/18/2022","0.42719999","0.42719999","0.42739999","0.42719999","","-0.01%"
"08/17/2022","0.42725000","0.42715001","0.42735001","0.42704999","","0.02%"
"08/16/2022","0.42715001","0.42710000","0.42760000","0.42704999","","-0.01%"
"08/15/2022","0.42719999","0.42730001","0.42745000","0.42715001","","-0.04%"
"08/12/2022","0.42735001","0.42730001","0.42770001","0.42719999","","-0.01%"
"08/11/2022","0.42739999","0.42760000","0.42770001","0.42739999","","-0.02%"
"08/10/2022","0.42750001","0.42750001","0.42760000","0.42739999","","0.00%"
"08/09/2022","0.42750001","0.42750001","0.42754999","0.42725000","","0.01%"
"08/08/2022","0.42745000","0.42739999","0.42760000","0.42735001","","-0.01%"
"08/05/2022","0.42750001","0.42739999","0.42780000","0.42704999","","0.05%"
"08/04/2022","0.42730001","0.42719999","0.42774999","0.42699999","","0.00%"
"08/03/2022","0.42730001","0.42805001","0.42809999","0.42725000","","-0.19%"
"08/02/2022","0.42809999","0.42800000","0.42825001","0.42760000","","0.02%"
"08/01/2022","0.42800000","0.42829999","0.42840001","0.42794999","","-0.09%"
"07/29/2022","0.42840001","0.42780000","0.42840001","0.42725000","","0.09%"
"07/28/2022","0.42800000","0.42785001","0.42815000","0.42765000","","0.07%"
"07/27/2022","0.42770001","0.42809999","0.42809999","0.42760000","","-0.01%"
"07/26/2022","0.42774999","0.42760000","0.42820001","0.42754999","","0.06%"
"07/25/2022","0.42750001","0.42739999","0.42760000","0.42715001","","0.07%"
"07/22/2022","0.42719999","0.42699999","0.42735001","0.42680001","","0.05%"
"07/21/2022","0.42699999","0.42699999","0.42765000","0.42675000","","0.01%"
"07/20/2022","0.42695001","0.42664999","0.42710000","0.42649999","","-0.01%"
"07/19/2022","0.42699999","0.42620000","0.42725000","0.42620000","","0.13%"
"07/18/2022","0.42645001","0.42670000","0.42725000","0.42645001","","0.04%"
"07/15/2022","0.42629999","0.42690000","0.42725000","0.42629999","","-0.14%"
"07/14/2022","0.42690000","0.42739999","0.42840001","0.42690000","","-0.12%"
"07/13/2022","0.42739999","0.42739999","0.42765000","0.42730001","","0.00%"
"07/12/2022","0.42739999","0.42800000","0.42800000","0.42739999","","-0.19%"
"07/11/2022","0.42820001","0.42809999","0.42860001","0.42805001","","0.04%"
"07/08/2022","0.42805001","0.42765000","0.42844999","0.42760000","","-0.01%"
"07/07/2022","0.42809999","0.42774999","0.42820001","0.42750001","","0.09%"
"07/06/2022","0.42770001","0.42785001","0.42800000","0.42770001","","-0.05%"
"07/05/2022","0.42789999","0.42809999","0.42820001","0.42774999","","-0.07%"
"07/04/2022","0.42820001","0.42829999","0.42879999","0.42770001","","-0.15%"
"07/01/2022","0.42885000","0.42980000","0.42989999","0.42879999","","-0.22%"
"06/30/2022","0.42980000","0.42969999","0.43024999","0.42925000","","0.02%"
"06/29/2022","0.42969999","0.42989999","0.43030000","0.42969999","","-0.05%"
"06/28/2022","0.42989999","0.43009999","0.43090001","0.42980000","","-0.06%"
"06/27/2022","0.43015000","0.43015000","0.43015000","0.42995000","","0.03%"
"06/24/2022","0.43000001","0.43009999","0.43024999","0.42989999","","-0.02%"
"06/23/2022","0.43009999","0.43030000","0.43050000","0.42995000","","-0.03%"
"06/22/2022","0.43024999","0.43035001","0.43050000","0.43015000","","-0.03%"
"06/21/2022","0.43040001","0.43050000","0.43055001","0.43024999","","0.02%"
"06/20/2022","0.43030000","0.43114999","0.43114999","0.43009999","","-0.02%"
"06/17/2022","0.43040001","0.43024999","0.43050000","0.43015000","","0.02%"
"06/16/2022","0.43030000","0.43024999","0.43065000","0.43020001","","0.00%"
"06/15/2022","0.43030000","0.43065000","0.43065000","0.43030000","","-0.09%"
"06/14/2022","0.43070000","0.43079999","0.43094999","0.43009999","","-0.07%"
"06/13/2022","0.43099999","0.43120000","0.43149999","0.43075001","","-0.07%"
"06/10/2022","0.43130001","0.43169999","0.43169999","0.43110001","","-0.09%"
"06/09/2022","0.43169999","0.43110001","0.43169999","0.43110001","","0.14%"
"06/08/2022","0.43110001","0.43120000","0.43125001","0.43110001","","-0.02%"
"06/07/2022","0.43120000","0.43125001","0.43125001","0.43094999","","-0.02%"
"06/06/2022","0.43130001","0.43120000","0.43130001","0.43085000","","0.05%"
"06/03/2022","0.43110001","0.43099999","0.43130001","0.43090001","","0.02%"
"06/02/2022","0.43099999","0.43090001","0.43120000","0.43079999","","0.00%"
"06/01/2022","0.43099999","0.43120000","0.43130001","0.43075001","","-0.05%"
"05/31/2022","0.43120000","0.43130001","0.43134999","0.43114999","","-0.03%"
"05/30/2022","0.43134999","0.43120000","0.43134999","0.43090001","","0.07%"
"05/27/2022","0.43105000","0.43079999","0.43120000","0.43079999","","0.06%"
"05/26/2022","0.43079999","0.43099999","0.43110001","0.43070000","","-0.06%"
"05/25/2022","0.43105000","0.43085000","0.43149999","0.43070000","","0.10%"
"05/24/2022","0.43059999","0.43140000","0.43145001","0.43050000","","-0.20%"
"05/23/2022","0.43145001","0.43160000","0.43230000","0.43145001","","-0.02%"
"05/20/2022","0.43155000","0.43155000","0.43230000","0.43140000","","-0.08%"
"05/19/2022","0.43189999","0.43204999","0.43259999","0.43145001","","-0.03%"
"05/18/2022","0.43204999","0.43245000","0.43250000","0.43204999","","-0.08%"
"05/17/2022","0.43239999","0.43290001","0.43309999","0.43145001","","-0.12%"
"05/16/2022","0.43290001","0.43290001","0.43325001","0.43290001","","-0.05%"
"05/13/2022","0.43309999","0.43290001","0.43314999","0.43290001","","0.06%"
"05/12/2022","0.43285000","0.43370000","0.43399999","0.43285000","","-0.20%"
"05/11/2022","0.43370000","0.43575001","0.43575001","0.43279999","","-0.49%"
"05/10/2022","0.43584999","0.43564999","0.43595001","0.43544999","","0.05%"
"05/09/2022","0.43564999","0.43550000","0.43579999","0.43540001","","0.02%"
"05/06/2022","0.43555000","0.43544999","0.43564999","0.43525001","","0.00%"
"05/05/2022","0.43555000","0.43535000","0.43575001","0.43520001","","0.05%"
"05/04/2022","0.43535000","0.43544999","0.43555000","0.43515000","","-0.02%"
"05/03/2022","0.43544999","0.43544999","0.43544999","0.43544999","","0.00%"
"05/02/2022","0.43544999","0.43544999","0.43544999","0.43544999","","0.00%"
"04/29/2022","0.43544999","0.43550000","0.43560001","0.43520001","","-0.02%"
"04/28/2022","0.43555000","0.43544999","0.43570000","0.43535000","","0.05%"
"04/27/2022","0.43535000","0.43520001","0.43550000","0.43505001","","0.02%"
"04/26/2022","0.43525001","0.43500000","0.43529999","0.43500000","","0.05%"
"04/25/2022","0.43505001","0.43525001","0.43544999","0.43500000","","-0.07%"
"04/22/2022","0.43535000","0.43525001","0.43544999","0.43525001","","-0.02%"
"04/21/2022","0.43544999","0.43535000","0.43610001","0.43500000","","0.00%"
"04/20/2022","0.43544999","0.43544999","0.43630001","0.43500000","","-0.02%"
"04/19/2022","0.43555000","0.43619999","0.43660000","0.43540001","","-0.24%"
"04/18/2022","0.43660000","0.43654999","0.43680000","0.43605000","","-0.01%"
"04/15/2022","0.43665001","0.43660000","0.43775001","0.43650001","","0.01%"
"04/14/2022","0.43660000","0.43680000","0.43685001","0.43654999","","-0.06%"
"04/13/2022","0.43685001","0.43674999","0.43709999","0.43579999","","0.00%"
"04/12/2022","0.43685001","0.43715000","0.43730000","0.43680000","","-0.11%"
"04/11/2022","0.43735000","0.43735000","0.43735000","0.43735000","","0.00%"
"04/08/2022","0.43735000","0.43744999","0.43775001","0.43709999","","0.00%"
"04/07/2022","0.43735000","0.43724999","0.43779999","0.43709999","","0.02%"
"04/06/2022","0.43724999","0.43705001","0.43775001","0.43705001","","0.03%"
"04/05/2022","0.43709999","0.43759999","0.43775001","0.43705001","","-0.13%"
"04/04/2022","0.43765000","0.43759999","0.43790001","0.43750000","","-0.03%"
"04/01/2022","0.43779999","0.43775001","0.43794999","0.43750000","","0.01%"
"03/31/2022","0.43775001","0.43744999","0.43794999","0.43720001","","0.07%"
"03/30/2022","0.43744999","0.43705001","0.43755001","0.43705001","","0.05%"
"03/29/2022","0.43724999","0.43705001","0.43730000","0.43705001","","0.01%"
"03/28/2022","0.43720001","0.43715000","0.43775001","0.43705001","","-0.03%"
"03/25/2022","0.43735000","0.43724999","0.43775001","0.43705001","","0.05%"
"03/24/2022","0.43715000","0.43715000","0.43775001","0.43700001","","0.00%"
"03/23/2022","0.43715000","0.43705001","0.43740001","0.43695000","","0.00%"
"03/22/2022","0.43715000","0.43720001","0.43775001","0.43705001","","-0.05%"
"03/21/2022","0.43735000","0.43730000","0.43775001","0.43674999","","0.01%"
"03/18/2022","0.43730000","0.43715000","0.43744999","0.43705001","","0.01%"
"03/17/2022","0.43724999","0.43709999","0.43735000","0.43695000","","0.06%"
"03/16/2022","0.43700001","0.43705001","0.43724999","0.43689999","","0.02%"
"03/15/2022","0.43689999","0.43674999","0.43705001","0.43654999","","0.07%"
"03/14/2022","0.43660000","0.43759999","0.43785000","0.43654999","","-0.10%"
"03/11/2022","0.43705001","0.43779999","0.43785000","0.43625000","","-0.17%"
"03/10/2022","0.43779999","0.43759999","0.43790001","0.43744999","","-0.01%"
"03/09/2022","0.43785000","0.43765000","0.43790001","0.43755001","","0.05%"
"03/08/2022","0.43765000","0.43759999","0.43775001","0.43750000","","0.01%"
"03/07/2022","0.43759999","0.43770000","0.43785000","0.43735000","","-0.05%"
"03/04/2022","0.43779999","0.43779999","0.43790001","0.43770000","","-0.01%"
"03/03/2022","0.43785000","0.43770000","0.43820000","0.43750000","","0.03%"
"03/02/2022","0.43770000","0.43814999","0.43840000","0.43770000","","-0.13%"
"03/01/2022","0.43825001","0.43840000","0.43845001","0.43814999","","-0.03%"
"02/28/2022","0.43840000","0.43775001","0.43845001","0.43724999","","0.09%"
"02/25/2022","0.43799999","0.43770000","0.43830001","0.43770000","","0.06%"
"02/24/2022","0.43775001","0.43799999","0.43820000","0.43770000","","-0.07%"
"02/23/2022","0.43805000","0.43810001","0.43810001","0.43785000","","-0.03%"
"02/22/2022","0.43820000","0.43840000","0.43855000","0.43779999","","-0.06%"
"02/21/2022","0.43845001","0.43790001","0.43855000","0.43775001","","0.10%"
"02/18/2022","0.43799999","0.43869999","0.43869999","0.43654999","","-0.16%"
"02/17/2022","0.43869999","0.43945000","0.43945000","0.43869999","","-0.16%"
"02/16/2022","0.43939999","0.43945000","0.43959999","0.43920001","","0.00%"
"02/15/2022","0.43939999","0.43955001","0.43970001","0.43920001","","-0.11%"
"02/14/2022","0.43990001","0.44060001","0.44060001","0.43939999","","-0.19%"
"02/11/2022","0.44075000","0.44080001","0.44095001","0.44049999","","-0.02%"
"02/10/2022","0.44084999","0.44080001","0.44084999","0.44035000","","0.03%"
"02/09/2022","0.44069999","0.43965000","0.44069999","0.43950000","","0.14%"
"02/08/2022","0.44010001","0.44060001","0.44110000","0.44005001","","-0.24%"
"02/07/2022","0.44115001","0.44145000","0.44159999","0.44084999","","-0.07%"
"02/04/2022","0.44145000","0.44145000","0.44145000","0.44145000","","0.00%"
"02/03/2022","0.44145000","0.44145000","0.44145000","0.44145000","","0.00%"
"02/02/2022","0.44145000","0.44145000","0.44145000","0.44145000","","0.00%"
"02/01/2022","0.44145000","0.44145000","0.44145000","0.44145000","","0.00%"
"01/31/2022","0.44145000","0.44145000","0.44145000","0.44145000","","0.00%"
"01/28/2022","0.44145000","0.44145000","0.44165000","0.44110000","","-0.05%"
"01/27/2022","0.44165000","0.44165000","0.44170001","0.44130000","","-0.01%"
"01/26/2022","0.44170001","0.44170001","0.44180000","0.44100001","","0.00%"
"01/25/2022","0.44170001","0.44170001","0.44170001","0.44045001","","0.20%"
"01/24/2022","0.44080001","0.44180000","0.44190001","0.44049999","","-0.23%"
"01/21/2022","0.44180000","0.44145000","0.44205001","0.44100001","","0.08%"
"01/20/2022","0.44145000","0.44049999","0.44159999","0.43970001","","0.24%"
"01/19/2022","0.44040000","0.43979999","0.44049999","0.43834999","","0.25%"
"01/18/2022","0.43930000","0.43950000","0.43990001","0.43830001","","-0.14%"
"01/17/2022","0.43990001","0.44010001","0.44029999","0.43974999","","-0.07%"
"01/14/2022","0.44020000","0.43990001","0.44069999","0.43990001","","0.00%"
"01/13/2022","0.44020000","0.44045001","0.44080001","0.44020000","","-0.06%"
"01/12/2022","0.44045001","0.44069999","0.44069999","0.44029999","","0.00%"
"01/11/2022","0.44045001","0.44040000","0.44090000","0.43990001","","-0.01%"
"01/10/2022","0.44049999","0.43945000","0.44100001","0.43930000","","-0.05%"
"01/07/2022","0.44069999","0.43959999","0.44080001","0.43945000","","0.27%"
"01/06/2022","0.43950000","0.43935001","0.43955001","0.43834999","","0.05%"
"01/05/2022","0.43930000","0.43950000","0.43979999","0.43910000","","-0.03%"
"01/04/2022","0.43945000","0.43910000","0.43950000","0.43884999","","0.45%"
"01/03/2022","0.43750000","0.43750000","0.43750000","0.43750000","","0.00%"
"12/31/2021","0.43750000","0.43930000","0.43955001","0.43744999","","-0.36%"
"12/30/2021","0.43910000","0.43814999","0.43910000","0.43779999","","0.22%"
"12/29/2021","0.43814999","0.43779999","0.43820000","0.43775001","","0.08%"
"12/28/2021","0.43779999","0.43820000","0.43849999","0.43685001","","-0.09%"
"12/27/2021","0.43820000","0.43790001","0.43869999","0.43779999","","0.14%"
"12/24/2021","0.43759999","0.43590000","0.43759999","0.43560001","","0.45%"
"12/23/2021","0.43564999","0.43529999","0.43625000","0.43509999","","0.03%"
"12/22/2021","0.43550000","0.43509999","0.43630001","0.43505001","","-0.10%"
"12/21/2021","0.43595001","0.43599999","0.43689999","0.43595001","","-0.02%"
"12/20/2021","0.43605000","0.43610001","0.43634999","0.43500000","","0.23%"
"12/17/2021","0.43505001","0.43410000","0.43645000","0.43410000","","0.05%"
"12/16/2021","0.43485001","0.43419999","0.43494999","0.43360001","","0.17%"
"12/15/2021","0.43410000","0.43435001","0.43454999","0.43329999","","-0.10%"
"12/14/2021","0.43454999","0.43515000","0.43550000","0.43430001","","-0.13%"
"12/13/2021","0.43509999","0.43380001","0.43550000","0.43380001","","0.21%"
"12/10/2021","0.43419999","0.43454999","0.43535000","0.43329999","","-0.16%"
"12/09/2021","0.43489999","0.43595001","0.43645000","0.43474999","","-0.28%"
"12/08/2021","0.43610001","0.43349999","0.43625000","0.43320000","","0.65%"
"12/07/2021","0.43329999","0.43329999","0.43445000","0.43250000","","-0.23%"
"12/06/2021","0.43430001","0.43750000","0.43810001","0.43239999","","-0.80%"
"12/03/2021","0.43779999","0.44060001","0.44060001","0.43744999","","-0.45%"
"12/02/2021","0.43979999","0.44020000","0.44055000","0.43979999","","-0.09%"
"12/01/2021","0.44020000","0.44069999","0.44069999","0.44020000","","-0.09%"
"11/30/2021","0.44060001","0.44060001","0.44100001","0.44000000","","0.00%"
"11/29/2021","0.44060001","0.44100001","0.44110000","0.44060001","","-0.07%"
"11/26/2021","0.44090000","0.44100001","0.44115001","0.44080001","","-0.02%"
"11/25/2021","0.44100001","0.44080001","0.44110000","0.44069999","","0.07%"
"11/24/2021","0.44069999","0.44080001","0.44110000","0.44060001","","-0.05%"
"11/23/2021","0.44090000","0.44110000","0.44115001","0.44090000","","-0.02%"
"11/22/2021","0.44100001","0.44115001","0.44154999","0.44100001","","-0.05%"
"11/19/2021","0.44119999","0.44139999","0.44145000","0.44119999","","-0.05%"
"11/18/2021","0.44139999","0.44119999","0.44150001","0.44119999","","0.00%"
"11/17/2021","0.44139999","0.44150001","0.44154999","0.44135001","","-0.01%"
"11/16/2021","0.44145000","0.44145000","0.44154999","0.44139999","","-0.01%"
"11/15/2021","0.44150001","0.44145000","0.44154999","0.44119999","","-0.01%"
"11/12/2021","0.44154999","0.44154999","0.44170001","0.44119999","","0.01%"
"11/11/2021","0.44150001","0.44150001","0.44154999","0.44130000","","0.06%"
"11/10/2021","0.44125000","0.44125000","0.44135001","0.44115001","","0.01%"
"11/09/2021","0.44119999","0.44119999","0.44130000","0.44110000","","-0.01%"
"11/08/2021","0.44125000","0.44104999","0.44135001","0.44080001","","0.09%"
"11/05/2021","0.44084999","0.44084999","0.44095001","0.44069999","","0.01%"
"11/04/2021","0.44080001","0.44090000","0.44090000","0.44000000","","0.28%"
"11/03/2021","0.43955001","0.43955001","0.43959999","0.43939999","","0.01%"
"11/02/2021","0.43950000","0.43950000","0.43965000","0.43935001","","0.02%"
"11/01/2021","0.43939999","0.43945000","0.43959999","0.43935001","","-0.02%"
"10/29/2021","0.43950000","0.43945000","0.43959999","0.43939999","","0.02%"
"10/28/2021","0.43939999","0.43939999","0.43945000","0.43924999","","0.01%"
"10/27/2021","0.43935001","0.43939999","0.43945000","0.43920001","","0.00%"
"10/26/2021","0.43935001","0.43935001","0.43945000","0.43930000","","-0.01%"
"10/25/2021","0.43939999","0.43939999","0.43950000","0.43930000","","0.00%"
"10/22/2021","0.43939999","0.43939999","0.43955001","0.43924999","","-0.02%"
"10/21/2021","0.43950000","0.43939999","0.43950000","0.43924999","","0.02%"
"10/20/2021","0.43939999","0.43939999","0.43945000","0.43924999","","0.01%"
"10/19/2021","0.43935001","0.43939999","0.43945000","0.43924999","","0.00%"
"10/18/2021","0.43935001","0.43869999","0.43935001","0.43869999","","0.00%"
"10/15/2021","0.43935001","0.43935001","0.43935001","0.43924999","","0.00%"
"10/14/2021","0.43935001","0.43930000","0.43945000","0.43920001","","0.00%"
"10/13/2021","0.43935001","0.43939999","0.43945000","0.43924999","","0.00%"
"10/12/2021","0.43935001","0.43945000","0.43950000","0.43924999","","0.01%"
"10/11/2021","0.43930000","0.43935001","0.43945000","0.43924999","","-0.01%"
"10/08/2021","0.43935001","0.43935001","0.43945000","0.43920001","","0.01%"
"10/07/2021","0.43930000","0.43930000","0.43945000","0.43920001","","0.00%"
"10/06/2021","0.43930000","0.43930000","0.43939999","0.43845001","","-0.02%"
"10/05/2021","0.43939999","0.43935001","0.43945000","0.43924999","","0.01%"
"10/04/2021","0.43935001","0.43935001","0.43945000","0.43920001","","0.00%"
"10/01/2021","0.43935001","0.43930000","0.43945000","0.43920001","","0.01%"
"09/30/2021","0.43930000","0.43945000","0.43945000","0.43915001","","-0.03%"
"09/29/2021","0.43945000","0.43915001","0.43945000","0.43915001","","0.03%"
"09/28/2021","0.43930000","0.43915001","0.43939999","0.43884999","","0.03%"
"09/27/2021","0.43915001","0.43924999","0.43935001","0.43904999","","-0.01%"
"09/24/2021","0.43920001","0.43910000","0.43920001","0.43900001","","0.00%"
"09/23/2021","0.43920001","0.43920001","0.43939999","0.43904999","","-0.02%"
"09/22/2021","0.43930000","0.43930000","0.43939999","0.43889999","","0.00%"
"09/21/2021","0.43930000","0.43924999","0.43930000","0.43889999","","0.05%"
"09/20/2021","0.43910000","0.43900001","0.43910000","0.43884999","","0.00%"
"09/17/2021","0.43910000","0.43939999","0.43945000","0.43904999","","-0.08%"
"09/16/2021","0.43945000","0.43930000","0.43945000","0.43920001","","0.02%"
"09/15/2021","0.43935001","0.43935001","0.43939999","0.43920001","","0.01%"
"09/14/2021","0.43930000","0.43924999","0.43939999","0.43920001","","0.00%"
"09/13/2021","0.43930000","0.43920001","0.43939999","0.43915001","","-0.01%"
"09/10/2021","0.43935001","0.43924999","0.43939999","0.43915001","","0.03%"
"09/09/2021","0.43920001","0.43930000","0.43939999","0.43915001","","-0.03%"
"09/08/2021","0.43935001","0.43924999","0.43950000","0.43915001","","0.00%"
"09/07/2021","0.43935001","0.43930000","0.43939999","0.43869999","","0.02%"
"09/06/2021","0.43924999","0.43904999","0.43924999","0.43889999","","0.01%"
"09/03/2021","0.43920001","0.43920001","0.43920001","0.43920001","","0.00%"
"09/02/2021","0.43920001","0.43920001","0.43920001","0.43920001","","0.00%"
"09/01/2021","0.43920001","0.43920001","0.43924999","0.43860000","","0.08%"
"08/31/2021","0.43884999","0.43884999","0.43910000","0.43880001","","-0.02%"
"08/30/2021","0.43895000","0.43855000","0.43895000","0.43855000","","0.05%"
"08/27/2021","0.43875000","0.43880001","0.43895000","0.43865001","","-0.01%"
"08/26/2021","0.43880001","0.43869999","0.43884999","0.43820000","","0.03%"
"08/25/2021","0.43865001","0.43830001","0.43865001","0.43799999","","0.11%"
"08/24/2021","0.43814999","0.43810001","0.43814999","0.43790001","","0.02%"
"08/23/2021","0.43805000","0.43810001","0.43825001","0.43794999","","-0.01%"
"08/20/2021","0.43810001","0.43794999","0.43834999","0.43790001","","-0.02%"
"08/19/2021","0.43820000","0.43845001","0.43845001","0.43785000","","-0.05%"
"08/18/2021","0.43840000","0.43794999","0.43860000","0.43779999","","0.10%"
"08/17/2021","0.43794999","0.43845001","0.43845001","0.43779999","","0.01%"
"08/16/2021","0.43790001","0.43825001","0.43825001","0.43765000","","-0.01%"
"08/13/2021","0.43794999","0.43845001","0.43855000","0.43794999","","-0.10%"
"08/12/2021","0.43840000","0.43855000","0.43880001","0.43770000","","0.01%"
"08/11/2021","0.43834999","0.43560001","0.43869999","0.43560001","","0.34%"
"08/10/2021","0.43685001","0.43605000","0.43700001","0.43579999","","0.16%"
"08/09/2021","0.43615001","0.43610001","0.43619999","0.43540001","","0.02%"
"08/06/2021","0.43605000","0.43560001","0.43619999","0.43555000","","0.03%"
"08/05/2021","0.43590000","0.43590000","0.43595001","0.43564999","","0.03%"
"08/04/2021","0.43575001","0.43579999","0.43610001","0.43555000","","0.03%"
"08/03/2021","0.43560001","0.43560001","0.43610001","0.43505001","","-0.01%"
"08/02/2021","0.43564999","0.43560001","0.43564999","0.43544999","","0.01%"
"07/30/2021","0.43560001","0.43500000","0.43564999","0.43489999","","0.06%"
"07/29/2021","0.43535000","0.43435001","0.43535000","0.43435001","","0.14%"
"07/28/2021","0.43474999","0.43465000","0.43474999","0.43435001","","0.03%"
"07/27/2021","0.43460000","0.43454999","0.43460000","0.43435001","","0.01%"
"07/26/2021","0.43454999","0.43460000","0.43465000","0.43435001","","-0.01%"
"07/23/2021","0.43460000","0.43445000","0.43465000","0.43430001","","0.02%"
"07/22/2021","0.43450001","0.43435001","0.43454999","0.43430001","","0.06%"
"07/21/2021","0.43425000","0.43435001","0.43445000","0.43419999","","0.02%"
"07/20/2021","0.43415001","0.43439999","0.43439999","0.43415001","","-0.05%"
"07/19/2021","0.43435001","0.43445000","0.43450001","0.43425000","","-0.03%"
"07/16/2021","0.43450001","0.43465000","0.43470001","0.43445000","","-0.01%"
"07/15/2021","0.43454999","0.43445000","0.43454999","0.43435001","","0.01%"
"07/14/2021","0.43450001","0.43445000","0.43450001","0.43435001","","0.01%"
"07/13/2021","0.43445000","0.43435001","0.43465000","0.43419999","","0.02%"
"07/12/2021","0.43435001","0.43465000","0.43470001","0.43435001","","-0.07%"
"07/09/2021","0.43465000","0.43474999","0.43474999","0.43415001","","0.02%"
"07/08/2021","0.43454999","0.43435001","0.43460000","0.43415001","","0.03%"
"07/07/2021","0.43439999","0.43454999","0.43474999","0.43439999","","-0.03%"
"07/06/2021","0.43454999","0.43465000","0.43485001","0.43445000","","-0.05%"
"07/05/2021","0.43474999","0.43485001","0.43489999","0.43454999","","0.00%"
"07/02/2021","0.43474999","0.43460000","0.43474999","0.43430001","","0.07%"
"07/01/2021","0.43445000","0.43425000","0.43460000","0.43425000","","0.00%"
"06/30/2021","0.43445000","0.43430001","0.43445000","0.43419999","","0.02%"
"06/29/2021","0.43435001","0.43425000","0.43445000","0.43419999","","0.01%"
"06/28/2021","0.43430001","0.43430001","0.43450001","0.43430001","","0.00%"
"06/25/2021","0.43430001","0.43465000","0.43465000","0.43375000","","-0.08%"
"06/24/2021","0.43465000","0.43454999","0.43465000","0.43419999","","0.08%"
"06/23/2021","0.43430001","0.43425000","0.43435001","0.43419999","","0.01%"
"06/22/2021","0.43425000","0.43439999","0.43454999","0.43425000","","-0.05%"
"06/21/2021","0.43445000","0.43575001","0.43575001","0.43380001","","-0.06%"
"06/18/2021","0.43470001","0.43525001","0.43570000","0.43445000","","-0.16%"
"06/17/2021","0.43540001","0.43564999","0.43570000","0.43535000","","-0.08%"
"06/16/2021","0.43575001","0.43564999","0.43584999","0.43560001","","0.01%"
"06/15/2021","0.43570000","0.43564999","0.43575001","0.43555000","","-0.01%"
"06/14/2021","0.43575001","0.43575001","0.43584999","0.43560001","","0.00%"
"06/11/2021","0.43575001","0.43575001","0.43584999","0.43540001","","0.02%"
"06/10/2021","0.43564999","0.43555000","0.43584999","0.43460000","","0.03%"
"06/09/2021","0.43550000","0.43555000","0.43555000","0.43454999","","-0.02%"
"06/08/2021","0.43560001","0.43450001","0.43579999","0.43450001","","0.23%"
"06/07/2021","0.43460000","0.43375000","0.43460000","0.43370000","","0.17%"
"06/04/2021","0.43384999","0.43390000","0.43395001","0.43370000","","-0.02%"
"06/03/2021","0.43395001","0.43395001","0.43395001","0.43375000","","0.00%"
"06/02/2021","0.43395001","0.43384999","0.43395001","0.43384999","","0.02%"
"06/01/2021","0.43384999","0.43384999","0.43395001","0.43360001","","0.01%"
"05/31/2021","0.43380001","0.43384999","0.43395001","0.43370000","","-0.01%"
"05/28/2021","0.43384999","0.43380001","0.43395001","0.43364999","","0.03%"
"05/27/2021","0.43370000","0.43360001","0.43390000","0.43355000","","0.01%"
"05/26/2021","0.43364999","0.43370000","0.43380001","0.43355000","","0.02%"
"05/25/2021","0.43355000","0.43360001","0.43375000","0.43349999","","-0.02%"
"05/24/2021","0.43364999","0.43370000","0.43384999","0.43360001","","0.00%"
"05/21/2021","0.43364999","0.43375000","0.43395001","0.43364999","","-0.03%"
"05/20/2021","0.43380001","0.43384999","0.43395001","0.43375000","","-0.01%"
"05/19/2021","0.43384999","0.43390000","0.43395001","0.43375000","","-0.02%"
"05/18/2021","0.43395001","0.43390000","0.43399999","0.43384999","","0.02%"
"05/17/2021","0.43384999","0.43375000","0.43395001","0.43370000","","0.01%"
"05/14/2021","0.43380001","0.43375000","0.43384999","0.43375000","","0.00%"
"05/13/2021","0.43380001","0.43355000","0.43390000","0.43340001","","0.02%"
"05/12/2021","0.43370000","0.43364999","0.43380001","0.43349999","","0.02%"
"05/11/2021","0.43360001","0.43355000","0.43380001","0.43349999","","0.01%"
"05/10/2021","0.43355000","0.43360001","0.43380001","0.43349999","","0.01%"
"05/07/2021","0.43349999","0.43340001","0.43370000","0.43340001","","0.01%"
"05/06/2021","0.43345001","0.43349999","0.43384999","0.43340001","","-0.02%"
"05/05/2021","0.43355000","0.43355000","0.43384999","0.43340001","","-0.01%"
"05/04/2021","0.43360001","0.43349999","0.43384999","0.43340001","","-0.02%"
"05/03/2021","0.43370000","0.43370000","0.43370000","0.43370000","","0.00%"
"04/30/2021","0.43370000","0.43370000","0.43370000","0.43370000","","0.00%"
"04/29/2021","0.43370000","0.43355000","0.43395001","0.43349999","","-0.02%"
"04/28/2021","0.43380001","0.43384999","0.43404999","0.43360001","","-0.02%"
"04/27/2021","0.43390000","0.43380001","0.43399999","0.43364999","","-0.01%"
"04/26/2021","0.43395001","0.43375000","0.43395001","0.43329999","","0.13%"
"04/23/2021","0.43340001","0.43340001","0.43364999","0.43329999","","0.01%"
"04/22/2021","0.43335000","0.43345001","0.43349999","0.43329999","","0.01%"
"04/21/2021","0.43329999","0.43329999","0.43329999","0.43329999","","0.00%"
"04/20/2021","0.43329999","0.43325001","0.43345001","0.43320000","","-0.01%"
"04/19/2021","0.43335000","0.43335000","0.43345001","0.43329999","","-0.02%"
"04/16/2021","0.43345001","0.43345001","0.43349999","0.43329999","","0.02%"
"04/15/2021","0.43335000","0.43329999","0.43349999","0.43325001","","0.02%"
"04/14/2021","0.43325001","0.43325001","0.43349999","0.43320000","","-0.03%"
"04/13/2021","0.43340001","0.43340001","0.43349999","0.43329999","","-0.01%"
"04/12/2021","0.43345001","0.43355000","0.43360001","0.43329999","","-0.01%"
"04/09/2021","0.43349999","0.43329999","0.43355000","0.43314999","","0.09%"
"04/08/2021","0.43309999","0.43305001","0.43314999","0.43294999","","0.03%"
"04/07/2021","0.43294999","0.43294999","0.43305001","0.43294999","","-0.01%"
"04/06/2021","0.43300000","0.43300000","0.43329999","0.43294999","","-0.05%"
"04/05/2021","0.43320000","0.43325001","0.43345001","0.43314999","","-0.03%"
"04/02/2021","0.43335000","0.43340001","0.43345001","0.43320000","","-0.01%"
"04/01/2021","0.43340001","0.43329999","0.43340001","0.43325001","","0.02%"
"03/31/2021","0.43329999","0.43329999","0.43345001","0.43325001","","0.00%"
"03/30/2021","0.43329999","0.43340001","0.43345001","0.43325001","","-0.01%"
"03/29/2021","0.43335000","0.43305001","0.43340001","0.43300000","","0.05%"
"03/26/2021","0.43314999","0.43314999","0.43329999","0.43294999","","0.00%"
"03/25/2021","0.43314999","0.43320000","0.43335000","0.43300000","","0.00%"
"03/24/2021","0.43314999","0.43320000","0.43349999","0.43309999","","-0.01%"
"03/23/2021","0.43320000","0.43329999","0.43349999","0.43314999","","-0.02%"
"03/22/2021","0.43329999","0.43349999","0.43360001","0.43309999","","-0.01%"
"03/19/2021","0.43335000","0.43349999","0.43360001","0.43325001","","-0.02%"
"03/18/2021","0.43345001","0.43355000","0.43370000","0.43340001","","-0.06%"
"03/17/2021","0.43370000","0.43340001","0.43370000","0.43320000","","0.12%"
"03/16/2021","0.43320000","0.43329999","0.43349999","0.43314999","","0.00%"
"03/15/2021","0.43320000","0.43329999","0.43370000","0.43320000","","-0.10%"
"03/12/2021","0.43364999","0.43364999","0.43404999","0.43364999","","-0.02%"
"03/11/2021","0.43375000","0.43375000","0.43415001","0.43360001","","0.00%"
"03/10/2021","0.43375000","0.43415001","0.43415001","0.43355000","","0.03%"
"03/09/2021","0.43360001","0.43415001","0.43419999","0.43355000","","-0.12%"
"03/08/2021","0.43410000","0.43404999","0.43435001","0.43384999","","0.00%"
"03/05/2021","0.43410000","0.43425000","0.43439999","0.43399999","","-0.06%"
"03/04/2021","0.43435001","0.43435001","0.43445000","0.43415001","","0.01%"
"03/03/2021","0.43430001","0.43425000","0.43435001","0.43410000","","0.00%"
"03/02/2021","0.43430001","0.43425000","0.43435001","0.43410000","","0.02%"
"03/01/2021","0.43419999","0.43445000","0.43445000","0.43399999","","-0.05%"
"02/26/2021","0.43439999","0.43430001","0.43454999","0.43425000","","0.05%"
"02/25/2021","0.43419999","0.43419999","0.43445000","0.43419999","","-0.03%"
"02/24/2021","0.43435001","0.43425000","0.43435001","0.43419999","","0.03%"
"02/23/2021","0.43419999","0.43425000","0.43435001","0.43419999","","-0.02%"
"02/22/2021","0.43430001","0.43430001","0.43445000","0.43419999","","-0.01%"
"02/19/2021","0.43435001","0.43439999","0.43494999","0.43430001","","-0.01%"
"02/18/2021","0.43439999","0.43454999","0.43465000","0.43364999","","-0.01%"
"02/17/2021","0.43445000","0.43494999","0.43494999","0.43430001","","0.00%"
"02/16/2021","0.43445000","0.43445000","0.43445000","0.43445000","","0.00%"
"02/15/2021","0.43445000","0.43445000","0.43445000","0.43445000","","0.00%"
"02/12/2021","0.43445000","0.43445000","0.43445000","0.43445000","","0.00%"
"02/11/2021","0.43445000","0.43445000","0.43445000","0.43445000","","0.00%"
"02/10/2021","0.43445000","0.43445000","0.43445000","0.43445000","","0.00%"
"02/09/2021","0.43445000","0.43564999","0.43564999","0.43445000","","-0.11%"
"02/08/2021","0.43494999","0.43515000","0.43540001","0.43410000","","0.09%"
"02/05/2021","0.43454999","0.43439999","0.43480000","0.43425000","","0.07%"
"02/04/2021","0.43425000","0.43425000","0.43435001","0.43419999","","-0.02%"
"02/03/2021","0.43435001","0.43349999","0.43435001","0.43349999","","0.03%"
"02/02/2021","0.43419999","0.43349999","0.43439999","0.43349999","","0.08%"
"02/01/2021","0.43384999","0.43404999","0.43410000","0.43375000","","0.01%"
"01/29/2021","0.43380001","0.43335000","0.43395001","0.43335000","","0.05%"
"01/28/2021","0.43360001","0.43340001","0.43370000","0.43329999","","0.05%"
"01/27/2021","0.43340001","0.43335000","0.43349999","0.43329999","","0.00%"
"01/26/2021","0.43340001","0.43335000","0.43349999","0.43329999","","0.00%"
"01/25/2021","0.43340001","0.43340001","0.43349999","0.43325001","","0.00%"
"01/22/2021","0.43340001","0.43335000","0.43395001","0.43320000","","0.00%"
"01/21/2021","0.43340001","0.43329999","0.43345001","0.43325001","","0.01%"
"01/20/2021","0.43335000","0.43309999","0.43349999","0.43305001","","-0.01%"
"01/19/2021","0.43340001","0.43340001","0.43349999","0.43329999","","0.00%"
"01/18/2021","0.43340001","0.43285000","0.43355000","0.43285000","","-0.02%"
"01/15/2021","0.43349999","0.43349999","0.43364999","0.43329999","","0.00%"
"01/14/2021","0.43349999","0.43345001","0.43355000","0.43345001","","0.00%"
"01/13/2021","0.43349999","0.43335000","0.43364999","0.43335000","","0.00%"
"01/12/2021","0.43349999","0.43340001","0.43355000","0.43335000","","-0.02%"
"01/11/2021","0.43360001","0.43340001","0.43364999","0.43320000","","0.03%"
"01/08/2021","0.43345001","0.43325001","0.43355000","0.43314999","","0.05%"
"01/07/2021","0.43325001","0.43300000","0.43329999","0.43230000","","0.07%"
"01/06/2021","0.43294999","0.43300000","0.43309999","0.43290001","","-0.02%"
"01/05/2021","0.43305001","0.43290001","0.43320000","0.43239999","","-0.03%"
"01/04/2021","0.43320000","0.43285000","0.43329999","0.43285000","","0.00%"
"01/01/2021","0.43320000","0.43320000","0.43320000","0.43320000","","0.00%"
"12/31/2020","0.43320000","0.43300000","0.43325001","0.43259999","","0.03%"
"12/30/2020","0.43305001","0.43305001","0.43329999","0.43220001","","0.15%"
"12/29/2020","0.43239999","0.43239999","0.43245000","0.43220001","","0.05%"
"12/28/2020","0.43220001","0.43239999","0.43239999","0.43195000","","0.00%"
"12/25/2020","0.43220001","0.43235001","0.43239999","0.43184999","","0.00%"
"12/24/2020","0.43220001","0.43230000","0.43235001","0.43210000","","0.00%"
"12/23/2020","0.43220001","0.43235001","0.43239999","0.43210000","","-0.02%"
"12/22/2020","0.43230000","0.43230000","0.43239999","0.43215001","","0.00%"
"12/21/2020","0.43230000","0.43239999","0.43245000","0.43224999","","-0.02%"
"12/18/2020","0.43239999","0.43239999","0.43250000","0.43224999","","0.02%"
"12/17/2020","0.43230000","0.43239999","0.43250000","0.43220001","","-0.01%"
"12/16/2020","0.43235001","0.43235001","0.43239999","0.43215001","","0.00%"
"12/15/2020","0.43235001","0.43189999","0.43235001","0.43184999","","0.00%"
"12/14/2020","0.43235001","0.43140000","0.43235001","0.43140000","","0.01%"
"12/11/2020","0.43230000","0.43140000","0.43235001","0.43140000","","0.00%"
"12/10/2020","0.43230000","0.43230000","0.43235001","0.43215001","","0.00%"
"12/09/2020","0.43230000","0.43224999","0.43235001","0.43215001","","0.00%"
"12/08/2020","0.43230000","0.43230000","0.43235001","0.43215001","","0.00%"
"12/07/2020","0.43230000","0.43230000","0.43235001","0.43215001","","0.00%"
"12/04/2020","0.43230000","0.43230000","0.43235001","0.43215001","","0.02%"
"12/03/2020","0.43220001","0.43230000","0.43250000","0.43215001","","-0.02%"
"12/02/2020","0.43230000","0.43230000","0.43239999","0.43210000","","0.00%"
"12/01/2020","0.43230000","0.43224999","0.43239999","0.43204999","","0.06%"
"11/30/2020","0.43204999","0.43140000","0.43224999","0.43140000","","0.08%"
"11/27/2020","0.43169999","0.43169999","0.43180001","0.43134999","","0.01%"
"11/26/2020","0.43165001","0.43165001","0.43175000","0.43160000","","0.01%"
"11/25/2020","0.43160000","0.43165001","0.43189999","0.43155000","","-0.07%"
"11/24/2020","0.43189999","0.43189999","0.43189999","0.43134999","","0.12%"
"11/23/2020","0.43140000","0.43155000","0.43155000","0.43125001","","0.00%"
"11/20/2020","0.43140000","0.43134999","0.43145001","0.43125001","","0.00%"
"11/19/2020","0.43140000","0.43140000","0.43149999","0.43130001","","-0.05%"
"11/18/2020","0.43160000","0.43145001","0.43165001","0.43130001","","-0.01%"
"11/17/2020","0.43165001","0.43160000","0.43165001","0.43130001","","0.06%"
"11/16/2020","0.43140000","0.43140000","0.43145001","0.43130001","","0.00%"
"11/13/2020","0.43140000","0.43140000","0.43145001","0.43130001","","0.00%"
"11/12/2020","0.43140000","0.43145001","0.43145001","0.43140000","","0.00%"
"11/11/2020","0.43140000","0.43145001","0.43145001","0.43130001","","-0.01%"
"11/10/2020","0.43145001","0.43140000","0.43145001","0.43130001","","0.02%"
"11/09/2020","0.43134999","0.43145001","0.43145001","0.43130001","","-0.01%"
"11/06/2020","0.43140000","0.43145001","0.43145001","0.43130001","","0.00%"
"11/05/2020","0.43140000","0.43140000","0.43145001","0.43130001","","0.00%"
"11/04/2020","0.43140000","0.43140000","0.43140000","0.43140000","","0.00%"
"11/03/2020","0.43140000","0.43140000","0.43149999","0.43120000","","0.00%"
"11/02/2020","0.43140000","0.43140000","0.43145001","0.43130001","","0.01%"
"10/30/2020","0.43134999","0.43140000","0.43145001","0.43125001","","0.00%"
"10/29/2020","0.43134999","0.43140000","0.43145001","0.43125001","","-0.01%"
"10/28/2020","0.43140000","0.43140000","0.43145001","0.43130001","","0.00%"
"10/27/2020","0.43140000","0.43140000","0.43145001","0.43130001","","0.00%"
"10/26/2020","0.43140000","0.43140000","0.43145001","0.43130001","","0.00%"
"10/23/2020","0.43140000","0.43140000","0.43145001","0.43130001","","0.00%"
"10/22/2020","0.43140000","0.43134999","0.43140000","0.43134999","","0.00%"
"10/21/2020","0.43140000","0.43140000","0.43140000","0.43134999","","0.00%"
"10/20/2020","0.43140000","0.43140000","0.43145001","0.43130001","","0.00%"
"10/19/2020","0.43140000","0.43134999","0.43145001","0.43130001","","0.00%"
"10/16/2020","0.43140000","0.43134999","0.43145001","0.43130001","","0.01%"
"10/15/2020","0.43134999","0.43140000","0.43145001","0.43130001","","-0.01%"
"10/14/2020","0.43140000","0.43140000","0.43145001","0.43130001","","0.00%"
"10/13/2020","0.43140000","0.43140000","0.43145001","0.43125001","","0.00%"
"10/12/2020","0.43140000","0.43130001","0.43145001","0.43085000","","0.02%"
"10/09/2020","0.43130001","0.43130001","0.43134999","0.43085000","","0.03%"
"10/08/2020","0.43114999","0.43110001","0.43120000","0.43085000","","0.06%"
"10/07/2020","0.43090001","0.43090001","0.43114999","0.43079999","","0.01%"
"10/06/2020","0.43085000","0.43085000","0.43114999","0.43079999","","-0.01%"
"10/05/2020","0.43090001","0.43125001","0.43145001","0.43085000","","-0.06%"
"10/02/2020","0.43114999","0.43134999","0.43145001","0.43110001","","-0.01%"
"10/01/2020","0.43120000","0.43130001","0.43145001","0.43114999","","-0.02%"
"09/30/2020","0.43130001","0.43130001","0.43145001","0.43120000","","0.03%"
"09/29/2020","0.43114999","0.43120000","0.43140000","0.43114999","","-0.01%"
"09/28/2020","0.43120000","0.43114999","0.43145001","0.43110001","","0.01%"
"09/25/2020","0.43114999","0.43105000","0.43140000","0.43105000","","-0.02%"
"09/24/2020","0.43125001","0.43134999","0.43145001","0.43125001","","0.00%"
"09/23/2020","0.43125001","0.43145001","0.43145001","0.43125001","","-0.02%"
"09/22/2020","0.43134999","0.43140000","0.43145001","0.43130001","","-0.01%"
"09/21/2020","0.43140000","0.43134999","0.43145001","0.43125001","","0.01%"
"09/18/2020","0.43134999","0.43134999","0.43145001","0.43130001","","0.00%"
"09/17/2020","0.43134999","0.43140000","0.43145001","0.43130001","","0.00%"
"09/16/2020","0.43134999","0.43140000","0.43145001","0.43130001","","-0.01%"
"09/15/2020","0.43140000","0.43140000","0.43145001","0.43140000","","0.00%"
"09/14/2020","0.43140000","0.43130001","0.43145001","0.43125001","","-0.01%"
"09/11/2020","0.43145001","0.43134999","0.43145001","0.43130001","","0.01%"
"09/10/2020","0.43140000","0.43140000","0.43145001","0.43130001","","0.00%"
"09/09/2020","0.43140000","0.43130001","0.43145001","0.43125001","","0.00%"
"09/08/2020","0.43140000","0.43140000","0.43145001","0.43130001","","-0.01%"
"09/07/2020","0.43145001","0.43134999","0.43145001","0.43130001","","0.02%"
"09/04/2020","0.43134999","0.43145001","0.43149999","0.43130001","","-0.02%"
"09/03/2020","0.43145001","0.43145001","0.43149999","0.43145001","","0.00%"
"09/02/2020","0.43145001","0.43145001","0.43145001","0.43145001","","0.00%"
"09/01/2020","0.43145001","0.43145001","0.43149999","0.43134999","","0.00%"
"08/31/2020","0.43145001","0.43145001","0.43149999","0.43134999","","0.00%"
"08/28/2020","0.43145001","0.43145001","0.43149999","0.43130001","","0.00%"
"08/27/2020","0.43145001","0.43145001","0.43145001","0.43130001","","0.00%"
"08/26/2020","0.43145001","0.43140000","0.43149999","0.43130001","","-0.01%"
"08/25/2020","0.43149999","0.43140000","0.43149999","0.43130001","","0.02%"
"08/24/2020","0.43140000","0.43125001","0.43145001","0.43125001","","0.00%"
"08/21/2020","0.43140000","0.43140000","0.43145001","0.43130001","","-0.01%"
"08/20/2020","0.43145001","0.43140000","0.43145001","0.43130001","","0.00%"
"08/19/2020","0.43145001","0.43145001","0.43145001","0.43140000","","0.00%"
"08/18/2020","0.43145001","0.43145001","0.43145001","0.43130001","","0.00%"
"08/17/2020","0.43145001","0.43125001","0.43149999","0.43125001","","0.00%"
"08/14/2020","0.43145001","0.43140000","0.43145001","0.43130001","","0.00%"
"08/13/2020","0.43145001","0.43140000","0.43145001","0.43130001","","0.01%"
"08/12/2020","0.43140000","0.43145001","0.43145001","0.43130001","","-0.01%"
"08/11/2020","0.43145001","0.43145001","0.43145001","0.43134999","","0.01%"
"08/10/2020","0.43140000","0.43145001","0.43145001","0.43099999","","-0.01%"
"08/07/2020","0.43145001","0.43134999","0.43145001","0.43130001","","0.00%"
"08/06/2020","0.43145001","0.43145001","0.43145001","0.43130001","","0.00%"
"08/05/2020","0.43145001","0.43145001","0.43145001","0.43130001","","0.01%"
"08/04/2020","0.43140000","0.43145001","0.43145001","0.43130001","","0.00%"
"08/03/2020","0.43140000","0.43134999","0.43155000","0.43130001","","0.01%"
"07/31/2020","0.43134999","0.43140000","0.43145001","0.43130001","","-0.01%"
"07/30/2020","0.43140000","0.43145001","0.43145001","0.43130001","","0.01%"
"07/29/2020","0.43134999","0.43134999","0.43145001","0.43130001","","0.00%"
"07/28/2020","0.43134999","0.43140000","0.43145001","0.43099999","","0.01%"
"07/27/2020","0.43130001","0.43125001","0.43134999","0.43125001","","-0.01%"
"07/24/2020","0.43134999","0.43134999","0.43145001","0.43125001","","0.00%"
"07/23/2020","0.43134999","0.43130001","0.43140000","0.43125001","","0.02%"
"07/22/2020","0.43125001","0.43120000","0.43140000","0.43110001","","-0.02%"
"07/21/2020","0.43134999","0.43130001","0.43140000","0.43114999","","0.03%"
"07/20/2020","0.43120000","0.43120000","0.43134999","0.43110001","","0.01%"
"07/17/2020","0.43114999","0.43110001","0.43140000","0.43110001","","-0.02%"
"07/16/2020","0.43125001","0.43125001","0.43140000","0.43125001","","-0.01%"
"07/15/2020","0.43130001","0.43134999","0.43140000","0.43114999","","0.00%"
"07/14/2020","0.43130001","0.43125001","0.43145001","0.43040001","","-0.01%"
"07/13/2020","0.43134999","0.43110001","0.43145001","0.43105000","","0.00%"
"07/10/2020","0.43134999","0.43110001","0.43145001","0.43090001","","0.02%"
"07/09/2020","0.43125001","0.43114999","0.43130001","0.43085000","","0.01%"
"07/08/2020","0.43120000","0.43090001","0.43130001","0.43079999","","0.05%"
"07/07/2020","0.43099999","0.43105000","0.43130001","0.43075001","","0.01%"
"07/06/2020","0.43094999","0.43094999","0.43105000","0.43085000","","0.00%"
"07/03/2020","0.43094999","0.43099999","0.43105000","0.43079999","","0.01%"
"07/02/2020","0.43090001","0.43090001","0.43110001","0.43079999","","0.00%"
"07/01/2020","0.43090001","0.43090001","0.43099999","0.43075001","","0.00%"
"06/30/2020","0.43090001","0.43090001","0.43099999","0.43079999","","-0.01%"
"06/29/2020","0.43094999","0.43079999","0.43105000","0.43070000","","0.03%"
"06/26/2020","0.43079999","0.43079999","0.43099999","0.43065000","","0.00%"
"06/25/2020","0.43079999","0.43090001","0.43099999","0.43065000","","-0.02%"
"06/24/2020","0.43090001","0.43055001","0.43090001","0.43055001","","0.05%"
"06/23/2020","0.43070000","0.43070000","0.43085000","0.43059999","","-0.01%"
"06/22/2020","0.43075001","0.43075001","0.43085000","0.43059999","","0.03%"
"06/19/2020","0.43059999","0.43085000","0.43110001","0.43050000","","-0.03%"
"06/18/2020","0.43075001","0.43085000","0.43110001","0.43065000","","-0.07%"
"06/17/2020","0.43105000","0.43099999","0.43110001","0.43024999","","0.08%"
"06/16/2020","0.43070000","0.43059999","0.43085000","0.43035001","","0.03%"
"06/15/2020","0.43055001","0.43055001","0.43090001","0.43020001","","-0.07%"
"06/12/2020","0.43085000","0.43065000","0.43099999","0.43050000","","0.03%"
"06/11/2020","0.43070000","0.43099999","0.43120000","0.43065000","","-0.07%"
"06/10/2020","0.43099999","0.43099999","0.43125001","0.43059999","","0.03%"
"06/09/2020","0.43085000","0.43040001","0.43094999","0.42980000","","0.21%"
"06/08/2020","0.42995000","0.42995000","0.43024999","0.42980000","","0.01%"
"06/05/2020","0.42989999","0.42995000","0.43004999","0.42985001","","0.03%"
"06/04/2020","0.42975000","0.42980000","0.42995000","0.42960000","","-0.02%"
"06/03/2020","0.42985001","0.42985001","0.43004999","0.42960000","","-0.02%"
"06/02/2020","0.42995000","0.42995000","0.43015000","0.42945001","","0.03%"
"06/01/2020","0.42980000","0.42945001","0.43000001","0.42910001","","0.08%"
"05/29/2020","0.42945001","0.42950001","0.42960000","0.42905000","","0.12%"
"05/28/2020","0.42895001","0.42919999","0.42934999","0.42860001","","0.07%"
"05/27/2020","0.42864999","0.42870000","0.42914999","0.42855000","","0.05%"
"05/26/2020","0.42844999","0.42910001","0.42910001","0.42844999","","-0.10%"
"05/25/2020","0.42890000","0.42954999","0.42965001","0.42875001","","-0.19%"
"05/22/2020","0.42969999","0.42969999","0.43004999","0.42945001","","0.03%"
"05/21/2020","0.42954999","0.42965001","0.43004999","0.42940000","","-0.02%"
"05/20/2020","0.42965001","0.42919999","0.42969999","0.42895001","","0.13%"
"05/19/2020","0.42910001","0.42885000","0.42925000","0.42785001","","0.16%"
"05/18/2020","0.42840001","0.42825001","0.42850000","0.42800000","","0.08%"
"05/15/2020","0.42805001","0.42815000","0.42820001","0.42785001","","0.07%"
"05/14/2020","0.42774999","0.42774999","0.42825001","0.42754999","","-0.13%"
"05/13/2020","0.42829999","0.42774999","0.42850000","0.42765000","","-0.05%"
"05/12/2020","0.42850000","0.42855000","0.42879999","0.42765000","","-0.03%"
"05/11/2020","0.42864999","0.42765000","0.42879999","0.42725000","","0.22%"
"05/08/2020","0.42770001","0.42590001","0.42774999","0.42590001","","0.21%"
"05/07/2020","0.42680001","0.42684999","0.42690000","0.42675000","","-0.01%"
"05/06/2020","0.42684999","0.42695001","0.42695001","0.42664999","","-0.01%"
"05/05/2020","0.42690000","0.42684999","0.42695001","0.42680001","","0.11%"
"05/04/2020","0.42645001","0.42590001","0.42660001","0.42590001","","-0.08%"
"05/01/2020","0.42680001","0.42680001","0.42680001","0.42680001","","0.00%"
"04/30/2020","0.42680001","0.42680001","0.42680001","0.42680001","","0.00%"
"04/29/2020","0.42680001","0.42640001","0.42684999","0.42640001","","0.08%"
"04/28/2020","0.42645001","0.42609999","0.42655000","0.42590001","","0.05%"
"04/27/2020","0.42625001","0.42555001","0.42629999","0.42530000","","0.22%"
"04/24/2020","0.42530000","0.42545000","0.42559999","0.42515001","","-0.11%"
"04/23/2020","0.42574999","0.42570001","0.42635000","0.42504999","","-0.02%"
"04/22/2020","0.42585000","0.42570001","0.42620000","0.42550001","","-0.08%"
"04/21/2020","0.42620000","0.42620000","0.42645001","0.42609999","","-0.05%"
"04/20/2020","0.42640001","0.42684999","0.42684999","0.42629999","","-0.11%"
"04/17/2020","0.42684999","0.42620000","0.42695001","0.42620000","","0.11%"
"04/16/2020","0.42640001","0.42640001","0.42664999","0.42609999","","-0.04%"
"04/15/2020","0.42655000","0.42605001","0.42655000","0.42585000","","0.14%"
"04/14/2020","0.42594999","0.42620000","0.42670000","0.42590001","","-0.18%"
"04/13/2020","0.42670000","0.42664999","0.42695001","0.42620000","","0.01%"
"04/10/2020","0.42664999","0.42565000","0.42695001","0.42515001","","0.22%"
"04/09/2020","0.42570001","0.42519999","0.42600000","0.42490000","","0.33%"
"04/08/2020","0.42429999","0.42620000","0.42620000","0.42429999","","-0.47%"
"04/07/2020","0.42629999","0.42620000","0.42645001","0.42600000","","-0.02%"
"04/06/2020","0.42640001","0.42449999","0.42640001","0.42449999","","0.49%"
"04/03/2020","0.42429999","0.42440000","0.42580000","0.42359999","","0.12%"
"04/02/2020","0.42379999","0.42379999","0.42379999","0.42379999","","0.00%"
"04/01/2020","0.42379999","0.42385000","0.42390001","0.42320001","","0.09%"
"03/31/2020","0.42340001","0.42324999","0.42344999","0.42304999","","0.11%"
"03/30/2020","0.42295000","0.42315000","0.42335001","0.42295000","","-0.07%"
"03/27/2020","0.42324999","0.42324999","0.42335001","0.42295000","","0.05%"
"03/26/2020","0.42304999","0.42300001","0.42375001","0.42289999","","-0.13%"
"03/25/2020","0.42359999","0.42385000","0.42429999","0.42315000","","-0.07%"
"03/24/2020","0.42390001","0.42304999","0.42390001","0.42275000","","-0.19%"
"03/23/2020","0.42469999","0.42620000","0.42620000","0.42440000","","-0.35%"
"03/20/2020","0.42620000","0.42704999","0.42785001","0.42594999","","-0.25%"
"03/19/2020","0.42725000","0.42919999","0.43015000","0.42675000","","-0.51%"
"03/18/2020","0.42945001","0.43009999","0.43020001","0.42940000","","-0.19%"
"03/17/2020","0.43024999","0.43059999","0.43070000","0.43000001","","-0.06%"
"03/16/2020","0.43050000","0.43059999","0.43070000","0.43035001","","-0.06%"
"03/13/2020","0.43075001","0.43145001","0.43145001","0.43055001","","-0.07%"
"03/12/2020","0.43105000","0.43134999","0.43149999","0.43105000","","-0.09%"
"03/11/2020","0.43145001","0.43145001","0.43149999","0.43130001","","0.00%"
"03/10/2020","0.43145001","0.43145001","0.43145001","0.43079999","","0.00%"
"03/09/2020","0.43145001","0.43085000","0.43145001","0.43065000","","0.14%"
"03/06/2020","0.43085000","0.43059999","0.43099999","0.43059999","","0.02%"
"03/05/2020","0.43075001","0.43079999","0.43094999","0.43044999","","-0.02%"
"03/04/2020","0.43085000","0.43050000","0.43094999","0.43040001","","0.05%"
"03/03/2020","0.43065000","0.43050000","0.43070000","0.43020001","","0.10%"
"03/02/2020","0.43020001","0.43024999","0.43050000","0.43020001","","0.00%"
"02/28/2020","0.43020001","0.43024999","0.43040001","0.43015000","","0.00%"
"02/27/2020","0.43020001","0.43020001","0.43055001","0.42985001","","0.00%"
"02/26/2020","0.43020001","0.42969999","0.43030000","0.42950001","","0.12%"
"02/25/2020","0.42969999","0.42930001","0.43004999","0.42930001","","-0.09%"
"02/24/2020","0.43009999","0.43015000","0.43024999","0.42995000","","-0.02%"
"02/21/2020","0.43020001","0.43024999","0.43040001","0.43004999","","-0.02%"
"02/20/2020","0.43030000","0.43024999","0.43050000","0.42934999","","-0.03%"
"02/19/2020","0.43044999","0.43040001","0.43050000","0.43009999","","0.06%"
"02/18/2020","0.43020001","0.43040001","0.43050000","0.43015000","","-0.06%"
"02/17/2020","0.43044999","0.43004999","0.43050000","0.43000001","","0.07%"
"02/14/2020","0.43015000","0.43024999","0.43040001","0.43000001","","-0.02%"
"02/13/2020","0.43024999","0.43024999","0.43059999","0.43020001","","0.06%"
"02/12/2020","0.43000001","0.43050000","0.43059999","0.43000001","","-0.05%"
"02/11/2020","0.43020001","0.43050000","0.43065000","0.42985001","","0.08%"
"02/10/2020","0.42985001","0.43000001","0.43070000","0.42985001","","-0.12%"
"02/07/2020","0.43035001","0.43020001","0.43065000","0.43020001","","-0.06%"
"02/06/2020","0.43059999","0.43055001","0.43065000","0.43044999","","0.00%"
"02/05/2020","0.43059999","0.43000001","0.43065000","0.42975000","","0.08%"
"02/04/2020","0.43024999","0.43000001","0.43035001","0.42975000","","0.08%"
"02/03/2020","0.42989999","0.43000001","0.43059999","0.42954999","","-0.15%"
"01/31/2020","0.43055001","0.43134999","0.43155000","0.43044999","","-0.17%"
"01/30/2020","0.43130001","0.43134999","0.43155000","0.43125001","","-0.06%"
"01/29/2020","0.43155000","0.43155000","0.43155000","0.43155000","","0.00%"
"01/28/2020","0.43155000","0.43155000","0.43155000","0.43155000","","0.00%"
"01/27/2020","0.43155000","0.43155000","0.43155000","0.43155000","","0.00%"
"01/24/2020","0.43155000","0.43155000","0.43155000","0.43155000","","0.00%"
"01/23/2020","0.43155000","0.43155000","0.43155000","0.43155000","","0.00%"
"01/22/2020","0.43155000","0.43149999","0.43155000","0.43090001","","0.01%"
"01/21/2020","0.43149999","0.43149999","0.43155000","0.43145001","","-0.01%"
"01/20/2020","0.43155000","0.43149999","0.43155000","0.43145001","","0.02%"
"01/17/2020","0.43145001","0.43155000","0.43165001","0.43145001","","-0.01%"
"01/16/2020","0.43149999","0.43149999","0.43155000","0.43140000","","0.01%"
"01/15/2020","0.43145001","0.43145001","0.43145001","0.43140000","","0.01%"
"01/14/2020","0.43140000","0.43145001","0.43149999","0.43140000","","-0.01%"
"01/13/2020","0.43145001","0.43145001","0.43149999","0.43145001","","0.01%"
"01/10/2020","0.43140000","0.43145001","0.43149999","0.43090001","","-0.01%"
"01/09/2020","0.43145001","0.43134999","0.43145001","0.43134999","","0.01%"
"01/08/2020","0.43140000","0.43140000","0.43145001","0.43134999","","0.00%"
"01/07/2020","0.43140000","0.43145001","0.43145001","0.43140000","","0.00%"
"01/06/2020","0.43140000","0.43140000","0.43149999","0.43140000","","-0.02%"
"01/03/2020","0.43149999","0.43145001","0.43155000","0.43145001","","-0.01%"
"01/02/2020","0.43155000","0.43149999","0.43155000","0.43145001","","0.01%"
"01/01/2020","0.43149999","0.43149999","0.43149999","0.43149999","","0.00%"
"12/31/2019","0.43149999","0.43149999","0.43155000","0.43145001","","0.01%"
"12/30/2019","0.43145001","0.43149999","0.43155000","0.43145001","","-0.01%"
"12/27/2019","0.43149999","0.43149999","0.43149999","0.43145001","","0.01%"
"12/26/2019","0.43145001","0.43149999","0.43155000","0.43140000","","0.00%"
"12/25/2019","0.43145001","0.43149999","0.43155000","0.43140000","","0.01%"
"12/24/2019","0.43140000","0.43140000","0.43145001","0.43140000","","-0.01%"
"12/23/2019","0.43145001","0.43149999","0.43155000","0.43140000","","0.01%"
"12/20/2019","0.43140000","0.43140000","0.43155000","0.43110001","","-0.03%"
"12/19/2019","0.43155000","0.43149999","0.43155000","0.43145001","","0.02%"
"12/18/2019","0.43145001","0.43149999","0.43149999","0.43145001","","0.01%"
"12/17/2019","0.43140000","0.43140000","0.43155000","0.43140000","","0.00%"
"12/16/2019","0.43140000","0.43149999","0.43155000","0.43140000","","-0.01%"
"12/13/2019","0.43145001","0.43155000","0.43160000","0.43099999","","-0.02%"
"12/12/2019","0.43155000","0.43149999","0.43160000","0.43145001","","0.03%"
"12/11/2019","0.43140000","0.43149999","0.43155000","0.43140000","","-0.02%"
"12/10/2019","0.43149999","0.43155000","0.43155000","0.43145001","","0.00%"
"12/09/2019","0.43149999","0.43149999","0.43160000","0.43140000","","0.02%"
"12/06/2019","0.43140000","0.43134999","0.43160000","0.43079999","","-0.05%"
"12/05/2019","0.43160000","0.43145001","0.43160000","0.43134999","","0.03%"
"12/04/2019","0.43145001","0.43145001","0.43160000","0.43140000","","-0.01%"
"12/03/2019","0.43149999","0.43145001","0.43149999","0.43134999","","0.02%"
"12/02/2019","0.43140000","0.43160000","0.43160000","0.43094999","","0.01%"
"11/29/2019","0.43134999","0.43094999","0.43134999","0.43094999","","0.09%"
"11/28/2019","0.43094999","0.43085000","0.43105000","0.43085000","","0.00%"
"11/27/2019","0.43094999","0.43090001","0.43105000","0.43085000","","-0.06%"
"11/26/2019","0.43120000","0.43105000","0.43125001","0.43105000","","0.06%"
"11/25/2019","0.43094999","0.43105000","0.43110001","0.43094999","","-0.02%"
"11/22/2019","0.43105000","0.43110001","0.43114999","0.43094999","","0.00%"
"11/21/2019","0.43105000","0.43105000","0.43114999","0.43094999","","0.01%"
"11/20/2019","0.43099999","0.43094999","0.43099999","0.43079999","","0.01%"
"11/19/2019","0.43094999","0.43094999","0.43099999","0.43085000","","0.01%"
"11/18/2019","0.43090001","0.43094999","0.43094999","0.43085000","","0.00%"
"11/15/2019","0.43090001","0.43094999","0.43094999","0.43090001","","-0.01%"
"11/14/2019","0.43094999","0.43094999","0.43094999","0.43090001","","0.00%"
"11/13/2019","0.43094999","0.43094999","0.43099999","0.43094999","","-0.01%"
"11/12/2019","0.43099999","0.43099999","0.43099999","0.43094999","","0.01%"
"11/11/2019","0.43094999","0.43094999","0.43099999","0.43094999","","-0.01%"
"11/08/2019","0.43099999","0.43099999","0.43099999","0.43094999","","0.00%"
"11/07/2019","0.43099999","0.43094999","0.43099999","0.43094999","","0.00%"
"11/06/2019","0.43099999","0.43099999","0.43099999","0.43094999","","0.00%"
"11/05/2019","0.43099999","0.43094999","0.43099999","0.43094999","","0.00%"
"11/04/2019","0.43099999","0.43094999","0.43099999","0.43094999","","0.01%"
"11/01/2019","0.43094999","0.43099999","0.43099999","0.43094999","","0.01%"
"10/31/2019","0.43090001","0.43094999","0.43099999","0.43090001","","-0.01%"
"10/30/2019","0.43094999","0.43094999","0.43099999","0.43090001","","0.01%"
"10/29/2019","0.43090001","0.43094999","0.43094999","0.43090001","","-0.01%"
"10/28/2019","0.43094999","0.43094999","0.43099999","0.43094999","","-0.01%"
"10/25/2019","0.43099999","0.43094999","0.43099999","0.43085000","","0.02%"
"10/24/2019","0.43090001","0.43085000","0.43090001","0.43079999","","0.01%"
"10/23/2019","0.43085000","0.43085000","0.43094999","0.43079999","","-0.02%"
"10/22/2019","0.43094999","0.43090001","0.43094999","0.43085000","","0.02%"
"10/21/2019","0.43085000","0.43094999","0.43094999","0.43085000","","-0.01%"
"10/18/2019","0.43090001","0.43094999","0.43094999","0.43085000","","0.01%"
"10/17/2019","0.43085000","0.43090001","0.43094999","0.43075001","","-0.01%"
"10/16/2019","0.43090001","0.43094999","0.43094999","0.43090001","","-0.01%"
"10/15/2019","0.43094999","0.43099999","0.43099999","0.43090001","","0.01%"
"10/14/2019","0.43090001","0.43094999","0.43099999","0.43090001","","0.00%"
"10/11/2019","0.43090001","0.43094999","0.43105000","0.43085000","","-0.01%"
"10/10/2019","0.43094999","0.43050000","0.43120000","0.43050000","","0.10%"
"10/09/2019","0.43050000","0.43090001","0.43099999","0.43050000","","-0.12%"
"10/08/2019","0.43099999","0.43090001","0.43099999","0.43085000","","0.01%"
"10/07/2019","0.43094999","0.43094999","0.43094999","0.43085000","","0.00%"
"10/04/2019","0.43094999","0.43090001","0.43094999","0.43085000","","0.00%"
"10/03/2019","0.43094999","0.43094999","0.43094999","0.43085000","","0.01%"
"10/02/2019","0.43090001","0.43094999","0.43094999","0.43090001","","-0.01%"
"10/01/2019","0.43094999","0.43094999","0.43094999","0.43090001","","0.00%"
"09/30/2019","0.43094999","0.43094999","0.43099999","0.43085000","","0.01%"
"09/27/2019","0.43090001","0.43094999","0.43099999","0.43090001","","-0.01%"
"09/26/2019","0.43094999","0.43090001","0.43099999","0.43090001","","0.01%"
"09/25/2019","0.43090001","0.43090001","0.43094999","0.43085000","","0.00%"
"09/24/2019","0.43090001","0.43094999","0.43099999","0.43085000","","0.00%"
"09/23/2019","0.43090001","0.43079999","0.43094999","0.43079999","","0.00%"
"09/20/2019","0.43090001","0.43079999","0.43094999","0.43075001","","0.03%"
"09/19/2019","0.43075001","0.43079999","0.43085000","0.43050000","","0.00%"
"09/18/2019","0.43075001","0.43065000","0.43085000","0.43040001","","0.06%"
"09/17/2019","0.43050000","0.43050000","0.43065000","0.43040001","","-0.03%"
"09/16/2019","0.43065000","0.43070000","0.43075001","0.43055001","","-0.05%"
"09/13/2019","0.43085000","0.43070000","0.43085000","0.43059999","","0.00%"
"09/12/2019","0.43085000","0.43099999","0.43099999","0.43075001","","-0.03%"
"09/11/2019","0.43099999","0.43099999","0.43105000","0.43090001","","0.00%"
"09/10/2019","0.43099999","0.43105000","0.43105000","0.43094999","","0.01%"
"09/09/2019","0.43094999","0.43110001","0.43110001","0.43094999","","-0.01%"
"09/06/2019","0.43099999","0.43110001","0.43110001","0.43094999","","0.00%"
"09/05/2019","0.43099999","0.43099999","0.43105000","0.43085000","","0.00%"
"09/04/2019","0.43099999","0.43099999","0.43110001","0.43094999","","0.00%"
"09/03/2019","0.43099999","0.43125001","0.43125001","0.43094999","","-0.06%"
"09/02/2019","0.43125001","0.43125001","0.43125001","0.43125001","","0.00%"
"08/30/2019","0.43125001","0.43094999","0.43130001","0.43094999","","0.06%"
"08/29/2019","0.43099999","0.43094999","0.43105000","0.43085000","","0.03%"
"08/28/2019","0.43085000","0.43090001","0.43099999","0.43075001","","-0.03%"
"08/27/2019","0.43099999","0.43094999","0.43105000","0.43090001","","0.00%"
"08/26/2019","0.43099999","0.43065000","0.43105000","0.43065000","","0.00%"
"08/23/2019","0.43099999","0.43094999","0.43110001","0.43075001","","0.02%"
"08/22/2019","0.43090001","0.43090001","0.43099999","0.43075001","","-0.01%"
"08/21/2019","0.43094999","0.43094999","0.43094999","0.43075001","","0.01%"
"08/20/2019","0.43090001","0.43079999","0.43099999","0.43070000","","0.00%"
"08/19/2019","0.43090001","0.43070000","0.43090001","0.43065000","","0.03%"
"08/16/2019","0.43075001","0.43090001","0.43090001","0.43065000","","-0.01%"
"08/15/2019","0.43079999","0.43079999","0.43094999","0.43079999","","-0.02%"
"08/14/2019","0.43090001","0.43094999","0.43099999","0.43075001","","0.01%"
"08/13/2019","0.43085000","0.43090001","0.43099999","0.43085000","","-0.03%"
"08/12/2019","0.43099999","0.43094999","0.43105000","0.43000001","","0.02%"
"08/09/2019","0.43090001","0.43090001","0.43094999","0.43070000","","0.09%"
"08/08/2019","0.43050000","0.43059999","0.43085000","0.43020001","","-0.05%"
"08/07/2019","0.43070000","0.43070000","0.43075001","0.42980000","","0.16%"
"08/06/2019","0.43000001","0.42950001","0.43009999","0.42925000","","0.07%"
"08/05/2019","0.42969999","0.43040001","0.43055001","0.42950001","","-0.21%"
"08/02/2019","0.43059999","0.43070000","0.43090001","0.43030000","","-0.07%"
"08/01/2019","0.43090001","0.43090001","0.43099999","0.43055001","","0.13%"
"07/31/2019","0.43035001","0.43094999","0.43099999","0.43035001","","-0.13%"
"07/30/2019","0.43090001","0.43094999","0.43094999","0.43070000","","0.02%"
"07/29/2019","0.43079999","0.43079999","0.43085000","0.43065000","","0.00%"
"07/26/2019","0.43079999","0.43085000","0.43094999","0.43070000","","0.00%"
"07/25/2019","0.43079999","0.43079999","0.43094999","0.43075001","","0.00%"
"07/24/2019","0.43079999","0.43070000","0.43085000","0.43050000","","0.00%"
"07/23/2019","0.43079999","0.43020001","0.43085000","0.43004999","","0.01%"
"07/22/2019","0.43075001","0.43070000","0.43079999","0.43015000","","0.14%"
"07/19/2019","0.43015000","0.43020001","0.43099999","0.43004999","","-0.13%"
"07/18/2019","0.43070000","0.43070000","0.43094999","0.43055001","","-0.06%"
"07/17/2019","0.43094999","0.43130001","0.43130001","0.43090001","","0.00%"
"07/16/2019","0.43094999","0.43110001","0.43110001","0.43094999","","0.00%"
"07/15/2019","0.43094999","0.43099999","0.43130001","0.43085000","","0.01%"
"07/12/2019","0.43090001","0.43114999","0.43114999","0.43090001","","-0.01%"
"07/11/2019","0.43094999","0.43055001","0.43105000","0.43030000","","0.08%"
"07/10/2019","0.43059999","0.43070000","0.43075001","0.43015000","","0.05%"
"07/09/2019","0.43040001","0.43004999","0.43050000","0.43004999","","0.06%"
"07/08/2019","0.43015000","0.43024999","0.43035001","0.43004999","","-0.02%"
"07/05/2019","0.43024999","0.43009999","0.43035001","0.43009999","","0.05%"
"07/04/2019","0.43004999","0.43020001","0.43070000","0.43000001","","-0.01%"
"07/03/2019","0.43009999","0.43044999","0.43050000","0.43009999","","-0.03%"
"07/02/2019","0.43024999","0.42960000","0.43044999","0.42960000","","0.08%"
"07/01/2019","0.42989999","0.42885000","0.43004999","0.42885000","","0.20%"
"06/28/2019","0.42905000","0.42895001","0.42940000","0.42879999","","0.03%"
"06/27/2019","0.42890000","0.42905000","0.42905000","0.42850000","","-0.03%"
"06/26/2019","0.42905000","0.42910001","0.42934999","0.42870000","","-0.03%"
"06/25/2019","0.42919999","0.42930001","0.42940000","0.42899999","","-0.02%"
"06/24/2019","0.42930001","0.42930001","0.42945001","0.42905000","","0.00%"
"06/21/2019","0.42930001","0.42919999","0.42940000","0.42890000","","0.05%"
"06/20/2019","0.42910001","0.42895001","0.42919999","0.42890000","","0.06%"
"06/19/2019","0.42885000","0.42860001","0.42919999","0.42835000","","0.08%"
"06/18/2019","0.42850000","0.42855000","0.42875001","0.42820001","","0.07%"
"06/17/2019","0.42820001","0.42870000","0.42870000","0.42780000","","-0.07%"
"06/14/2019","0.42850000","0.42855000","0.42885000","0.42850000","","-0.07%"
"06/13/2019","0.42879999","0.42825001","0.42895001","0.42820001","","0.00%"
"06/12/2019","0.42879999","0.42855000","0.42879999","0.42820001","","0.09%"
"06/11/2019","0.42840001","0.42760000","0.42840001","0.42760000","","0.12%"
"06/10/2019","0.42789999","0.42739999","0.42805001","0.42690000","","0.12%"
"06/07/2019","0.42739999","0.42719999","0.42754999","0.42704999","","0.04%"
"06/06/2019","0.42725000","0.42719999","0.42745000","0.42690000","","0.05%"
"06/05/2019","0.42704999","0.42719999","0.42719999","0.42695001","","-0.06%"
"06/04/2019","0.42730001","0.42719999","0.42745000","0.42710000","","-0.02%"
"06/03/2019","0.42739999","0.42699999","0.42750001","0.42695001","","0.08%"
"05/31/2019","0.42704999","0.42695001","0.42715001","0.42690000","","0.04%"
"05/30/2019","0.42690000","0.42719999","0.42719999","0.42684999","","-0.07%"
"05/29/2019","0.42719999","0.42735001","0.42739999","0.42699999","","-0.05%"
"05/28/2019","0.42739999","0.42735001","0.42760000","0.42725000","","-0.04%"
"05/27/2019","0.42754999","0.42735001","0.42765000","0.42725000","","0.01%"
"05/24/2019","0.42750001","0.42745000","0.42774999","0.42725000","","0.00%"
"05/23/2019","0.42750001","0.42750001","0.42774999","0.42750001","","-0.06%"
"05/22/2019","0.42774999","0.42715001","0.42774999","0.42715001","","0.07%"
"05/21/2019","0.42745000","0.42725000","0.42770001","0.42715001","","0.07%"
"05/20/2019","0.42715001","0.42715001","0.42750001","0.42715001","","-0.07%"
"05/17/2019","0.42745000","0.42855000","0.42855000","0.42730001","","-0.35%"
"05/16/2019","0.42895001","0.42835000","0.42954999","0.42835000","","0.07%"
"05/15/2019","0.42864999","0.42840001","0.42914999","0.42800000","","0.22%"
"05/14/2019","0.42770001","0.42785001","0.42815000","0.42765000","","-0.21%"
"05/13/2019","0.42860001","0.42820001","0.42905000","0.42774999","","0.08%"
"05/10/2019","0.42825001","0.42739999","0.42835000","0.42735001","","0.22%"
"05/09/2019","0.42730001","0.42774999","0.42780000","0.42710000","","-0.13%"
"05/08/2019","0.42785001","0.42919999","0.42919999","0.42739999","","-0.31%"
"05/07/2019","0.42919999","0.42919999","0.42919999","0.42825001","","-0.06%"
"05/06/2019","0.42945001","0.42980000","0.42980000","0.42905000","","-0.13%"
"05/03/2019","0.43000001","0.42930001","0.43004999","0.42930001","","0.07%"
"05/02/2019","0.42969999","0.42930001","0.43004999","0.42925000","","0.09%"
"05/01/2019","0.42930001","0.42930001","0.42930001","0.42930001","","0.00%"
"04/30/2019","0.42930001","0.42930001","0.42930001","0.42930001","","0.00%"
"04/29/2019","0.42930001","0.42930001","0.42930001","0.42930001","","0.00%"
"04/26/2019","0.42930001","0.43059999","0.43059999","0.42930001","","-0.30%"
"04/25/2019","0.43059999","0.43055001","0.43059999","0.42969999","","-0.02%"
"04/24/2019","0.43070000","0.43055001","0.43075001","0.43050000","","0.01%"
"04/23/2019","0.43065000","0.43079999","0.43079999","0.43055001","","0.00%"
"04/22/2019","0.43065000","0.43090001","0.43090001","0.43065000","","-0.02%"
"04/19/2019","0.43075001","0.43075001","0.43094999","0.43075001","","-0.03%"
"04/18/2019","0.43090001","0.43090001","0.43099999","0.43090001","","-0.02%"
"04/17/2019","0.43099999","0.43105000","0.43105000","0.43094999","","0.00%"
"04/16/2019","0.43099999","0.43099999","0.43105000","0.43090001","","0.00%"
"04/15/2019","0.43099999","0.43099999","0.43099999","0.43099999","","0.00%"
"04/12/2019","0.43099999","0.43099999","0.43110001","0.43094999","","-0.01%"
"04/11/2019","0.43105000","0.43105000","0.43110001","0.43094999","","0.01%"
"04/10/2019","0.43099999","0.43094999","0.43105000","0.43094999","","0.00%"
"04/09/2019","0.43099999","0.43099999","0.43105000","0.43094999","","0.00%"
"04/08/2019","0.43099999","0.43105000","0.43105000","0.43090001","","0.00%"
"04/05/2019","0.43099999","0.43099999","0.43120000","0.43085000","","0.00%"
"04/04/2019","0.43099999","0.43099999","0.43105000","0.43094999","","0.00%"
"04/03/2019","0.43099999","0.43099999","0.43105000","0.43094999","","0.00%"
"04/02/2019","0.43099999","0.43094999","0.43105000","0.43094999","","0.01%"
"04/01/2019","0.43094999","0.43105000","0.43105000","0.43090001","","0.01%"
"03/29/2019","0.43090001","0.43090001","0.43105000","0.43090001","","-0.01%"
"03/28/2019","0.43094999","0.43099999","0.43105000","0.43090001","","-0.01%"
"03/27/2019","0.43099999","0.43099999","0.43105000","0.43094999","","0.00%"
"03/26/2019","0.43099999","0.43099999","0.43110001","0.43094999","","0.00%"
"03/25/2019","0.43099999","0.43094999","0.43099999","0.43094999","","0.01%"
"03/22/2019","0.43094999","0.43094999","0.43099999","0.43090001","","-0.01%"
"03/21/2019","0.43099999","0.43079999","0.43105000","0.43079999","","0.05%"
"03/20/2019","0.43079999","0.43079999","0.43140000","0.43075001","","0.00%"
"03/19/2019","0.43079999","0.43085000","0.43099999","0.43059999","","-0.02%"
"03/18/2019","0.43090001","0.43094999","0.43099999","0.43079999","","-0.02%"
"03/15/2019","0.43099999","0.43094999","0.43099999","0.43090001","","0.00%"
"03/14/2019","0.43099999","0.43099999","0.43105000","0.43085000","","0.00%"
"03/13/2019","0.43099999","0.43099999","0.43105000","0.43094999","","0.00%"
"03/12/2019","0.43099999","0.43099999","0.43105000","0.43094999","","0.00%"
"03/11/2019","0.43099999","0.43105000","0.43105000","0.43094999","","0.00%"
"03/08/2019","0.43099999","0.43099999","0.43105000","0.43094999","","0.00%"
"03/07/2019","0.43099999","0.43094999","0.43105000","0.43094999","","0.00%"
"03/06/2019","0.43099999","0.43099999","0.43105000","0.43094999","","0.00%"
"03/05/2019","0.43099999","0.43099999","0.43105000","0.43094999","","0.00%"
"03/04/2019","0.43099999","0.43099999","0.43105000","0.43094999","","0.02%"
"03/01/2019","0.43090001","0.43099999","0.43134999","0.43090001","","-0.02%"
"02/28/2019","0.43099999","0.43105000","0.43155000","0.43070000","","0.00%"
"02/27/2019","0.43099999","0.43105000","0.43105000","0.43094999","","0.01%"
"02/26/2019","0.43094999","0.43079999","0.43105000","0.43065000","","0.06%"
"02/25/2019","0.43070000","0.43059999","0.43155000","0.43055001","","-0.02%"
"02/22/2019","0.43079999","0.43079999","0.43134999","0.42989999","","0.01%"
"02/21/2019","0.43075001","0.43099999","0.43099999","0.43075001","","-0.06%"
"02/20/2019","0.43099999","0.43099999","0.43110001","0.43094999","","0.00%"
"02/19/2019","0.43099999","0.43099999","0.43105000","0.43094999","","0.00%"
"02/18/2019","0.43099999","0.43099999","0.43134999","0.43055001","","0.01%"
"02/15/2019","0.43094999","0.43099999","0.43105000","0.43085000","","0.00%"
"02/14/2019","0.43094999","0.43094999","0.43105000","0.43090001","","-0.02%"
"02/13/2019","0.43105000","0.43094999","0.43105000","0.43075001","","0.06%"
"02/12/2019","0.43079999","0.43094999","0.43094999","0.43075001","","0.01%"
"02/11/2019","0.43075001","0.43099999","0.43099999","0.43059999","","-0.02%"
"02/08/2019","0.43085000","0.43085000","0.43085000","0.43085000","","0.00%"
"02/07/2019","0.43085000","0.43085000","0.43085000","0.43085000","","0.00%"
"02/06/2019","0.43085000","0.43085000","0.43085000","0.43085000","","0.00%"
"02/05/2019","0.43085000","0.43085000","0.43085000","0.43085000","","0.00%"
"02/04/2019","0.43085000","0.43085000","0.43085000","0.43085000","","0.00%"
"02/01/2019","0.43085000","0.43105000","0.43125001","0.43070000","","-0.03%"
"01/31/2019","0.43099999","0.43094999","0.43105000","0.43094999","","0.02%"
"01/30/2019","0.43090001","0.43090001","0.43110001","0.43085000","","-0.03%"
"01/29/2019","0.43105000","0.43099999","0.43114999","0.43099999","","-0.01%"
"01/28/2019","0.43110001","0.43114999","0.43149999","0.43070000","","0.01%"
"01/25/2019","0.43105000","0.43099999","0.43114999","0.43094999","","0.00%"
"01/24/2019","0.43105000","0.43094999","0.43110001","0.43094999","","0.00%"
"01/23/2019","0.43105000","0.43099999","0.43105000","0.43094999","","0.01%"
"01/22/2019","0.43099999","0.43099999","0.43105000","0.43094999","","0.00%"
"01/21/2019","0.43099999","0.43105000","0.43105000","0.43094999","","0.01%"
"01/18/2019","0.43094999","0.43094999","0.43105000","0.43094999","","-0.01%"
"01/17/2019","0.43099999","0.43094999","0.43105000","0.43090001","","0.00%"
"01/16/2019","0.43099999","0.43094999","0.43105000","0.43090001","","0.02%"
"01/15/2019","0.43090001","0.43094999","0.43105000","0.43090001","","-0.02%"
"01/14/2019","0.43099999","0.43105000","0.43105000","0.43094999","","0.00%"
"01/11/2019","0.43099999","0.43099999","0.43110001","0.43094999","","-0.01%"
"01/10/2019","0.43105000","0.43099999","0.43114999","0.43094999","","0.01%"
"01/09/2019","0.43099999","0.43094999","0.43105000","0.43094999","","0.00%"
"01/08/2019","0.43099999","0.43094999","0.43110001","0.43094999","","0.00%"
"01/07/2019","0.43099999","0.43105000","0.43114999","0.43090001","","0.00%"
"01/04/2019","0.43099999","0.43099999","0.43110001","0.43094999","","0.01%"
"01/03/2019","0.43094999","0.43090001","0.43114999","0.43085000","","0.02%"
"01/02/2019","0.43085000","0.43110001","0.43114999","0.43079999","","-0.06%"
"01/01/2019","0.43110001","0.43110001","0.43110001","0.43110001","","0.00%"
"12/31/2018","0.43110001","0.43110001","0.43110001","0.43110001","","0.00%"
"12/28/2018","0.43110001","0.43120000","0.43130001","0.43035001","","0.17%"
"12/27/2018","0.43035001","0.42934999","0.43059999","0.42934999","","0.12%"
"12/26/2018","0.42985001","0.42934999","0.42985001","0.42934999","","0.07%"
"12/25/2018","0.42954999","0.42950001","0.42960000","0.42945001","","0.01%"
"12/24/2018","0.42950001","0.42950001","0.42950001","0.42930001","","0.01%"
"12/21/2018","0.42945001","0.42914999","0.42954999","0.42914999","","0.09%"
"12/20/2018","0.42905000","0.42905000","0.42930001","0.42864999","","0.01%"
"12/19/2018","0.42899999","0.42899999","0.42905000","0.42885000","","0.05%"
"12/18/2018","0.42879999","0.42864999","0.42925000","0.42850000","","0.00%"
"12/17/2018","0.42879999","0.42940000","0.42940000","0.42860001","","-0.13%"
"12/14/2018","0.42934999","0.42925000","0.42945001","0.42925000","","0.00%"
"12/13/2018","0.42934999","0.42930001","0.42945001","0.42905000","","0.07%"
"12/12/2018","0.42905000","0.42905000","0.42934999","0.42879999","","-0.01%"
"12/11/2018","0.42910001","0.42905000","0.42914999","0.42860001","","0.02%"
"12/10/2018","0.42899999","0.42879999","0.42914999","0.42825001","","0.01%"
"12/07/2018","0.42895001","0.42864999","0.42895001","0.42864999","","0.11%"
"12/06/2018","0.42850000","0.42875001","0.42905000","0.42829999","","-0.12%"
"12/05/2018","0.42899999","0.42910001","0.42925000","0.42899999","","-0.09%"
"12/04/2018","0.42940000","0.42825001","0.42940000","0.42825001","","0.07%"
"12/03/2018","0.42910001","0.42890000","0.42925000","0.42879999","","0.06%"
"11/30/2018","0.42885000","0.42825001","0.42895001","0.42825001","","0.06%"
"11/29/2018","0.42860001","0.42825001","0.42864999","0.42825001","","0.02%"
"11/28/2018","0.42850000","0.42825001","0.42855000","0.42825001","","0.06%"
"11/27/2018","0.42825001","0.42829999","0.42855000","0.42825001","","-0.04%"
"11/26/2018","0.42840001","0.42829999","0.42895001","0.42800000","","0.11%"
"11/23/2018","0.42794999","0.42885000","0.42885000","0.42794999","","-0.07%"
"11/22/2018","0.42825001","0.42815000","0.42825001","0.42815000","","0.02%"
"11/21/2018","0.42815000","0.42885000","0.42885000","0.42815000","","-0.07%"
"11/20/2018","0.42844999","0.42870000","0.42870000","0.42825001","","-0.12%"
"11/19/2018","0.42895001","0.42895001","0.42905000","0.42825001","","-0.01%"
"11/16/2018","0.42899999","0.42895001","0.42910001","0.42895001","","0.00%"
"11/15/2018","0.42899999","0.42885000","0.42905000","0.42825001","","0.03%"
"11/14/2018","0.42885000","0.42905000","0.42905000","0.42885000","","-0.03%"
"11/13/2018","0.42899999","0.42895001","0.42905000","0.42890000","","-0.01%"
"11/12/2018","0.42905000","0.42890000","0.42950001","0.42870000","","-0.03%"
"11/09/2018","0.42919999","0.42895001","0.42919999","0.42864999","","0.09%"
"11/08/2018","0.42879999","0.42885000","0.42895001","0.42860001","","0.03%"
"11/07/2018","0.42864999","0.42875001","0.42895001","0.42855000","","0.00%"
"11/06/2018","0.42864999","0.42895001","0.42895001","0.42860001","","-0.07%"
"11/05/2018","0.42895001","0.42864999","0.42899999","0.42855000","","0.09%"
"11/02/2018","0.42855000","0.42855000","0.42885000","0.42825001","","0.06%"
"11/01/2018","0.42829999","0.42829999","0.42850000","0.42825001","","0.00%"
"10/31/2018","0.42829999","0.42829999","0.42835000","0.42825001","","0.00%"
"10/30/2018","0.42829999","0.42835000","0.42855000","0.42825001","","0.00%"
"10/29/2018","0.42829999","0.42825001","0.42829999","0.42815000","","0.05%"
"10/26/2018","0.42809999","0.42815000","0.42825001","0.42809999","","-0.02%"
"10/25/2018","0.42820001","0.42815000","0.42825001","0.42809999","","-0.01%"
"10/24/2018","0.42825001","0.42820001","0.42829999","0.42815000","","0.00%"
"10/23/2018","0.42825001","0.42825001","0.42829999","0.42815000","","0.00%"
"10/22/2018","0.42825001","0.42815000","0.42829999","0.42815000","","0.01%"
"10/19/2018","0.42820001","0.42825001","0.42829999","0.42815000","","-0.02%"
"10/18/2018","0.42829999","0.42829999","0.42835000","0.42825001","","-0.01%"
"10/17/2018","0.42835000","0.42835000","0.42895001","0.42825001","","-0.01%"
"10/16/2018","0.42840001","0.42844999","0.42855000","0.42835000","","-0.04%"
"10/15/2018","0.42855000","0.42815000","0.42855000","0.42815000","","0.06%"
"10/12/2018","0.42829999","0.42829999","0.42835000","0.42825001","","0.00%"
"10/11/2018","0.42829999","0.42835000","0.42835000","0.42805001","","0.02%"
"10/10/2018","0.42820001","0.42815000","0.42825001","0.42809999","","0.02%"
"10/09/2018","0.42809999","0.42805001","0.42825001","0.42805001","","-0.01%"
"10/08/2018","0.42815000","0.42825001","0.42895001","0.42815000","","-0.09%"
"10/05/2018","0.42855000","0.42815000","0.42855000","0.42815000","","0.07%"
"10/04/2018","0.42825001","0.42825001","0.42835000","0.42820001","","-0.02%"
"10/03/2018","0.42835000","0.42835000","0.42895001","0.42835000","","-0.07%"
"10/02/2018","0.42864999","0.42855000","0.42875001","0.42850000","","0.02%"
"10/01/2018","0.42855000","0.42870000","0.42875001","0.42829999","","-0.02%"
"09/28/2018","0.42864999","0.42850000","0.42875001","0.42829999","","0.09%"
"09/27/2018","0.42825001","0.42829999","0.42835000","0.42825001","","0.00%"
"09/26/2018","0.42825001","0.42825001","0.42840001","0.42825001","","-0.01%"
"09/25/2018","0.42829999","0.42835000","0.42835000","0.42829999","","-0.04%"
"09/24/2018","0.42844999","0.42844999","0.42850000","0.42840001","","-0.01%"
"09/21/2018","0.42850000","0.42864999","0.42864999","0.42835000","","-0.06%"
"09/20/2018","0.42875001","0.42905000","0.42919999","0.42860001","","-0.06%"
"09/19/2018","0.42899999","0.42919999","0.42945001","0.42890000","","-0.10%"
"09/18/2018","0.42945001","0.42905000","0.42954999","0.42885000","","0.05%"
"09/17/2018","0.42925000","0.43015000","0.43015000","0.42925000","","-0.20%"
"09/14/2018","0.43009999","0.42985001","0.43024999","0.42954999","","0.13%"
"09/13/2018","0.42954999","0.42960000","0.42965001","0.42950001","","0.01%"
"09/12/2018","0.42950001","0.42945001","0.42950001","0.42934999","","0.02%"
"09/11/2018","0.42940000","0.42934999","0.42965001","0.42895001","","0.07%"
"09/10/2018","0.42910001","0.42895001","0.42925000","0.42895001","","0.00%"
"09/07/2018","0.42910001","0.42890000","0.42910001","0.42890000","","0.05%"
"09/06/2018","0.42890000","0.42895001","0.42899999","0.42885000","","0.00%"
"09/05/2018","0.42890000","0.42885000","0.42940000","0.42855000","","0.00%"
"09/04/2018","0.42890000","0.42905000","0.42919999","0.42885000","","-0.03%"
"09/03/2018","0.42905000","0.42905000","0.42905000","0.42905000","","0.00%"
"08/31/2018","0.42905000","0.42905000","0.42925000","0.42905000","","-0.01%"
"08/30/2018","0.42910001","0.42905000","0.42919999","0.42899999","","0.00%"
"08/29/2018","0.42910001","0.42925000","0.42925000","0.42895001","","-0.02%"
"08/28/2018","0.42919999","0.42940000","0.42969999","0.42914999","","-0.01%"
"08/27/2018","0.42925000","0.42905000","0.42934999","0.42905000","","0.05%"
"08/24/2018","0.42905000","0.42905000","0.42945001","0.42905000","","-0.09%"
"08/23/2018","0.42945001","0.42950001","0.42969999","0.42945001","","-0.03%"
"08/22/2018","0.42960000","0.42954999","0.42980000","0.42945001","","-0.02%"
"08/21/2018","0.42969999","0.42975000","0.42989999","0.42960000","","0.01%"
"08/20/2018","0.42965001","0.42960000","0.43004999","0.42879999","","0.09%"
"08/17/2018","0.42925000","0.42885000","0.42940000","0.42885000","","0.08%"
"08/16/2018","0.42890000","0.42885000","0.42895001","0.42885000","","-0.01%"
"08/15/2018","0.42895001","0.42890000","0.42895001","0.42885000","","0.02%"
"08/14/2018","0.42885000","0.42879999","0.42895001","0.42875001","","-0.01%"
"08/13/2018","0.42890000","0.42899999","0.42890000","0.42885000","","-0.15%"
"08/10/2018","0.42954999","0.42954999","0.42965001","0.42950001","","0.00%"
"08/09/2018","0.42954999","0.42950001","0.42954999","0.42934999","","0.02%"
"08/08/2018","0.42945001","0.42910001","0.42945001","0.42905000","","0.08%"
"08/07/2018","0.42910001","0.42895001","0.42910001","0.42895001","","0.02%"
"08/06/2018","0.42899999","0.42895001","0.42899999","0.42895001","","-0.01%"
"08/03/2018","0.42905000","0.42950001","0.42950001","0.42899999","","-0.09%"
"08/02/2018","0.42945001","0.42960000","0.42965001","0.42940000","","0.03%"
"08/01/2018","0.42930001","0.42930001","0.42945001","0.42925000","","-0.03%"
"07/31/2018","0.42945001","0.42940000","0.42954999","0.42940000","","-0.12%"
"07/30/2018","0.42995000","0.42985001","0.43009999","0.42985001","","-0.09%"
"07/27/2018","0.43035001","0.43065000","0.43065000","0.43035001","","-0.23%"
"07/26/2018","0.43134999","0.43134999","0.43145001","0.43130001","","0.16%"
"07/25/2018","0.43065000","0.43004999","0.43070000","0.43004999","","0.14%"
"07/24/2018","0.43004999","0.43009999","0.43004999","0.43000001","","-0.10%"
"07/23/2018","0.43050000","0.43050000","0.43050000","0.43050000","","-0.74%"
"07/20/2018","0.43370000","0.43364999","0.43380001","0.43364999","","-0.01%"
"07/19/2018","0.43375000","0.43380001","0.43380001","0.43375000","","-0.01%"
"07/18/2018","0.43380001","0.43380001","0.43380001","0.43375000","","0.00%"
"07/17/2018","0.43380001","0.43380001","0.43384999","0.43375000","","0.00%"
"07/16/2018","0.43380001","0.43380001","0.43384999","0.43375000","","0.00%"
"07/13/2018","0.43380001","0.43380001","0.43384999","0.43380001","","0.00%"
"07/12/2018","0.43380001","0.43390000","0.43395001","0.43380001","","-0.02%"
"07/11/2018","0.43390000","0.43390000","0.43399999","0.43390000","","-0.02%"
"07/10/2018","0.43399999","0.43395001","0.43399999","0.43390000","","0.00%"
"07/09/2018","0.43399999","0.43395001","0.43399999","0.43395001","","-0.01%"
"07/06/2018","0.43404999","0.43395001","0.43404999","0.43390000","","0.02%"
"07/05/2018","0.43395001","0.43399999","0.43410000","0.43384999","","-0.01%"
"07/04/2018","0.43399999","0.43395001","0.43415001","0.43384999","","0.03%"
"07/03/2018","0.43384999","0.43390000","0.43384999","0.43384999","","-0.39%"
"07/02/2018","0.43555000","0.43540001","0.43555000","0.43540001","","0.00%"
"06/29/2018","0.43555000","0.43535000","0.43555000","0.43535000","","-0.09%"
"06/28/2018","0.43595001","0.43584999","0.43595001","0.43575001","","0.00%"
"06/27/2018","0.43595001","0.43590000","0.43595001","0.43584999","","-0.07%"
"06/26/2018","0.43625000","0.43669999","0.43669999","0.43619999","","-0.09%"
"06/25/2018","0.43665001","0.43674999","0.43685001","0.43665001","","-0.02%"
"06/22/2018","0.43674999","0.43669999","0.43674999","0.43669999","","-0.08%"
"06/21/2018","0.43709999","0.43715000","0.43715000","0.43695000","","-0.03%"
"06/20/2018","0.43724999","0.43724999","0.43744999","0.43724999","","-0.06%"
"06/19/2018","0.43750000","0.43785000","0.43785000","0.43750000","","-0.08%"
"06/18/2018","0.43785000","0.43825001","0.43825001","0.43785000","","-0.09%"
"06/15/2018","0.43825001","0.43830001","0.43830001","0.43825001","","-0.01%"
"06/14/2018","0.43830001","0.43830001","0.43840000","0.43830001","","-0.01%"
"06/13/2018","0.43834999","0.43825001","0.43834999","0.43814999","","0.01%"
"06/12/2018","0.43830001","0.43830001","0.43845001","0.43820000","","0.01%"
"06/11/2018","0.43825001","0.43825001","0.43825001","0.43825001","","-0.09%"
"06/08/2018","0.43865001","0.43865001","0.43865001","0.43855000","","0.03%"
"06/07/2018","0.43849999","0.43845001","0.43849999","0.43840000","","0.01%"
"06/06/2018","0.43845001","0.43799999","0.43845001","0.43799999","","0.10%"
"06/05/2018","0.43799999","0.43805000","0.43830001","0.43799999","","0.00%"
"06/04/2018","0.43799999","0.43869999","0.43869999","0.43799999","","-0.14%"
"06/01/2018","0.43860000","0.43869999","0.43910000","0.43849999","","0.03%"
"05/31/2018","0.43845001","0.43830001","0.43900001","0.43825001","","0.22%"
"05/30/2018","0.43750000","0.43724999","0.43779999","0.43709999","","-0.08%"
"05/29/2018","0.43785000","0.43779999","0.43794999","0.43765000","","-0.10%"
"05/28/2018","0.43830001","0.43830001","0.43910000","0.43825001","","-0.18%"
"05/25/2018","0.43910000","0.43895000","0.43910000","0.43884999","","0.02%"
"05/24/2018","0.43900001","0.43900001","0.43900001","0.43895000","","-0.01%"
"05/23/2018","0.43904999","0.43904999","0.43920001","0.43900001","","-0.01%"
"05/22/2018","0.43910000","0.43910000","0.43920001","0.43910000","","0.00%"
"05/21/2018","0.43910000","0.43920001","0.43920001","0.43900001","","0.07%"
"05/18/2018","0.43880001","0.43884999","0.43900001","0.43880001","","-0.06%"
"05/17/2018","0.43904999","0.43900001","0.43904999","0.43900001","","0.00%"
"05/16/2018","0.43904999","0.43904999","0.43904999","0.43900001","","-0.02%"
"05/15/2018","0.43915001","0.43910000","0.43915001","0.43904999","","0.00%"
"05/14/2018","0.43915001","0.43920001","0.43920001","0.43910000","","0.01%"
"05/11/2018","0.43910000","0.43910000","0.43915001","0.43900001","","0.00%"
"05/10/2018","0.43910000","0.43910000","0.43910000","0.43900001","","0.03%"
"05/09/2018","0.43895000","0.43910000","0.43910000","0.43895000","","-0.03%"
"05/08/2018","0.43910000","0.43910000","0.43910000","0.43904999","","-0.01%"
"05/07/2018","0.43915001","0.43930000","0.43930000","0.43875000","","0.00%"
"05/04/2018","0.43915001","0.43920001","0.43924999","0.43910000","","-0.03%"
"05/03/2018","0.43930000","0.43930000","0.43935001","0.43920001","","0.00%"
"05/02/2018","0.43930000","0.43924999","0.43930000","0.43924999","","0.01%"
"05/01/2018","0.43924999","0.43924999","0.43924999","0.43924999","","0.00%"
"04/30/2018","0.43924999","0.43924999","0.43924999","0.43924999","","0.00%"
"04/27/2018","0.43924999","0.43920001","0.43930000","0.43915001","","0.02%"
"04/26/2018","0.43915001","0.43920001","0.43920001","0.43915001","","0.00%"
"04/25/2018","0.43915001","0.43915001","0.43915001","0.43915001","","0.00%"
"04/24/2018","0.43915001","0.43915001","0.43920001","0.43910000","","0.02%"
"04/23/2018","0.43904999","0.43910000","0.43915001","0.43904999","","-0.01%"
"04/20/2018","0.43910000","0.43910000","0.43910000","0.43900001","","0.03%"
"04/19/2018","0.43895000","0.43900001","0.43904999","0.43889999","","-0.02%"
"04/18/2018","0.43904999","0.43910000","0.43910000","0.43904999","","0.00%"
"04/17/2018","0.43904999","0.43915001","0.43915001","0.43900001","","0.02%"
"04/16/2018","0.43895000","0.43884999","0.43904999","0.43875000","","0.02%"
"04/13/2018","0.43884999","0.43880001","0.43884999","0.43845001","","0.02%"
"04/12/2018","0.43875000","0.43880001","0.43880001","0.43875000","","0.00%"
"04/11/2018","0.43875000","0.43875000","0.43880001","0.43865001","","0.02%"
"04/10/2018","0.43865001","0.43845001","0.43875000","0.43834999","","0.00%"
"04/09/2018","0.43865001","0.43875000","0.43880001","0.43834999","","0.03%"
"04/06/2018","0.43849999","0.43849999","0.43849999","0.43834999","","0.05%"
"04/05/2018","0.43830001","0.43840000","0.43845001","0.43830001","","0.01%"
"04/04/2018","0.43825001","0.43825001","0.43834999","0.43825001","","-0.02%"
"04/03/2018","0.43834999","0.43875000","0.43880001","0.43830001","","-0.08%"
"04/02/2018","0.43869999","0.43875000","0.43889999","0.43865001","","0.01%"
"03/30/2018","0.43865001","0.43875000","0.43875000","0.43834999","","0.06%"
"03/29/2018","0.43840000","0.43840000","0.43845001","0.43820000","","0.05%"
"03/28/2018","0.43820000","0.43820000","0.43830001","0.43814999","","-0.01%"
"03/27/2018","0.43825001","0.43830001","0.43840000","0.43825001","","-0.02%"
"03/26/2018","0.43834999","0.43860000","0.43860000","0.43825001","","-0.03%"
"03/23/2018","0.43849999","0.43855000","0.43884999","0.43849999","","-0.03%"
"03/22/2018","0.43865001","0.43884999","0.43900001","0.43865001","","-0.09%"
"03/21/2018","0.43904999","0.43900001","0.43904999","0.43900001","","0.01%"
"03/20/2018","0.43900001","0.43900001","0.43924999","0.43895000","","-0.03%"
"03/19/2018","0.43915001","0.43920001","0.43920001","0.43910000","","-0.01%"
"03/16/2018","0.43920001","0.43920001","0.43924999","0.43920001","","0.00%"
"03/15/2018","0.43920001","0.43915001","0.43930000","0.43915001","","0.00%"
"03/14/2018","0.43920001","0.43920001","0.43924999","0.43915001","","-0.02%"
"03/13/2018","0.43930000","0.43930000","0.43939999","0.43915001","","-0.01%"
"03/12/2018","0.43935001","0.43930000","0.43935001","0.43924999","","0.01%"
"03/09/2018","0.43930000","0.43930000","0.43935001","0.43924999","","-0.02%"
"03/08/2018","0.43939999","0.43935001","0.43945000","0.43930000","","0.02%"
"03/07/2018","0.43930000","0.43930000","0.43935001","0.43910000","","0.05%"
"03/06/2018","0.43910000","0.43915001","0.43920001","0.43904999","","-0.02%"
"03/05/2018","0.43920001","0.43924999","0.43930000","0.43915001","","-0.02%"
"03/02/2018","0.43930000","0.43930000","0.43935001","0.43924999","","-0.05%"
"03/01/2018","0.43950000","0.43935001","0.43950000","0.43935001","","0.02%"
"02/28/2018","0.43939999","0.43935001","0.43950000","0.43930000","","-0.02%"
"02/27/2018","0.43950000","0.43959999","0.43965000","0.43950000","","-0.03%"
"02/26/2018","0.43965000","0.43970001","0.43970001","0.43955001","","-0.01%"
"02/23/2018","0.43970001","0.43970001","0.43974999","0.43965000","","-0.07%"
"02/22/2018","0.44000000","0.44010001","0.44020000","0.44000000","","-0.03%"
"02/21/2018","0.44014999","0.44020000","0.44049999","0.44005001","","0.00%"
"02/20/2018","0.44014999","0.44014999","0.44014999","0.44014999","","0.00%"
"02/19/2018","0.44014999","0.44014999","0.44014999","0.44014999","","0.00%"
"02/16/2018","0.44014999","0.44014999","0.44014999","0.44014999","","0.00%"
"02/15/2018","0.44014999","0.44014999","0.44014999","0.44014999","","0.00%"
"02/14/2018","0.44014999","0.44014999","0.44014999","0.44014999","","0.00%"
"02/13/2018","0.44014999","0.44049999","0.44064999","0.44010001","","-0.05%"
"02/12/2018","0.44035000","0.44064999","0.44069999","0.44029999","","-0.02%"
"02/09/2018","0.44045001","0.44045001","0.44075000","0.44035000","","-0.01%"
"02/08/2018","0.44049999","0.44064999","0.44080001","0.44029999","","0.01%"
"02/07/2018","0.44045001","0.44040000","0.44055000","0.44029999","","0.03%"
"02/06/2018","0.44029999","0.44029999","0.44029999","0.44025001","","0.00%"
"02/05/2018","0.44029999","0.44029999","0.44029999","0.43990001","","0.00%"
"02/02/2018","0.44029999","0.44029999","0.44029999","0.44025001","","0.00%"
"02/01/2018","0.44029999","0.44029999","0.44045001","0.44025001","","0.00%"
"01/31/2018","0.44029999","0.44029999","0.44029999","0.44025001","","0.00%"
"01/30/2018","0.44029999","0.44029999","0.44029999","0.44025001","","0.00%"
"01/29/2018","0.44029999","0.44029999","0.44029999","0.44025001","","0.00%"
"01/26/2018","0.44029999","0.44029999","0.44029999","0.44025001","","0.00%"
"01/25/2018","0.44029999","0.44029999","0.44029999","0.44025001","","0.00%"
"01/24/2018","0.44029999","0.44029999","0.44029999","0.44025001","","0.00%"
"01/23/2018","0.44029999","0.44029999","0.44029999","0.44025001","","0.00%"
"01/22/2018","0.44029999","0.44029999","0.44029999","0.44025001","","0.00%"
"01/19/2018","0.44029999","0.44029999","0.44029999","0.44025001","","0.02%"
"01/18/2018","0.44020000","0.44025001","0.44029999","0.44020000","","-0.01%"
"01/17/2018","0.44025001","0.44029999","0.44029999","0.44025001","","-0.01%"
"01/16/2018","0.44029999","0.44029999","0.44035000","0.43990001","","0.00%"
"01/15/2018","0.44029999","0.44029999","0.44035000","0.44025001","","0.00%"
"01/12/2018","0.44029999","0.44029999","0.44035000","0.44029999","","0.00%"
"01/11/2018","0.44029999","0.44029999","0.44035000","0.44029999","","0.00%"
"01/10/2018","0.44029999","0.44029999","0.44035000","0.44025001","","0.00%"
"01/09/2018","0.44029999","0.44029999","0.44035000","0.44029999","","0.00%"
"01/08/2018","0.44029999","0.44029999","0.44035000","0.44025001","","0.00%"
"01/05/2018","0.44029999","0.44029999","0.44035000","0.44025001","","0.00%"
"01/04/2018","0.44029999","0.44029999","0.44029999","0.44025001","","0.00%"
"01/03/2018","0.44029999","0.44029999","0.44029999","0.44025001","","0.00%"
"01/02/2018","0.44029999","0.44029999","0.44029999","0.44025001","","0.00%"
"01/01/2018","0.44029999","0.44029999","0.44029999","0.44029999","","0.00%"
"12/29/2017","0.44029999","0.44029999","0.44045001","0.44025001","","0.00%"
"12/28/2017","0.44029999","0.44029999","0.44029999","0.44025001","","0.00%"
"12/27/2017","0.44029999","0.44029999","0.44029999","0.44025001","","0.00%"
"12/26/2017","0.44029999","0.44020000","0.44029999","0.44020000","","0.00%"
"12/25/2017","0.44029999","0.44029999","0.44029999","0.44025001","","0.01%"
"12/22/2017","0.44025001","0.44025001","0.44025001","0.44020000","","0.00%"
"12/21/2017","0.44025001","0.44020000","0.44025001","0.44020000","","0.01%"
"12/20/2017","0.44020000","0.44020000","0.44025001","0.44020000","","0.00%"
"12/19/2017","0.44020000","0.44014999","0.44025001","0.44014999","","0.00%"
"12/18/2017","0.44020000","0.44014999","0.44025001","0.44010001","","0.02%"
"12/15/2017","0.44010001","0.44014999","0.44020000","0.44010001","","-0.01%"
"12/14/2017","0.44014999","0.44025001","0.44025001","0.44014999","","-0.01%"
"12/13/2017","0.44020000","0.44025001","0.44029999","0.44020000","","-0.02%"
"12/12/2017","0.44029999","0.44020000","0.44029999","0.43990001","","0.00%"
"12/11/2017","0.44029999","0.44025001","0.44029999","0.44014999","","0.00%"
"12/08/2017","0.44029999","0.44029999","0.44029999","0.44014999","","0.02%"
"12/07/2017","0.44020000","0.44020000","0.44025001","0.44014999","","0.00%"
"12/06/2017","0.44020000","0.44020000","0.44025001","0.44014999","","0.02%"
"12/05/2017","0.44010001","0.44020000","0.44025001","0.44010001","","-0.02%"
"12/04/2017","0.44020000","0.44020000","0.44025001","0.43994999","","-0.01%"
"12/01/2017","0.44025001","0.44010001","0.44025001","0.43994999","","0.03%"
"11/30/2017","0.44010001","0.44010001","0.44014999","0.43994999","","0.00%"
"11/29/2017","0.44010001","0.44014999","0.44020000","0.44010001","","-0.01%"
"11/28/2017","0.44014999","0.44014999","0.44020000","0.44000000","","0.01%"
"11/27/2017","0.44010001","0.44000000","0.44010001","0.43990001","","0.02%"
"11/24/2017","0.44000000","0.43990001","0.44005001","0.43990001","","0.01%"
"11/23/2017","0.43994999","0.43994999","0.44005001","0.43985000","","-0.02%"
"11/22/2017","0.44005001","0.44005001","0.44020000","0.43990001","","-0.03%"
"11/21/2017","0.44020000","0.44014999","0.44020000","0.44014999","","0.00%"
"11/20/2017","0.44020000","0.43990001","0.44029999","0.43990001","","0.00%"
"11/17/2017","0.44020000","0.44025001","0.44029999","0.44020000","","-0.02%"
"11/16/2017","0.44029999","0.44025001","0.44029999","0.44025001","","0.01%"
"11/15/2017","0.44025001","0.44025001","0.44029999","0.44020000","","0.01%"
"11/14/2017","0.44020000","0.44025001","0.44029999","0.44020000","","-0.02%"
"11/13/2017","0.44029999","0.44020000","0.44029999","0.44020000","","0.02%"
"11/10/2017","0.44020000","0.44025001","0.44025001","0.44014999","","0.00%"
"11/09/2017","0.44020000","0.44025001","0.44025001","0.44020000","","0.00%"
"11/08/2017","0.44020000","0.44020000","0.44025001","0.44014999","","0.00%"
"11/07/2017","0.44020000","0.44025001","0.44025001","0.44014999","","0.00%"
"11/06/2017","0.44020000","0.44020000","0.44025001","0.44014999","","0.00%"
"11/03/2017","0.44020000","0.44020000","0.44025001","0.44020000","","0.00%"
"11/02/2017","0.44020000","0.44025001","0.44025001","0.44020000","","0.00%"
"11/01/2017","0.44020000","0.44025001","0.44025001","0.44014999","","0.00%"
"10/31/2017","0.44020000","0.44020000","0.44020000","0.44010001","","0.02%"
"10/30/2017","0.44010001","0.44014999","0.44014999","0.44010001","","-0.01%"
"10/27/2017","0.44014999","0.44010001","0.44014999","0.44005001","","0.01%"
"10/26/2017","0.44010001","0.44010001","0.44010001","0.44005001","","0.01%"
"10/25/2017","0.44005001","0.44010001","0.44010001","0.44005001","","-0.01%"
"10/24/2017","0.44010001","0.44005001","0.44010001","0.43990001","","0.02%"
"10/23/2017","0.44000000","0.44014999","0.44014999","0.44000000","","-0.02%"
"10/20/2017","0.44010001","0.44010001","0.44014999","0.44010001","","0.00%"
"10/19/2017","0.44010001","0.44014999","0.44014999","0.44010001","","0.00%"
"10/18/2017","0.44010001","0.44010001","0.44014999","0.44010001","","0.00%"
"10/17/2017","0.44010001","0.44010001","0.44014999","0.44010001","","0.00%"
"10/16/2017","0.44010001","0.44010001","0.44014999","0.44010001","","0.00%"
"10/13/2017","0.44010001","0.44010001","0.44010001","0.44010001","","0.00%"
"10/12/2017","0.44010001","0.44014999","0.44014999","0.44005001","","0.00%"
"10/11/2017","0.44010001","0.44014999","0.44020000","0.44000000","","0.01%"
"10/10/2017","0.44005001","0.44005001","0.44005001","0.43994999","","0.01%"
"10/09/2017","0.44000000","0.43990001","0.44000000","0.43990001","","0.01%"
"10/06/2017","0.43994999","0.43990001","0.43994999","0.43990001","","0.01%"
"10/05/2017","0.43990001","0.43990001","0.43994999","0.43990001","","0.00%"
"10/04/2017","0.43990001","0.43990001","0.43994999","0.43990001","","-0.01%"
"10/03/2017","0.43994999","0.43994999","0.44000000","0.43994999","","0.00%"
"10/02/2017","0.43994999","0.43994999","0.44000000","0.43994999","","-0.01%"
"09/29/2017","0.44000000","0.44000000","0.44000000","0.43994999","","0.01%"
"09/28/2017","0.43994999","0.43990001","0.43994999","0.43990001","","0.01%"
"09/27/2017","0.43990001","0.43990001","0.43994999","0.43979999","","0.00%"
"09/26/2017","0.43990001","0.43979999","0.43990001","0.43979999","","0.02%"
"09/25/2017","0.43979999","0.43974999","0.44000000","0.43974999","","0.00%"
"09/22/2017","0.43979999","0.43985000","0.44000000","0.43979999","","-0.02%"
"09/21/2017","0.43990001","0.43985000","0.43990001","0.43985000","","0.00%"
"09/20/2017","0.43990001","0.43994999","0.44000000","0.43990001","","0.00%"
"09/19/2017","0.43990001","0.43990001","0.44000000","0.43990001","","-0.02%"
"09/18/2017","0.44000000","0.44000000","0.44000000","0.43994999","","0.00%"
"09/15/2017","0.44000000","0.44000000","0.44000000","0.43994999","","0.00%"
"09/14/2017","0.44000000","0.44000000","0.44000000","0.43994999","","0.00%"
"09/13/2017","0.44000000","0.44000000","0.44000000","0.43990001","","0.00%"
"09/12/2017","0.44000000","0.44000000","0.44000000","0.43985000","","0.00%"
"09/11/2017","0.44000000","0.44000000","0.44005001","0.43990001","","0.00%"
"09/08/2017","0.44000000","0.44000000","0.44000000","0.43994999","","0.01%"
"09/07/2017","0.43994999","0.43994999","0.43994999","0.43985000","","0.00%"
"09/06/2017","0.43994999","0.43994999","0.43994999","0.43985000","","0.01%"
"09/05/2017","0.43990001","0.43994999","0.43994999","0.43985000","","0.00%"
"09/04/2017","0.43990001","0.43990001","0.43990001","0.43990001","","0.00%"
"09/01/2017","0.43990001","0.43994999","0.43994999","0.43985000","","0.00%"
"08/31/2017","0.43990001","0.43985000","0.43994999","0.43985000","","0.00%"
"08/30/2017","0.43990001","0.43990001","0.43994999","0.43985000","","0.00%"
"08/29/2017","0.43990001","0.43990001","0.43994999","0.43985000","","0.01%"
"08/28/2017","0.43985000","0.43985000","0.43990001","0.43985000","","0.00%"
"08/25/2017","0.43985000","0.43974999","0.43990001","0.43974999","","0.03%"
"08/24/2017","0.43970001","0.43974999","0.43990001","0.43970001","","-0.03%"
"08/23/2017","0.43985000","0.43990001","0.43994999","0.43985000","","-0.01%"
"08/22/2017","0.43990001","0.43994999","0.43994999","0.43990001","","-0.01%"
"08/21/2017","0.43994999","0.43990001","0.43994999","0.43990001","","0.01%"
"08/18/2017","0.43990001","0.43994999","0.43994999","0.43985000","","0.00%"
"08/17/2017","0.43990001","0.43994999","0.44000000","0.43990001","","-0.01%"
"08/16/2017","0.43994999","0.43994999","0.44000000","0.43994999","","0.00%"
"08/15/2017","0.43994999","0.44000000","0.44000000","0.43994999","","0.00%"
"08/14/2017","0.43994999","0.43990001","0.44000000","0.43990001","","0.00%"
"08/11/2017","0.43994999","0.43994999","0.43994999","0.43990001","","0.01%"
"08/10/2017","0.43990001","0.43994999","0.43994999","0.43985000","","0.00%"
"08/09/2017","0.43990001","0.43990001","0.43994999","0.43985000","","0.00%"
"08/08/2017","0.43990001","0.43994999","0.43994999","0.43985000","","0.01%"
"08/07/2017","0.43985000","0.43979999","0.43990001","0.43974999","","0.01%"
"08/04/2017","0.43979999","0.43979999","0.44014999","0.43945000","","0.00%"
"08/03/2017","0.43979999","0.43985000","0.44025001","0.43945000","","-0.02%"
"08/02/2017","0.43990001","0.44000000","0.44029999","0.43959999","","-0.02%"
"08/01/2017","0.44000000","0.43994999","0.44029999","0.43955001","","0.00%"
"07/31/2017","0.44000000","0.43985000","0.44029999","0.43930000","","0.02%"
"07/28/2017","0.43990001","0.43994999","0.44020000","0.43955001","","0.00%"
"07/27/2017","0.43990001","0.43979999","0.44020000","0.43950000","","0.00%"
"07/26/2017","0.43990001","0.43990001","0.44020000","0.43955001","","0.01%"
"07/25/2017","0.43985000","0.43979999","0.44020000","0.43945000","","-0.01%"
"07/24/2017","0.43990001","0.43979999","0.44020000","0.43945000","","0.02%"
"07/21/2017","0.43979999","0.43979999","0.44025001","0.43945000","","0.00%"
"07/20/2017","0.43979999","0.43985000","0.44014999","0.43950000","","-0.01%"
"07/19/2017","0.43985000","0.43985000","0.43994999","0.43974999","","-0.01%"
"07/18/2017","0.43990001","0.43994999","0.44029999","0.43959999","","-0.02%"
"07/17/2017","0.44000000","0.43985000","0.44035000","0.43930000","","0.03%"
"07/14/2017","0.43985000","0.43990001","0.44020000","0.43950000","","0.00%"
"07/13/2017","0.43985000","0.43985000","0.44014999","0.43955001","","0.00%"
"07/12/2017","0.43985000","0.43985000","0.44029999","0.43939999","","0.00%"
"07/11/2017","0.43985000","0.43974999","0.44014999","0.43915001","","0.09%"
"07/10/2017","0.43945000","0.43965000","0.43994999","0.43904999","","-0.03%"
"07/07/2017","0.43959999","0.43959999","0.43994999","0.43924999","","-0.05%"
"07/06/2017","0.43979999","0.43965000","0.44000000","0.43939999","","0.02%"
"07/05/2017","0.43970001","0.43970001","0.44010001","0.43935001","","-0.02%"
"07/04/2017","0.43979999","0.43974999","0.44014999","0.43945000","","0.00%"
"07/03/2017","0.43979999","0.43979999","0.44014999","0.43945000","","-0.02%"
"06/30/2017","0.43990001","0.43985000","0.44025001","0.43950000","","0.03%"
"06/29/2017","0.43974999","0.43965000","0.44010001","0.43939999","","0.03%"
"06/28/2017","0.43959999","0.43974999","0.44014999","0.43930000","","-0.02%"
"06/27/2017","0.43970001","0.43965000","0.44025001","0.43935001","","-0.02%"
"06/26/2017","0.43979999","0.43990001","0.44029999","0.43945000","","-0.05%"
"06/23/2017","0.44000000","0.44000000","0.44035000","0.43970001","","0.00%"
"06/22/2017","0.44000000","0.44005001","0.44029999","0.43970001","","0.00%"
"06/21/2017","0.44000000","0.44000000","0.44040000","0.43965000","","0.00%"
"06/20/2017","0.44000000","0.44080001","0.44080001","0.43970001","","-0.01%"
"06/19/2017","0.44005001","0.44040000","0.44104999","0.43930000","","-0.15%"
"06/16/2017","0.44069999","0.44080001","0.44110000","0.44049999","","0.02%"
"06/15/2017","0.44060001","0.44075000","0.44104999","0.43994999","","0.05%"
"06/14/2017","0.44040000","0.44060001","0.44080001","0.44010001","","-0.06%"
"06/13/2017","0.44064999","0.44060001","0.44095001","0.44014999","","0.00%"
"06/12/2017","0.44064999","0.44069999","0.44104999","0.44029999","","-0.01%"
"06/09/2017","0.44069999","0.44064999","0.44110000","0.44029999","","0.01%"
"06/08/2017","0.44064999","0.44060001","0.44100001","0.43920001","","0.05%"
"06/07/2017","0.44045001","0.44020000","0.44075000","0.43970001","","0.08%"
"06/06/2017","0.44010001","0.44020000","0.44049999","0.43970001","","0.00%"
"06/05/2017","0.44010001","0.44040000","0.44060001","0.43990001","","-0.05%"
"06/02/2017","0.44029999","0.44020000","0.44075000","0.43990001","","-0.01%"
"06/01/2017","0.44035000","0.44049999","0.44090000","0.43994999","","0.03%"
"05/31/2017","0.44020000","0.44020000","0.44075000","0.43990001","","-0.01%"
"05/30/2017","0.44025001","0.44000000","0.44064999","0.43900001","","0.13%"
"05/29/2017","0.43970001","0.43979999","0.44165000","0.43930000","","-0.06%"
"05/26/2017","0.43994999","0.44020000","0.44080001","0.43965000","","-0.17%"
"05/25/2017","0.44069999","0.44080001","0.44110000","0.44040000","","-0.05%"
"05/24/2017","0.44090000","0.44080001","0.44115001","0.44040000","","0.03%"
"05/23/2017","0.44075000","0.44080001","0.44104999","0.43990001","","0.06%"
"05/22/2017","0.44049999","0.44055000","0.44095001","0.44010001","","0.02%"
"05/19/2017","0.44040000","0.44025001","0.44080001","0.44000000","","-0.07%"
"05/18/2017","0.44069999","0.44060001","0.44104999","0.44025001","","-0.02%"
"05/17/2017","0.44080001","0.44084999","0.44115001","0.44049999","","0.01%"
"05/16/2017","0.44075000","0.44080001","0.44119999","0.44049999","","-0.02%"
"05/15/2017","0.44084999","0.44060001","0.44119999","0.43979999","","0.05%"
"05/12/2017","0.44064999","0.43994999","0.44104999","0.43920001","","0.14%"
"05/11/2017","0.44005001","0.43994999","0.44035000","0.43924999","","0.08%"
"05/10/2017","0.43970001","0.43974999","0.44020000","0.43939999","","-0.03%"
"05/09/2017","0.43985000","0.43974999","0.44014999","0.43945000","","-0.01%"
"05/08/2017","0.43990001","0.43965000","0.44029999","0.43939999","","0.01%"
"05/05/2017","0.43985000","0.43974999","0.44020000","0.43939999","","0.08%"
"05/04/2017","0.43950000","0.43950000","0.44010001","0.43910000","","-0.03%"
"05/03/2017","0.43965000","0.43965000","0.44014999","0.43930000","","0.00%"
"05/02/2017","0.43965000","0.43965000","0.43965000","0.43965000","","0.00%"
"05/01/2017","0.43965000","0.43965000","0.43965000","0.43965000","","0.00%"
"04/28/2017","0.43965000","0.43994999","0.44029999","0.43939999","","-0.05%"
"04/27/2017","0.43985000","0.43970001","0.44014999","0.43920001","","0.03%"
"04/26/2017","0.43970001","0.43945000","0.44049999","0.43910000","","0.11%"
"04/25/2017","0.43920001","0.43970001","0.44035000","0.43910000","","-0.23%"
"04/24/2017","0.44020000","0.44014999","0.44069999","0.43979999","","0.01%"
"04/21/2017","0.44014999","0.43990001","0.44064999","0.43950000","","0.06%"
"04/20/2017","0.43990001","0.43985000","0.44025001","0.43924999","","0.05%"
"04/19/2017","0.43970001","0.43900001","0.44040000","0.43875000","","0.02%"
"04/18/2017","0.43959999","0.43974999","0.44060001","0.43849999","","-0.19%"
"04/17/2017","0.44045001","0.44049999","0.44084999","0.44000000","","-0.06%"
"04/14/2017","0.44069999","0.44084999","0.44139999","0.44000000","","-0.05%"
"04/13/2017","0.44090000","0.44115001","0.44135001","0.44060001","","-0.03%"
"04/12/2017","0.44104999","0.44104999","0.44150001","0.44075000","","-0.07%"
"04/11/2017","0.44135001","0.44135001","0.44185001","0.44064999","","0.01%"
"04/10/2017","0.44130000","0.44100001","0.44145000","0.44060001","","0.00%"
"04/07/2017","0.44130000","0.44020000","0.44150001","0.44000000","","0.14%"
"04/06/2017","0.44069999","0.44069999","0.44069999","0.44069999","","0.00%"
"04/05/2017","0.44069999","0.44064999","0.44095001","0.43979999","","0.02%"
"04/04/2017","0.44060001","0.43900001","0.44084999","0.43889999","","0.18%"
"04/03/2017","0.43979999","0.43930000","0.44010001","0.43865001","","0.09%"
"03/31/2017","0.43939999","0.43915001","0.43974999","0.43884999","","0.07%"
"03/30/2017","0.43910000","0.43904999","0.43974999","0.43880001","","0.01%"
"03/29/2017","0.43904999","0.43904999","0.43950000","0.43845001","","0.01%"
"03/28/2017","0.43900001","0.43904999","0.43950000","0.43869999","","-0.01%"
"03/27/2017","0.43904999","0.43904999","0.43930000","0.43860000","","0.07%"
"03/24/2017","0.43875000","0.43904999","0.43930000","0.43845001","","0.03%"
"03/23/2017","0.43860000","0.43904999","0.43935001","0.43834999","","-0.10%"
"03/22/2017","0.43904999","0.43910000","0.43930000","0.43875000","","0.05%"
"03/21/2017","0.43884999","0.43884999","0.43920001","0.43834999","","0.05%"
"03/20/2017","0.43865001","0.43865001","0.43910000","0.43799999","","-0.05%"
"03/17/2017","0.43884999","0.43884999","0.43939999","0.43814999","","-0.01%"
"03/16/2017","0.43889999","0.43915001","0.43945000","0.43814999","","0.19%"
"03/15/2017","0.43805000","0.43820000","0.43869999","0.43785000","","-0.09%"
"03/14/2017","0.43845001","0.43860000","0.43880001","0.43814999","","0.00%"
"03/13/2017","0.43845001","0.43855000","0.43889999","0.43785000","","-0.02%"
"03/10/2017","0.43855000","0.43845001","0.44020000","0.43805000","","0.01%"
"03/09/2017","0.43849999","0.43825001","0.43884999","0.43785000","","-0.01%"
"03/08/2017","0.43855000","0.43860000","0.43904999","0.43834999","","0.02%"
"03/07/2017","0.43845001","0.43840000","0.43889999","0.43814999","","0.00%"
"03/06/2017","0.43845001","0.43770000","0.43875000","0.43759999","","0.16%"
"03/03/2017","0.43775001","0.43779999","0.43830001","0.43740001","","-0.10%"
"03/02/2017","0.43820000","0.43820000","0.43920001","0.43779999","","-0.08%"
"03/01/2017","0.43855000","0.43884999","0.43935001","0.43814999","","-0.19%"
"02/28/2017","0.43939999","0.43930000","0.43970001","0.43825001","","0.11%"
"02/27/2017","0.43889999","0.43794999","0.43915001","0.43775001","","0.15%"
"02/24/2017","0.43825001","0.43794999","0.43849999","0.43759999","","0.07%"
"02/23/2017","0.43794999","0.43794999","0.43939999","0.43755001","","0.00%"
"02/22/2017","0.43794999","0.43785000","0.43845001","0.43735000","","0.00%"
"02/21/2017","0.43794999","0.43794999","0.43860000","0.43770000","","-0.07%"
"02/20/2017","0.43825001","0.43865001","0.43920001","0.43785000","","-0.09%"
"02/17/2017","0.43865001","0.43939999","0.44029999","0.43845001","","-0.14%"
"02/16/2017","0.43924999","0.43930000","0.43965000","0.43865001","","0.08%"
"02/15/2017","0.43889999","0.43950000","0.43985000","0.43884999","","-0.16%"
"02/14/2017","0.43959999","0.44010001","0.44125000","0.43950000","","-0.32%"
"02/13/2017","0.44100001","0.44125000","0.44275001","0.44080001","","-0.12%"
"02/10/2017","0.44154999","0.44154999","0.44275001","0.44100001","","0.10%"
"02/09/2017","0.44110000","0.44100001","0.44130000","0.44060001","","-0.07%"
"02/08/2017","0.44139999","0.44135001","0.44295001","0.44104999","","-0.18%"
"02/07/2017","0.44220001","0.44270000","0.44305000","0.44209999","","-0.09%"
"02/06/2017","0.44260001","0.44190001","0.44290000","0.44165000","","0.16%"
"02/03/2017","0.44190001","0.44159999","0.44215000","0.44125000","","0.08%"
"02/02/2017","0.44154999","0.44295001","0.44334999","0.44154999","","-0.23%"
"02/01/2017","0.44255000","0.44255000","0.44255000","0.44255000","","0.00%"
"01/31/2017","0.44255000","0.44255000","0.44255000","0.44255000","","0.00%"
"01/30/2017","0.44255000","0.44255000","0.44255000","0.44255000","","0.00%"
"01/27/2017","0.44255000","0.44255000","0.44255000","0.44255000","","0.00%"
"01/26/2017","0.44255000","0.44255000","0.44255000","0.44255000","","0.00%"
"01/25/2017","0.44255000","0.44305000","0.44315001","0.44229999","","-0.08%"
"01/24/2017","0.44290000","0.44305000","0.44350001","0.44270000","","-0.10%"
"01/23/2017","0.44334999","0.44299999","0.44354999","0.44270000","","0.08%"
"01/20/2017","0.44299999","0.44310001","0.44345000","0.44270000","","-0.02%"
"01/19/2017","0.44310001","0.44305000","0.44315001","0.44295001","","0.03%"
"01/18/2017","0.44295001","0.44290000","0.44330001","0.44270000","","-0.01%"
"01/17/2017","0.44299999","0.44299999","0.44330001","0.44270000","","0.00%"
"01/16/2017","0.44299999","0.44319999","0.44350001","0.44270000","","0.00%"
"01/13/2017","0.44299999","0.44305000","0.44340000","0.44264999","","0.00%"
"01/12/2017","0.44299999","0.44165000","0.44340000","0.44165000","","0.01%"
"01/11/2017","0.44295001","0.44295001","0.44340000","0.44260001","","-0.01%"
"01/10/2017","0.44299999","0.44279999","0.44330001","0.44250000","","0.06%"
"01/09/2017","0.44275001","0.44360000","0.44400001","0.44275001","","-0.09%"
"01/06/2017","0.44315001","0.44295001","0.44345000","0.44250000","","0.51%"
"01/05/2017","0.44090000","0.43900001","0.44170001","0.43895000","","0.22%"
"01/04/2017","0.43994999","0.43979999","0.44049999","0.43955001","","0.09%"
"01/03/2017","0.43955001","0.43930000","0.44000000","0.43900001","","0.10%"
"01/02/2017","0.43910000","0.43910000","0.43910000","0.43910000","","0.00%"
"12/30/2016","0.43910000","0.43920001","0.43965000","0.43875000","","0.02%"
"12/29/2016","0.43900001","0.43915001","0.43950000","0.43869999","","-0.02%"
"12/28/2016","0.43910000","0.43920001","0.43955001","0.43880001","","-0.03%"
"12/27/2016","0.43924999","0.43930000","0.43970001","0.43889999","","0.00%"
"12/26/2016","0.43924999","0.43930000","0.43990001","0.43884999","","-0.01%"
"12/23/2016","0.43930000","0.43924999","0.43979999","0.43895000","","0.00%"
"12/22/2016","0.43930000","0.43935001","0.43935001","0.43924999","","0.02%"
"12/21/2016","0.43920001","0.43920001","0.43945000","0.43884999","","-0.01%"
"12/20/2016","0.43924999","0.43950000","0.43974999","0.43895000","","-0.01%"
"12/19/2016","0.43930000","0.43935001","0.43939999","0.43920001","","-0.05%"
"12/16/2016","0.43950000","0.43939999","0.43950000","0.43935001","","-0.02%"
"12/15/2016","0.43959999","0.43955001","0.44010001","0.43920001","","-0.14%"
"12/14/2016","0.44020000","0.43985000","0.44190001","0.43959999","","-0.25%"
"12/13/2016","0.44130000","0.44115001","0.44250000","0.44090000","","-0.15%"
"12/12/2016","0.44194999","0.44145000","0.44215000","0.44110000","","-0.14%"
"12/09/2016","0.44255000","0.44215000","0.44299999","0.44205001","","0.20%"
"12/08/2016","0.44165000","0.44159999","0.44190001","0.44049999","","0.26%"
"12/07/2016","0.44049999","0.44010001","0.44064999","0.43955001","","0.11%"
"12/06/2016","0.44000000","0.43990001","0.44029999","0.43950000","","-0.05%"
"12/05/2016","0.44020000","0.44029999","0.44125000","0.43979999","","-0.09%"
"12/02/2016","0.44060001","0.44080001","0.44110000","0.43990001","","-0.05%"
"12/01/2016","0.44080001","0.44064999","0.44100001","0.44020000","","-0.10%"
"11/30/2016","0.44125000","0.44090000","0.44154999","0.44064999","","0.06%"
"11/29/2016","0.44100001","0.44020000","0.44125000","0.43979999","","0.14%"
"11/28/2016","0.44040000","0.44014999","0.44069999","0.43950000","","0.20%"
"11/25/2016","0.43950000","0.43945000","0.44130000","0.43889999","","0.09%"
"11/24/2016","0.43910000","0.43935001","0.44115001","0.43895000","","-0.58%"
"11/23/2016","0.44165000","0.44194999","0.44244999","0.44110000","","-0.42%"
"11/22/2016","0.44350001","0.44400001","0.44420001","0.44325000","","0.09%"
"11/21/2016","0.44310001","0.44340000","0.44395000","0.44290000","","-0.25%"
"11/18/2016","0.44420001","0.44340000","0.44499999","0.44260001","","-0.43%"
"11/17/2016","0.44610000","0.44714999","0.44714999","0.44569999","","-0.03%"
"11/16/2016","0.44624999","0.44714999","0.44729999","0.44624999","","-0.26%"
"11/15/2016","0.44740000","0.44839999","0.44839999","0.44710001","","-0.02%"
"11/14/2016","0.44749999","0.44769999","0.44825000","0.44729999","","-0.07%"
"11/11/2016","0.44780001","0.44775000","0.44830000","0.44760001","","0.00%"
"11/10/2016","0.44780001","0.44784999","0.44825000","0.44745001","","0.00%"
"11/09/2016","0.44780001","0.44769999","0.44804999","0.44735000","","0.02%"
"11/08/2016","0.44769999","0.44769999","0.44795001","0.44735000","","0.00%"
"11/07/2016","0.44769999","0.44819999","0.44835001","0.44735000","","-0.02%"
"11/04/2016","0.44780001","0.44795001","0.44825000","0.44749999","","-0.02%"
"11/03/2016","0.44790000","0.44784999","0.44830000","0.44755000","","-0.01%"
"11/02/2016","0.44795001","0.44800001","0.44819999","0.44760001","","0.00%"
"11/01/2016","0.44795001","0.44790000","0.44825000","0.44745001","","0.01%"
"10/31/2016","0.44790000","0.44795001","0.44825000","0.44755000","","0.02%"
"10/28/2016","0.44780001","0.44790000","0.44825000","0.44749999","","0.02%"
"10/27/2016","0.44769999","0.44769999","0.44804999","0.44735000","","0.00%"
"10/26/2016","0.44769999","0.44764999","0.44804999","0.44735000","","0.01%"
"10/25/2016","0.44764999","0.44764999","0.44804999","0.44735000","","-0.07%"
"10/24/2016","0.44795001","0.44810000","0.44850001","0.44769999","","0.00%"
"10/21/2016","0.44795001","0.44819999","0.44854999","0.44780001","","-0.07%"
"10/20/2016","0.44825000","0.44825000","0.44854999","0.44790000","","0.00%"
"10/19/2016","0.44825000","0.44819999","0.44854999","0.44790000","","0.00%"
"10/18/2016","0.44825000","0.44825000","0.44854999","0.44790000","","0.01%"
"10/17/2016","0.44819999","0.44830000","0.44854999","0.44790000","","-0.01%"
"10/14/2016","0.44825000","0.44819999","0.44854999","0.44795001","","0.00%"
"10/13/2016","0.44825000","0.44819999","0.44859999","0.44795001","","-0.01%"
"10/12/2016","0.44830000","0.44830000","0.44865000","0.44800001","","0.00%"
"10/11/2016","0.44830000","0.44830000","0.44870001","0.44800001","","-0.02%"
"10/10/2016","0.44839999","0.44830000","0.44870001","0.44800001","","0.02%"
"10/07/2016","0.44830000","0.44825000","0.44859999","0.44800001","","0.00%"
"10/06/2016","0.44830000","0.44830000","0.44874999","0.44795001","","0.00%"
"10/05/2016","0.44830000","0.44825000","0.44859999","0.44790000","","0.01%"
"10/04/2016","0.44825000","0.44830000","0.44854999","0.44784999","","-0.01%"
"10/03/2016","0.44830000","0.44830000","0.44874999","0.44790000","","0.00%"
"09/30/2016","0.44830000","0.44830000","0.44874999","0.44790000","","0.00%"
"09/29/2016","0.44830000","0.44815001","0.44874999","0.44784999","","0.04%"
"09/28/2016","0.44810000","0.44815001","0.44865000","0.44775000","","-0.02%"
"09/27/2016","0.44819999","0.44815001","0.44865000","0.44780001","","0.01%"
"09/26/2016","0.44815001","0.44795001","0.44845000","0.44780001","","0.00%"
"09/23/2016","0.44815001","0.44815001","0.44874999","0.44780001","","-0.02%"
"09/22/2016","0.44825000","0.44804999","0.44839999","0.44804999","","0.07%"
"09/21/2016","0.44795001","0.44804999","0.44810000","0.44735000","","0.00%"
"09/20/2016","0.44795001","0.44819999","0.44859999","0.44769999","","-0.06%"
"09/19/2016","0.44819999","0.44835001","0.44874999","0.44784999","","0.02%"
"09/16/2016","0.44810000","0.44819999","0.44870001","0.44790000","","-0.03%"
"09/15/2016","0.44825000","0.44819999","0.44839999","0.44815001","","-0.02%"
"09/14/2016","0.44835001","0.44819999","0.44870001","0.44795001","","0.00%"
"09/13/2016","0.44835001","0.44839999","0.44870001","0.44800001","","-0.01%"
"09/12/2016","0.44839999","0.44835001","0.44870001","0.44804999","","0.01%"
"09/09/2016","0.44835001","0.44839999","0.44870001","0.44810000","","-0.01%"
"09/08/2016","0.44839999","0.44850001","0.44880000","0.44810000","","0.00%"
"09/07/2016","0.44839999","0.44839999","0.44839999","0.44830000","","0.00%"
"09/06/2016","0.44839999","0.44850001","0.44880000","0.44810000","","0.01%"
"09/05/2016","0.44835001","0.44825000","0.44874999","0.44800001","","0.00%"
"09/02/2016","0.44835001","0.44835001","0.44835001","0.44835001","","0.00%"
"09/01/2016","0.44835001","0.44835001","0.44870001","0.44800001","","0.01%"
"08/31/2016","0.44830000","0.44839999","0.44874999","0.44790000","","0.02%"
"08/30/2016","0.44819999","0.44825000","0.44859999","0.44780001","","0.00%"
"08/29/2016","0.44819999","0.44835001","0.44865000","0.44780001","","-0.01%"
"08/26/2016","0.44825000","0.44825000","0.44874999","0.44800001","","-0.02%"
"08/25/2016","0.44835001","0.44850001","0.44880000","0.44810000","","0.00%"
"08/24/2016","0.44835001","0.44850001","0.44880000","0.44810000","","0.01%"
"08/23/2016","0.44830000","0.44839999","0.44880000","0.44810000","","-0.02%"
"08/22/2016","0.44839999","0.44839999","0.44870001","0.44810000","","0.01%"
"08/19/2016","0.44835001","0.44830000","0.44880000","0.44804999","","-0.03%"
"08/18/2016","0.44850001","0.44839999","0.44880000","0.44810000","","0.03%"
"08/17/2016","0.44835001","0.44835001","0.44870001","0.44810000","","0.01%"
"08/16/2016","0.44830000","0.44839999","0.44880000","0.44810000","","-0.01%"
"08/15/2016","0.44835001","0.44839999","0.44880000","0.44810000","","0.00%"
"08/12/2016","0.44835001","0.44839999","0.44839999","0.44830000","","0.01%"
"08/11/2016","0.44830000","0.44839999","0.44839999","0.44830000","","-0.02%"
"08/10/2016","0.44839999","0.44850001","0.44880000","0.44810000","","0.01%"
"08/09/2016","0.44835001","0.44850001","0.44880000","0.44804999","","0.00%"
"08/08/2016","0.44835001","0.44835001","0.44839999","0.44830000","","0.00%"
"08/05/2016","0.44835001","0.44850001","0.44880000","0.44810000","","-0.03%"
"08/04/2016","0.44850001","0.44839999","0.44880000","0.44810000","","0.04%"
"08/03/2016","0.44830000","0.44850001","0.44880000","0.44800001","","0.00%"
"08/02/2016","0.44830000","0.44835001","0.44880000","0.44810000","","-0.02%"
"08/01/2016","0.44839999","0.44850001","0.44880000","0.44810000","","0.00%"
"07/29/2016","0.44839999","0.44839999","0.44845000","0.44830000","","0.02%"
"07/28/2016","0.44830000","0.44839999","0.44870001","0.44810000","","0.00%"
"07/27/2016","0.44830000","0.44830000","0.44870001","0.44804999","","0.00%"
"07/26/2016","0.44830000","0.44835001","0.44835001","0.44825000","","0.00%"
"07/25/2016","0.44830000","0.44830000","0.44835001","0.44825000","","0.00%"
"07/22/2016","0.44830000","0.44835001","0.44835001","0.44825000","","0.00%"
"07/21/2016","0.44830000","0.44830000","0.44865000","0.44804999","","-0.02%"
"07/20/2016","0.44839999","0.44830000","0.44865000","0.44804999","","0.00%"
"07/19/2016","0.44839999","0.44835001","0.44870001","0.44804999","","0.01%"
"07/18/2016","0.44835001","0.44835001","0.44870001","0.44804999","","-0.01%"
"07/15/2016","0.44839999","0.44839999","0.44870001","0.44804999","","0.01%"
"07/14/2016","0.44835001","0.44835001","0.44839999","0.44825000","","0.00%"
"07/13/2016","0.44835001","0.44835001","0.44839999","0.44790000","","-0.01%"
"07/12/2016","0.44839999","0.44835001","0.44845000","0.44835001","","0.01%"
"07/11/2016","0.44835001","0.44830000","0.44845000","0.44830000","","-0.01%"
"07/08/2016","0.44839999","0.44839999","0.44845000","0.44830000","","0.01%"
"07/07/2016","0.44835001","0.44835001","0.44839999","0.44819999","","0.01%"
"07/06/2016","0.44830000","0.44825000","0.44839999","0.44819999","","0.01%"
"07/05/2016","0.44825000","0.44825000","0.44835001","0.44819999","","0.00%"
"07/04/2016","0.44825000","0.44825000","0.44835001","0.44819999","","-0.02%"
"07/01/2016","0.44835001","0.44830000","0.44839999","0.44815001","","0.01%"
"06/30/2016","0.44830000","0.44830000","0.44835001","0.44810000","","0.04%"
"06/29/2016","0.44810000","0.44815001","0.44845000","0.44775000","","-0.04%"
"06/28/2016","0.44830000","0.44804999","0.44865000","0.44740000","","0.18%"
"06/27/2016","0.44749999","0.44835001","0.44845000","0.44729999","","-0.09%"
"06/24/2016","0.44790000","0.44835001","0.44835001","0.44764999","","-0.08%"
"06/23/2016","0.44825000","0.44835001","0.44865000","0.44800001","","-0.02%"
"06/22/2016","0.44835001","0.44830000","0.44870001","0.44810000","","0.00%"
"06/21/2016","0.44835001","0.44839999","0.44870001","0.44810000","","-0.01%"
"06/20/2016","0.44839999","0.44839999","0.44850001","0.44694999","","0.00%"
"06/17/2016","0.44839999","0.44835001","0.44870001","0.44790000","","0.03%"
"06/16/2016","0.44825000","0.44800001","0.44850001","0.44775000","","0.03%"
"06/15/2016","0.44810000","0.44800001","0.44839999","0.44769999","","-0.03%"
"06/14/2016","0.44825000","0.44735000","0.44865000","0.44729999","","0.09%"
"06/13/2016","0.44784999","0.44790000","0.44825000","0.44745001","","0.03%"
"06/10/2016","0.44769999","0.44769999","0.44804999","0.44725001","","0.07%"
"06/09/2016","0.44740000","0.44725001","0.44775000","0.44694999","","-0.11%"
"06/08/2016","0.44790000","0.44790000","0.44804999","0.44705001","","0.09%"
"06/07/2016","0.44749999","0.44645000","0.44780001","0.44645000","","0.12%"
"06/06/2016","0.44694999","0.44700000","0.44760001","0.44505000","","0.18%"
"06/03/2016","0.44615000","0.44554999","0.44645000","0.44549999","","0.12%"
"06/02/2016","0.44560000","0.44530001","0.44569999","0.44505000","","-0.02%"
"06/01/2016","0.44569999","0.44585001","0.44620001","0.44530001","","-0.19%"
"05/31/2016","0.44655001","0.44650000","0.44685000","0.44615000","","0.11%"
"05/30/2016","0.44604999","0.44610000","0.44655001","0.44565001","","-0.10%"
"05/27/2016","0.44650000","0.44679999","0.44705001","0.44635001","","-0.07%"
"05/26/2016","0.44679999","0.44725001","0.44795001","0.44674999","","-0.12%"
"05/25/2016","0.44735000","0.44755000","0.44800001","0.44725001","","-0.09%"
"05/24/2016","0.44775000","0.44795001","0.44830000","0.44775000","","-0.04%"
"05/23/2016","0.44795001","0.44804999","0.44810000","0.44795001","","-0.02%"
"05/20/2016","0.44804999","0.44804999","0.44804999","0.44795001","","-0.01%"
"05/19/2016","0.44810000","0.44825000","0.44825000","0.44804999","","-0.02%"
"05/18/2016","0.44819999","0.44825000","0.44835001","0.44804999","","-0.02%"
"05/17/2016","0.44830000","0.44825000","0.44865000","0.44790000","","0.29%"
"05/16/2016","0.44700000","0.44804999","0.44830000","0.44700000","","-0.23%"
"05/13/2016","0.44804999","0.44804999","0.44839999","0.44795001","","-0.03%"
"05/12/2016","0.44819999","0.44845000","0.44880000","0.44795001","","-0.06%"
"05/11/2016","0.44845000","0.44839999","0.44859999","0.44835001","","-0.01%"
"05/10/2016","0.44850001","0.44850001","0.44885001","0.44810000","","0.01%"
"05/09/2016","0.44845000","0.44865000","0.44865000","0.44839999","","-0.02%"
"05/06/2016","0.44854999","0.44850001","0.44885001","0.44815001","","-0.01%"
"05/05/2016","0.44859999","0.44859999","0.44865000","0.44845000","","0.00%"
"05/04/2016","0.44859999","0.44865000","0.44890001","0.44815001","","0.00%"
"05/03/2016","0.44859999","0.44859999","0.44859999","0.44859999","","0.00%"
"05/02/2016","0.44859999","0.44859999","0.44859999","0.44859999","","0.00%"
"04/29/2016","0.44859999","0.44854999","0.44900000","0.44810000","","0.06%"
"04/28/2016","0.44835001","0.44850001","0.44854999","0.44835001","","0.01%"
"04/27/2016","0.44830000","0.44839999","0.44859999","0.44825000","","-0.02%"
"04/26/2016","0.44839999","0.44830000","0.44859999","0.44825000","","0.01%"
"04/25/2016","0.44835001","0.44839999","0.44859999","0.44830000","","-0.06%"
"04/22/2016","0.44859999","0.44859999","0.44890001","0.44815001","","0.00%"
"04/21/2016","0.44859999","0.44859999","0.44865000","0.44845000","","0.02%"
"04/20/2016","0.44850001","0.44850001","0.44885001","0.44815001","","0.01%"
"04/19/2016","0.44845000","0.44830000","0.44885001","0.44800001","","0.03%"
"04/18/2016","0.44830000","0.44830000","0.44830000","0.44830000","","0.00%"
"04/15/2016","0.44830000","0.44790000","0.44865000","0.44755000","","0.07%"
"04/14/2016","0.44800001","0.44790000","0.44850001","0.44745001","","-0.04%"
"04/13/2016","0.44819999","0.44850001","0.44885001","0.44780001","","-0.07%"
"04/12/2016","0.44850001","0.44859999","0.44890001","0.44804999","","0.00%"
"04/11/2016","0.44850001","0.44745001","0.44865000","0.44745001","","0.00%"
"04/08/2016","0.44850001","0.44859999","0.44865000","0.44850001","","0.00%"
"04/07/2016","0.44850001","0.44839999","0.44890001","0.44800001","","0.02%"
"04/06/2016","0.44839999","0.44850001","0.44880000","0.44810000","","-0.01%"
"04/05/2016","0.44845000","0.44850001","0.44880000","0.44800001","","0.00%"
"04/04/2016","0.44845000","0.44850001","0.44885001","0.44804999","","-0.01%"
"04/01/2016","0.44850001","0.44854999","0.44859999","0.44845000","","-0.01%"
"03/31/2016","0.44854999","0.44859999","0.44865000","0.44839999","","0.01%"
"03/30/2016","0.44850001","0.44845000","0.44850001","0.44830000","","0.07%"
"03/29/2016","0.44819999","0.44819999","0.44835001","0.44815001","","0.01%"
"03/28/2016","0.44815001","0.44835001","0.44835001","0.44810000","","-0.04%"
"03/25/2016","0.44835001","0.44790000","0.44835001","0.44749999","","0.11%"
"03/24/2016","0.44784999","0.44745001","0.44859999","0.44690001","","0.11%"
"03/23/2016","0.44735000","0.44714999","0.44850001","0.44679999","","-0.23%"
"03/22/2016","0.44839999","0.44850001","0.44859999","0.44825000","","-0.02%"
"03/21/2016","0.44850001","0.44854999","0.44854999","0.44839999","","0.00%"
"03/18/2016","0.44850001","0.44859999","0.44859999","0.44845000","","-0.01%"
"03/17/2016","0.44854999","0.44854999","0.44859999","0.44845000","","0.01%"
"03/16/2016","0.44850001","0.44850001","0.44854999","0.44839999","","-0.02%"
"03/15/2016","0.44859999","0.44850001","0.44859999","0.44845000","","0.02%"
"03/14/2016","0.44850001","0.44859999","0.44865000","0.44839999","","-0.02%"
"03/11/2016","0.44859999","0.44859999","0.44865000","0.44850001","","0.02%"
"03/10/2016","0.44850001","0.44845000","0.44865000","0.44839999","","0.01%"
"03/09/2016","0.44845000","0.44690001","0.44854999","0.44690001","","0.02%"
"03/08/2016","0.44835001","0.44835001","0.44850001","0.44830000","","-0.03%"
"03/07/2016","0.44850001","0.44850001","0.44859999","0.44839999","","-0.01%"
"03/04/2016","0.44854999","0.44850001","0.44865000","0.44800001","","0.03%"
"03/03/2016","0.44839999","0.44845000","0.44850001","0.44825000","","0.07%"
"03/02/2016","0.44810000","0.44810000","0.44854999","0.44775000","","-0.04%"
"03/01/2016","0.44830000","0.44835001","0.44870001","0.44804999","","-0.02%"
"02/29/2016","0.44839999","0.44690001","0.44874999","0.44690001","","0.08%"
"02/26/2016","0.44804999","0.44795001","0.44830000","0.44760001","","-0.02%"
"02/25/2016","0.44815001","0.44810000","0.44819999","0.44810000","","0.28%"
"02/24/2016","0.44690001","0.44685000","0.44725001","0.44655001","","0.02%"
"02/23/2016","0.44679999","0.44694999","0.44720000","0.44650000","","0.01%"
"02/22/2016","0.44674999","0.44720000","0.44729999","0.44635001","","-0.11%"
"02/19/2016","0.44725001","0.44725001","0.44740000","0.44665000","","0.08%"
"02/18/2016","0.44690001","0.44710001","0.44729999","0.44645000","","0.12%"
"02/17/2016","0.44635001","0.44694999","0.44694999","0.44595000","","-0.13%"
"02/16/2016","0.44694999","0.44694999","0.44710001","0.44690001","","-0.01%"
"02/15/2016","0.44700000","0.44800001","0.44800001","0.44670001","","-0.29%"
"02/12/2016","0.44830000","0.44830000","0.44830000","0.44830000","","0.00%"
"02/11/2016","0.44830000","0.44830000","0.44830000","0.44830000","","0.00%"
"02/10/2016","0.44830000","0.44830000","0.44830000","0.44830000","","0.00%"
"02/09/2016","0.44830000","0.44830000","0.44830000","0.44830000","","0.00%"
"02/08/2016","0.44830000","0.44830000","0.44830000","0.44830000","","0.00%"
"02/05/2016","0.44830000","0.44859999","0.44870001","0.44795001","","-0.07%"
"02/04/2016","0.44859999","0.44859999","0.44870001","0.44839999","","0.00%"
"02/03/2016","0.44859999","0.44850001","0.44890001","0.44819999","","0.01%"
"02/02/2016","0.44854999","0.45010000","0.45015001","0.44819999","","-0.01%"
"02/01/2016","0.44859999","0.44980001","0.45030001","0.44859999","","-0.27%"
"01/29/2016","0.44980001","0.44975001","0.44990000","0.44970000","","0.09%"
"01/28/2016","0.44940001","0.44925001","0.44970000","0.44839999","","0.25%"
"01/27/2016","0.44830000","0.44830000","0.44850001","0.44780001","","0.12%"
"01/26/2016","0.44775000","0.44720000","0.44780001","0.44665000","","0.22%"
"01/25/2016","0.44674999","0.44575000","0.44674999","0.44485000","","0.06%"
"01/22/2016","0.44650000","0.44620001","0.44674999","0.44565001","","0.07%"
"01/21/2016","0.44620001","0.44589999","0.44639999","0.44569999","","0.06%"
"01/20/2016","0.44595000","0.44589999","0.44610000","0.44585001","","-0.01%"
"01/19/2016","0.44600001","0.44595000","0.44630000","0.44575000","","-0.09%"
"01/18/2016","0.44639999","0.44575000","0.44685000","0.44505000","","0.08%"
"01/15/2016","0.44604999","0.44565001","0.44620001","0.44525000","","0.09%"
"01/14/2016","0.44565001","0.44604999","0.44620001","0.44485000","","-0.09%"
"01/13/2016","0.44604999","0.44580001","0.44655001","0.44560000","","0.06%"
"01/12/2016","0.44580001","0.44505000","0.44659999","0.44490001","","0.09%"
"01/11/2016","0.44540000","0.44490001","0.44545001","0.44430000","","0.11%"
"01/08/2016","0.44490001","0.44485000","0.44495001","0.44464999","","0.10%"
"01/07/2016","0.44444999","0.44450000","0.44470000","0.44430000","","-0.13%"
"01/06/2016","0.44505000","0.44495001","0.44510001","0.44424999","","0.12%"
"01/05/2016","0.44450000","0.44430000","0.44459999","0.44430000","","0.05%"
"01/04/2016","0.44430000","0.44459999","0.44510001","0.44409999","","-0.09%"
"01/01/2016","0.44470000","0.44470000","0.44470000","0.44470000","","0.00%"
"12/31/2015","0.44470000","0.44514999","0.44514999","0.44430000","","-0.09%"
"12/30/2015","0.44510001","0.44510001","0.44525000","0.44350001","","0.07%"
"12/29/2015","0.44479999","0.44475001","0.44505000","0.44455001","","-0.01%"
"12/28/2015","0.44485000","0.44479999","0.44510001","0.44415000","","0.29%"
"12/25/2015","0.44354999","0.44354999","0.44369999","0.44350001","","-0.06%"
"12/24/2015","0.44380000","0.44499999","0.44499999","0.44350001","","0.00%"
"12/23/2015","0.44380000","0.44350001","0.44380000","0.44350001","","0.07%"
"12/22/2015","0.44350001","0.44350001","0.44354999","0.44350001","","0.00%"
"12/21/2015","0.44350001","0.44354999","0.44380000","0.44350001","","-0.01%"
"12/18/2015","0.44354999","0.44365001","0.44365001","0.44350001","","0.01%"
"12/17/2015","0.44350001","0.44354999","0.44385001","0.44350001","","-0.07%"
"12/16/2015","0.44380000","0.44354999","0.44380000","0.44350001","","0.03%"
"12/15/2015","0.44365001","0.44354999","0.44365001","0.44279999","","-0.07%"
"12/14/2015","0.44395000","0.44470000","0.44470000","0.44350001","","-0.10%"
"12/11/2015","0.44440001","0.44470000","0.44485000","0.44440001","","-0.09%"
"12/10/2015","0.44479999","0.44475001","0.44490001","0.44464999","","0.00%"
"12/09/2015","0.44479999","0.44490001","0.44525000","0.44450000","","-0.04%"
"12/08/2015","0.44499999","0.44495001","0.44520000","0.44485000","","0.02%"
"12/07/2015","0.44490001","0.44479999","0.44530001","0.44464999","","0.02%"
"12/04/2015","0.44479999","0.44464999","0.44514999","0.44435000","","0.03%"
"12/03/2015","0.44464999","0.44455001","0.44495001","0.44444999","","0.05%"
"12/02/2015","0.44444999","0.44440001","0.44464999","0.44430000","","-0.03%"
"12/01/2015","0.44459999","0.44435000","0.44475001","0.44395000","","0.04%"
"11/30/2015","0.44440001","0.44464999","0.44499999","0.44405001","","-0.07%"
"11/27/2015","0.44470000","0.44464999","0.44485000","0.44455001","","0.02%"
"11/26/2015","0.44459999","0.44475001","0.44510001","0.44409999","","0.10%"
"11/25/2015","0.44415000","0.44415000","0.44499999","0.44400001","","-0.09%"
"11/24/2015","0.44455001","0.44455001","0.44495001","0.44415000","","-0.02%"
"11/23/2015","0.44464999","0.44604999","0.44604999","0.44440001","","-0.07%"
"11/20/2015","0.44495001","0.44490001","0.44534999","0.44455001","","0.00%"
"11/19/2015","0.44495001","0.44485000","0.44540000","0.44464999","","-0.03%"
"11/18/2015","0.44510001","0.44499999","0.44540000","0.44464999","","0.06%"
"11/17/2015","0.44485000","0.44485000","0.44554999","0.44479999","","-0.15%"
"11/16/2015","0.44549999","0.44604999","0.44604999","0.44534999","","-0.12%"
"11/13/2015","0.44604999","0.44604999","0.44665000","0.44585001","","-0.07%"
"11/12/2015","0.44635001","0.44635001","0.44685000","0.44595000","","-0.06%"
"11/11/2015","0.44659999","0.44635001","0.44685000","0.44615000","","0.07%"
"11/10/2015","0.44630000","0.44604999","0.44639999","0.44600001","","0.10%"
"11/09/2015","0.44585001","0.44755000","0.44755000","0.44585001","","-0.32%"
"11/06/2015","0.44729999","0.44749999","0.44795001","0.44725001","","-0.16%"
"11/05/2015","0.44800001","0.44784999","0.44800001","0.44784999","","-0.02%"
"11/04/2015","0.44810000","0.44784999","0.44819999","0.44784999","","0.01%"
"11/03/2015","0.44804999","0.44740000","0.44850001","0.44740000","","-0.03%"
"11/02/2015","0.44819999","0.44804999","0.44865000","0.44790000","","0.02%"
"10/30/2015","0.44810000","0.44804999","0.44839999","0.44769999","","0.02%"
"10/29/2015","0.44800001","0.44769999","0.44830000","0.44740000","","0.00%"
"10/28/2015","0.44800001","0.44845000","0.44854999","0.44764999","","-0.03%"
"10/27/2015","0.44815001","0.44815001","0.44835001","0.44745001","","0.06%"
"10/26/2015","0.44790000","0.44804999","0.44835001","0.44740000","","-0.06%"
"10/23/2015","0.44815001","0.44830000","0.44890001","0.44790000","","-0.12%"
"10/22/2015","0.44870001","0.44839999","0.44880000","0.44800001","","0.08%"
"10/21/2015","0.44835001","0.44845000","0.44865000","0.44810000","","0.15%"
"10/20/2015","0.44769999","0.44790000","0.44835001","0.44749999","","-0.11%"
"10/19/2015","0.44819999","0.44885001","0.44890001","0.44775000","","-0.13%"
"10/16/2015","0.44880000","0.44780001","0.44920000","0.44760001","","0.27%"
"10/15/2015","0.44760001","0.44694999","0.44790000","0.44655001","","0.25%"
"10/14/2015","0.44650000","0.44630000","0.44670001","0.44589999","","0.00%"
"10/13/2015","0.44650000","0.44639999","0.44659999","0.44620001","","-0.18%"
"10/12/2015","0.44729999","0.45089999","0.45109999","0.44595000","","-0.58%"
"10/09/2015","0.44990000","0.45060000","0.45140001","0.44984999","","0.84%"
"10/08/2015","0.44615000","0.44615000","0.44615000","0.44615000","","0.00%"
"10/07/2015","0.44615000","0.44600001","0.44630000","0.44560000","","0.19%"
"10/06/2015","0.44530001","0.44530001","0.44554999","0.44475001","","0.10%"
"10/05/2015","0.44485000","0.44479999","0.44510001","0.44450000","","0.00%"
"10/02/2015","0.44485000","0.44490001","0.44510001","0.44450000","","-0.01%"
"10/01/2015","0.44490001","0.44485000","0.44520000","0.44455001","","0.01%"
"09/30/2015","0.44485000","0.44475001","0.44510001","0.44450000","","0.03%"
"09/29/2015","0.44470000","0.44444999","0.44514999","0.44435000","","-0.03%"
"09/28/2015","0.44485000","0.44459999","0.44525000","0.44440001","","0.06%"
"09/25/2015","0.44459999","0.44450000","0.44505000","0.44424999","","0.00%"
"09/24/2015","0.44459999","0.44479999","0.44505000","0.44444999","","-0.04%"
"09/23/2015","0.44479999","0.44490001","0.44514999","0.44450000","","-0.01%"
"09/22/2015","0.44485000","0.44495001","0.44525000","0.44464999","","-0.03%"
"09/21/2015","0.44499999","0.44490001","0.44530001","0.44450000","","0.02%"
"09/18/2015","0.44490001","0.44495001","0.44505000","0.44440001","","0.15%"
"09/17/2015","0.44424999","0.44424999","0.44464999","0.44395000","","-0.08%"
"09/16/2015","0.44459999","0.44444999","0.44490001","0.44415000","","0.08%"
"09/15/2015","0.44424999","0.44455001","0.44475001","0.44395000","","-0.09%"
"09/14/2015","0.44464999","0.44485000","0.44499999","0.44424999","","-0.07%"
"09/11/2015","0.44495001","0.44485000","0.44520000","0.44455001","","0.00%"
"09/10/2015","0.44495001","0.44485000","0.44505000","0.44475001","","0.03%"
"09/09/2015","0.44479999","0.44470000","0.44514999","0.44444999","","0.01%"
"09/08/2015","0.44475001","0.44499999","0.44520000","0.44444999","","-0.06%"
"09/07/2015","0.44499999","0.44499999","0.44520000","0.44450000","","0.01%"
"09/04/2015","0.44495001","0.44479999","0.44510001","0.44450000","","0.08%"
"09/03/2015","0.44459999","0.44444999","0.44505000","0.44424999","","-0.01%"
"09/02/2015","0.44464999","0.44464999","0.44464999","0.44464999","","0.00%"
"09/01/2015","0.44464999","0.44479999","0.44520000","0.44435000","","-0.02%"
"08/31/2015","0.44475001","0.44499999","0.44530001","0.44459999","","-0.09%"
"08/28/2015","0.44514999","0.44485000","0.44534999","0.44354999","","0.06%"
"08/27/2015","0.44490001","0.44395000","0.44499999","0.44395000","","0.30%"
"08/26/2015","0.44354999","0.44350001","0.44400001","0.44350001","","0.00%"
"08/25/2015","0.44354999","0.44350001","0.44435000","0.44295001","","0.00%"
"08/24/2015","0.44354999","0.44490001","0.44530001","0.44350001","","-0.20%"
"08/21/2015","0.44444999","0.44690001","0.44729999","0.44444999","","-0.46%"
"08/20/2015","0.44650000","0.44639999","0.44710001","0.44620001","","-0.09%"
"08/19/2015","0.44690001","0.45249999","0.45260000","0.44639999","","-1.24%"
"08/18/2015","0.45249999","0.45249999","0.45260000","0.45240000","","-0.01%"
"08/17/2015","0.45254999","0.45249999","0.45265001","0.45240000","","0.04%"
"08/14/2015","0.45234999","0.45320001","0.45320001","0.45234999","","-0.06%"
"08/13/2015","0.45260000","0.45365000","0.45365000","0.45190001","","-0.29%"
"08/12/2015","0.45390001","0.45820001","0.45829999","0.45304999","","-0.91%"
"08/11/2015","0.45805001","0.45835000","0.45840001","0.45734999","","-0.08%"
"08/10/2015","0.45840001","0.45835000","0.45844999","0.45820001","","0.01%"
"08/07/2015","0.45835000","0.45829999","0.45844999","0.45824999","","0.00%"
"08/06/2015","0.45835000","0.45829999","0.45875001","0.45805001","","0.02%"
"08/05/2015","0.45824999","0.45835000","0.45844999","0.45815000","","0.00%"
"08/04/2015","0.45824999","0.45835000","0.45885000","0.45809999","","-0.02%"
"08/03/2015","0.45835000","0.45835000","0.45844999","0.45820001","","-0.01%"
"07/31/2015","0.45840001","0.45824999","0.45844999","0.45820001","","0.02%"
"07/30/2015","0.45829999","0.45824999","0.45864999","0.45805001","","0.01%"
"07/29/2015","0.45824999","0.45824999","0.45829999","0.45815000","","0.00%"
"07/28/2015","0.45824999","0.45824999","0.45840001","0.45820001","","0.00%"
"07/27/2015","0.45824999","0.45835000","0.45840001","0.45815000","","-0.02%"
"07/24/2015","0.45835000","0.45829999","0.45850000","0.45820001","","0.01%"
"07/23/2015","0.45829999","0.45824999","0.45844999","0.45815000","","0.02%"
"07/22/2015","0.45820001","0.45824999","0.45840001","0.45815000","","-0.02%"
"07/21/2015","0.45829999","0.45820001","0.45840001","0.45815000","","0.02%"
"07/20/2015","0.45820001","0.45835000","0.45850000","0.45815000","","-0.04%"
"07/17/2015","0.45840001","0.45844999","0.45855001","0.45829999","","-0.01%"
"07/16/2015","0.45844999","0.45844999","0.45875001","0.45809999","","0.00%"
"07/15/2015","0.45844999","0.45844999","0.45875001","0.45820001","","0.00%"
"07/14/2015","0.45844999","0.45850000","0.45875001","0.45805001","","-0.01%"
"07/13/2015","0.45850000","0.45844999","0.45875001","0.45815000","","0.01%"
"07/10/2015","0.45844999","0.45840001","0.45870000","0.45815000","","0.00%"
"07/09/2015","0.45844999","0.45840001","0.45875001","0.45815000","","0.01%"
"07/08/2015","0.45840001","0.45835000","0.45870000","0.45815000","","-0.01%"
"07/07/2015","0.45844999","0.45840001","0.45875001","0.45809999","","0.00%"
"07/06/2015","0.45844999","0.45844999","0.45954999","0.45815000","","-0.02%"
"07/03/2015","0.45855001","0.45850000","0.45879999","0.45820001","","0.00%"
"07/02/2015","0.45855001","0.45855001","0.45890000","0.45815000","","0.00%"
"07/01/2015","0.45855001","0.45844999","0.45879999","0.45805001","","0.04%"
"06/30/2015","0.45835000","0.45829999","0.45914999","0.45785001","","0.01%"
"06/29/2015","0.45829999","0.45829999","0.45899999","0.45785001","","-0.01%"
"06/26/2015","0.45835000","0.45824999","0.45910001","0.45780000","","0.03%"
"06/25/2015","0.45820001","0.45835000","0.45910001","0.45789999","","-0.07%"
"06/24/2015","0.45850000","0.45835000","0.45919999","0.45795000","","-0.01%"
"06/23/2015","0.45855001","0.45855001","0.45930001","0.45809999","","0.00%"
"06/22/2015","0.45855001","0.45855001","0.45905000","0.45820001","","0.00%"
"06/19/2015","0.45855001","0.45864999","0.45910001","0.45820001","","0.02%"
"06/18/2015","0.45844999","0.45855001","0.45914999","0.45820001","","-0.03%"
"06/17/2015","0.45860001","0.45860001","0.45914999","0.45820001","","0.00%"
"06/16/2015","0.45860001","0.45864999","0.45914999","0.45820001","","0.00%"
"06/15/2015","0.45860001","0.45895001","0.45905000","0.45835000","","-0.01%"
"06/12/2015","0.45864999","0.45864999","0.45945001","0.45829999","","-0.04%"
"06/11/2015","0.45885000","0.45890000","0.45934999","0.45785001","","0.05%"
"06/10/2015","0.45860001","0.45864999","0.45930001","0.45835000","","0.01%"
"06/09/2015","0.45855001","0.45844999","0.45954999","0.45809999","","0.04%"
"06/08/2015","0.45835000","0.45844999","0.45940000","0.45795000","","-0.01%"
"06/05/2015","0.45840001","0.45844999","0.45934999","0.45815000","","0.02%"
"06/04/2015","0.45829999","0.45844999","0.45934999","0.45809999","","0.00%"
"06/03/2015","0.45829999","0.45835000","0.45940000","0.45795000","","0.00%"
"06/02/2015","0.45829999","0.45910001","0.45940000","0.45795000","","0.00%"
"06/01/2015","0.45829999","0.45844999","0.46015000","0.45800000","","-0.01%"
"05/29/2015","0.45835000","0.45864999","0.46015000","0.45805001","","-0.02%"
"05/28/2015","0.45844999","0.45844999","0.45930001","0.45795000","","0.00%"
"05/27/2015","0.45844999","0.45795000","0.45950001","0.45785001","","0.07%"
"05/26/2015","0.45815000","0.45835000","0.45910001","0.45770001","","0.05%"
"05/25/2015","0.45789999","0.45835000","0.45940000","0.45754999","","-0.14%"
"05/22/2015","0.45855001","0.45844999","0.45919999","0.45805001","","0.03%"
"05/21/2015","0.45840001","0.45844999","0.45895001","0.45815000","","-0.01%"
"05/20/2015","0.45844999","0.45860001","0.45899999","0.45800000","","-0.03%"
"05/19/2015","0.45860001","0.45875001","0.45930001","0.45820001","","-0.04%"
"05/18/2015","0.45879999","0.46125001","0.46125001","0.45844999","","-0.13%"
"05/15/2015","0.45940000","0.45864999","0.45975000","0.45844999","","0.13%"
"05/14/2015","0.45879999","0.45995000","0.46129999","0.45855001","","-0.25%"
"05/13/2015","0.45995000","0.46055001","0.46195000","0.45985001","","-0.13%"
"05/12/2015","0.46055001","0.46070001","0.46169999","0.46020001","","0.00%"
"05/11/2015","0.46055001","0.46165001","0.46195000","0.46035001","","-0.14%"
"05/08/2015","0.46120000","0.46110001","0.46215001","0.46055001","","-0.01%"
"05/07/2015","0.46125001","0.46195000","0.46224999","0.46030000","","-0.15%"
"05/06/2015","0.46195000","0.46175000","0.46270001","0.46110001","","0.00%"
"05/05/2015","0.46195000","0.46255001","0.46325001","0.46134999","","-0.06%"
"05/04/2015","0.46224999","0.46314999","0.46355000","0.46195000","","-0.19%"
"05/01/2015","0.46314999","0.46314999","0.46314999","0.46314999","","0.00%"
"04/30/2015","0.46314999","0.46314999","0.46314999","0.46314999","","0.00%"
"04/29/2015","0.46314999","0.46314999","0.46314999","0.46314999","","0.00%"
"04/28/2015","0.46314999","0.46314999","0.46314999","0.46314999","","0.00%"
"04/27/2015","0.46314999","0.46285000","0.46345001","0.46259999","","0.02%"
"04/24/2015","0.46305001","0.46325001","0.46410000","0.46250001","","-0.02%"
"04/23/2015","0.46314999","0.46325001","0.46360001","0.46280000","","-0.02%"
"04/22/2015","0.46325001","0.46325001","0.46380001","0.46265000","","0.00%"
"04/21/2015","0.46325001","0.46294999","0.46380001","0.46255001","","-0.01%"
"04/20/2015","0.46329999","0.46305001","0.46410000","0.46259999","","0.03%"
"04/17/2015","0.46314999","0.46280000","0.46404999","0.46245000","","0.06%"
"04/16/2015","0.46285000","0.46270001","0.46399999","0.46239999","","0.03%"
"04/15/2015","0.46270001","0.46294999","0.46399999","0.46239999","","-0.04%"
"04/14/2015","0.46290001","0.46280000","0.46390000","0.46239999","","0.02%"
"04/13/2015","0.46280000","0.46294999","0.46390000","0.46250001","","0.00%"
"04/10/2015","0.46280000","0.46285000","0.46395001","0.46224999","","0.00%"
"04/09/2015","0.46280000","0.46270001","0.46390000","0.46215001","","0.00%"
"04/08/2015","0.46280000","0.46294999","0.46395001","0.46204999","","0.00%"
"04/07/2015","0.46280000","0.46314999","0.46430001","0.46259999","","-0.05%"
"04/06/2015","0.46305001","0.46314999","0.46454999","0.46265000","","0.00%"
"04/03/2015","0.46305001","0.46314999","0.46430001","0.46259999","","-0.02%"
"04/02/2015","0.46314999","0.46364999","0.46434999","0.46270001","","-0.11%"
"04/01/2015","0.46364999","0.46384999","0.46445000","0.46320000","","-0.04%"
"03/31/2015","0.46384999","0.46410000","0.46474999","0.46360001","","-0.04%"
"03/30/2015","0.46404999","0.46445000","0.46460000","0.46364999","","-0.06%"
"03/27/2015","0.46434999","0.46474999","0.46560001","0.46425000","","-0.09%"
"03/26/2015","0.46474999","0.46495000","0.46585000","0.46445000","","-0.04%"
"03/25/2015","0.46495000","0.46419999","0.46585000","0.46399999","","0.16%"
"03/24/2015","0.46419999","0.46419999","0.46520001","0.46375000","","-0.08%"
"03/23/2015","0.46454999","0.46550000","0.46650001","0.46399999","","-0.13%"
"03/20/2015","0.46515000","0.46585000","0.46605000","0.46485001","","-0.04%"
"03/19/2015","0.46535000","0.46495000","0.46634999","0.46485001","","0.11%"
"03/18/2015","0.46485001","0.46564999","0.46599999","0.46445000","","-0.17%"
"03/17/2015","0.46564999","0.46625000","0.46704999","0.46489999","","0.02%"
"03/16/2015","0.46555001","0.46755001","0.46805000","0.46505001","","-0.41%"
"03/13/2015","0.46744999","0.46799999","0.46825001","0.46700001","","-0.12%"
"03/12/2015","0.46799999","0.46799999","0.46840000","0.46735001","","-0.05%"
"03/11/2015","0.46825001","0.46834999","0.46840000","0.46770000","","0.03%"
"03/10/2015","0.46810001","0.46834999","0.46849999","0.46744999","","-0.03%"
"03/09/2015","0.46825001","0.46834999","0.46849999","0.46770000","","-0.02%"
"03/06/2015","0.46834999","0.46834999","0.46884999","0.46724999","","0.03%"
"03/05/2015","0.46820000","0.46834999","0.46855000","0.46779999","","0.04%"
"03/04/2015","0.46799999","0.46794999","0.46845001","0.46755001","","-0.09%"
"03/03/2015","0.46840000","0.46825001","0.46865001","0.46759999","","0.00%"
"03/02/2015","0.46840000","0.46825001","0.46875000","0.46770000","","0.00%"
"02/27/2015","0.46840000","0.46814999","0.46860000","0.46770000","","0.09%"
"02/26/2015","0.46799999","0.46814999","0.46834999","0.46750000","","0.00%"
"02/25/2015","0.46799999","0.46860000","0.46884999","0.46779999","","-0.13%"
"02/24/2015","0.46860000","0.46834999","0.46890000","0.46785000","","-0.03%"
"02/23/2015","0.46875000","0.46875000","0.46875000","0.46875000","","0.00%"
"02/20/2015","0.46875000","0.46875000","0.46875000","0.46875000","","0.00%"
"02/19/2015","0.46875000","0.46875000","0.46875000","0.46875000","","0.00%"
"02/18/2015","0.46875000","0.46875000","0.46875000","0.46875000","","0.00%"
"02/17/2015","0.46875000","0.46875000","0.46875000","0.46875000","","0.00%"
"02/16/2015","0.46875000","0.46875000","0.46875000","0.46875000","","0.00%"
"02/13/2015","0.46875000","0.46875000","0.46884999","0.46845001","","0.04%"
"02/12/2015","0.46855000","0.46855000","0.46884999","0.46825001","","0.00%"
"02/11/2015","0.46855000","0.46855000","0.46869999","0.46845001","","-0.02%"
"02/10/2015","0.46865001","0.46855000","0.46869999","0.46845001","","-0.03%"
"02/09/2015","0.46880001","0.46855000","0.46895000","0.46845001","","0.03%"
"02/06/2015","0.46865001","0.46834999","0.46865001","0.46834999","","0.02%"
"02/05/2015","0.46855000","0.46834999","0.46855000","0.46830001","","0.00%"
"02/04/2015","0.46855000","0.46834999","0.46875000","0.46814999","","0.04%"
"02/03/2015","0.46834999","0.46834999","0.46875000","0.46814999","","-0.04%"
"02/02/2015","0.46855000","0.46855000","0.46860000","0.46825001","","0.00%"
"01/30/2015","0.46855000","0.46834999","0.46860000","0.46825001","","0.02%"
"01/29/2015","0.46845001","0.46834999","0.46869999","0.46810001","","0.00%"
"01/28/2015","0.46845001","0.46834999","0.46849999","0.46820000","","0.00%"
"01/27/2015","0.46845001","0.46834999","0.46845001","0.46814999","","0.00%"
"01/26/2015","0.46845001","0.46834999","0.46849999","0.46820000","","0.02%"
"01/23/2015","0.46834999","0.46814999","0.46849999","0.46790001","","0.04%"
"01/22/2015","0.46814999","0.46765000","0.46845001","0.46765000","","0.11%"
"01/21/2015","0.46765000","0.46814999","0.46845001","0.46765000","","-0.11%"
"01/20/2015","0.46814999","0.46825001","0.46860000","0.46790001","","-0.02%"
"01/19/2015","0.46825001","0.46845001","0.46855000","0.46825001","","-0.06%"
"01/16/2015","0.46855000","0.46845001","0.46865001","0.46825001","","0.02%"
"01/15/2015","0.46845001","0.46865001","0.46865001","0.46720001","","-0.02%"
"01/14/2015","0.46855000","0.46845001","0.46865001","0.46730000","","0.02%"
"01/13/2015","0.46845001","0.46845001","0.46865001","0.46720001","","0.00%"
"01/12/2015","0.46845001","0.46765000","0.46845001","0.46744999","","0.12%"
"01/09/2015","0.46790001","0.46755001","0.46834999","0.46724999","","0.09%"
"01/08/2015","0.46750000","0.46634999","0.46759999","0.46540001","","0.25%"
"01/07/2015","0.46634999","0.46645001","0.46700001","0.46454999","","-0.02%"
"01/06/2015","0.46645001","0.46750000","0.46755001","0.46640000","","-0.22%"
"01/05/2015","0.46750000","0.46715000","0.46750000","0.46680000","","0.00%"
"01/02/2015","0.46750000","0.46750000","0.46750000","0.46750000","","0.00%"
"01/01/2015","0.46750000","0.46750000","0.46750000","0.46750000","","0.00%"
"12/31/2014","0.46750000","0.46750000","0.46825001","0.46685001","","0.02%"
"12/30/2014","0.46740001","0.46750000","0.46750000","0.46695000","","-0.18%"
"12/29/2014","0.46825001","0.46750000","0.46825001","0.46695000","","0.16%"
"12/26/2014","0.46750000","0.46750000","0.46750000","0.46695000","","0.05%"
"12/25/2014","0.46724999","0.46750000","0.46770000","0.46695000","","-0.05%"
"12/24/2014","0.46750000","0.46750000","0.46770000","0.46715000","","-0.01%"
"12/23/2014","0.46755001","0.46805000","0.46805000","0.46700001","","0.00%"
"12/22/2014","0.46755001","0.46750000","0.46805000","0.46704999","","0.01%"
"12/19/2014","0.46750000","0.46750000","0.46799999","0.46704999","","0.00%"
"12/18/2014","0.46750000","0.46750000","0.46790001","0.46689999","","0.00%"
"12/17/2014","0.46750000","0.46759999","0.46785000","0.46704999","","-0.02%"
"12/16/2014","0.46759999","0.46750000","0.46770000","0.46695000","","0.02%"
"12/15/2014","0.46750000","0.46755001","0.46820000","0.46704999","","0.00%"
"12/12/2014","0.46750000","0.46805000","0.46805000","0.46730000","","-0.12%"
"12/11/2014","0.46805000","0.46805000","0.46830001","0.46770000","","0.00%"
"12/10/2014","0.46805000","0.46805000","0.46860000","0.46740001","","0.00%"
"12/09/2014","0.46805000","0.46855000","0.46875000","0.46775001","","-0.11%"
"12/08/2014","0.46855000","0.46865001","0.46900001","0.46805000","","-0.02%"
"12/05/2014","0.46865001","0.46855000","0.46900001","0.46805000","","0.02%"
"12/04/2014","0.46855000","0.46805000","0.46869999","0.46770000","","0.11%"
"12/03/2014","0.46805000","0.46755001","0.46825001","0.46750000","","0.11%"
"12/02/2014","0.46755001","0.46730000","0.46765000","0.46695000","","0.05%"
"12/01/2014","0.46730000","0.46730000","0.46865001","0.46665001","","-0.20%"
"11/28/2014","0.46825001","0.46735001","0.46880001","0.46695000","","0.19%"
"11/27/2014","0.46735001","0.46735001","0.46779999","0.46724999","","-0.02%"
"11/26/2014","0.46744999","0.46755001","0.46775001","0.46660000","","-0.02%"
"11/25/2014","0.46755001","0.46730000","0.46820000","0.46665001","","-0.15%"
"11/24/2014","0.46825001","0.46810001","0.46900001","0.46685001","","0.11%"
"11/21/2014","0.46775001","0.46825001","0.46884999","0.46755001","","-0.11%"
"11/20/2014","0.46825001","0.46834999","0.46884999","0.46715000","","-0.02%"
"11/19/2014","0.46834999","0.46744999","0.46880001","0.46715000","","0.18%"
"11/18/2014","0.46750000","0.46845001","0.46880001","0.46700001","","-0.20%"
"11/17/2014","0.46845001","0.46890000","0.46955001","0.46825001","","-0.10%"
"11/14/2014","0.46890000","0.46890000","0.47130001","0.46865001","","0.00%"
"11/13/2014","0.46890000","0.46955001","0.47130001","0.46865001","","-0.14%"
"11/12/2014","0.46955001","0.46965000","0.47130001","0.46924999","","0.00%"
"11/11/2014","0.46955001","0.46965000","0.47130001","0.46849999","","-0.20%"
"11/10/2014","0.47049999","0.46990001","0.47130001","0.46915001","","0.20%"
"11/07/2014","0.46955001","0.46985000","0.47130001","0.46955001","","-0.04%"
"11/06/2014","0.46974999","0.46990001","0.47014999","0.46945000","","-0.03%"
"11/05/2014","0.46990001","0.46965000","0.47130001","0.46919999","","0.05%"
"11/04/2014","0.46965000","0.46965000","0.47104999","0.46924999","","0.02%"
"11/03/2014","0.46955001","0.46990001","0.47130001","0.46924999","","-0.06%"
"10/31/2014","0.46985000","0.47029999","0.47104999","0.46965000","","-0.10%"
"10/30/2014","0.47029999","0.47020000","0.47084999","0.46965000","","0.05%"
"10/29/2014","0.47005001","0.46985000","0.47084999","0.46959999","","0.03%"
"10/28/2014","0.46990001","0.47009999","0.47130001","0.46955001","","0.03%"
"10/27/2014","0.46974999","0.46994999","0.47130001","0.46974999","","-0.04%"
"10/24/2014","0.46994999","0.47025001","0.47130001","0.46974999","","-0.06%"
"10/23/2014","0.47025001","0.47064999","0.47075000","0.46994999","","-0.08%"
"10/22/2014","0.47064999","0.47009999","0.47095001","0.46985000","","0.09%"
"10/21/2014","0.47025001","0.47029999","0.47130001","0.46974999","","0.00%"
"10/20/2014","0.47025001","0.47064999","0.47130001","0.46994999","","-0.08%"
"10/17/2014","0.47064999","0.47075000","0.47130001","0.47035000","","-0.02%"
"10/16/2014","0.47075000","0.47075000","0.47130001","0.47035000","","0.02%"
"10/15/2014","0.47064999","0.47084999","0.47135001","0.47055000","","-0.12%"
"10/14/2014","0.47119999","0.47119999","0.47145000","0.47095001","","-0.05%"
"10/13/2014","0.47145000","0.47135001","0.47154999","0.47095001","","0.06%"
"10/10/2014","0.47115001","0.47020000","0.47180000","0.47000000","","-0.03%"
"10/09/2014","0.47130001","0.47075000","0.47130001","0.46970001","","0.22%"
"10/08/2014","0.47025001","0.47025001","0.47025001","0.47025001","","-0.30%"
"10/07/2014","0.47165000","0.47165000","0.47165000","0.47165000","","0.00%"
"10/06/2014","0.47165000","0.47165000","0.47165000","0.47165000","","0.00%"
"10/03/2014","0.47165000","0.47165000","0.47165000","0.47165000","","0.00%"
"10/02/2014","0.47165000","0.47165000","0.47165000","0.47165000","","0.00%"
"10/01/2014","0.47165000","0.47165000","0.47165000","0.47165000","","0.00%"
"09/30/2014","0.47165000","0.47165000","0.47165000","0.47165000","","0.00%"
"09/29/2014","0.47165000","0.47165000","0.47165000","0.47165000","","0.00%"
"09/26/2014","0.47165000","0.47165000","0.47165000","0.47165000","","0.00%"
"09/25/2014","0.47165000","0.47165000","0.47165000","0.47165000","","0.00%"
"09/24/2014","0.47165000","0.47165000","0.47165000","0.47165000","","0.00%"
"09/23/2014","0.47165000","0.47165000","0.47165000","0.47165000","","0.00%"
"09/22/2014","0.47165000","0.47165000","0.47165000","0.47165000","","0.00%"
"09/19/2014","0.47165000","0.47165000","0.47165000","0.47165000","","0.00%"
"09/18/2014","0.47165000","0.47165000","0.47165000","0.47165000","","0.00%"
"09/17/2014","0.47165000","0.47165000","0.47165000","0.47165000","","0.00%"
"09/16/2014","0.47165000","0.47165000","0.47194999","0.47110000","","0.00%"
"09/15/2014","0.47165000","0.47165000","0.47194999","0.47104999","","0.00%"
"09/12/2014","0.47165000","0.47154999","0.47185001","0.47104999","","0.02%"
"09/11/2014","0.47154999","0.47154999","0.47185001","0.47095001","","0.00%"
"09/10/2014","0.47154999","0.47154999","0.47189999","0.47104999","","0.00%"
"09/09/2014","0.47154999","0.47165000","0.47209999","0.47104999","","-0.04%"
"09/08/2014","0.47174999","0.47174999","0.47189999","0.47130001","","0.00%"
"09/05/2014","0.47174999","0.47174999","0.47209999","0.47104999","","-0.01%"
"09/04/2014","0.47180000","0.47174999","0.47200000","0.47104999","","0.11%"
"09/03/2014","0.47130001","0.47174999","0.47205001","0.47125000","","-0.10%"
"09/02/2014","0.47174999","0.47174999","0.47174999","0.47174999","","0.00%"
"09/01/2014","0.47174999","0.47174999","0.47174999","0.47174999","","0.00%"
"08/29/2014","0.47174999","0.47174999","0.47225001","0.47139999","","0.00%"
"08/28/2014","0.47174999","0.47174999","0.47225001","0.47135001","","0.00%"
"08/27/2014","0.47174999","0.47154999","0.47200000","0.47130001","","0.06%"
"08/26/2014","0.47145000","0.47154999","0.47174999","0.47104999","","-0.02%"
"08/25/2014","0.47154999","0.47174999","0.47194999","0.47145000","","-0.04%"
"08/22/2014","0.47174999","0.47180000","0.47209999","0.47135001","","0.01%"
"08/21/2014","0.47170001","0.47170001","0.47185001","0.47119999","","0.00%"
"08/20/2014","0.47170001","0.47170001","0.47200000","0.47130001","","0.00%"
"08/19/2014","0.47170001","0.47170001","0.47174999","0.47154999","","0.00%"
"08/18/2014","0.47170001","0.47145000","0.47174999","0.47130001","","0.01%"
"08/15/2014","0.47165000","0.47165000","0.47189999","0.47115001","","0.00%"
"08/14/2014","0.47165000","0.47165000","0.47209999","0.47119999","","0.02%"
"08/13/2014","0.47154999","0.47165000","0.47200000","0.47130001","","-0.03%"
"08/12/2014","0.47170001","0.47165000","0.47200000","0.47104999","","0.05%"
"08/11/2014","0.47145000","0.47150001","0.47194999","0.47104999","","0.03%"
"08/08/2014","0.47130001","0.47135001","0.47185001","0.47095001","","0.02%"
"08/07/2014","0.47119999","0.47119999","0.47160000","0.47095001","","-0.03%"
"08/06/2014","0.47135001","0.47135001","0.47145000","0.47095001","","0.08%"
"08/05/2014","0.47095001","0.47095001","0.47139999","0.47064999","","0.00%"
"08/04/2014","0.47095001","0.47104999","0.47139999","0.47075000","","-0.03%"
"08/01/2014","0.47110000","0.47095001","0.47145000","0.47064999","","0.03%"
"07/31/2014","0.47095001","0.47075000","0.47139999","0.47055000","","-0.01%"
"07/30/2014","0.47099999","0.47095001","0.47119999","0.47064999","","0.00%"
"07/29/2014","0.47099999","0.47099999","0.47135001","0.47075000","","0.00%"
"07/28/2014","0.47099999","0.47099999","0.47119999","0.47045001","","0.00%"
"07/25/2014","0.47099999","0.47084999","0.47110000","0.47075000","","0.05%"
"07/24/2014","0.47075000","0.47064999","0.47119999","0.47055000","","-0.04%"
"07/23/2014","0.47095001","0.47119999","0.47145000","0.47075000","","-0.05%"
"07/22/2014","0.47119999","0.47119999","0.47145000","0.47110000","","0.00%"
"07/21/2014","0.47119999","0.47130001","0.47145000","0.47075000","","-0.02%"
"07/18/2014","0.47130001","0.47170001","0.47185001","0.47130001","","-0.08%"
"07/17/2014","0.47170001","0.47170001","0.47255000","0.47150001","","0.00%"
"07/16/2014","0.47170001","0.47170001","0.47185001","0.47150001","","0.01%"
"07/15/2014","0.47165000","0.47165000","0.47185001","0.47150001","","-0.04%"
"07/14/2014","0.47185001","0.47165000","0.47189999","0.46985000","","0.04%"
"07/11/2014","0.47165000","0.47150001","0.47209999","0.47145000","","0.01%"
"07/10/2014","0.47160000","0.47055000","0.47165000","0.47049999","","0.22%"
"07/09/2014","0.47055000","0.47029999","0.47084999","0.46974999","","0.05%"
"07/08/2014","0.47029999","0.46974999","0.47070000","0.46955001","","0.07%"
"07/07/2014","0.46994999","0.46965000","0.47029999","0.46939999","","0.06%"
"07/04/2014","0.46965000","0.46939999","0.47000000","0.46900001","","0.04%"
"07/03/2014","0.46945000","0.46900001","0.46959999","0.46875000","","0.10%"
"07/02/2014","0.46900001","0.46875000","0.46900001","0.46845001","","0.05%"
"07/01/2014","0.46875000","0.46875000","0.46935001","0.46845001","","0.00%"
"06/30/2014","0.46875000","0.46875000","0.46935001","0.46830001","","0.00%"
"06/27/2014","0.46875000","0.46865001","0.46930000","0.46840000","","0.00%"
"06/26/2014","0.46875000","0.46875000","0.46930000","0.46845001","","0.00%"
"06/25/2014","0.46875000","0.46875000","0.46930000","0.46830001","","0.10%"
"06/24/2014","0.46830001","0.46884999","0.46955001","0.46814999","","-0.07%"
"06/23/2014","0.46865001","0.46924999","0.46955001","0.46849999","","-0.13%"
"06/20/2014","0.46924999","0.46924999","0.46935001","0.46830001","","0.04%"
"06/19/2014","0.46904999","0.46959999","0.46970001","0.46770000","","-0.46%"
"06/18/2014","0.47119999","0.47090000","0.47119999","0.47070000","","0.00%"
"06/17/2014","0.47119999","0.47119999","0.47145000","0.47084999","","-0.02%"
"06/16/2014","0.47130001","0.47135001","0.47299999","0.47064999","","0.04%"
"06/13/2014","0.47110000","0.47104999","0.47299999","0.47084999","","-0.02%"
"06/12/2014","0.47119999","0.47119999","0.47299999","0.47090000","","0.00%"
"06/11/2014","0.47119999","0.47135001","0.47170001","0.47110000","","-0.04%"
"06/10/2014","0.47139999","0.47119999","0.47160000","0.47104999","","0.01%"
"06/09/2014","0.47135001","0.47194999","0.47209999","0.47104999","","-0.13%"
"06/06/2014","0.47194999","0.47154999","0.47299999","0.47125000","","0.08%"
"06/05/2014","0.47154999","0.47135001","0.47185001","0.47110000","","0.04%"
"06/04/2014","0.47135001","0.47104999","0.47299999","0.47099999","","0.00%"
"06/03/2014","0.47135001","0.47200000","0.47225001","0.47125000","","-0.18%"
"06/02/2014","0.47220001","0.47264999","0.47385001","0.47200000","","-0.08%"
"05/30/2014","0.47260001","0.47235000","0.47270000","0.47225001","","0.03%"
"05/29/2014","0.47244999","0.47244999","0.47380000","0.47209999","","0.00%"
"05/28/2014","0.47244999","0.47284999","0.47305000","0.47244999","","-0.08%"
"05/27/2014","0.47284999","0.47284999","0.47385001","0.47275001","","0.00%"
"05/26/2014","0.47284999","0.47284999","0.47325000","0.47250000","","0.01%"
"05/23/2014","0.47279999","0.47295001","0.47319999","0.47270000","","-0.06%"
"05/22/2014","0.47310001","0.47264999","0.47310001","0.47255000","","0.10%"
"05/21/2014","0.47264999","0.47264999","0.47310001","0.47244999","","0.00%"
"05/20/2014","0.47264999","0.47319999","0.47395000","0.47255000","","-0.12%"
"05/19/2014","0.47319999","0.47255000","0.47435001","0.47244999","","0.16%"
"05/16/2014","0.47244999","0.47340000","0.47385001","0.47244999","","-0.20%"
"05/15/2014","0.47340000","0.47369999","0.47400001","0.47340000","","-0.06%"
"05/14/2014","0.47369999","0.47404999","0.47404999","0.47369999","","-0.04%"
"05/13/2014","0.47389999","0.47389999","0.47424999","0.47365001","","0.00%"
"05/12/2014","0.47389999","0.47389999","0.47424999","0.47365001","","0.01%"
"05/09/2014","0.47385001","0.47389999","0.47415000","0.47354999","","0.01%"
"05/08/2014","0.47380000","0.47404999","0.47415000","0.47350001","","-0.05%"
"05/07/2014","0.47404999","0.47404999","0.47415000","0.47375000","","0.10%"
"05/06/2014","0.47360000","0.47404999","0.47424999","0.47345001","","-0.09%"
"05/05/2014","0.47404999","0.47400001","0.47424999","0.47365001","","-0.05%"
"05/02/2014","0.47430000","0.47430000","0.47430000","0.47430000","","0.00%"
"05/01/2014","0.47430000","0.47430000","0.47430000","0.47430000","","0.00%"
"04/30/2014","0.47430000","0.47430000","0.47430000","0.47430000","","0.00%"
"04/29/2014","0.47430000","0.47404999","0.47450000","0.47360000","","0.05%"
"04/28/2014","0.47404999","0.47375000","0.47424999","0.47345001","","0.04%"
"04/25/2014","0.47385001","0.47380000","0.47400001","0.47365001","","0.03%"
"04/24/2014","0.47369999","0.47369999","0.47400001","0.47365001","","0.02%"
"04/23/2014","0.47360000","0.47380000","0.47400001","0.47354999","","-0.06%"
"04/22/2014","0.47389999","0.47389999","0.47404999","0.47365001","","0.00%"
"04/21/2014","0.47389999","0.47385001","0.47424999","0.47235000","","0.00%"
"04/18/2014","0.47389999","0.47389999","0.47424999","0.47354999","","0.00%"
"04/17/2014","0.47389999","0.47389999","0.47424999","0.47264999","","0.00%"
"04/16/2014","0.47389999","0.47389999","0.47404999","0.47365001","","-0.01%"
"04/15/2014","0.47395000","0.47389999","0.47424999","0.47360000","","0.01%"
"04/14/2014","0.47389999","0.47404999","0.47430000","0.47360000","","-0.01%"
"04/11/2014","0.47395000","0.47395000","0.47424999","0.47360000","","0.00%"
"04/10/2014","0.47395000","0.47395000","0.47404999","0.47365001","","0.00%"
"04/09/2014","0.47395000","0.47395000","0.47395000","0.47395000","","0.00%"
"04/08/2014","0.47395000","0.47395000","0.47404999","0.47354999","","0.00%"
"04/07/2014","0.47395000","0.47404999","0.47404999","0.47365001","","-0.02%"
"04/04/2014","0.47404999","0.47404999","0.47404999","0.47369999","","0.00%"
"04/03/2014","0.47404999","0.47395000","0.47409999","0.47360000","","0.02%"
"04/02/2014","0.47395000","0.47389999","0.47404999","0.47365001","","0.01%"
"04/01/2014","0.47389999","0.47389999","0.47415000","0.47365001","","0.00%"
"03/31/2014","0.47389999","0.47369999","0.47409999","0.47354999","","0.04%"
"03/28/2014","0.47369999","0.47380000","0.47404999","0.47369999","","-0.02%"
"03/27/2014","0.47380000","0.47389999","0.47409999","0.47365001","","-0.02%"
"03/26/2014","0.47389999","0.47389999","0.47415000","0.47330001","","-0.01%"
"03/25/2014","0.47395000","0.47389999","0.47404999","0.47365001","","0.01%"
"03/24/2014","0.47389999","0.47389999","0.47415000","0.47330001","","0.00%"
"03/21/2014","0.47389999","0.47389999","0.47424999","0.47365001","","0.00%"
"03/20/2014","0.47389999","0.47389999","0.47404999","0.47375000","","0.00%"
"03/19/2014","0.47389999","0.47389999","0.47404999","0.47365001","","0.00%"
"03/18/2014","0.47389999","0.47380000","0.47415000","0.47330001","","-0.03%"
"03/17/2014","0.47404999","0.47385001","0.47404999","0.47375000","","0.04%"
"03/14/2014","0.47385001","0.47395000","0.47404999","0.47365001","","0.00%"
"03/13/2014","0.47385001","0.47395000","0.47415000","0.47340000","","0.00%"
"03/12/2014","0.47385001","0.47395000","0.47415000","0.47340000","","0.00%"
"03/11/2014","0.47385001","0.47400001","0.47415000","0.47375000","","0.00%"
"03/10/2014","0.47385001","0.47389999","0.47404999","0.47375000","","0.00%"
"03/07/2014","0.47385001","0.47395000","0.47404999","0.47375000","","0.00%"
"03/06/2014","0.47385001","0.47389999","0.47400001","0.47369999","","0.00%"
"03/05/2014","0.47385001","0.47389999","0.47409999","0.47334999","","0.00%"
"03/04/2014","0.47385001","0.47389999","0.47404999","0.47369999","","0.01%"
"03/03/2014","0.47380000","0.47389999","0.47409999","0.47334999","","-0.01%"
"02/28/2014","0.47385001","0.47389999","0.47409999","0.47334999","","0.00%"
"02/27/2014","0.47385001","0.47389999","0.47404999","0.47369999","","0.00%"
"02/26/2014","0.47385001","0.47389999","0.47409999","0.47334999","","0.02%"
"02/25/2014","0.47375000","0.47380000","0.47409999","0.47334999","","0.00%"
"02/24/2014","0.47375000","0.47369999","0.47409999","0.47334999","","0.00%"
"02/21/2014","0.47375000","0.47389999","0.47400001","0.47365001","","-0.02%"
"02/20/2014","0.47385001","0.47389999","0.47404999","0.47375000","","0.00%"
"02/19/2014","0.47385001","0.47389999","0.47404999","0.47375000","","0.00%"
"02/18/2014","0.47385001","0.47389999","0.47404999","0.47369999","","0.02%"
"02/17/2014","0.47375000","0.47389999","0.47400001","0.47369999","","-0.03%"
"02/14/2014","0.47389999","0.47389999","0.47404999","0.47375000","","0.04%"
"02/13/2014","0.47369999","0.47369999","0.47389999","0.47354999","","-0.01%"
"02/12/2014","0.47375000","0.47369999","0.47389999","0.47350001","","0.00%"
"02/11/2014","0.47375000","0.47375000","0.47385001","0.47354999","","0.00%"
"02/10/2014","0.47375000","0.47369999","0.47409999","0.47330001","","0.00%"
"02/07/2014","0.47375000","0.47369999","0.47395000","0.47360000","","0.00%"
"02/06/2014","0.47375000","0.47389999","0.47424999","0.47365001","","0.02%"
"02/05/2014","0.47365001","0.47365001","0.47365001","0.47365001","","-0.23%"
"02/04/2014","0.47475001","0.47475001","0.47475001","0.47475001","","0.00%"
"02/03/2014","0.47475001","0.47475001","0.47475001","0.47475001","","0.00%"
"01/31/2014","0.47475001","0.47475001","0.47475001","0.47475001","","0.00%"
"01/30/2014","0.47475001","0.47475001","0.47475001","0.47475001","","0.00%"
"01/29/2014","0.47475001","0.47475001","0.47475001","0.47475001","","0.00%"
"01/28/2014","0.47475001","0.47475001","0.47475001","0.47475001","","0.00%"
"01/27/2014","0.47475001","0.47470000","0.47475001","0.47435001","","0.11%"
"01/24/2014","0.47424999","0.47430000","0.47455001","0.47354999","","0.00%"
"01/23/2014","0.47424999","0.47404999","0.47444999","0.47400001","","0.02%"
"01/22/2014","0.47415000","0.47404999","0.47424999","0.47380000","","0.04%"
"01/21/2014","0.47395000","0.47365001","0.47424999","0.47340000","","-0.04%"
"01/20/2014","0.47415000","0.47404999","0.47424999","0.47340000","","0.00%"
"01/17/2014","0.47415000","0.47404999","0.47424999","0.47354999","","0.06%"
"01/16/2014","0.47385001","0.47415000","0.47424999","0.47340000","","-0.06%"
"01/15/2014","0.47415000","0.47389999","0.47424999","0.47345001","","0.01%"
"01/14/2014","0.47409999","0.47409999","0.47424999","0.47389999","","0.00%"
"01/13/2014","0.47409999","0.47404999","0.47430000","0.47345001","","0.00%"
"01/10/2014","0.47409999","0.47420001","0.47430000","0.47395000","","0.03%"
"01/09/2014","0.47395000","0.47395000","0.47420001","0.47380000","","0.02%"
"01/08/2014","0.47385001","0.47404999","0.47424999","0.47340000","","-0.02%"
"01/07/2014","0.47395000","0.47404999","0.47424999","0.47340000","","0.02%"
"01/06/2014","0.47385001","0.47404999","0.47424999","0.47340000","","-0.02%"
"01/03/2014","0.47395000","0.47404999","0.47420001","0.47375000","","0.06%"
"01/02/2014","0.47365001","0.47369999","0.47424999","0.47334999","","-0.06%"
"01/01/2014","0.47395000","0.47395000","0.47395000","0.47395000","","0.00%"
"12/31/2013","0.47395000","0.47369999","0.47415000","0.47330001","","0.02%"
"12/30/2013","0.47385001","0.47395000","0.47424999","0.47334999","","-0.03%"
"12/27/2013","0.47400001","0.47404999","0.47424999","0.47345001","","0.01%"
"12/26/2013","0.47395000","0.47395000","0.47424999","0.47345001","","0.00%"
"12/25/2013","0.47395000","0.47404999","0.47424999","0.47345001","","0.02%"
"12/24/2013","0.47385001","0.47404999","0.47424999","0.47340000","","0.03%"
"12/23/2013","0.47369999","0.47389999","0.47409999","0.47330001","","0.03%"
"12/20/2013","0.47354999","0.47380000","0.47409999","0.47334999","","-0.05%"
"12/19/2013","0.47380000","0.47385001","0.47409999","0.47334999","","0.01%"
"12/18/2013","0.47375000","0.47369999","0.47409999","0.47319999","","0.06%"
"12/17/2013","0.47345001","0.47369999","0.47404999","0.47319999","","-0.05%"
"12/16/2013","0.47369999","0.47365001","0.47404999","0.47325000","","0.00%"
"12/13/2013","0.47369999","0.47369999","0.47404999","0.47330001","","-0.01%"
"12/12/2013","0.47375000","0.47369999","0.47404999","0.47330001","","0.04%"
"12/11/2013","0.47354999","0.47360000","0.47400001","0.47325000","","0.02%"
"12/10/2013","0.47345001","0.47350001","0.47400001","0.47319999","","0.00%"
"12/09/2013","0.47345001","0.47295001","0.47389999","0.47270000","","0.11%"
"12/06/2013","0.47295001","0.47290000","0.47375000","0.47244999","","0.00%"
"12/05/2013","0.47295001","0.47350001","0.47395000","0.47295001","","-0.11%"
"12/04/2013","0.47345001","0.47350001","0.47400001","0.47319999","","0.00%"
"12/03/2013","0.47345001","0.47369999","0.47404999","0.47319999","","-0.08%"
"12/02/2013","0.47385001","0.47389999","0.47409999","0.47330001","","0.08%"
"11/29/2013","0.47345001","0.47380000","0.47409999","0.47330001","","-0.04%"
"11/28/2013","0.47365001","0.47350001","0.47400001","0.47319999","","0.02%"
"11/27/2013","0.47354999","0.47350001","0.47400001","0.47319999","","-0.06%"
"11/26/2013","0.47385001","0.47380000","0.47409999","0.47334999","","0.00%"
"11/25/2013","0.47385001","0.47389999","0.47415000","0.47334999","","0.00%"
"11/22/2013","0.47385001","0.47389999","0.47424999","0.47334999","","0.00%"
"11/21/2013","0.47385001","0.47389999","0.47424999","0.47340000","","-0.01%"
"11/20/2013","0.47389999","0.47389999","0.47424999","0.47334999","","0.03%"
"11/19/2013","0.47375000","0.47389999","0.47424999","0.47334999","","0.00%"
"11/18/2013","0.47375000","0.47385001","0.47424999","0.47334999","","-0.02%"
"11/15/2013","0.47385001","0.47385001","0.47409999","0.47334999","","0.03%"
"11/14/2013","0.47369999","0.47380000","0.47409999","0.47330001","","-0.04%"
"11/13/2013","0.47389999","0.47404999","0.47424999","0.47340000","","0.00%"
"11/12/2013","0.47389999","0.47395000","0.47424999","0.47340000","","0.00%"
"11/11/2013","0.47389999","0.47389999","0.47424999","0.47340000","","0.01%"
"11/08/2013","0.47385001","0.47395000","0.47424999","0.47340000","","0.00%"
"11/07/2013","0.47385001","0.47395000","0.47424999","0.47340000","","0.00%"
"11/06/2013","0.47385001","0.47395000","0.47424999","0.47330001","","-0.01%"
"11/05/2013","0.47389999","0.47404999","0.47424999","0.47330001","","0.01%"
"11/04/2013","0.47385001","0.47389999","0.47424999","0.47330001","","0.00%"
"11/01/2013","0.47385001","0.47389999","0.47424999","0.47340000","","0.00%"
"10/31/2013","0.47385001","0.47380000","0.47409999","0.47334999","","0.00%"
"10/30/2013","0.47385001","0.47389999","0.47415000","0.47340000","","0.00%"
"10/29/2013","0.47385001","0.47395000","0.47424999","0.47340000","","0.00%"
"10/28/2013","0.47385001","0.47395000","0.47424999","0.47340000","","-0.01%"
"10/25/2013","0.47389999","0.47389999","0.47424999","0.47340000","","0.01%"
"10/24/2013","0.47385001","0.47395000","0.47424999","0.47340000","","0.00%"
"10/23/2013","0.47385001","0.47395000","0.47424999","0.47334999","","0.02%"
"10/22/2013","0.47375000","0.47380000","0.47409999","0.47330001","","0.01%"
"10/21/2013","0.47369999","0.47365001","0.47404999","0.47330001","","0.03%"
"10/18/2013","0.47354999","0.47360000","0.47400001","0.47330001","","0.00%"
"10/17/2013","0.47354999","0.47354999","0.47395000","0.47319999","","0.02%"
"10/16/2013","0.47345001","0.47380000","0.47409999","0.47319999","","-0.06%"
"10/15/2013","0.47375000","0.47389999","0.47409999","0.47340000","","0.00%"
"10/14/2013","0.47375000","0.47385001","0.47409999","0.47340000","","-0.02%"
"10/11/2013","0.47385001","0.47404999","0.47409999","0.47340000","","0.00%"
"10/10/2013","0.47385001","0.47395000","0.47415000","0.47340000","","0.06%"
"10/09/2013","0.47354999","0.47365001","0.47409999","0.47330001","","0.02%"
"10/08/2013","0.47345001","0.47360000","0.47400001","0.47319999","","0.03%"
"10/07/2013","0.47330001","0.47360000","0.47400001","0.47319999","","-0.03%"
"10/04/2013","0.47345001","0.47354999","0.47389999","0.47319999","","0.03%"
"10/03/2013","0.47330001","0.47354999","0.47395000","0.47315001","","0.00%"
"10/02/2013","0.47330001","0.47354999","0.47415000","0.47295001","","-0.03%"
"10/01/2013","0.47345001","0.47360000","0.47400001","0.47319999","","-0.03%"
"09/30/2013","0.47360000","0.47354999","0.47420001","0.47295001","","0.01%"
"09/27/2013","0.47354999","0.47345001","0.47415000","0.47295001","","0.00%"
"09/26/2013","0.47354999","0.47345001","0.47389999","0.47319999","","0.02%"
"09/25/2013","0.47345001","0.47365001","0.47400001","0.47319999","","0.00%"
"09/24/2013","0.47345001","0.47354999","0.47400001","0.47319999","","-0.04%"
"09/23/2013","0.47365001","0.47345001","0.47389999","0.47319999","","0.00%"
"09/20/2013","0.47365001","0.47334999","0.47409999","0.47315001","","0.12%"
"09/19/2013","0.47310001","0.47310001","0.47369999","0.47290000","","0.04%"
"09/18/2013","0.47290000","0.47319999","0.47340000","0.47110000","","-0.13%"
"09/17/2013","0.47350001","0.47330001","0.47360000","0.47319999","","0.04%"
"09/16/2013","0.47330001","0.47330001","0.47354999","0.47310001","","-0.05%"
"09/13/2013","0.47354999","0.47354999","0.47380000","0.47319999","","0.00%"
"09/12/2013","0.47354999","0.47350001","0.47380000","0.47330001","","-0.01%"
"09/11/2013","0.47360000","0.47354999","0.47395000","0.47244999","","0.01%"
"09/10/2013","0.47354999","0.47345001","0.47360000","0.47255000","","0.12%"
"09/09/2013","0.47299999","0.47299999","0.47340000","0.47244999","","0.07%"
"09/06/2013","0.47264999","0.47290000","0.47310001","0.47229999","","0.00%"
"09/05/2013","0.47264999","0.47264999","0.47295001","0.47209999","","0.04%"
"09/04/2013","0.47244999","0.47255000","0.47299999","0.47209999","","-0.06%"
"09/03/2013","0.47275001","0.47275001","0.47299999","0.47229999","","0.02%"
"09/02/2013","0.47264999","0.47264999","0.47264999","0.47264999","","0.00%"
"08/30/2013","0.47264999","0.47250000","0.47299999","0.47229999","","0.00%"
"08/29/2013","0.47264999","0.47244999","0.47310001","0.47209999","","0.02%"
"08/28/2013","0.47255000","0.47250000","0.47310001","0.47110000","","0.05%"
"08/27/2013","0.47229999","0.47250000","0.47310001","0.47220001","","0.04%"
"08/26/2013","0.47209999","0.47310001","0.47389999","0.47209999","","-0.08%"
"08/23/2013","0.47250000","0.47189999","0.47299999","0.47110000","","-0.08%"
"08/22/2013","0.47290000","0.47389999","0.47409999","0.47264999","","-0.21%"
"08/21/2013","0.47389999","0.47389999","0.47420001","0.47369999","","0.00%"
"08/20/2013","0.47389999","0.47389999","0.47420001","0.47369999","","-0.02%"
"08/19/2013","0.47400001","0.47389999","0.47409999","0.47365001","","0.02%"
"08/16/2013","0.47389999","0.47395000","0.47409999","0.47375000","","-0.03%"
"08/15/2013","0.47404999","0.47389999","0.47415000","0.47365001","","0.00%"
"08/14/2013","0.47404999","0.47400001","0.47415000","0.47365001","","0.03%"
"08/13/2013","0.47389999","0.47389999","0.47409999","0.47365001","","0.03%"
"08/12/2013","0.47375000","0.47380000","0.47409999","0.47354999","","-0.03%"
"08/09/2013","0.47389999","0.47385001","0.47409999","0.47365001","","0.04%"
"08/08/2013","0.47369999","0.47400001","0.47400001","0.47354999","","-0.13%"
"08/07/2013","0.47430000","0.47400001","0.47479999","0.47400001","","0.06%"
"08/06/2013","0.47400001","0.47404999","0.47499999","0.47110000","","0.13%"
"08/05/2013","0.47340000","0.47319999","0.47354999","0.47299999","","0.06%"
"08/02/2013","0.47310001","0.47310001","0.47345001","0.47110000","","0.12%"
"08/01/2013","0.47255000","0.47264999","0.47310001","0.47110000","","0.07%"
"07/31/2013","0.47220001","0.47240001","0.47255000","0.47110000","","0.06%"
"07/30/2013","0.47189999","0.47200000","0.47240001","0.47080001","","0.15%"
"07/29/2013","0.47119999","0.47125000","0.47154999","0.47110000","","-0.03%"
"07/26/2013","0.47135001","0.47135001","0.47145000","0.47110000","","0.06%"
"07/25/2013","0.47104999","0.47110000","0.47110000","0.47080001","","-0.01%"
"07/24/2013","0.47110000","0.47099999","0.47110000","0.47080001","","0.00%"
"07/23/2013","0.47110000","0.47099999","0.47110000","0.47080001","","0.00%"
"07/22/2013","0.47110000","0.47110000","0.47110000","0.47080001","","0.00%"
"07/19/2013","0.47110000","0.47110000","0.47110000","0.47080001","","0.08%"
"07/18/2013","0.47070000","0.47080001","0.47125000","0.47070000","","-0.02%"
"07/17/2013","0.47080001","0.47099999","0.47125000","0.47080001","","-0.07%"
"07/16/2013","0.47115001","0.47110000","0.47145000","0.47090000","","0.03%"
"07/15/2013","0.47099999","0.47099999","0.47110000","0.47080001","","-0.02%"
"07/12/2013","0.47110000","0.47084999","0.47135001","0.47070000","","0.04%"
"07/11/2013","0.47090000","0.47070000","0.47110000","0.47070000","","0.04%"
"07/10/2013","0.47070000","0.47075000","0.47154999","0.47070000","","0.00%"
"07/09/2013","0.47070000","0.47080001","0.47154999","0.47070000","","-0.18%"
"07/08/2013","0.47154999","0.47080001","0.47154999","0.47070000","","0.16%"
"07/05/2013","0.47080001","0.47084999","0.47154999","0.47070000","","-0.02%"
"07/04/2013","0.47090000","0.47095001","0.47154999","0.47080001","","-0.07%"
"07/03/2013","0.47125000","0.47110000","0.47189999","0.47090000","","-0.13%"
"07/02/2013","0.47185001","0.47189999","0.47225001","0.47145000","","-0.05%"
"07/01/2013","0.47209999","0.47215000","0.47240001","0.47145000","","0.12%"
"06/28/2013","0.47154999","0.47209999","0.47540000","0.47084999","","-0.87%"
"06/27/2013","0.47569999","0.47549999","0.47604999","0.47530001","","0.08%"
"06/26/2013","0.47530001","0.47540000","0.47604999","0.47530001","","0.00%"
"06/25/2013","0.47530001","0.47540000","0.47569999","0.47530001","","0.00%"
"06/24/2013","0.47530001","0.47530001","0.47569999","0.47530001","","0.00%"
"06/21/2013","0.47530001","0.47530001","0.47569999","0.47530001","","0.00%"
"06/20/2013","0.47530001","0.47540000","0.47604999","0.47530001","","0.00%"
"06/19/2013","0.47530001","0.47540000","0.47569999","0.47530001","","0.00%"
"06/18/2013","0.47530001","0.47540000","0.47569999","0.47530001","","-0.02%"
"06/17/2013","0.47540000","0.47530001","0.47569999","0.47530001","","-0.14%"
"06/14/2013","0.47604999","0.47540000","0.47604999","0.47530001","","0.16%"
"06/13/2013","0.47530001","0.47540000","0.47604999","0.47530001","","-0.08%"
"06/12/2013","0.47569999","0.47540000","0.47604999","0.47530001","","0.04%"
"06/11/2013","0.47549999","0.47580001","0.47595000","0.47530001","","-0.04%"
"06/10/2013","0.47569999","0.47580001","0.47595000","0.47530001","","0.00%"
"06/07/2013","0.47569999","0.47580001","0.47595000","0.47560000","","-0.03%"
"06/06/2013","0.47584999","0.47580001","0.47595000","0.47569999","","0.03%"
"06/05/2013","0.47569999","0.47580001","0.47604999","0.47569999","","-0.05%"
"06/04/2013","0.47595000","0.47595000","0.47604999","0.47549999","","-0.01%"
"06/03/2013","0.47600001","0.47589999","0.47909999","0.47569999","","0.03%"
"05/31/2013","0.47584999","0.47589999","0.47615001","0.47569999","","-0.02%"
"05/30/2013","0.47595000","0.47584999","0.47755000","0.47569999","","0.00%"
"05/29/2013","0.47595000","0.47600001","0.47624999","0.47569999","","-0.04%"
"05/28/2013","0.47615001","0.47610000","0.47635001","0.47584999","","0.00%"
"05/27/2013","0.47615001","0.47615001","0.47760001","0.47584999","","-0.15%"
"05/24/2013","0.47685000","0.47615001","0.47694999","0.47584999","","0.15%"
"05/23/2013","0.47615001","0.47604999","0.47650000","0.47584999","","-0.67%"
"05/22/2013","0.47935000","0.47620001","0.47935000","0.47584999","","0.36%"
"05/21/2013","0.47764999","0.47630000","0.47764999","0.47569999","","0.28%"
"05/20/2013","0.47630000","0.47645000","0.47770000","0.47600001","","-0.04%"
"05/17/2013","0.47650000","0.47690001","0.47735000","0.47604999","","-0.21%"
"05/16/2013","0.47749999","0.47745001","0.47760001","0.47725001","","0.00%"
"05/15/2013","0.47749999","0.47749999","0.47760001","0.47740000","","0.00%"
"05/14/2013","0.47749999","0.47760001","0.47784999","0.47740000","","-0.01%"
"05/13/2013","0.47755000","0.47760001","0.47795001","0.47720000","","0.01%"
"05/10/2013","0.47749999","0.47749999","0.47784999","0.47740000","","0.02%"
"05/09/2013","0.47740000","0.47745001","0.47784999","0.47740000","","-0.04%"
"05/08/2013","0.47760001","0.47755000","0.47784999","0.47740000","","0.00%"
"05/07/2013","0.47760001","0.47770000","0.47784999","0.47740000","","0.00%"
"05/06/2013","0.47760001","0.47760001","0.47784999","0.47740000","","0.02%"
"05/03/2013","0.47749999","0.47760001","0.47795001","0.47729999","","-0.02%"
"05/02/2013","0.47760001","0.47749999","0.47795001","0.47749999","","-0.46%"
"05/01/2013","0.47979999","0.47979999","0.47979999","0.47979999","","0.00%"
"04/30/2013","0.47979999","0.47979999","0.47979999","0.47979999","","0.00%"
"04/29/2013","0.47979999","0.47979999","0.47979999","0.47979999","","0.00%"
"04/26/2013","0.47979999","0.47784999","0.47979999","0.47755000","","0.36%"
"04/25/2013","0.47810000","0.47760001","0.47810000","0.47714999","","0.05%"
"04/24/2013","0.47784999","0.47784999","0.47940001","0.47760001","","0.00%"
"04/23/2013","0.47784999","0.47784999","0.47935000","0.47729999","","0.00%"
"04/22/2013","0.47784999","0.47830001","0.47960001","0.47740000","","-0.13%"
"04/19/2013","0.47845000","0.47845000","0.47845000","0.47845000","","0.00%"
"04/18/2013","0.47845000","0.47830001","0.47935000","0.47804999","","-0.06%"
"04/17/2013","0.47874999","0.47795001","0.47944999","0.47760001","","0.19%"
"04/16/2013","0.47784999","0.47830001","0.47979999","0.47770000","","-0.11%"
"04/15/2013","0.47839999","0.47944999","0.48015001","0.47839999","","-0.22%"
"04/12/2013","0.47944999","0.47944999","0.47970000","0.47920001","","0.00%"
"04/11/2013","0.47944999","0.47749999","0.47970000","0.47749999","","0.00%"
"04/10/2013","0.47944999","0.47830001","0.47944999","0.47749999","","0.24%"
"04/09/2013","0.47830001","0.47760001","0.47935000","0.47749999","","0.09%"
"04/08/2013","0.47784999","0.47760001","0.47935000","0.47740000","","0.00%"
"04/05/2013","0.47784999","0.47760001","0.47935000","0.47740000","","0.00%"
"04/04/2013","0.47784999","0.47749999","0.47935000","0.47740000","","0.04%"
"04/03/2013","0.47764999","0.47764999","0.47935000","0.47740000","","0.01%"
"04/02/2013","0.47760001","0.47749999","0.47935000","0.47720000","","0.03%"
"04/01/2013","0.47745001","0.47749999","0.47935000","0.47694999","","0.04%"
"03/29/2013","0.47725001","0.47745001","0.47935000","0.47720000","","-0.04%"
"03/28/2013","0.47745001","0.47745001","0.47935000","0.47705001","","-0.03%"
"03/27/2013","0.47760001","0.47735000","0.47935000","0.47694999","","0.04%"
"03/26/2013","0.47740000","0.47735000","0.47935000","0.47690001","","0.00%"
"03/25/2013","0.47740000","0.47735000","0.47935000","0.47690001","","-0.02%"
"03/22/2013","0.47749999","0.47740000","0.47935000","0.47694999","","0.02%"
"03/21/2013","0.47740000","0.47725001","0.47935000","0.47690001","","0.01%"
"03/20/2013","0.47735000","0.47725001","0.47935000","0.47714999","","-0.01%"
"03/19/2013","0.47740000","0.47725001","0.47935000","0.47690001","","0.00%"
"03/18/2013","0.47740000","0.47725001","0.47935000","0.47685000","","0.03%"
"03/15/2013","0.47725001","0.47735000","0.47935000","0.47685000","","-0.05%"
"03/14/2013","0.47749999","0.47725001","0.47935000","0.47679999","","0.02%"
"03/13/2013","0.47740000","0.47735000","0.47935000","0.47685000","","0.00%"
"03/12/2013","0.47740000","0.47729999","0.47935000","0.47690001","","-0.04%"
"03/11/2013","0.47760001","0.47755000","0.47935000","0.47705001","","0.00%"
"03/08/2013","0.47760001","0.47770000","0.47935000","0.47714999","","0.00%"
"03/07/2013","0.47760001","0.47729999","0.47935000","0.47694999","","0.06%"
"03/06/2013","0.47729999","0.47670001","0.47935000","0.47659999","","0.21%"
"03/05/2013","0.47630000","0.47700000","0.47935000","0.47604999","","-0.83%"
"03/04/2013","0.48030001","0.47760001","0.48030001","0.47679999","","0.51%"
"03/01/2013","0.47784999","0.47749999","0.47935000","0.47720000","","0.15%"
"02/28/2013","0.47714999","0.47749999","0.47935000","0.47690001","","-0.07%"
"02/27/2013","0.47749999","0.47819999","0.47935000","0.47749999","","-0.24%"
"02/26/2013","0.47865000","0.47839999","0.47935000","0.47790000","","-0.02%"
"02/25/2013","0.47874999","0.47819999","0.47999999","0.47804999","","0.02%"
"02/22/2013","0.47865000","0.47795001","0.47944999","0.47760001","","0.02%"
"02/21/2013","0.47854999","0.47830001","0.47944999","0.47810000","","-0.11%"
"02/20/2013","0.47909999","0.48025000","0.48045000","0.47839999","","-0.09%"
"02/19/2013","0.47955000","0.47955000","0.48045000","0.47925001","","-0.10%"
"02/18/2013","0.48005000","0.47975001","0.48045000","0.47929999","","0.07%"
"02/15/2013","0.47970000","0.47970000","0.47970000","0.47970000","","0.00%"
"02/14/2013","0.47970000","0.47970000","0.47970000","0.47970000","","0.00%"
"02/13/2013","0.47970000","0.47970000","0.47970000","0.47970000","","0.00%"
"02/12/2013","0.47970000","0.47970000","0.47970000","0.47970000","","0.00%"
"02/11/2013","0.47970000","0.47970000","0.47970000","0.47970000","","0.00%"
"02/08/2013","0.47970000","0.48025000","0.48045000","0.47970000","","-0.09%"
"02/07/2013","0.48015001","0.48010001","0.48085001","0.47935000","","0.02%"
"02/06/2013","0.48005000","0.47990000","0.48054999","0.47935000","","0.00%"
"02/05/2013","0.48005000","0.47995001","0.48054999","0.47935000","","0.02%"
"02/04/2013","0.47995001","0.47979999","0.48040000","0.47920001","","0.03%"
"02/01/2013","0.47979999","0.47970000","0.48025000","0.47915000","","0.00%"
"01/31/2013","0.47979999","0.47960001","0.48025000","0.47909999","","0.00%"
"01/30/2013","0.47979999","0.47960001","0.48019999","0.47909999","","0.04%"
"01/29/2013","0.47960001","0.47979999","0.48019999","0.47909999","","-0.04%"
"01/28/2013","0.47979999","0.47960001","0.48025000","0.47909999","","0.00%"
"01/25/2013","0.47979999","0.47964999","0.48019999","0.47909999","","0.02%"
"01/24/2013","0.47970000","0.47964999","0.48019999","0.47909999","","0.00%"
"01/23/2013","0.47970000","0.47960001","0.48019999","0.47909999","","0.00%"
"01/22/2013","0.47970000","0.47964999","0.48019999","0.47909999","","0.00%"
"01/21/2013","0.47970000","0.47964999","0.48015001","0.47909999","","0.00%"
"01/18/2013","0.47970000","0.47964999","0.48019999","0.47905001","","0.00%"
"01/17/2013","0.47970000","0.47979999","0.48019999","0.47909999","","0.00%"
"01/16/2013","0.47970000","0.47970000","0.48025000","0.47905001","","-0.01%"
"01/15/2013","0.47975001","0.47964999","0.48019999","0.47909999","","0.00%"
"01/14/2013","0.47975001","0.47970000","0.48019999","0.47909999","","0.04%"
"01/11/2013","0.47955000","0.47970000","0.48019999","0.47909999","","-0.05%"
"01/10/2013","0.47979999","0.47970000","0.48019999","0.47909999","","0.00%"
"01/09/2013","0.47979999","0.47970000","0.48010001","0.47909999","","0.00%"
"01/08/2013","0.47979999","0.47970000","0.48015001","0.47909999","","0.00%"
"01/07/2013","0.47979999","0.47979999","0.48019999","0.47909999","","0.01%"
"01/04/2013","0.47975001","0.47979999","0.48025000","0.47909999","","-0.01%"
"01/03/2013","0.47979999","0.47970000","0.48025000","0.47909999","","0.00%"
"01/02/2013","0.47979999","0.47979999","0.48019999","0.47909999","","0.00%"
"01/01/2013","0.47979999","0.47979999","0.47979999","0.47979999","","0.00%"
"12/31/2012","0.47979999","0.47995001","0.48010001","0.47935000","","0.00%"
"12/28/2012","0.47979999","0.47975001","0.48034999","0.47909999","","-0.02%"
"12/27/2012","0.47990000","0.47970000","0.48034999","0.47909999","","0.04%"
"12/26/2012","0.47970000","0.47960001","0.48019999","0.47909999","","0.03%"
"12/25/2012","0.47955000","0.47970000","0.48019999","0.47909999","","0.00%"
"12/24/2012","0.47955000","0.47950000","0.48015001","0.47909999","","0.02%"
"12/21/2012","0.47944999","0.47950000","0.48010001","0.47909999","","0.02%"
"12/20/2012","0.47935000","0.47950000","0.48010001","0.47909999","","0.00%"
"12/19/2012","0.47935000","0.47960001","0.48005000","0.47909999","","-0.09%"
"12/18/2012","0.47979999","0.47964999","0.48010001","0.47909999","","0.00%"
"12/17/2012","0.47979999","0.47964999","0.48015001","0.47909999","","0.00%"
"12/14/2012","0.47979999","0.47960001","0.48015001","0.47909999","","0.00%"
"12/13/2012","0.47979999","0.47960001","0.48015001","0.47909999","","0.00%"
"12/12/2012","0.47979999","0.47970000","0.48019999","0.47909999","","0.07%"
"12/11/2012","0.47944999","0.47970000","0.48019999","0.47909999","","-0.07%"
"12/10/2012","0.47979999","0.47970000","0.48019999","0.47909999","","0.00%"
"12/07/2012","0.47979999","0.47970000","0.48019999","0.47909999","","0.05%"
"12/06/2012","0.47955000","0.47960001","0.48015001","0.47909999","","-0.02%"
"12/05/2012","0.47964999","0.47960001","0.48015001","0.47909999","","0.02%"
"12/04/2012","0.47955000","0.47955000","0.48015001","0.47909999","","0.00%"
"12/03/2012","0.47955000","0.47960001","0.48015001","0.47909999","","0.00%"
"11/30/2012","0.47955000","0.47955000","0.48015001","0.47909999","","0.02%"
"11/29/2012","0.47944999","0.47955000","0.48015001","0.47909999","","-0.02%"
"11/28/2012","0.47955000","0.47944999","0.48015001","0.47909999","","0.04%"
"11/27/2012","0.47935000","0.47935000","0.48010001","0.47909999","","0.03%"
"11/26/2012","0.47920001","0.47935000","0.47999999","0.47909999","","0.00%"
"11/23/2012","0.47920001","0.47929999","0.47999999","0.47905001","","0.00%"
"11/22/2012","0.47920001","0.47929999","0.47995001","0.47905001","","-0.07%"
"11/21/2012","0.47955000","0.47940001","0.47999999","0.47909999","","0.00%"
"11/20/2012","0.47955000","0.47940001","0.47999999","0.47905001","","0.04%"
"11/19/2012","0.47935000","0.47935000","0.48025000","0.47905001","","-0.04%"
"11/16/2012","0.47955000","0.47955000","0.48015001","0.47905001","","-0.01%"
"11/15/2012","0.47960001","0.47960001","0.48085001","0.47909999","","0.01%"
"11/14/2012","0.47955000","0.47960001","0.48030001","0.47909999","","-0.03%"
"11/13/2012","0.47970000","0.47960001","0.48030001","0.47920001","","0.02%"
"11/12/2012","0.47960001","0.47955000","0.48030001","0.47920001","","-0.04%"
"11/09/2012","0.47979999","0.47955000","0.48034999","0.47920001","","0.00%"
"11/08/2012","0.47979999","0.47960001","0.48030001","0.47909999","","0.05%"
"11/07/2012","0.47955000","0.47960001","0.48030001","0.47909999","","0.00%"
"11/06/2012","0.47955000","0.47955000","0.48030001","0.47909999","","0.00%"
"11/05/2012","0.47955000","0.47960001","0.48030001","0.47900000","","0.00%"
"11/02/2012","0.47955000","0.47955000","0.48030001","0.47900000","","0.00%"
"11/01/2012","0.47955000","0.47960001","0.48030001","0.47900000","","0.00%"
"10/31/2012","0.47955000","0.47955000","0.48030001","0.47900000","","-0.03%"
"10/30/2012","0.47970000","0.47955000","0.48030001","0.47900000","","0.03%"
"10/29/2012","0.47955000","0.47955000","0.48025000","0.47900000","","-0.05%"
"10/26/2012","0.47979999","0.47960001","0.48034999","0.47900000","","0.05%"
"10/25/2012","0.47955000","0.47955000","0.48034999","0.47900000","","0.00%"
"10/24/2012","0.47955000","0.47955000","0.48030001","0.47900000","","0.02%"
"10/23/2012","0.47944999","0.47950000","0.48025000","0.47900000","","-0.02%"
"10/22/2012","0.47955000","0.47955000","0.48025000","0.47900000","","-0.03%"
"10/19/2012","0.47970000","0.47970000","0.48019999","0.47874999","","0.00%"
"10/18/2012","0.47970000","0.47964999","0.48019999","0.47874999","","0.03%"
"10/17/2012","0.47955000","0.47955000","0.48015001","0.47874999","","0.00%"
"10/16/2012","0.47955000","0.47999999","0.48010001","0.47874999","","0.00%"
"10/15/2012","0.47955000","0.47950000","0.48010001","0.47874999","","-0.03%"
"10/12/2012","0.47970000","0.47999999","0.47999999","0.47874999","","0.07%"
"10/11/2012","0.47935000","0.47935000","0.47999999","0.47874999","","-0.02%"
"10/10/2012","0.47944999","0.47925001","0.47999999","0.47865000","","0.07%"
"10/09/2012","0.47909999","0.47900000","0.47940001","0.47819999","","0.08%"
"10/08/2012","0.47870001","0.47854999","0.47915000","0.47810000","","-0.01%"
"10/05/2012","0.47874999","0.47865000","0.47920001","0.47810000","","0.02%"
"10/04/2012","0.47865000","0.47900000","0.47929999","0.47815001","","0.00%"
"10/03/2012","0.47865000","0.47865000","0.47929999","0.47815001","","-0.02%"
"10/02/2012","0.47874999","0.47900000","0.47940001","0.47815001","","-0.01%"
"10/01/2012","0.47880000","0.47885001","0.48015001","0.47835001","","0.01%"
"09/28/2012","0.47874999","0.47900000","0.47944999","0.47835001","","0.00%"
"09/27/2012","0.47874999","0.47900000","0.47944999","0.47845000","","-0.05%"
"09/26/2012","0.47900000","0.47920001","0.47970000","0.47850001","","-0.13%"
"09/25/2012","0.47960001","0.47915000","0.47999999","0.47865000","","0.10%"
"09/24/2012","0.47909999","0.47915000","0.47975001","0.47874999","","-0.02%"
"09/21/2012","0.47920001","0.47909999","0.47979999","0.47865000","","0.07%"
"09/20/2012","0.47885001","0.47909999","0.47979999","0.47839999","","-0.05%"
"09/19/2012","0.47909999","0.47909999","0.47979999","0.47839999","","-0.10%"
"09/18/2012","0.47960001","0.47955000","0.48025000","0.47909999","","0.03%"
"09/17/2012","0.47944999","0.47955000","0.48030001","0.47909999","","0.05%"
"09/14/2012","0.47920001","0.47955000","0.48030001","0.47909999","","0.00%"
"09/13/2012","0.47920001","0.47955000","0.48030001","0.47909999","","-0.10%"
"09/12/2012","0.47970000","0.47955000","0.48030001","0.47909999","","0.03%"
"09/11/2012","0.47955000","0.47955000","0.48030001","0.47909999","","0.07%"
"09/10/2012","0.47920001","0.47955000","0.48030001","0.47889999","","-0.07%"
"09/07/2012","0.47955000","0.47955000","0.48030001","0.47889999","","0.02%"
"09/06/2012","0.47944999","0.47935000","0.48025000","0.47900000","","0.02%"
"09/05/2012","0.47935000","0.47935000","0.48015001","0.47775000","","0.00%"
"09/04/2012","0.47935000","0.47935000","0.48025000","0.47874999","","-0.09%"
"09/03/2012","0.47979999","0.47979999","0.47979999","0.47979999","","0.00%"
"08/31/2012","0.47979999","0.47935000","0.48025000","0.47874999","","0.09%"
"08/30/2012","0.47935000","0.47935000","0.47975001","0.47889999","","0.03%"
"08/29/2012","0.47920001","0.47935000","0.47999999","0.47839999","","0.04%"
"08/28/2012","0.47900000","0.47929999","0.47999999","0.47854999","","-0.04%"
"08/27/2012","0.47920001","0.47944999","0.47999999","0.47784999","","-0.02%"
"08/24/2012","0.47929999","0.47705001","0.47984999","0.47690001","","0.17%"
"08/23/2012","0.47850001","0.47950000","0.47999999","0.47760001","","-0.25%"
"08/22/2012","0.47970000","0.47964999","0.48050001","0.47909999","","0.01%"
"08/21/2012","0.47964999","0.47964999","0.48040000","0.47909999","","-0.01%"
"08/20/2012","0.47970000","0.47960001","0.48034999","0.47909999","","0.10%"
"08/17/2012","0.47920001","0.47964999","0.48034999","0.47909999","","-0.09%"
"08/16/2012","0.47964999","0.47955000","0.48030001","0.47905001","","0.04%"
"08/15/2012","0.47944999","0.47955000","0.48010001","0.47725001","","0.46%"
"08/14/2012","0.47725001","0.47964999","0.48010001","0.47705001","","-0.48%"
"08/13/2012","0.47955000","0.47944999","0.48010001","0.47900000","","0.07%"
"08/10/2012","0.47920001","0.47950000","0.48010001","0.47784999","","-0.03%"
"08/09/2012","0.47935000","0.47784999","0.47999999","0.47784999","","0.03%"
"08/08/2012","0.47920001","0.47940001","0.47999999","0.47784999","","0.00%"
"08/07/2012","0.47920001","0.47940001","0.47999999","0.47870001","","-0.05%"
"08/06/2012","0.47944999","0.47940001","0.47999999","0.47870001","","0.05%"
"08/03/2012","0.47920001","0.47940001","0.47999999","0.47784999","","0.00%"
"08/02/2012","0.47920001","0.47784999","0.47999999","0.47784999","","-0.03%"
"08/01/2012","0.47935000","0.47935000","0.47990000","0.47784999","","0.05%"
"07/31/2012","0.47909999","0.47905001","0.47979999","0.47860000","","0.00%"
"07/30/2012","0.47909999","0.47920001","0.47984999","0.47860000","","0.05%"
"07/27/2012","0.47885001","0.47885001","0.47975001","0.47760001","","0.00%"
"07/26/2012","0.47885001","0.47885001","0.47970000","0.47749999","","0.02%"
"07/25/2012","0.47874999","0.47900000","0.47979999","0.47755000","","-0.02%"
"07/24/2012","0.47885001","0.47955000","0.47999999","0.47860000","","-0.15%"
"07/23/2012","0.47955000","0.47964999","0.48010001","0.47894999","","-0.03%"
"07/20/2012","0.47970000","0.48005000","0.48015001","0.47900000","","-0.02%"
"07/19/2012","0.47979999","0.48005000","0.48019999","0.47909999","","0.07%"
"07/18/2012","0.47944999","0.47950000","0.48015001","0.47889999","","-0.02%"
"07/17/2012","0.47955000","0.47905001","0.48010001","0.47874999","","0.04%"
"07/16/2012","0.47935000","0.47920001","0.47975001","0.47865000","","0.00%"
"07/13/2012","0.47935000","0.47900000","0.47979999","0.47839999","","0.05%"
"07/12/2012","0.47909999","0.47900000","0.47975001","0.47850001","","0.02%"
"07/11/2012","0.47900000","0.47885001","0.47944999","0.47830001","","0.03%"
"07/10/2012","0.47885001","0.47885001","0.47940001","0.47819999","","-0.03%"
"07/09/2012","0.47900000","0.47900000","0.47944999","0.47819999","","0.04%"
"07/06/2012","0.47880000","0.47874999","0.47929999","0.47810000","","-0.01%"
"07/05/2012","0.47885001","0.47874999","0.47920001","0.47770000","","0.04%"
"07/04/2012","0.47865000","0.47865000","0.47905001","0.47770000","","0.00%"
"07/03/2012","0.47865000","0.47874999","0.47905001","0.47760001","","0.02%"
"07/02/2012","0.47854999","0.47865000","0.47900000","0.47760001","","0.05%"
"06/29/2012","0.47830001","0.47835001","0.47885001","0.47760001","","0.09%"
"06/28/2012","0.47784999","0.47925001","0.47944999","0.47749999","","-0.17%"
"06/27/2012","0.47865000","0.47870001","0.47929999","0.47784999","","0.17%"
"06/26/2012","0.47784999","0.47830001","0.47944999","0.47729999","","0.00%"
"06/25/2012","0.47784999","0.47810000","0.47865000","0.47714999","","-0.09%"
"06/22/2012","0.47830001","0.47804999","0.47865000","0.47705001","","0.07%"
"06/21/2012","0.47795001","0.47775000","0.47850001","0.47679999","","0.09%"
"06/20/2012","0.47749999","0.47784999","0.47839999","0.47679999","","0.12%"
"06/19/2012","0.47694999","0.47714999","0.47810000","0.47670001","","-0.05%"
"06/18/2012","0.47720000","0.47705001","0.47955000","0.47615001","","0.03%"
"06/15/2012","0.47705001","0.47705001","0.47955000","0.47615001","","0.00%"
"06/14/2012","0.47705001","0.47705001","0.47955000","0.47615001","","0.00%"
"06/13/2012","0.47705001","0.47725001","0.47955000","0.47615001","","-0.23%"
"06/12/2012","0.47815001","0.47659999","0.47955000","0.47610000","","0.37%"
"06/11/2012","0.47639999","0.47624999","0.47955000","0.47580001","","-0.02%"
"06/08/2012","0.47650000","0.47659999","0.47955000","0.47584999","","0.09%"
"06/07/2012","0.47604999","0.47630000","0.47955000","0.47555000","","0.02%"
"06/06/2012","0.47595000","0.47725001","0.47955000","0.47549999","","-0.27%"
"06/05/2012","0.47725001","0.47850001","0.47955000","0.47595000","","-0.13%"
"06/04/2012","0.47784999","0.47935000","0.47970000","0.47784999","","-0.28%"
"06/01/2012","0.47920001","0.47935000","0.48015001","0.47825000","","0.01%"
"05/31/2012","0.47915000","0.47909999","0.47990000","0.47854999","","0.04%"
"05/30/2012","0.47894999","0.47925001","0.47990000","0.47854999","","-0.13%"
"05/29/2012","0.47955000","0.47935000","0.47995001","0.47865000","","0.04%"
"05/28/2012","0.47935000","0.47944999","0.47995001","0.47865000","","0.00%"
"05/25/2012","0.47935000","0.47944999","0.48010001","0.47850001","","0.00%"
"05/24/2012","0.47935000","0.47944999","0.48010001","0.47850001","","-0.05%"
"05/23/2012","0.47960001","0.47944999","0.48010001","0.47865000","","-0.01%"
"05/22/2012","0.47964999","0.47955000","0.48015001","0.47894999","","0.01%"
"05/21/2012","0.47960001","0.47955000","0.48015001","0.47905001","","0.01%"
"05/18/2012","0.47955000","0.47955000","0.48015001","0.47905001","","-0.03%"
"05/17/2012","0.47970000","0.47955000","0.48054999","0.47905001","","0.02%"
"05/16/2012","0.47960001","0.47944999","0.48040000","0.47889999","","0.03%"
"05/15/2012","0.47944999","0.47944999","0.48034999","0.47889999","","0.02%"
"05/14/2012","0.47935000","0.47955000","0.48040000","0.47880000","","-0.07%"
"05/11/2012","0.47970000","0.47964999","0.48045000","0.47874999","","0.39%"
"05/10/2012","0.47784999","0.47964999","0.48045000","0.47784999","","-0.31%"
"05/09/2012","0.47935000","0.47935000","0.48010001","0.47784999","","-0.05%"
"05/08/2012","0.47960001","0.47784999","0.48034999","0.47784999","","0.10%"
"05/07/2012","0.47909999","0.47944999","0.48034999","0.47784999","","0.26%"
"05/04/2012","0.47784999","0.47960001","0.48019999","0.47889999","","-0.32%"
"05/03/2012","0.47940001","0.47935000","0.48015001","0.47784999","","-0.01%"
"05/02/2012","0.47944999","0.47900000","0.47990000","0.47729999","","0.05%"
"05/01/2012","0.47920001","0.47920001","0.47920001","0.47920001","","0.00%"
"04/30/2012","0.47920001","0.47920001","0.47920001","0.47920001","","0.00%"
"04/27/2012","0.47920001","0.47944999","0.47990000","0.47770000","","0.02%"
"04/26/2012","0.47909999","0.47944999","0.48030001","0.47845000","","-0.07%"
"04/25/2012","0.47944999","0.47970000","0.48040000","0.47845000","","-0.15%"
"04/24/2012","0.48015001","0.47960001","0.48045000","0.47770000","","0.07%"
"04/23/2012","0.47979999","0.48005000","0.48045000","0.47905001","","0.04%"
"04/20/2012","0.47960001","0.47929999","0.48150000","0.47900000","","-0.11%"
"04/19/2012","0.48015001","0.47960001","0.48045000","0.47909999","","0.00%"
"04/18/2012","0.48015001","0.47929999","0.48045000","0.47909999","","0.00%"
"04/17/2012","0.48015001","0.47960001","0.48045000","0.47909999","","0.00%"
"04/16/2012","0.48015001","0.47960001","0.48045000","0.47909999","","0.00%"
"04/13/2012","0.48015001","0.47929999","0.48045000","0.47889999","","0.07%"
"04/12/2012","0.47979999","0.47960001","0.48040000","0.47889999","","-0.07%"
"04/11/2012","0.48015001","0.47960001","0.48040000","0.47909999","","-0.03%"
"04/10/2012","0.48030001","0.47960001","0.48054999","0.47920001","","0.08%"
"04/09/2012","0.47990000","0.47960001","0.48050001","0.47920001","","-0.03%"
"04/06/2012","0.48005000","0.47960001","0.48054999","0.47920001","","-0.02%"
"04/05/2012","0.48015001","0.47950000","0.48050001","0.47920001","","0.05%"
"04/04/2012","0.47990000","0.47960001","0.48050001","0.47920001","","0.02%"
"04/03/2012","0.47979999","0.47960001","0.48050001","0.47920001","","0.04%"
"04/02/2012","0.47960001","0.47960001","0.47960001","0.47960001","","0.00%"
"03/30/2012","0.47960001","0.47960001","0.48060000","0.47920001","","-0.11%"
"03/29/2012","0.48015001","0.47960001","0.48054999","0.47885001","","0.10%"
"03/28/2012","0.47964999","0.47889999","0.48045000","0.47810000","","0.09%"
"03/27/2012","0.47920001","0.47799999","0.47979999","0.47790000","","0.16%"
"03/26/2012","0.47845000","0.47839999","0.47990000","0.47790000","","-0.06%"
"03/23/2012","0.47874999","0.47839999","0.47979999","0.47804999","","-0.11%"
"03/22/2012","0.47929999","0.47839999","0.48025000","0.47804999","","0.04%"
"03/21/2012","0.47909999","0.47979999","0.48054999","0.47810000","","-0.20%"
"03/20/2012","0.48005000","0.47960001","0.48054999","0.47900000","","0.02%"
"03/19/2012","0.47995001","0.47960001","0.48060000","0.47900000","","-0.06%"
"03/16/2012","0.48025000","0.47960001","0.48060000","0.47905001","","0.04%"
"03/15/2012","0.48005000","0.47960001","0.48060000","0.47905001","","0.05%"
"03/14/2012","0.47979999","0.47960001","0.48054999","0.47900000","","0.00%"
"03/13/2012","0.47979999","0.47960001","0.48054999","0.47915000","","-0.02%"
"03/12/2012","0.47990000","0.47979999","0.48054999","0.47885001","","-0.03%"
"03/09/2012","0.48005000","0.47979999","0.48054999","0.47905001","","0.03%"
"03/08/2012","0.47990000","0.47979999","0.48054999","0.47860000","","-0.01%"
"03/07/2012","0.47995001","0.47960001","0.48054999","0.47909999","","0.13%"
"03/06/2012","0.47935000","0.47960001","0.48054999","0.47885001","","-0.15%"
"03/05/2012","0.48005000","0.47979999","0.48054999","0.47885001","","0.01%"
"03/02/2012","0.47999999","0.47960001","0.48054999","0.47905001","","0.07%"
"03/01/2012","0.47964999","0.47960001","0.48050001","0.47905001","","-0.05%"
"02/29/2012","0.47990000","0.47950000","0.48050001","0.47905001","","0.04%"
"02/28/2012","0.47970000","0.47960001","0.48050001","0.47885001","","0.00%"
"02/27/2012","0.47970000","0.47960001","0.48050001","0.47905001","","-0.02%"
"02/24/2012","0.47979999","0.47960001","0.48050001","0.47905001","","-0.09%"
"02/23/2012","0.48025000","0.47929999","0.48069999","0.47920001","","0.07%"
"02/22/2012","0.47990000","0.47929999","0.48050001","0.47905001","","-0.03%"
"02/21/2012","0.48005000","0.47960001","0.48054999","0.47900000","","0.05%"
"02/20/2012","0.47979999","0.47770000","0.48060000","0.47845000","","-0.07%"
"02/17/2012","0.48015001","0.47960001","0.48069999","0.47845000","","-0.02%"
"02/16/2012","0.48025000","0.47770000","0.48069999","0.47839999","","0.19%"
"02/15/2012","0.47935000","0.47770000","0.48045000","0.47825000","","0.00%"
"02/14/2012","0.47935000","0.47839999","0.48019999","0.47825000","","-0.02%"
"02/13/2012","0.47944999","0.47810000","0.47995001","0.47784999","","0.19%"
"02/10/2012","0.47854999","0.47770000","0.47979999","0.47770000","","0.07%"
"02/09/2012","0.47819999","0.47729999","0.47955000","0.47610000","","0.13%"
"02/08/2012","0.47760001","0.47610000","0.47999999","0.47569999","","0.07%"
"02/07/2012","0.47725001","0.47610000","0.47770000","0.47540000","","0.01%"
"02/06/2012","0.47720000","0.47610000","0.47764999","0.47540000","","0.10%"
"02/03/2012","0.47670001","0.47549999","0.47999999","0.47540000","","0.04%"
"02/02/2012","0.47650000","0.47530001","0.47714999","0.47540000","","0.12%"
"02/01/2012","0.47595000","0.47530001","0.47714999","0.47540000","","0.05%"
"01/31/2012","0.47569999","0.47530001","0.47685000","0.47540000","","-0.24%"
"01/30/2012","0.47685000","0.47659999","0.47900000","0.47549999","","-0.33%"
"01/27/2012","0.47845000","0.47845000","0.47845000","0.47845000","","0.00%"
"01/26/2012","0.47845000","0.47845000","0.47845000","0.47845000","","0.00%"
"01/25/2012","0.47845000","0.47729999","0.47845000","0.47845000","","-0.14%"
"01/24/2012","0.47909999","0.47909999","0.47909999","0.47909999","","0.00%"
"01/23/2012","0.47909999","0.47909999","0.47909999","0.47909999","","0.00%"
"01/20/2012","0.47909999","0.47819999","0.48019999","0.47830001","","0.14%"
"01/19/2012","0.47845000","0.47610000","0.48030001","0.47685000","","0.16%"
"01/18/2012","0.47770000","0.47530001","0.47999999","0.47569999","","0.42%"
"01/17/2012","0.47569999","0.47530001","0.47639999","0.47534999","","0.00%"
"01/16/2012","0.47569999","0.47530001","0.47569999","0.47534999","","0.07%"
"01/13/2012","0.47534999","0.47530001","0.47569999","0.47530001","","0.00%"
"01/12/2012","0.47534999","0.47530001","0.47569999","0.47530001","","-0.02%"
"01/11/2012","0.47545001","0.47530001","0.47569999","0.47530001","","-0.05%"
"01/10/2012","0.47569999","0.47530001","0.47569999","0.47530001","","0.07%"
"01/09/2012","0.47534999","0.47530001","0.47569999","0.47530001","","0.00%"
"01/06/2012","0.47534999","0.47530001","0.47569999","0.47530001","","-0.02%"
"01/05/2012","0.47545001","0.47530001","0.47569999","0.47530001","","0.00%"
"01/04/2012","0.47545001","0.47530001","0.47569999","0.47530001","","0.00%"
"01/03/2012","0.47545001","0.47530001","0.47569999","0.47530001","","0.02%"
"01/02/2012","0.47534999","0.47534999","0.47534999","0.47534999","","0.00%"
"12/30/2011","0.47534999","0.47530001","0.47569999","0.47530001","","-0.05%"
"12/29/2011","0.47560000","0.47530001","0.47600001","0.47530001","","-0.08%"
"12/28/2011","0.47600001","0.47530001","0.47600001","0.47530001","","0.13%"
"12/27/2011","0.47540000","0.47530001","0.47600001","0.47530001","","0.01%"
"12/26/2011","0.47534999","0.47530001","0.47600001","0.47530001","","-0.09%"
"12/23/2011","0.47580001","0.47569999","0.47615001","0.47569999","","-0.04%"
"12/22/2011","0.47600001","0.47569999","0.47615001","0.47569999","","0.05%"
"12/21/2011","0.47575000","0.47569999","0.47615001","0.47569999","","-0.05%"
"12/20/2011","0.47600001","0.47569999","0.47615001","0.47569999","","0.05%"
"12/19/2011","0.47575000","0.47569999","0.47615001","0.47569999","","0.00%"
"12/16/2011","0.47575000","0.47569999","0.47615001","0.47569999","","-0.01%"
"12/15/2011","0.47580001","0.47569999","0.47624999","0.47569999","","0.01%"
"12/14/2011","0.47575000","0.47569999","0.47624999","0.47569999","","-0.08%"
"12/13/2011","0.47615001","0.47589999","0.47624999","0.47589999","","0.04%"
"12/12/2011","0.47595000","0.47589999","0.47615001","0.47589999","","-0.01%"
"12/09/2011","0.47600001","0.47589999","0.47624999","0.47589999","","0.01%"
"12/08/2011","0.47595000","0.47589999","0.47624999","0.47589999","","0.00%"
"12/07/2011","0.47595000","0.47589999","0.47624999","0.47589999","","0.00%"
"12/06/2011","0.47595000","0.47589999","0.47615001","0.47589999","","-0.01%"
"12/05/2011","0.47600001","0.47589999","0.47615001","0.47589999","","0.00%"
"12/02/2011","0.47600001","0.47589999","0.47624999","0.47589999","","0.01%"
"12/01/2011","0.47595000","0.47589999","0.47624999","0.47589999","","-0.01%"
"11/30/2011","0.47600001","0.47589999","0.47615001","0.47589999","","0.01%"
"11/29/2011","0.47595000","0.47589999","0.47615001","0.47589999","","0.00%"
"11/28/2011","0.47595000","0.47589999","0.47615001","0.47589999","","-0.01%"
"11/25/2011","0.47600001","0.47589999","0.47615001","0.47589999","","0.01%"
"11/24/2011","0.47595000","0.47589999","0.47615001","0.47589999","","0.00%"
"11/23/2011","0.47595000","0.47589999","0.47615001","0.47589999","","0.00%"
"11/22/2011","0.47595000","0.47589999","0.47615001","0.47589999","","0.00%"
"11/21/2011","0.47595000","0.47589999","0.47615001","0.47589999","","-0.01%"
"11/18/2011","0.47600001","0.47589999","0.47624999","0.47589999","","0.01%"
"11/17/2011","0.47595000","0.47589999","0.47624999","0.47589999","","-0.01%"
"11/16/2011","0.47600001","0.47589999","0.47624999","0.47589999","","0.01%"
"11/15/2011","0.47595000","0.47589999","0.47624999","0.47589999","","0.00%"
"11/14/2011","0.47595000","0.47589999","0.47624999","0.47589999","","0.00%"
"11/11/2011","0.47595000","0.47589999","0.47624999","0.47589999","","0.00%"
"11/10/2011","0.47595000","0.47589999","0.47624999","0.47589999","","0.00%"
"11/09/2011","0.47595000","0.47589999","0.47624999","0.47589999","","0.00%"
"11/08/2011","0.47595000","0.47589999","0.47624999","0.47589999","","0.00%"
"11/07/2011","0.47595000","0.47589999","0.47624999","0.47589999","","0.00%"
"11/04/2011","0.47595000","0.47589999","0.47624999","0.47589999","","-0.01%"
"11/03/2011","0.47600001","0.47589999","0.47624999","0.47589999","","0.01%"
"11/02/2011","0.47595000","0.47589999","0.47624999","0.47589999","","-0.01%"
"11/01/2011","0.47600001","0.47589999","0.47624999","0.47589999","","0.00%"
"10/31/2011","0.47600001","0.47589999","0.47639999","0.47589999","","-0.39%"
"10/28/2011","0.47784999","0.47589999","0.47804999","0.47589999","","0.31%"
"10/27/2011","0.47635001","0.47620001","0.47780001","0.47624999","","-0.26%"
"10/26/2011","0.47760001","0.47670001","0.47909999","0.47650000","","0.07%"
"10/25/2011","0.47725001","0.47720000","0.47909999","0.47674999","","0.00%"
"10/24/2011","0.47725001","0.47720000","0.47909999","0.47674999","","0.00%"
"10/21/2011","0.47725001","0.47720000","0.47909999","0.47720000","","-0.04%"
"10/20/2011","0.47745001","0.47740000","0.47909999","0.47740000","","-0.02%"
"10/19/2011","0.47755000","0.47749999","0.47909999","0.47755000","","-0.17%"
"10/18/2011","0.47835001","0.47770000","0.47950000","0.47775000","","0.02%"
"10/17/2011","0.47825000","0.47810000","0.48045000","0.47810000","","-0.06%"
"10/14/2011","0.47854999","0.47850001","0.48069999","0.47854999","","-0.06%"
"10/13/2011","0.47885001","0.47880000","0.48074999","0.47880000","","-0.04%"
"10/12/2011","0.47905001","0.47900000","0.48060000","0.47900000","","-0.02%"
"10/11/2011","0.47915000","0.47900000","0.48074999","0.47900000","","-0.05%"
"10/10/2011","0.47940001","0.47929999","0.48105001","0.47935000","","-0.19%"
"10/07/2011","0.48030001","0.47929999","0.48105001","0.47935000","","0.16%"
"10/06/2011","0.47955000","0.47950000","0.48105001","0.47950000","","-0.04%"
"10/05/2011","0.47975001","0.47970000","0.48105001","0.47975001","","-0.09%"
"10/04/2011","0.48019999","0.47990000","0.48105001","0.47995001","","0.05%"
"10/03/2011","0.47995001","0.47990000","0.48089999","0.47995001","","-0.01%"
"09/30/2011","0.47999999","0.47990000","0.48105001","0.47995001","","0.01%"
"09/29/2011","0.47995001","0.47990000","0.48105001","0.47845000","","0.00%"
"09/28/2011","0.47995001","0.47990000","0.48105001","0.47894999","","-0.07%"
"09/27/2011","0.48030001","0.47990000","0.48105001","0.47995001","","0.07%"
"09/26/2011","0.47995001","0.47990000","0.48105001","0.47995001","","0.31%"
"09/23/2011","0.47845000","0.47990000","0.48105001","0.47845000","","-0.36%"
"09/22/2011","0.48019999","0.47990000","0.48105001","0.47845000","","0.37%"
"09/21/2011","0.47845000","0.47990000","0.48105001","0.47845000","","-0.39%"
"09/20/2011","0.48030001","0.47990000","0.48105001","0.47995001","","0.07%"
"09/19/2011","0.47995001","0.47990000","0.48105001","0.47940001","","0.00%"
"09/16/2011","0.47995001","0.47990000","0.48105001","0.47845000","","0.31%"
"09/15/2011","0.47845000","0.47990000","0.48105001","0.47845000","","-0.31%"
"09/14/2011","0.47995001","0.47990000","0.48105001","0.47995001","","-0.07%"
"09/13/2011","0.48030001","0.47990000","0.48105001","0.47845000","","0.07%"
"09/12/2011","0.47995001","0.47990000","0.48105001","0.47995001","","-0.07%"
"09/09/2011","0.48030001","0.47990000","0.48105001","0.47995001","","0.00%"
"09/08/2011","0.48030001","0.47990000","0.48105001","0.47995001","","0.07%"
"09/07/2011","0.47995001","0.47990000","0.48105001","0.47995001","","-0.07%"
"09/06/2011","0.48030001","0.47990000","0.48105001","0.47995001","","0.07%"
"09/05/2011","0.47995001","0.47990000","0.48105001","0.47995001","","0.00%"
"09/02/2011","0.47995001","0.47995001","0.47995001","0.47995001","","0.00%"
"09/01/2011","0.47995001","0.47990000","0.48105001","0.47995001","","0.00%"
"08/31/2011","0.47995001","0.47990000","0.48105001","0.47995001","","0.00%"
"08/30/2011","0.47995001","0.47990000","0.48105001","0.47995001","","0.00%"
"08/29/2011","0.47995001","0.47990000","0.48120001","0.47995001","","0.00%"
"08/26/2011","0.47995001","0.47990000","0.48120001","0.47995001","","-0.10%"
"08/25/2011","0.48045000","0.47990000","0.48120001","0.47995001","","0.10%"
"08/24/2011","0.47995001","0.47990000","0.48150000","0.47995001","","-0.06%"
"08/23/2011","0.48025000","0.48019999","0.48150000","0.48025000","","0.00%"
"08/22/2011","0.48025000","0.48019999","0.48150000","0.48025000","","-0.10%"
"08/19/2011","0.48074999","0.48019999","0.48150000","0.48025000","","0.08%"
"08/18/2011","0.48034999","0.48019999","0.48150000","0.48030001","","-0.07%"
"08/17/2011","0.48069999","0.48019999","0.48150000","0.48030001","","-0.07%"
"08/16/2011","0.48105001","0.48019999","0.48150000","0.48025000","","0.12%"
"08/15/2011","0.48045000","0.48019999","0.48150000","0.48025000","","0.02%"
"08/12/2011","0.48034999","0.48019999","0.48150000","0.48025000","","0.00%"
"08/11/2011","0.48034999","0.48019999","0.48175001","0.48025000","","-0.11%"
"08/10/2011","0.48089999","0.48019999","0.48234999","0.48025000","","0.02%"
"08/09/2011","0.48080000","0.48069999","0.48600000","0.48054999","","-0.58%"
"08/08/2011","0.48359999","0.48420000","0.48609999","0.48159999","","-0.44%"
"08/05/2011","0.48574999","0.48519999","0.48615000","0.48464999","","0.02%"
"08/04/2011","0.48565000","0.48519999","0.48620000","0.48469999","","-0.20%"
"08/03/2011","0.48660001","0.48519999","0.48670000","0.48460001","","0.21%"
"08/02/2011","0.48559999","0.48539999","0.48629999","0.48475000","","0.09%"
"08/01/2011","0.48515001","0.48539999","0.48629999","0.48475000","","-0.08%"
"07/29/2011","0.48554999","0.48490000","0.48640001","0.48480001","","-0.04%"
"07/28/2011","0.48574999","0.48539999","0.48644999","0.48480001","","-0.03%"
"07/27/2011","0.48590001","0.48519999","0.48644999","0.48480001","","0.10%"
"07/26/2011","0.48539999","0.48519999","0.48640001","0.48480001","","-0.12%"
"07/25/2011","0.48600000","0.48469999","0.48635000","0.48374999","","0.12%"
"07/22/2011","0.48539999","0.48539999","0.48635000","0.48374999","","-0.07%"
"07/21/2011","0.48574999","0.48469999","0.48635000","0.48374999","","0.04%"
"07/20/2011","0.48554999","0.48539999","0.48649999","0.48374999","","-0.09%"
"07/19/2011","0.48600000","0.48539999","0.48655000","0.48504999","","-0.04%"
"07/18/2011","0.48620000","0.48539999","0.48660001","0.48504999","","0.04%"
"07/15/2011","0.48600000","0.48559999","0.48675001","0.48504999","","0.00%"
"07/14/2011","0.48600000","0.48539999","0.48675001","0.48504999","","0.03%"
"07/13/2011","0.48585001","0.48539999","0.48670000","0.48495001","","-0.03%"
"07/12/2011","0.48600000","0.48539999","0.48670000","0.48480001","","0.07%"
"07/11/2011","0.48565000","0.48490000","0.48655000","0.48455000","","0.00%"
"07/08/2011","0.48565000","0.48519999","0.48660001","0.48480001","","0.05%"
"07/07/2011","0.48539999","0.48519999","0.48644999","0.48455000","","-0.07%"
"07/06/2011","0.48574999","0.48469999","0.48640001","0.48455000","","0.07%"
"07/05/2011","0.48539999","0.48490000","0.48660001","0.48445001","","0.00%"
"07/04/2011","0.48539999","0.48519999","0.48660001","0.48445001","","-0.07%"
"07/01/2011","0.48574999","0.48490000","0.48644999","0.48455000","","0.00%"
"06/30/2011","0.48574999","0.48490000","0.48644999","0.48374999","","0.05%"
"06/29/2011","0.48550001","0.48469999","0.48690000","0.48455000","","0.05%"
"06/28/2011","0.48525000","0.48440000","0.48625001","0.48445001","","0.04%"
"06/27/2011","0.48504999","0.48469999","0.48625001","0.48245001","","-0.20%"
"06/24/2011","0.48600000","0.48440000","0.48635000","0.48245001","","0.12%"
"06/23/2011","0.48539999","0.48440000","0.48609999","0.48245001","","-0.02%"
"06/22/2011","0.48550001","0.48420000","0.48609999","0.48245001","","0.04%"
"06/21/2011","0.48530000","0.48350000","0.48535001","0.48164999","","0.21%"
"06/20/2011","0.48429999","0.48159999","0.48429999","0.48164999","","0.50%"
"06/17/2011","0.48190001","0.48300001","0.48635000","0.48140001","","-0.51%"
"06/16/2011","0.48435000","0.48500001","0.48670000","0.48374999","","-0.36%"
"06/15/2011","0.48609999","0.48539999","0.48715001","0.48504999","","0.00%"
"06/14/2011","0.48609999","0.48559999","0.48715001","0.48490000","","0.03%"
"06/13/2011","0.48594999","0.48590001","0.48730001","0.48469999","","-0.13%"
"06/10/2011","0.48660001","0.48590001","0.48730001","0.48469999","","0.23%"
"06/09/2011","0.48550001","0.48559999","0.48730001","0.48469999","","0.17%"
"06/08/2011","0.48469999","0.48559999","0.48730001","0.48469999","","-0.31%"
"06/07/2011","0.48620000","0.48539999","0.48730001","0.48469999","","0.12%"
"06/06/2011","0.48559999","0.48539999","0.48719999","0.48469999","","-0.17%"
"06/03/2011","0.48644999","0.48590001","0.48719999","0.48469999","","-0.03%"
"06/02/2011","0.48660001","0.48490000","0.48719999","0.48504999","","0.17%"
"06/01/2011","0.48574999","0.48519999","0.48670000","0.48445001","","-0.20%"
"05/31/2011","0.48670000","0.48519999","0.48695001","0.48445001","","0.07%"
"05/30/2011","0.48635000","0.48490000","0.48695001","0.48420000","","0.10%"
"05/27/2011","0.48585001","0.48539999","0.48670000","0.48420000","","0.22%"
"05/26/2011","0.48480001","0.48420000","0.48664999","0.48199999","","0.02%"
"05/25/2011","0.48469999","0.48350000","0.48539999","0.48095000","","0.00%"
"05/24/2011","0.48469999","0.48230001","0.48600000","0.48164999","","0.28%"
"05/23/2011","0.48335001","0.48140001","0.48480001","0.48019999","","0.31%"
"05/20/2011","0.48185000","0.47999999","0.48455000","0.48115000","","0.06%"
"05/19/2011","0.48155001","0.47960001","0.48280001","0.48050001","","0.24%"
"05/18/2011","0.48040000","0.47960001","0.48480001","0.48005000","","-0.42%"
"05/17/2011","0.48245001","0.48469999","0.48504999","0.48185000","","-0.56%"
"05/16/2011","0.48515001","0.48469999","0.48515001","0.48435000","","0.00%"
"05/13/2011","0.48515001","0.48469999","0.48565000","0.48504999","","-0.10%"
"05/12/2011","0.48565000","0.48500001","0.48580000","0.48504999","","0.07%"
"05/11/2011","0.48530000","0.48420000","0.48530000","0.48455000","","0.10%"
"05/10/2011","0.48480001","0.48469999","0.48510000","0.48335001","","-0.05%"
"05/09/2011","0.48504999","0.48440000","0.48530000","0.48480001","","0.03%"
"05/06/2011","0.48490000","0.48429999","0.48510000","0.48484999","","-0.05%"
"05/05/2011","0.48515001","0.48420000","0.48515001","0.48455000","","0.22%"
"05/04/2011","0.48410001","0.48350000","0.48480001","0.48335001","","-0.14%"
"05/03/2011","0.48480001","0.48420000","0.48600000","0.48480001","","0.09%"
"05/02/2011","0.48435000","0.48435000","0.48435000","0.48435000","","0.00%"
"04/29/2011","0.48435000","0.48629999","0.48740000","0.48284999","","-0.58%"
"04/28/2011","0.48719999","0.48400000","0.48785001","0.48420000","","0.64%"
"04/27/2011","0.48410001","0.48350000","0.48490000","0.48199999","","0.08%"
"04/26/2011","0.48370001","0.48300001","0.48370001","0.48370001","","1.17%"
"04/25/2011","0.47810000","0.47810000","0.47940001","0.47799999","","-0.24%"
"04/22/2011","0.47925001","0.47839999","0.48025000","0.47770000","","0.29%"
"04/21/2011","0.47784999","0.47770000","0.47915000","0.47770000","","-0.02%"
"04/20/2011","0.47795001","0.47770000","0.47909999","0.47790000","","-0.02%"
"04/19/2011","0.47804999","0.47749999","0.47915000","0.47784999","","-0.10%"
"04/18/2011","0.47854999","0.47830001","0.47909999","0.47795001","","0.00%"
"04/15/2011","0.47854999","0.47830001","0.47915000","0.47804999","","0.00%"
"04/14/2011","0.47854999","0.47830001","0.47999999","0.47804999","","0.10%"
"04/13/2011","0.47804999","0.47799999","0.47999999","0.47795001","","-0.41%"
"04/12/2011","0.47999999","0.47999999","0.47999999","0.47999999","","0.00%"
"04/11/2011","0.47999999","0.47999999","0.47999999","0.47999999","","0.00%"
"04/08/2011","0.47999999","0.47819999","0.47999999","0.47804999","","0.36%"
"04/07/2011","0.47830001","0.47799999","0.47999999","0.47810000","","-0.03%"
"04/06/2011","0.47845000","0.47810000","0.47999999","0.47815001","","-0.11%"
"04/05/2011","0.47900000","0.47819999","0.47999999","0.47810000","","-0.02%"
"04/04/2011","0.47909999","0.47819999","0.47999999","0.47825000","","0.20%"
"04/01/2011","0.47815001","0.47810000","0.47950000","0.47815001","","-0.08%"
"03/31/2011","0.47854999","0.47819999","0.47979999","0.47825000","","0.03%"
"03/30/2011","0.47839999","0.47830001","0.47990000","0.47835001","","-0.09%"
"03/29/2011","0.47885001","0.47850001","0.47990000","0.47845000","","0.07%"
"03/28/2011","0.47850001","0.47839999","0.47984999","0.47845000","","-0.09%"
"03/25/2011","0.47894999","0.47860000","0.47999999","0.47854999","","0.06%"
"03/24/2011","0.47865000","0.47850001","0.47990000","0.47854999","","0.02%"
"03/23/2011","0.47854999","0.47850001","0.47990000","0.47854999","","-0.19%"
"03/22/2011","0.47944999","0.47860000","0.47995001","0.47870001","","0.09%"
"03/21/2011","0.47900000","0.47889999","0.48034999","0.47894999","","-0.09%"
"03/18/2011","0.47944999","0.47909999","0.48034999","0.47909999","","0.04%"
"03/17/2011","0.47925001","0.47920001","0.48040000","0.47909999","","0.00%"
"03/16/2011","0.47925001","0.47920001","0.48040000","0.47909999","","0.02%"
"03/15/2011","0.47915000","0.47909999","0.48025000","0.47915000","","-0.16%"
"03/14/2011","0.47990000","0.47909999","0.48025000","0.47905001","","0.18%"
"03/11/2011","0.47905001","0.47900000","0.48019999","0.47894999","","-0.14%"
"03/10/2011","0.47970000","0.47889999","0.48015001","0.47894999","","0.13%"
"03/09/2011","0.47909999","0.47909999","0.48019999","0.47905001","","-0.01%"
"03/08/2011","0.47915000","0.47909999","0.48025000","0.47915000","","-0.02%"
"03/07/2011","0.47925001","0.47920001","0.48034999","0.47915000","","-0.14%"
"03/04/2011","0.47990000","0.47909999","0.48040000","0.47915000","","-0.09%"
"03/03/2011","0.48034999","0.47920001","0.48040000","0.47915000","","0.24%"
"03/02/2011","0.47920001","0.47909999","0.48025000","0.47894999","","0.03%"
"03/01/2011","0.47905001","0.47889999","0.48015001","0.47889999","","0.02%"
"02/28/2011","0.47894999","0.47889999","0.48005000","0.47894999","","0.05%"
"02/25/2011","0.47870001","0.47860000","0.47995001","0.47865000","","0.03%"
"02/24/2011","0.47854999","0.47850001","0.47979999","0.47854999","","-0.04%"
"02/23/2011","0.47874999","0.47860000","0.47995001","0.47870001","","-0.03%"
"02/22/2011","0.47889999","0.47880000","0.47999999","0.47885001","","-0.02%"
"02/21/2011","0.47900000","0.47889999","0.47944999","0.47860000","","0.03%"
"02/18/2011","0.47885001","0.47880000","0.47935000","0.47854999","","0.06%"
"02/17/2011","0.47854999","0.47860000","0.47920001","0.47830001","","-0.20%"
"02/16/2011","0.47950000","0.47835001","0.47962001","0.47824001","","0.24%"
"02/15/2011","0.47835499","0.47824001","0.47950500","0.47817999","","0.02%"
"02/14/2011","0.47824001","0.47801000","0.47939000","0.47812501","","-6.02%"
"02/11/2011","0.50889999","0.51279998","0.51305002","0.50889999","","-0.81%"
"02/10/2011","0.51305002","0.51279998","0.51345003","0.51279998","","0.03%"
"02/09/2011","0.51288497","0.51282001","0.51348001","0.51284498","","0.01%"
"02/08/2011","0.51284498","0.51282001","0.51348001","0.51284498","","-0.02%"
"02/07/2011","0.51295000","0.51295000","0.51295000","0.51295000","","0.00%"
"02/04/2011","0.51295000","0.51295000","0.51295000","0.51295000","","0.00%"
"02/03/2011","0.51295000","0.51295000","0.51295000","0.51295000","","0.00%"
"02/02/2011","0.51295000","0.51295000","0.51295000","0.51295000","","0.00%"
"02/01/2011","0.51295000","0.51282001","0.51295000","0.51295000","","0.01%"
"01/31/2011","0.51288497","0.51282001","0.51295000","0.51288497","","0.00%"
"01/28/2011","0.51288497","0.51282001","0.51348001","0.51284498","","0.00%"
"01/27/2011","0.51288497","0.51282001","0.51348001","0.51284498","","0.00%"
"01/26/2011","0.51288497","0.51282001","0.51348001","0.51284498","","0.01%"
"01/25/2011","0.51284498","0.51282001","0.51348001","0.51284498","","0.00%"
"01/24/2011","0.51284498","0.51282001","0.51348001","0.51284498","","-0.01%"
"01/21/2011","0.51288497","0.51282001","0.51348001","0.51284498","","-0.01%"
"01/20/2011","0.51295000","0.51282001","0.51348001","0.51284498","","0.01%"
"01/19/2011","0.51288497","0.51282001","0.51348001","0.51284498","","0.01%"
"01/18/2011","0.51284498","0.51282001","0.51348001","0.51284498","","-0.02%"
"01/17/2011","0.51295000","0.51282001","0.51348001","0.51284498","","0.01%"
"01/14/2011","0.51288497","0.51282001","0.51348001","0.51284498","","-0.04%"
"01/13/2011","0.51308501","0.51282001","0.51348001","0.51284498","","0.04%"
"01/12/2011","0.51288497","0.51282001","0.51348001","0.51284498","","-0.12%"
"01/11/2011","0.51348001","0.51282001","0.51348001","0.51284498","","0.12%"
"01/10/2011","0.51288497","0.51282001","0.51348001","0.51284498","","0.01%"
"01/07/2011","0.51284498","0.51282001","0.51348001","0.51284498","","-0.01%"
"01/06/2011","0.51288497","0.51282001","0.51348001","0.51284498","","0.01%"
"01/05/2011","0.51284498","0.51282001","0.51348001","0.51284498","","0.00%"
"01/04/2011","0.51284498","0.51282001","0.51348001","0.51284498","","-0.01%"
"01/03/2011","0.51288497","0.51288497","0.51288497","0.51288497","","0.00%"
"12/31/2010","0.51288497","0.51282001","0.51348001","0.51284498","","-0.12%"
"12/30/2010","0.51348001","0.51282001","0.51348001","0.51284498","","0.10%"
"12/29/2010","0.51295000","0.51282001","0.51348001","0.51284498","","-0.03%"
"12/28/2010","0.51308501","0.51282001","0.51348001","0.51284498","","0.03%"
"12/27/2010","0.51295000","0.51282001","0.51348001","0.51284498","","0.02%"
"12/24/2010","0.51284498","0.51282001","0.51348001","0.51284498","","-0.02%"
"12/23/2010","0.51295000","0.51282001","0.51348001","0.51284498","","0.01%"
"12/22/2010","0.51288497","0.51282001","0.51348001","0.51284498","","0.00%"
"12/21/2010","0.51288497","0.51282001","0.51348001","0.51284498","","0.00%"
"12/20/2010","0.51288497","0.51282001","0.51348001","0.51284498","","0.00%"
"12/17/2010","0.51288497","0.51282001","0.51348001","0.51284498","","0.00%"
"12/16/2010","0.51288497","0.51282001","0.51348001","0.51284498","","0.01%"
"12/15/2010","0.51284498","0.51282001","0.51348001","0.51284498","","-0.02%"
"12/14/2010","0.51295000","0.51282001","0.51348001","0.51284498","","0.02%"
"12/13/2010","0.51284498","0.51282001","0.51348001","0.51284498","","-0.02%"
"12/10/2010","0.51295000","0.51282001","0.51348001","0.51284498","","0.01%"
"12/09/2010","0.51288497","0.51282001","0.51348001","0.51284498","","0.01%"
"12/08/2010","0.51284498","0.51282001","0.51348001","0.51284498","","-0.02%"
"12/07/2010","0.51295000","0.51282001","0.51348001","0.51284498","","0.02%"
"12/06/2010","0.51284498","0.51282001","0.51348001","0.51284498","","0.00%"
"12/03/2010","0.51284498","0.51282001","0.51348001","0.51284498","","-0.01%"
"12/02/2010","0.51288497","0.51282001","0.51348001","0.51284498","","0.00%"
"12/01/2010","0.51288497","0.51282001","0.51348001","0.51284498","","0.01%"
"11/30/2010","0.51284498","0.51282001","0.51348001","0.51284498","","-0.01%"
"11/29/2010","0.51288497","0.51282001","0.51348001","0.51284498","","0.00%"
"11/26/2010","0.51288497","0.51282001","0.51348001","0.51284498","","0.00%"
"11/25/2010","0.51288497","0.51282001","0.51348001","0.51284498","","0.00%"
"11/24/2010","0.51288497","0.51282001","0.51348001","0.51284498","","-0.01%"
"11/23/2010","0.51295000","0.51282001","0.51348001","0.51284498","","0.00%"
"11/22/2010","0.51295000","0.51282001","0.51348001","0.51284498","","0.00%"
"11/19/2010","0.51295000","0.51282001","0.51348001","0.51284498","","0.00%"
"11/18/2010","0.51295000","0.51282001","0.51348001","0.51284498","","0.01%"
"11/17/2010","0.51288497","0.51282001","0.51348001","0.51284498","","-0.04%"
"11/16/2010","0.51308501","0.51282001","0.51348001","0.51288497","","0.00%"
"11/15/2010","0.51308501","0.51282001","0.51348001","0.51286000","","0.03%"
"11/12/2010","0.51295000","0.51282001","0.51348001","0.51287502","","0.00%"
"11/11/2010","0.51295000","0.51282001","0.51348001","0.51286000","","0.01%"
"11/10/2010","0.51288497","0.51282001","0.51348001","0.51288497","","-0.04%"
"11/09/2010","0.51308501","0.51282001","0.51348001","0.51286000","","0.00%"
"11/08/2010","0.51308501","0.51282001","0.51348001","0.51284498","","0.03%"
"11/05/2010","0.51295000","0.51282001","0.51348001","0.51286000","","-0.03%"
"11/04/2010","0.51308501","0.51282001","0.51348001","0.51288497","","0.00%"
"11/03/2010","0.51308501","0.51282001","0.51348001","0.51284498","","0.00%"
"11/02/2010","0.51308501","0.51282001","0.51348001","0.51286000","","0.04%"
"11/01/2010","0.51288497","0.51282001","0.51348001","0.51284498","","-0.04%"
"10/29/2010","0.51308501","0.51282001","0.51348001","0.51284498","","0.03%"
"10/28/2010","0.51295000","0.51282001","0.51348001","0.51284498","","0.00%"
"10/27/2010","0.51295000","0.51282001","0.51348001","0.51284498","","0.00%"
"10/26/2010","0.51295000","0.51282001","0.51348001","0.51284498","","-0.10%"
"10/25/2010","0.51348001","0.51282001","0.51348001","0.51284498","","0.05%"
"10/22/2010","0.51321501","0.51282001","0.51348001","0.51284498","","0.05%"
"10/21/2010","0.51295000","0.51282001","0.51348001","0.51284498","","-0.10%"
"10/20/2010","0.51348001","0.51282001","0.51348001","0.51284498","","0.10%"
"10/19/2010","0.51295000","0.51282001","0.51348001","0.51284498","","0.01%"
"10/18/2010","0.51288497","0.51282001","0.51348001","0.51284498","","0.00%"
"10/15/2010","0.51286000","0.51282001","0.51348001","0.51286000","","0.00%"
"10/14/2010","0.51288497","0.51282001","0.51348001","0.51284498","","0.01%"
"10/13/2010","0.51284498","0.51282001","0.51348001","0.51284498","","-0.12%"
"10/12/2010","0.51348001","0.51282001","0.51348001","0.51284498","","0.05%"
"10/11/2010","0.51321501","0.51282001","0.51348001","0.51288497","","0.06%"
"10/08/2010","0.51288497","0.51282001","0.51348001","0.51284498","","0.00%"
"10/07/2010","0.51288497","0.51282001","0.51348001","0.51284498","","-0.04%"
"10/06/2010","0.51308501","0.51282001","0.51348001","0.51286000","","0.03%"
"10/05/2010","0.51295000","0.51282001","0.51348001","0.51286000","","0.01%"
"10/04/2010","0.51288497","0.51282001","0.51348001","0.51288497","","-0.04%"
"10/01/2010","0.51308501","0.51282001","0.51348001","0.51284498","","-0.08%"
"09/30/2010","0.51348001","0.51282001","0.51348001","0.51286000","","0.08%"
"09/29/2010","0.51308501","0.51282001","0.52369499","0.51286000","","0.00%"
"09/28/2010","0.51308501","0.51282001","0.51414001","0.51288497","","-0.05%"
"09/27/2010","0.51334500","0.51282001","0.51414001","0.51295000","","0.05%"
"09/24/2010","0.51308501","0.51282001","0.51414001","0.51295000","","-0.08%"
"09/23/2010","0.51348001","0.51282001","0.51414001","0.51295000","","0.08%"
"09/22/2010","0.51308501","0.51282001","0.51414001","0.51288497","","0.00%"
"09/21/2010","0.51308501","0.51282001","0.52369499","0.51295000","","0.03%"
"09/20/2010","0.51295000","0.51282001","0.51414001","0.51295000","","0.00%"
"09/17/2010","0.51295000","0.51282001","0.51414001","0.51295000","","-0.03%"
"09/16/2010","0.51308501","0.51282001","0.52369499","0.51288497","","0.00%"
"09/15/2010","0.51308501","0.51282001","0.51414001","0.51295000","","0.00%"
"09/14/2010","0.51308501","0.51282001","0.51414001","0.51295000","","0.00%"
"09/13/2010","0.51308501","0.51282001","0.51414001","0.51295000","","0.00%"
"09/10/2010","0.51308501","0.51282001","0.51414001","0.51295000","","0.00%"
"09/09/2010","0.51308501","0.51282001","0.51414001","0.51295000","","-0.08%"
"09/08/2010","0.51348001","0.51282001","0.52369499","0.51295000","","0.00%"
"09/07/2010","0.51348001","0.51282001","0.52369499","0.51295000","","0.05%"
"09/06/2010","0.51321501","0.51282001","0.51414001","0.51295000","","0.00%"
"09/03/2010","0.51321501","0.51282001","0.51414001","0.51295000","","0.05%"
"09/02/2010","0.51295000","0.51295000","0.51295000","0.51295000","","0.00%"
"09/01/2010","0.51295000","0.51282001","0.51427001","0.51295000","","0.00%"
"08/31/2010","0.51295000","0.51282001","0.52369499","0.51295000","","-0.03%"
"08/30/2010","0.51308501","0.51282001","0.51414001","0.51295000","","-0.05%"
"08/27/2010","0.51334500","0.51282001","0.52369499","0.51295000","","-0.15%"
"08/26/2010","0.51414001","0.51282001","0.51414001","0.51295000","","0.18%"
"08/25/2010","0.51321501","0.51282001","0.52369499","0.51295000","","0.00%"
"08/24/2010","0.51321501","0.51282001","0.51414001","0.51295000","","-0.18%"
"08/23/2010","0.51414001","0.52355999","0.52369499","0.51295000","","0.15%"
"08/20/2010","0.51334500","0.51282001","0.52369499","0.51295000","","0.08%"
"08/19/2010","0.51295000","0.52355999","0.52369499","0.51295000","","-0.18%"
"08/18/2010","0.51387501","0.52355999","0.52383500","0.51295000","","-1.86%"
"08/17/2010","0.52359003","0.52355999","0.52424502","0.52359003","","-0.05%"
"08/16/2010","0.52383500","0.52355999","0.52424502","0.52359003","","-0.03%"
"08/13/2010","0.52397001","0.52355999","0.52424502","0.52359003","","0.07%"
"08/12/2010","0.52359003","0.52355999","0.52424502","0.52359003","","-0.02%"
"08/11/2010","0.52369499","0.52355999","0.52424502","0.52359003","","-0.03%"
"08/10/2010","0.52383500","0.52355999","0.52494001","0.52359003","","0.03%"
"08/09/2010","0.52369499","0.52355999","0.52494001","0.52359003","","0.00%"
"08/06/2010","0.52369499","0.52355999","0.52494001","0.52359003","","0.01%"
"08/05/2010","0.52363002","0.52355999","0.52494001","0.52359003","","-0.01%"
"08/04/2010","0.52369499","0.52355999","0.52494001","0.52359003","","0.00%"
"08/03/2010","0.52369499","0.52355999","0.52494001","0.52359003","","-0.10%"
"08/02/2010","0.52424502","0.52355999","0.52494001","0.52359003","","0.00%"
"07/30/2010","0.52424502","0.52355999","0.52494001","0.52359003","","0.00%"
"07/29/2010","0.52424502","0.52355999","0.52494001","0.52363002","","0.00%"
"07/28/2010","0.52424502","0.52355999","0.52500999","0.52363002","","0.11%"
"07/27/2010","0.52369499","0.52355999","0.52500999","0.52363002","","0.00%"
"07/26/2010","0.52367002","0.52355999","0.52500999","0.52363002","","0.01%"
"07/23/2010","0.52363002","0.52355999","0.52500999","0.52363002","","-0.01%"
"07/22/2010","0.52367002","0.52355999","0.52500999","0.52363002","","0.01%"
"07/21/2010","0.52363002","0.52355999","0.52500999","0.52363002","","-0.03%"
"07/20/2010","0.52376503","0.52355999","0.52500999","0.52363002","","0.01%"
"07/19/2010","0.52369499","0.52355999","0.52500999","0.52363002","","-0.01%"
"07/16/2010","0.52376503","0.52355999","0.52500999","0.52363002","","0.01%"
"07/15/2010","0.52369499","0.52355999","0.52500999","0.52363002","","-0.10%"
"07/14/2010","0.52424502","0.52355999","0.52500999","0.52363002","","0.11%"
"07/13/2010","0.52369499","0.52355999","0.52500999","0.52363002","","-0.04%"
"07/12/2010","0.52390498","0.52355999","0.52500999","0.52363002","","0.04%"
"07/09/2010","0.52369499","0.52355999","0.52500999","0.52363002","","0.00%"
"07/08/2010","0.52369499","0.52355999","0.52500999","0.52363002","","-0.03%"
"07/07/2010","0.52383500","0.52355999","0.52500999","0.52363002","","0.00%"
"07/06/2010","0.52383500","0.52355999","0.52500999","0.52363002","","0.01%"
"07/05/2010","0.52376503","0.52355999","0.52576500","0.52363002","","-0.08%"
"07/02/2010","0.52418000","0.52355999","0.52673000","0.52369499","","-0.09%"
"07/01/2010","0.52465999","0.52355999","0.52576500","0.52369499","","0.10%"
"06/30/2010","0.52411002","0.52355999","0.52576500","0.52383500","","-0.08%"
"06/29/2010","0.52452499","0.52465999","0.52673000","0.52411002","","-0.34%"
"06/28/2010","0.52631497","0.52521002","0.52714503","0.52459002","","-0.03%"
"06/25/2010","0.52645499","0.52631998","0.52714503","0.52494001","","0.00%"
"06/24/2010","0.52645499","0.52631998","0.52798498","0.52542001","","-0.13%"
"06/23/2010","0.52714998","0.52673000","0.52801502","0.52629000","","-0.03%"
"06/22/2010","0.52728498","0.52673000","0.52687001","0.52575999","","0.03%"
"06/21/2010","0.52714503","0.52658999","0.52687001","0.52548999","","-0.03%"
"06/18/2010","0.52728498","0.52658999","0.52687001","0.52548999","","0.03%"
"06/17/2010","0.52714503","0.52658999","0.52697998","0.52548999","","0.03%"
"06/16/2010","0.52701002","0.52658999","0.52701002","0.52575999","","0.03%"
"06/15/2010","0.52687502","0.52658999","0.52701002","0.52548999","","0.00%"
"06/14/2010","0.52687001","0.52658999","0.52701002","0.52438003","","-0.03%"
"06/11/2010","0.52701002","0.52644998","0.52701002","0.52575999","","0.05%"
"06/10/2010","0.52673501","0.52631998","0.52695000","0.52575999","","0.00%"
"06/09/2010","0.52673501","0.52644998","0.52687001","0.52575999","","0.00%"
"06/08/2010","0.52673000","0.52644998","0.52687001","0.52575999","","0.03%"
"06/07/2010","0.52659500","0.52631998","0.52951998","0.52575999","","-0.05%"
"06/04/2010","0.52687502","0.52631998","0.52951998","0.52575999","","0.03%"
"06/03/2010","0.52673501","0.52618003","0.52951998","0.52548999","","0.01%"
"06/02/2010","0.52666497","0.52618003","0.52951998","0.52575999","","-0.51%"
"06/01/2010","0.52938002","0.52604002","0.52881998","0.52575999","","-0.08%"
"05/31/2010","0.52980000","0.52604002","0.52965999","0.52548999","","0.61%"
"05/28/2010","0.52659500","0.52604002","0.52658999","0.52548999","","0.00%"
"05/27/2010","0.52659500","0.52604002","0.52658999","0.52548999","","0.05%"
"05/26/2010","0.52631998","0.52575999","0.52881998","0.52438003","","-0.03%"
"05/25/2010","0.52645499","0.52575999","0.52868003","0.52438003","","-0.03%"
"05/24/2010","0.52659500","0.52631998","0.52658999","0.52438003","","0.03%"
"05/21/2010","0.52645499","0.52575999","0.52631998","0.52438003","","-0.05%"
"05/20/2010","0.52673501","0.52575999","0.52658999","0.52438003","","0.05%"
"05/19/2010","0.52645499","0.52575999","0.52658999","0.52438003","","0.08%"
"05/18/2010","0.52604002","0.52575999","0.52658999","0.52438003","","0.03%"
"05/17/2010","0.52590001","0.52493000","0.52658999","0.52438003","","0.05%"
"05/14/2010","0.52562499","0.52548999","0.52658999","0.52438003","","-0.18%"
"05/13/2010","0.52659500","0.52493000","0.52658999","0.52438003","","0.05%"
"05/12/2010","0.52631998","0.52548999","0.52658999","0.52438003","","0.05%"
"05/11/2010","0.52604002","0.52493000","0.52658999","0.52411002","","0.08%"
"05/10/2010","0.52562499","0.52548999","0.52658999","0.52355999","","-0.13%"
"05/07/2010","0.52631497","0.52658999","0.52658999","0.52438003","","-0.11%"
"05/06/2010","0.52687502","0.52631998","0.52701002","0.52548999","","-0.03%"
"05/05/2010","0.52701002","0.52658999","0.52701002","0.52438003","","0.08%"
"05/04/2010","0.52659500","0.52687001","0.52701002","0.52438003","","-0.05%"
"05/03/2010","0.52687001","0.52575999","0.52575999","0.52575999","","-0.01%"
"04/30/2010","0.52693999","0.52693999","0.52693999","0.52693999","","0.00%"
"04/29/2010","0.52693999","0.52575999","0.52728999","0.52438003","","-0.07%"
"04/28/2010","0.52728498","0.52493000","0.52714998","0.52438003","","0.09%"
"04/27/2010","0.52680498","0.52631998","0.52687001","0.52438003","","-0.04%"
"04/26/2010","0.52701002","0.52604002","0.52673000","0.52438003","","-0.03%"
"04/23/2010","0.52714503","0.52714503","0.52714503","0.52714503","","0.00%"
"04/22/2010","0.52714503","0.52631998","0.52658999","0.52438003","","0.03%"
"04/21/2010","0.52701002","0.52604002","0.52673000","0.52438003","","0.03%"
"04/20/2010","0.52687502","0.52604002","0.52658999","0.52355999","","0.08%"
"04/19/2010","0.52645499","0.52631998","0.52658999","0.52438003","","-0.11%"
"04/16/2010","0.52701002","0.52658999","0.52687001","0.52355999","","0.07%"
"04/15/2010","0.52666497","0.52604002","0.52770001","0.52355999","","0.09%"
"04/14/2010","0.52618003","0.52355999","0.52548999","0.52355999","","0.05%"
"04/13/2010","0.52590001","0.52411002","0.52534997","0.52355999","","0.16%"
"04/12/2010","0.52507502","0.52411002","0.52521002","0.52355999","","0.03%"
"04/09/2010","0.52494001","0.52438003","0.52493000","0.52355999","","0.00%"
"04/08/2010","0.52494001","0.52493000","0.52493000","0.52355999","","0.03%"
"04/07/2010","0.52479500","0.52355999","0.52493000","0.52355999","","0.18%"
"04/06/2010","0.52383500","0.52355999","0.52383000","0.52355999","","0.00%"
"04/05/2010","0.52383500","0.52355999","0.52355999","0.52355999","","-0.05%"
"04/02/2010","0.52411002","0.52355999","0.52355999","0.52355999","","0.05%"
"04/01/2010","0.52383500","0.52355999","0.52355999","0.52355999","","0.00%"
"03/31/2010","0.52383500","0.52355999","0.52355999","0.52355999","","0.00%"
"03/30/2010","0.52383500","0.52355999","0.52355999","0.52355999","","-0.03%"
"03/29/2010","0.52397001","0.52355999","0.52355999","0.52355999","","0.00%"
"03/26/2010","0.52397001","0.52355999","0.52355999","0.52355999","","0.03%"
"03/25/2010","0.52383500","0.52355999","0.52355999","0.52355999","","-0.03%"
"03/24/2010","0.52397001","0.52355999","0.52355999","0.52355999","","0.00%"
"03/23/2010","0.52397001","0.52355999","0.52355999","0.52355999","","0.03%"
"03/22/2010","0.52383500","0.52355999","0.52355999","0.52301002","","0.00%"
"03/19/2010","0.52383500","0.52355999","0.52355999","0.52355999","","0.01%"
"03/18/2010","0.52376503","0.52355999","0.52355999","0.52355999","","-0.07%"
"03/17/2010","0.52411002","0.52355999","0.52355999","0.52355999","","0.05%"
"03/16/2010","0.52383500","0.52355999","0.52355999","0.52355999","","0.00%"
"03/15/2010","0.52383500","0.52355999","0.52355999","0.52355999","","0.03%"
"03/12/2010","0.52369499","0.52355999","0.52355999","0.52355999","","0.00%"
"03/11/2010","0.52369499","0.52355999","0.52355999","0.52355999","","-0.03%"
"03/10/2010","0.52383500","0.52355999","0.52355999","0.52355999","","-0.05%"
"03/09/2010","0.52411002","0.52355999","0.52355999","0.52355999","","0.05%"
"03/08/2010","0.52383500","0.52355999","0.52355999","0.52355999","","0.00%"
"03/05/2010","0.52383500","0.52355999","0.52355999","0.52355999","","0.00%"
"03/04/2010","0.52383500","0.52355999","0.52355999","0.52355999","","0.03%"
"03/03/2010","0.52369499","0.52355999","0.52355999","0.52355999","","-0.24%"
"03/02/2010","0.52494001","0.52355999","0.52355999","0.52355999","","0.00%"
"03/01/2010","0.52494001","0.52355999","0.52355999","0.52355999","","0.13%"
"02/26/2010","0.52424502","0.52355999","0.52355999","0.52355999","","0.00%"
"02/25/2010","0.52424502","0.52355999","0.54114997","0.52355999","","0.00%"
"02/24/2010","0.52424502","0.52355999","0.52355999","0.52355999","","-0.05%"
"02/23/2010","0.52452499","0.52355999","0.54114997","0.52355999","","-0.74%"
"02/22/2010","0.52844501","0.52355999","0.53618997","0.52355999","","0.13%"
"02/19/2010","0.52773499","0.52355999","0.53618997","0.52355999","","0.27%"
"02/18/2010","0.52632999","0.52632999","0.52632999","0.52632999","","0.00%"
"02/17/2010","0.52632999","0.52632999","0.52632999","0.52632999","","0.00%"
"02/16/2010","0.52632999","0.52632999","0.52632999","0.52632999","","0.00%"
"02/15/2010","0.52632999","0.52632999","0.52632999","0.52632999","","0.00%"
"02/12/2010","0.52632999","0.52355999","0.53618997","0.52355999","","-0.76%"
"02/11/2010","0.53035998","0.54114997","0.54114997","0.53021997","","-2.02%"
"02/10/2010","0.54130000","0.54114997","0.54114997","0.54114997","","0.00%"
"02/09/2010","0.54130000","0.54114997","0.54114997","0.54114997","","0.00%"
"02/08/2010","0.54130000","0.54114997","0.54114997","0.54114997","","0.00%"
"02/05/2010","0.54130000","0.54114997","0.54114997","0.54114997","","0.00%"
"02/04/2010","0.54130000","0.54114997","0.54114997","0.54114997","","0.00%"
"02/03/2010","0.54130000","0.54114997","0.54114997","0.54114997","","0.00%"
"02/02/2010","0.54128498","0.54114997","0.54114997","0.54114997","","0.00%"
"02/01/2010","0.54130000","0.54114997","0.54114997","0.54114997","","0.00%"
"01/29/2010","0.54130000","0.54114997","0.54114997","0.54114997","","-0.02%"
"01/28/2010","0.54143000","0.54114997","0.54114997","0.54114997","","0.02%"
"01/27/2010","0.54130000","0.54114997","0.54114997","0.54114997","","0.00%"
"01/26/2010","0.54130000","0.54114997","0.54114997","0.54114997","","0.00%"
"01/25/2010","0.54130000","0.54114997","0.54114997","0.54114997","","0.00%"
"01/22/2010","0.54130000","0.54114997","0.54114997","0.54114997","","0.00%"
"01/21/2010","0.54130000","0.54114997","0.54114997","0.54114997","","0.01%"
"01/20/2010","0.54122502","0.54114997","0.54114997","0.54114997","","-0.01%"
"01/19/2010","0.54130000","0.54114997","0.56063002","0.54114997","","0.00%"
"01/18/2010","0.54130000","0.54114997","0.54114997","0.54114997","","-0.02%"
"01/15/2010","0.54143000","0.54114997","0.54114997","0.54114997","","0.02%"
"01/14/2010","0.54130000","0.54114997","0.54114997","0.54114997","","0.00%"
"01/13/2010","0.54130000","0.54114997","0.54114997","0.54114997","","0.00%"
"01/12/2010","0.54130000","0.54114997","0.54114997","0.54114997","","0.00%"
"01/11/2010","0.54130000","0.54114997","0.54114997","0.54114997","","0.00%"
"01/08/2010","0.54130000","0.54114997","0.54114997","0.54114997","","0.01%"
"01/07/2010","0.54122502","0.54114997","0.54114997","0.54114997","","-0.01%"
"01/06/2010","0.54130000","0.54114997","0.54114997","0.54114997","","0.00%"
"01/05/2010","0.54130000","0.54114997","0.54114997","0.54114997","","0.00%"
"01/04/2010","0.54130000","0.54114997","0.54114997","0.54114997","","0.00%"
"01/01/2010","0.54130000","0.54130000","0.54130000","0.54130000","","0.00%"